region,ym,prcp,n_stations,oni,month,phase
NorCal,1867-06-01,15.2,1,NA,6,Neutral
NorCal,1867-07-01,2.5,1,NA,7,Neutral
NorCal,1867-08-01,35.5,1,NA,8,Neutral
NorCal,1867-09-01,71.1,1,NA,9,Neutral
NorCal,1867-10-01,20.3,1,NA,10,Neutral
NorCal,1867-11-01,78.6,1,NA,11,Neutral
NorCal,1867-12-01,208.4,1,NA,12,Neutral
NorCal,1868-01-01,88.9,1,NA,1,Neutral
NorCal,1868-02-01,10,1,NA,2,Neutral
NorCal,1868-03-01,101.6,1,NA,3,Neutral
NorCal,1868-04-01,15.1,1,NA,4,Neutral
NorCal,1868-05-01,60.8,1,NA,5,Neutral
NorCal,1868-06-01,104.2,1,NA,6,Neutral
NorCal,1868-09-01,5.1,1,NA,9,Neutral
NorCal,1868-10-01,2.5,1,NA,10,Neutral
NorCal,1868-11-01,20.3,1,NA,11,Neutral
NorCal,1868-12-01,22.8,1,NA,12,Neutral
NorCal,1869-01-01,63.3,1,NA,1,Neutral
NorCal,1869-02-01,10.2,1,NA,2,Neutral
NorCal,1869-03-01,17.7,1,NA,3,Neutral
NorCal,1869-05-01,17.7,1,NA,5,Neutral
NorCal,1869-06-01,5,1,NA,6,Neutral
NorCal,1869-07-01,17.7,1,NA,7,Neutral
NorCal,1869-08-01,0,1,NA,8,Neutral
NorCal,1869-09-01,11.4,1,NA,9,Neutral
NorCal,1869-10-01,0,1,NA,10,Neutral
NorCal,1869-11-01,60.1,1,NA,11,Neutral
NorCal,1869-12-01,58.5,1,NA,12,Neutral
NorCal,1870-01-01,322.9,1,NA,1,Neutral
NorCal,1870-02-01,137.2,1,NA,2,Neutral
NorCal,1870-03-01,81.5,1,NA,3,Neutral
NorCal,1870-04-01,35.8,1,NA,4,Neutral
NorCal,1870-05-01,73,1,NA,5,Neutral
NorCal,1870-06-01,34.5,1,NA,6,Neutral
NorCal,1870-07-01,19.3,1,NA,7,Neutral
NorCal,1870-08-01,1.3,1,NA,8,Neutral
NorCal,1870-09-01,0,1,NA,9,Neutral
NorCal,1870-10-01,0.8,1,NA,10,Neutral
NorCal,1870-11-01,58.2,1,NA,11,Neutral
NorCal,1870-12-01,231.1,1,NA,12,Neutral
NorCal,1871-01-01,31.4,1,NA,1,Neutral
NorCal,1871-02-01,85.5,1,NA,2,Neutral
NorCal,1871-03-01,81.9,1,NA,3,Neutral
NorCal,1871-05-01,24.6,1,NA,5,Neutral
NorCal,1871-06-01,4.1,1,NA,6,Neutral
NorCal,1871-07-01,9.6,1,NA,7,Neutral
NorCal,1871-08-01,0.5,1,NA,8,Neutral
NorCal,1871-09-01,5.1,1,NA,9,Neutral
NorCal,1871-10-01,5.1,1,NA,10,Neutral
NorCal,1871-11-01,20,1,NA,11,Neutral
NorCal,1871-12-01,95.2,1,NA,12,Neutral
NorCal,1872-01-01,29.3,1,NA,1,Neutral
NorCal,1872-02-01,100.9,1,NA,2,Neutral
NorCal,1872-03-01,33.5,1,NA,3,Neutral
NorCal,1872-04-01,19.6,1,NA,4,Neutral
NorCal,1872-05-01,46.2,1,NA,5,Neutral
NorCal,1872-06-01,1.5,1,NA,6,Neutral
NorCal,1872-07-01,0,1,NA,7,Neutral
NorCal,1872-08-01,6.6,1,NA,8,Neutral
NorCal,1872-09-01,29.9,1,NA,9,Neutral
NorCal,1872-10-01,11.7,1,NA,10,Neutral
NorCal,1872-11-01,42.9,1,NA,11,Neutral
NorCal,1872-12-01,49.3,1,NA,12,Neutral
NorCal,1873-01-01,56.4,1,NA,1,Neutral
NorCal,1873-02-01,42.3,1,NA,2,Neutral
NorCal,1873-03-01,15.3,1,NA,3,Neutral
NorCal,1873-04-01,52.4,1,NA,4,Neutral
NorCal,1873-05-01,19.7,1,NA,5,Neutral
NorCal,1873-06-01,2.5,1,NA,6,Neutral
NorCal,1873-07-01,3.6,1,NA,7,Neutral
NorCal,1873-08-01,5.3,1,NA,8,Neutral
NorCal,1873-09-01,10.1,1,NA,9,Neutral
NorCal,1873-10-01,16,1,NA,10,Neutral
NorCal,1873-11-01,28.9,1,NA,11,Neutral
NorCal,1873-12-01,83.5,1,NA,12,Neutral
NorCal,1874-01-01,38.3,1,NA,1,Neutral
NorCal,1874-02-01,27.4,1,NA,2,Neutral
NorCal,1874-03-01,26.7,1,NA,3,Neutral
NorCal,1874-04-01,28.4,1,NA,4,Neutral
NorCal,1874-05-01,16.4,1,NA,5,Neutral
NorCal,1874-06-01,26.9,1,NA,6,Neutral
NorCal,1874-07-01,1.3,1,NA,7,Neutral
NorCal,1874-08-01,6.9,1,NA,8,Neutral
NorCal,1874-09-01,0,1,NA,9,Neutral
NorCal,1874-10-01,9.4,1,NA,10,Neutral
NorCal,1874-11-01,30.5,1,NA,11,Neutral
NorCal,1874-12-01,3.3,1,NA,12,Neutral
NorCal,1875-01-01,53.4,1,NA,1,Neutral
NorCal,1875-02-01,1.8,1,NA,2,Neutral
NorCal,1875-03-01,54.7,1,NA,3,Neutral
NorCal,1875-04-01,11.4,1,NA,4,Neutral
NorCal,1875-05-01,33,1,NA,5,Neutral
NorCal,1875-06-01,25.4,1,NA,6,Neutral
NorCal,1875-07-01,0,1,NA,7,Neutral
NorCal,1875-08-01,1.3,1,NA,8,Neutral
NorCal,1875-09-01,0,1,NA,9,Neutral
NorCal,1875-10-01,45.7,1,NA,10,Neutral
NorCal,1875-11-01,66.7,1,NA,11,Neutral
NorCal,1875-12-01,39.2,1,NA,12,Neutral
NorCal,1876-01-01,90.7,1,NA,1,Neutral
NorCal,1876-02-01,8.2,1,NA,2,Neutral
NorCal,1876-03-01,20.4,1,NA,3,Neutral
NorCal,1876-04-01,13.6,1,NA,4,Neutral
NorCal,1876-05-01,25,1,NA,5,Neutral
NorCal,1876-06-01,10.9,1,NA,6,Neutral
NorCal,1876-07-01,0,1,NA,7,Neutral
NorCal,1876-08-01,0,1,NA,8,Neutral
NorCal,1876-09-01,0,1,NA,9,Neutral
NorCal,1876-10-01,50.4,1,NA,10,Neutral
NorCal,1876-11-01,109.7,1,NA,11,Neutral
NorCal,1876-12-01,52.1,1,NA,12,Neutral
NorCal,1877-01-01,132.5,1,NA,1,Neutral
NorCal,1877-02-01,83.9,1,NA,2,Neutral
NorCal,1877-03-01,106.2,1,NA,3,Neutral
NorCal,1877-04-01,54.4,1,NA,4,Neutral
NorCal,1877-05-01,118.5,1,NA,5,Neutral
NorCal,1877-06-01,53.3,1,NA,6,Neutral
NorCal,1877-07-01,1.3,2,NA,7,Neutral
NorCal,1877-08-01,4.45,2,NA,8,Neutral
NorCal,1877-09-01,1.25,2,NA,9,Neutral
NorCal,1877-10-01,19.45,2,NA,10,Neutral
NorCal,1877-11-01,52.1,2,NA,11,Neutral
NorCal,1877-12-01,22.6,2,NA,12,Neutral
NorCal,1878-01-01,127.15,2,NA,1,Neutral
NorCal,1878-02-01,161.25,2,NA,2,Neutral
NorCal,1878-03-01,69.2,2,NA,3,Neutral
NorCal,1878-04-01,26.85,2,NA,4,Neutral
NorCal,1878-05-01,12.6,2,NA,5,Neutral
NorCal,1878-06-01,2.55,2,NA,6,Neutral
NorCal,1878-07-01,3.2,2,NA,7,Neutral
NorCal,1878-08-01,4.7,2,NA,8,Neutral
NorCal,1878-09-01,12.6,2,NA,9,Neutral
NorCal,1878-10-01,10.8,2,NA,10,Neutral
NorCal,1878-11-01,9.65,2,NA,11,Neutral
NorCal,1878-12-01,8.55,2,NA,12,Neutral
NorCal,1879-01-01,80.7,1,NA,1,Neutral
NorCal,1879-02-01,98.9,1,NA,2,Neutral
NorCal,1879-03-01,74,2,NA,3,Neutral
NorCal,1879-04-01,45.25,2,NA,4,Neutral
NorCal,1879-05-01,34.25,2,NA,5,Neutral
NorCal,1879-06-01,3.55,2,NA,6,Neutral
NorCal,1879-07-01,1.9,2,NA,7,Neutral
NorCal,1879-08-01,3.8,2,NA,8,Neutral
NorCal,1879-09-01,1.25,2,NA,9,Neutral
NorCal,1879-10-01,28.15,2,NA,10,Neutral
NorCal,1879-11-01,48.25,2,NA,11,Neutral
NorCal,1879-12-01,120.8,2,NA,12,Neutral
NorCal,1880-01-01,37.45,2,NA,1,Neutral
NorCal,1880-02-01,71.55,2,NA,2,Neutral
NorCal,1880-03-01,64.2,2,NA,3,Neutral
NorCal,1880-04-01,251.55,2,NA,4,Neutral
NorCal,1880-05-01,27.15,2,NA,5,Neutral
NorCal,1880-06-01,3.25,2,NA,6,Neutral
NorCal,1880-07-01,9.1,2,NA,7,Neutral
NorCal,1880-08-01,5.35,2,NA,8,Neutral
NorCal,1880-09-01,1.9,2,NA,9,Neutral
NorCal,1880-10-01,6.35,2,NA,10,Neutral
NorCal,1880-11-01,7.75,2,NA,11,Neutral
NorCal,1880-12-01,227.25,2,NA,12,Neutral
NorCal,1881-01-01,205.05,2,NA,1,Neutral
NorCal,1881-02-01,140.4,2,NA,2,Neutral
NorCal,1881-03-01,36.45,2,NA,3,Neutral
NorCal,1881-04-01,59.1,2,NA,4,Neutral
NorCal,1881-05-01,10.7,2,NA,5,Neutral
NorCal,1881-06-01,26.55,2,NA,6,Neutral
NorCal,1881-07-01,4.05,2,NA,7,Neutral
NorCal,1881-08-01,1.3,2,NA,8,Neutral
NorCal,1881-09-01,6.85,2,NA,9,Neutral
NorCal,1881-10-01,52.2,2,NA,10,Neutral
NorCal,1881-11-01,60.3,2,NA,11,Neutral
NorCal,1881-12-01,84.7,2,NA,12,Neutral
NorCal,1882-01-01,67.8,2,NA,1,Neutral
NorCal,1882-02-01,66.3,2,NA,2,Neutral
NorCal,1882-03-01,66.55,2,NA,3,Neutral
NorCal,1882-04-01,47.15,2,NA,4,Neutral
NorCal,1882-05-01,12.55,2,NA,5,Neutral
NorCal,1882-06-01,6.05,2,NA,6,Neutral
NorCal,1882-07-01,2,2,NA,7,Neutral
NorCal,1882-08-01,0,2,NA,8,Neutral
NorCal,1882-09-01,13.35,2,NA,9,Neutral
NorCal,1882-10-01,68.05,2,NA,10,Neutral
NorCal,1882-11-01,52.6,2,NA,11,Neutral
NorCal,1882-12-01,35.65,2,NA,12,Neutral
NorCal,1883-01-01,60.35,2,NA,1,Neutral
NorCal,1883-02-01,22.3,2,NA,2,Neutral
NorCal,1883-03-01,56.7,2,NA,3,Neutral
NorCal,1883-04-01,28.4,2,NA,4,Neutral
NorCal,1883-05-01,52.7,2,NA,5,Neutral
NorCal,1883-06-01,0,2,NA,6,Neutral
NorCal,1883-07-01,0,2,NA,7,Neutral
NorCal,1883-08-01,0,2,NA,8,Neutral
NorCal,1883-09-01,11.45,2,NA,9,Neutral
NorCal,1883-10-01,27.4,2,NA,10,Neutral
NorCal,1883-11-01,22.25,2,NA,11,Neutral
NorCal,1883-12-01,19.1,2,NA,12,Neutral
NorCal,1884-01-01,58.05,2,NA,1,Neutral
NorCal,1884-02-01,94.25,2,NA,2,Neutral
NorCal,1884-03-01,112.45,2,NA,3,Neutral
NorCal,1884-04-01,63.5,2,NA,4,Neutral
NorCal,1884-05-01,5.85,2,NA,5,Neutral
NorCal,1884-06-01,72.9,2,NA,6,Neutral
NorCal,1884-07-01,8.5,2,NA,7,Neutral
NorCal,1884-08-01,1,2,NA,8,Neutral
NorCal,1884-09-01,27.25,2,NA,9,Neutral
NorCal,1884-10-01,34.8,2,NA,10,Neutral
NorCal,1884-11-01,0,2,NA,11,Neutral
NorCal,1884-12-01,213.5,2,NA,12,Neutral
NorCal,1885-01-01,54,2,NA,1,Neutral
NorCal,1885-02-01,23.2,2,NA,2,Neutral
NorCal,1885-03-01,1.55,2,NA,3,Neutral
NorCal,1885-04-01,17.4,1,NA,4,Neutral
NorCal,1885-05-01,0,1,NA,5,Neutral
NorCal,1885-06-01,2.8,1,NA,6,Neutral
NorCal,1885-07-01,0,1,NA,7,Neutral
NorCal,1885-08-01,0,2,NA,8,Neutral
NorCal,1885-09-01,2.25,2,NA,9,Neutral
NorCal,1885-10-01,9.55,2,NA,10,Neutral
NorCal,1885-11-01,253.5,2,NA,11,Neutral
NorCal,1885-12-01,112.85,2,NA,12,Neutral
NorCal,1886-01-01,176,2,NA,1,Neutral
NorCal,1886-02-01,19.2,2,NA,2,Neutral
NorCal,1886-03-01,44,2,NA,3,Neutral
NorCal,1886-04-01,79.7,2,NA,4,Neutral
NorCal,1886-05-01,19.2,2,NA,5,Neutral
NorCal,1886-06-01,9.95,2,NA,6,Neutral
NorCal,1886-07-01,5.2,2,NA,7,Neutral
NorCal,1886-08-01,0.5,2,NA,8,Neutral
NorCal,1886-09-01,0,2,NA,9,Neutral
NorCal,1886-10-01,33.25,2,NA,10,Neutral
NorCal,1886-11-01,8.6,2,NA,11,Neutral
NorCal,1886-12-01,77.55,2,NA,12,Neutral
NorCal,1887-01-01,46.95,2,NA,1,Neutral
NorCal,1887-02-01,128.8,2,NA,2,Neutral
NorCal,1887-03-01,25.25,2,NA,3,Neutral
NorCal,1887-04-01,51.5,2,NA,4,Neutral
NorCal,1887-05-01,15.8,2,NA,5,Neutral
NorCal,1887-06-01,12.3,2,NA,6,Neutral
NorCal,1887-07-01,2.45,2,NA,7,Neutral
NorCal,1887-08-01,2.8,2,NA,8,Neutral
NorCal,1887-09-01,0.65,2,NA,9,Neutral
NorCal,1887-10-01,0,2,NA,10,Neutral
NorCal,1887-11-01,9.5,2,NA,11,Neutral
NorCal,1887-12-01,49.05,2,NA,12,Neutral
NorCal,1888-01-01,99.35,2,NA,1,Neutral
NorCal,1888-02-01,31.05,2,NA,2,Neutral
NorCal,1888-03-01,68.05,2,NA,3,Neutral
NorCal,1888-04-01,3.2,2,NA,4,Neutral
NorCal,1888-05-01,22.4,2,NA,5,Neutral
NorCal,1888-06-01,19.95,2,NA,6,Neutral
NorCal,1888-07-01,4.6,2,NA,7,Neutral
NorCal,1888-08-01,0,2,NA,8,Neutral
NorCal,1888-09-01,11.3,2,NA,9,Neutral
NorCal,1888-10-01,2.8,2,NA,10,Neutral
NorCal,1888-11-01,68.35,2,NA,11,Neutral
NorCal,1888-12-01,68.3,2,NA,12,Neutral
NorCal,1889-01-01,37.6,2,NA,1,Neutral
NorCal,1889-02-01,8.4,1,NA,2,Neutral
NorCal,1889-03-01,172.4,2,NA,3,Neutral
NorCal,1889-04-01,17.1,2,NA,4,Neutral
NorCal,1889-05-01,62,2,NA,5,Neutral
NorCal,1889-06-01,13.1,2,NA,6,Neutral
NorCal,1889-07-01,0,2,NA,7,Neutral
NorCal,1889-08-01,0,1,NA,8,Neutral
NorCal,1889-09-01,0,2,NA,9,Neutral
NorCal,1889-10-01,122.25,2,NA,10,Neutral
NorCal,1889-11-01,67.95,2,NA,11,Neutral
NorCal,1889-12-01,147.45,2,NA,12,Neutral
NorCal,1890-01-01,178.55,2,NA,1,Neutral
NorCal,1890-02-01,102,2,NA,2,Neutral
NorCal,1890-03-01,88.5,2,NA,3,Neutral
NorCal,1890-04-01,28.6,2,NA,4,Neutral
NorCal,1890-05-01,36.45,2,NA,5,Neutral
NorCal,1890-06-01,4.2,2,NA,6,Neutral
NorCal,1890-07-01,0.65,2,NA,7,Neutral
NorCal,1890-08-01,0.65,2,NA,8,Neutral
NorCal,1890-09-01,30.45,2,NA,9,Neutral
NorCal,1890-10-01,0,1,NA,10,Neutral
NorCal,1890-11-01,0,1,NA,11,Neutral
NorCal,1890-12-01,169.7,1,NA,12,Neutral
NorCal,1891-01-01,10.85,2,NA,1,Neutral
NorCal,1891-02-01,134.5,2,NA,2,Neutral
NorCal,1891-03-01,71.15,2,NA,3,Neutral
NorCal,1891-04-01,43.55,2,NA,4,Neutral
NorCal,1891-05-01,28.35,2,NA,5,Neutral
NorCal,1891-06-01,35.35,2,NA,6,Neutral
NorCal,1891-07-01,19.7,2,NA,7,Neutral
NorCal,1891-08-01,2.4,2,NA,8,Neutral
NorCal,1891-09-01,2.9,2,NA,9,Neutral
NorCal,1891-10-01,3.65,2,NA,10,Neutral
NorCal,1891-11-01,26,2,NA,11,Neutral
NorCal,1891-12-01,76.7,2,NA,12,Neutral
NorCal,1892-01-01,58.1,3,NA,1,Neutral
NorCal,1892-02-01,60.5333333333333,3,NA,2,Neutral
NorCal,1892-03-01,54.1333333333333,3,NA,3,Neutral
NorCal,1892-04-01,54.0666666666667,3,NA,4,Neutral
NorCal,1892-05-01,59.0333333333333,3,NA,5,Neutral
NorCal,1892-06-01,14.6666666666667,3,NA,6,Neutral
NorCal,1892-07-01,1.26666666666667,3,NA,7,Neutral
NorCal,1892-08-01,0.166666666666667,3,NA,8,Neutral
NorCal,1892-09-01,11.7,3,NA,9,Neutral
NorCal,1892-10-01,28.7,3,NA,10,Neutral
NorCal,1892-11-01,116.2,3,NA,11,Neutral
NorCal,1892-12-01,133.333333333333,3,NA,12,Neutral
NorCal,1893-01-01,96.11,10,NA,1,Neutral
NorCal,1893-02-01,97.9142857142857,14,NA,2,Neutral
NorCal,1893-03-01,127.446153846154,13,NA,3,Neutral
NorCal,1893-04-01,51.7071428571429,14,NA,4,Neutral
NorCal,1893-05-01,21.2571428571429,14,NA,5,Neutral
NorCal,1893-06-01,0.646153846153846,13,NA,6,Neutral
NorCal,1893-07-01,2.02142857142857,14,NA,7,Neutral
NorCal,1893-08-01,0.275,12,NA,8,Neutral
NorCal,1893-09-01,20.7384615384615,13,NA,9,Neutral
NorCal,1893-10-01,8.38333333333333,12,NA,10,Neutral
NorCal,1893-11-01,97.35,12,NA,11,Neutral
NorCal,1893-12-01,63.1384615384615,13,NA,12,Neutral
NorCal,1894-01-01,205.421428571429,14,NA,1,Neutral
NorCal,1894-02-01,123.142857142857,14,NA,2,Neutral
NorCal,1894-03-01,42.2375,16,NA,3,Neutral
NorCal,1894-04-01,25.9071428571429,14,NA,4,Neutral
NorCal,1894-05-01,49.3333333333333,15,NA,5,Neutral
NorCal,1894-06-01,25.8375,16,NA,6,Neutral
NorCal,1894-07-01,6.46666666666667,9,NA,7,Neutral
NorCal,1894-08-01,1.65,12,NA,8,Neutral
NorCal,1894-09-01,23.6,15,NA,9,Neutral
NorCal,1894-10-01,50.2866666666667,15,NA,10,Neutral
NorCal,1894-11-01,20.2230769230769,13,NA,11,Neutral
NorCal,1894-12-01,257.246666666667,15,NA,12,Neutral
NorCal,1895-01-01,280.5875,16,NA,1,Neutral
NorCal,1895-02-01,59.7833333333333,18,NA,2,Neutral
NorCal,1895-03-01,60.2058823529412,17,NA,3,Neutral
NorCal,1895-04-01,29.4222222222222,18,NA,4,Neutral
NorCal,1895-05-01,36.1421052631579,19,NA,5,Neutral
NorCal,1895-06-01,1.68571428571429,7,NA,6,Neutral
NorCal,1895-07-01,4.18235294117647,17,NA,7,Neutral
NorCal,1895-08-01,6.3,11,NA,8,Neutral
NorCal,1895-09-01,42.6277777777778,18,NA,9,Neutral
NorCal,1895-10-01,4.56875,16,NA,10,Neutral
NorCal,1895-11-01,39.5333333333333,18,NA,11,Neutral
NorCal,1895-12-01,73.0666666666667,18,NA,12,Neutral
NorCal,1896-01-01,256.829411764706,17,NA,1,Neutral
NorCal,1896-02-01,13.4235294117647,17,NA,2,Neutral
NorCal,1896-03-01,90.8111111111111,18,NA,3,Neutral
NorCal,1896-04-01,148.842105263158,19,NA,4,Neutral
NorCal,1896-05-01,54.0888888888889,18,NA,5,Neutral
NorCal,1896-06-01,4.275,12,NA,6,Neutral
NorCal,1896-07-01,6.16,15,NA,7,Neutral
NorCal,1896-08-01,11.8111111111111,18,NA,8,Neutral
NorCal,1896-09-01,18.4631578947368,19,NA,9,Neutral
NorCal,1896-10-01,29.5157894736842,19,NA,10,Neutral
NorCal,1896-11-01,161.777777777778,18,NA,11,Neutral
NorCal,1896-12-01,115.221052631579,19,NA,12,Neutral
NorCal,1897-01-01,83.678947368421,19,NA,1,Neutral
NorCal,1897-02-01,175.336842105263,19,NA,2,Neutral
NorCal,1897-03-01,138.036842105263,19,NA,3,Neutral
NorCal,1897-04-01,19.3944444444444,18,NA,4,Neutral
NorCal,1897-05-01,10.5055555555556,18,NA,5,Neutral
NorCal,1897-06-01,28.7,17,NA,6,Neutral
NorCal,1897-07-01,3.41111111111111,9,NA,7,Neutral
NorCal,1897-08-01,1.84615384615385,13,NA,8,Neutral
NorCal,1897-09-01,10.3071428571429,14,NA,9,Neutral
NorCal,1897-10-01,59.2857142857143,14,NA,10,Neutral
NorCal,1897-11-01,70.5571428571428,14,NA,11,Neutral
NorCal,1897-12-01,79.6214285714286,14,NA,12,Neutral
NorCal,1898-01-01,30.4,15,NA,1,Neutral
NorCal,1898-02-01,128.88125,16,NA,2,Neutral
NorCal,1898-03-01,21.44,15,NA,3,Neutral
NorCal,1898-04-01,14.725,16,NA,4,Neutral
NorCal,1898-05-01,61.3823529411765,17,NA,5,Neutral
NorCal,1898-06-01,15.34,15,NA,6,Neutral
NorCal,1898-07-01,0.988888888888889,9,NA,7,Neutral
NorCal,1898-08-01,1.80909090909091,11,NA,8,Neutral
NorCal,1898-09-01,14.7533333333333,15,NA,9,Neutral
NorCal,1898-10-01,27.25,16,NA,10,Neutral
NorCal,1898-11-01,51.81875,16,NA,11,Neutral
NorCal,1898-12-01,35.7588235294118,17,NA,12,Neutral
NorCal,1899-01-01,179.425,16,NA,1,Neutral
NorCal,1899-02-01,18.3357142857143,14,NA,2,Neutral
NorCal,1899-03-01,192.135294117647,17,NA,3,Neutral
NorCal,1899-04-01,25.1882352941176,17,NA,4,Neutral
NorCal,1899-05-01,40.3125,16,NA,5,Neutral
NorCal,1899-06-01,10.9764705882353,17,NA,6,Neutral
NorCal,1899-07-01,2.57,10,NA,7,Neutral
NorCal,1899-08-01,7.11666666666667,18,NA,8,Neutral
NorCal,1899-09-01,6.45833333333333,12,NA,9,Neutral
NorCal,1899-10-01,126.31,20,NA,10,Neutral
NorCal,1899-11-01,150.961111111111,18,NA,11,Neutral
NorCal,1899-12-01,117.285,20,NA,12,Neutral
NorCal,1900-01-01,85.6142857142857,21,NA,1,Neutral
NorCal,1900-02-01,34.5190476190476,21,NA,2,Neutral
NorCal,1900-03-01,84.88,20,NA,3,Neutral
NorCal,1900-04-01,60.945,20,NA,4,Neutral
NorCal,1900-05-01,29.9470588235294,17,NA,5,Neutral
NorCal,1900-06-01,7.66111111111111,18,NA,6,Neutral
NorCal,1900-07-01,1.825,12,NA,7,Neutral
NorCal,1900-08-01,4.44444444444444,9,NA,8,Neutral
NorCal,1900-09-01,8.44705882352941,17,NA,9,Neutral
NorCal,1900-10-01,86.7294117647059,17,NA,10,Neutral
NorCal,1900-11-01,118.478947368421,19,NA,11,Neutral
NorCal,1900-12-01,68.6764705882353,17,NA,12,Neutral
NorCal,1901-01-01,160.233333333333,18,NA,1,Neutral
NorCal,1901-02-01,146.066666666667,18,NA,2,Neutral
NorCal,1901-03-01,32.7875,16,NA,3,Neutral
NorCal,1901-04-01,69.3894736842105,19,NA,4,Neutral
NorCal,1901-05-01,27.6842105263158,19,NA,5,Neutral
NorCal,1901-06-01,0.99375,16,NA,6,Neutral
NorCal,1901-07-01,0.69375,16,NA,7,Neutral
NorCal,1901-08-01,8.75,18,NA,8,Neutral
NorCal,1901-09-01,36.5473684210526,19,NA,9,Neutral
NorCal,1901-10-01,41.505,20,NA,10,Neutral
NorCal,1901-11-01,85.19,20,NA,11,Neutral
NorCal,1901-12-01,54.67,20,NA,12,Neutral
NorCal,1902-01-01,37.2857142857143,21,NA,1,Neutral
NorCal,1902-02-01,281.642857142857,21,NA,2,Neutral
NorCal,1902-03-01,96.9809523809524,21,NA,3,Neutral
NorCal,1902-04-01,69.9380952380952,21,NA,4,Neutral
NorCal,1902-05-01,29.6952380952381,21,NA,5,Neutral
NorCal,1902-06-01,1.59375,16,NA,6,Neutral
NorCal,1902-07-01,3.045,20,NA,7,Neutral
NorCal,1902-08-01,2.38947368421053,19,NA,8,Neutral
NorCal,1902-09-01,0.826315789473684,19,NA,9,Neutral
NorCal,1902-10-01,81.6363636363636,22,NA,10,Neutral
NorCal,1902-11-01,126.408695652174,23,NA,11,Neutral
NorCal,1902-12-01,92.6782608695652,23,NA,12,Neutral
NorCal,1903-01-01,139.3375,24,NA,1,Neutral
NorCal,1903-02-01,52.4652173913043,23,NA,2,Neutral
NorCal,1903-03-01,154.486363636364,22,NA,3,Neutral
NorCal,1903-04-01,16.04,25,NA,4,Neutral
NorCal,1903-05-01,7.47391304347826,23,NA,5,Neutral
NorCal,1903-06-01,5.24782608695652,23,NA,6,Neutral
NorCal,1903-07-01,0.375,24,NA,7,Neutral
NorCal,1903-08-01,0.2875,24,NA,8,Neutral
NorCal,1903-09-01,1.58636363636364,22,NA,9,Neutral
NorCal,1903-10-01,18.36,25,NA,10,Neutral
NorCal,1903-11-01,194.807692307692,26,NA,11,Neutral
NorCal,1903-12-01,48.475,28,NA,12,Neutral
NorCal,1904-01-01,46.0642857142857,28,NA,1,Neutral
NorCal,1904-02-01,279.537931034483,29,NA,2,Neutral
NorCal,1904-03-01,238.466666666667,30,NA,3,Neutral
NorCal,1904-04-01,55.0137931034483,29,NA,4,Neutral
NorCal,1904-05-01,7.6,27,NA,5,Neutral
NorCal,1904-06-01,1.7,27,NA,6,Neutral
NorCal,1904-07-01,4,26,NA,7,Neutral
NorCal,1904-08-01,3.028,25,NA,8,Neutral
NorCal,1904-09-01,85.9814814814815,27,NA,9,Neutral
NorCal,1904-10-01,90.7925925925926,27,NA,10,Neutral
NorCal,1904-11-01,54.675,28,NA,11,Neutral
NorCal,1904-12-01,100.896666666667,30,NA,12,Neutral
NorCal,1905-01-01,108.776470588235,34,NA,1,Neutral
NorCal,1905-02-01,84.3354838709677,31,NA,2,Neutral
NorCal,1905-03-01,139.570588235294,34,NA,3,Neutral
NorCal,1905-04-01,29.5151515151515,33,NA,4,Neutral
NorCal,1905-05-01,57.89,30,NA,5,Neutral
NorCal,1905-06-01,3.25925925925926,27,NA,6,Neutral
NorCal,1905-07-01,0.507142857142857,28,NA,7,Neutral
NorCal,1905-08-01,1.75,26,NA,8,Neutral
NorCal,1905-09-01,4.93703703703704,27,NA,9,Neutral
NorCal,1905-10-01,4.00384615384615,26,NA,10,Neutral
NorCal,1905-11-01,51.1444444444444,27,NA,11,Neutral
NorCal,1905-12-01,47.6444444444444,27,NA,12,Neutral
NorCal,1906-01-01,228.009375,32,NA,1,Neutral
NorCal,1906-02-01,124.523333333333,30,NA,2,Neutral
NorCal,1906-03-01,210.58064516129,31,NA,3,Neutral
NorCal,1906-04-01,38.7977272727273,44,NA,4,Neutral
NorCal,1906-05-01,86.5659090909091,44,NA,5,Neutral
NorCal,1906-06-01,26.8071428571429,42,NA,6,Neutral
NorCal,1906-07-01,0.626470588235294,34,NA,7,Neutral
NorCal,1906-08-01,2.71714285714286,35,NA,8,Neutral
NorCal,1906-09-01,5.9675,40,NA,9,Neutral
NorCal,1906-10-01,1.80555555555556,36,NA,10,Neutral
NorCal,1906-11-01,46.7,42,NA,11,Neutral
NorCal,1906-12-01,210.31875,48,NA,12,Neutral
NorCal,1907-01-01,172.46875,48,NA,1,Neutral
NorCal,1907-02-01,114.127659574468,47,NA,2,Neutral
NorCal,1907-03-01,295.941666666667,48,NA,3,Neutral
NorCal,1907-04-01,25.8533333333333,45,NA,4,Neutral
NorCal,1907-05-01,15.7090909090909,44,NA,5,Neutral
NorCal,1907-06-01,31.3095238095238,42,NA,6,Neutral
NorCal,1907-07-01,1.02777777777778,36,NA,7,Neutral
NorCal,1907-08-01,3.22424242424242,33,NA,8,Neutral
NorCal,1907-09-01,4.28787878787879,33,NA,9,Neutral
NorCal,1907-10-01,29.1179487179487,39,NA,10,Neutral
NorCal,1907-11-01,7.73714285714286,35,NA,11,Neutral
NorCal,1907-12-01,153.154545454545,44,NA,12,Neutral
NorCal,1908-01-01,107.986956521739,46,NA,1,Neutral
NorCal,1908-02-01,95.6333333333333,45,NA,2,Neutral
NorCal,1908-03-01,35.4133333333333,45,NA,3,Neutral
NorCal,1908-04-01,12.9760869565217,46,NA,4,Neutral
NorCal,1908-05-01,45.9431818181818,44,NA,5,Neutral
NorCal,1908-06-01,5.99268292682927,41,NA,6,Neutral
NorCal,1908-07-01,0.33,40,NA,7,Neutral
NorCal,1908-08-01,0.228205128205128,39,NA,8,Neutral
NorCal,1908-09-01,6.51219512195122,41,NA,9,Neutral
NorCal,1908-10-01,37.7666666666667,42,NA,10,Neutral
NorCal,1908-11-01,53.9170212765957,47,NA,11,Neutral
NorCal,1908-12-01,62.6061224489796,49,NA,12,Neutral
NorCal,1909-01-01,447.665957446808,47,NA,1,Neutral
NorCal,1909-02-01,211.653191489362,47,NA,2,Neutral
NorCal,1909-03-01,86.1065217391304,46,NA,3,Neutral
NorCal,1909-04-01,3.295,40,NA,4,Neutral
NorCal,1909-05-01,9.03684210526316,38,NA,5,Neutral
NorCal,1909-06-01,5.89545454545454,44,NA,6,Neutral
NorCal,1909-07-01,0.342105263157895,38,NA,7,Neutral
NorCal,1909-08-01,0.528947368421053,38,NA,8,Neutral
NorCal,1909-09-01,17.0065217391304,46,NA,9,Neutral
NorCal,1909-10-01,45.1170212765957,47,NA,10,Neutral
NorCal,1909-11-01,117.140816326531,49,NA,11,Neutral
NorCal,1909-12-01,172.248076923077,52,NA,12,Neutral
NorCal,1910-01-01,119.63125,48,NA,1,Neutral
NorCal,1910-02-01,75.9127659574468,47,NA,2,Neutral
NorCal,1910-03-01,89.90625,48,NA,3,Neutral
NorCal,1910-04-01,17.7021739130435,46,NA,4,Neutral
NorCal,1910-05-01,5.16190476190476,42,NA,5,Neutral
NorCal,1910-06-01,1.79555555555556,45,NA,6,Neutral
NorCal,1910-07-01,1.505,40,NA,7,Neutral
NorCal,1910-08-01,0.168421052631579,38,NA,8,Neutral
NorCal,1910-09-01,16.9979591836735,49,NA,9,Neutral
NorCal,1910-10-01,24.146,50,NA,10,Neutral
NorCal,1910-11-01,47.5705882352941,51,NA,11,Neutral
NorCal,1910-12-01,56.7040816326531,49,NA,12,Neutral
NorCal,1911-01-01,383.982,50,NA,1,Neutral
NorCal,1911-02-01,85.143137254902,51,NA,2,Neutral
NorCal,1911-03-01,168.560784313725,51,NA,3,Neutral
NorCal,1911-04-01,55.4,49,NA,4,Neutral
NorCal,1911-05-01,19.8297872340426,47,NA,5,Neutral
NorCal,1911-06-01,5.01818181818182,44,NA,6,Neutral
NorCal,1911-07-01,2.41590909090909,44,NA,7,Neutral
NorCal,1911-08-01,0,41,NA,8,Neutral
NorCal,1911-09-01,5.86382978723404,47,NA,9,Neutral
NorCal,1911-10-01,14.6392156862745,51,NA,10,Neutral
NorCal,1911-11-01,28.28,50,NA,11,Neutral
NorCal,1911-12-01,49.9884615384615,52,NA,12,Neutral
NorCal,1912-01-01,94.8803921568627,51,NA,1,Neutral
NorCal,1912-02-01,20.7156862745098,51,NA,2,Neutral
NorCal,1912-03-01,105.888,50,NA,3,Neutral
NorCal,1912-04-01,71.2923076923077,52,NA,4,Neutral
NorCal,1912-05-01,52.2019230769231,52,NA,5,Neutral
NorCal,1912-06-01,16.8442307692308,52,NA,6,Neutral
NorCal,1912-07-01,1.72,45,NA,7,Neutral
NorCal,1912-08-01,0.741304347826087,46,NA,8,Neutral
NorCal,1912-09-01,47.8942307692308,52,NA,9,Neutral
NorCal,1912-10-01,27.5980769230769,52,NA,10,Neutral
NorCal,1912-11-01,83.6509803921569,51,NA,11,Neutral
NorCal,1912-12-01,44.4283018867925,53,NA,12,Neutral
NorCal,1913-01-01,132.64,55,NA,1,Neutral
NorCal,1913-02-01,22.6642857142857,56,NA,2,Neutral
NorCal,1913-03-01,52.8763636363636,55,NA,3,Neutral
NorCal,1913-04-01,44.5148148148148,54,NA,4,Neutral
NorCal,1913-05-01,32.8578947368421,57,NA,5,Neutral
NorCal,1913-06-01,19.9555555555556,54,NA,6,Neutral
NorCal,1913-07-01,12.7288461538462,52,NA,7,Neutral
NorCal,1913-08-01,5.69019607843137,51,NA,8,Neutral
NorCal,1913-09-01,1.38936170212766,47,NA,9,Neutral
NorCal,1913-10-01,2.63921568627451,51,NA,10,Neutral
NorCal,1913-11-01,135.643636363636,55,NA,11,Neutral
NorCal,1913-12-01,197.087931034483,58,NA,12,Neutral
NorCal,1914-01-01,321.556896551724,58,NA,1,Neutral
NorCal,1914-02-01,120.076785714286,56,NA,2,Neutral
NorCal,1914-03-01,24.4166666666667,54,NA,3,Neutral
NorCal,1914-04-01,52.5526315789474,57,NA,4,Neutral
NorCal,1914-05-01,21.2166666666667,54,NA,5,Neutral
NorCal,1914-06-01,24.1982142857143,56,NA,6,Neutral
NorCal,1914-07-01,1.2609756097561,41,NA,7,Neutral
NorCal,1914-08-01,0.443589743589744,39,NA,8,Neutral
NorCal,1914-09-01,6.68723404255319,47,NA,9,Neutral
NorCal,1914-10-01,45.1127272727273,55,NA,10,Neutral
NorCal,1914-11-01,20.45,54,NA,11,Neutral
NorCal,1914-12-01,120.866666666667,54,NA,12,Neutral
NorCal,1915-01-01,171.701785714286,56,NA,1,Neutral
NorCal,1915-02-01,233.877586206897,58,NA,2,Neutral
NorCal,1915-03-01,60.7534482758621,58,NA,3,Neutral
NorCal,1915-04-01,34.9903225806452,62,NA,4,Neutral
NorCal,1915-05-01,108.887096774194,62,NA,5,Neutral
NorCal,1915-06-01,1.212,25,NA,6,Neutral
NorCal,1915-07-01,4,32,NA,7,Neutral
NorCal,1915-08-01,1.30357142857143,28,NA,8,Neutral
NorCal,1915-09-01,2.90571428571429,35,NA,9,Neutral
NorCal,1915-10-01,5.2906976744186,43,NA,10,Neutral
NorCal,1915-11-01,48.4423728813559,59,NA,11,Neutral
NorCal,1915-12-01,153.918032786885,61,NA,12,Neutral
NorCal,1916-01-01,333.501587301587,63,NA,1,Neutral
NorCal,1916-02-01,93.3396825396825,63,NA,2,Neutral
NorCal,1916-03-01,78.855737704918,61,NA,3,Neutral
NorCal,1916-04-01,13.3211538461538,52,NA,4,Neutral
NorCal,1916-05-01,16.6931034482759,58,NA,5,Neutral
NorCal,1916-06-01,9.68139534883721,43,NA,6,Neutral
NorCal,1916-07-01,12.1236842105263,38,NA,7,Neutral
NorCal,1916-08-01,6.09591836734694,49,NA,8,Neutral
NorCal,1916-09-01,11.4866666666667,60,NA,9,Neutral
NorCal,1916-10-01,41.7228070175439,57,NA,10,Neutral
NorCal,1916-11-01,49.6309090909091,55,NA,11,Neutral
NorCal,1916-12-01,131.88,60,NA,12,Neutral
NorCal,1917-01-01,52,59,NA,1,Neutral
NorCal,1917-02-01,159.267796610169,59,NA,2,Neutral
NorCal,1917-03-01,41.9631578947368,57,NA,3,Neutral
NorCal,1917-04-01,43.8983050847458,59,NA,4,Neutral
NorCal,1917-05-01,20.5322033898305,59,NA,5,Neutral
NorCal,1917-06-01,1.33214285714286,28,NA,6,Neutral
NorCal,1917-07-01,6.46666666666667,33,NA,7,Neutral
NorCal,1917-08-01,2.77647058823529,34,NA,8,Neutral
NorCal,1917-09-01,7.81304347826087,46,NA,9,Neutral
NorCal,1917-10-01,0.261538461538462,26,NA,10,Neutral
NorCal,1917-11-01,45.54,55,NA,11,Neutral
NorCal,1917-12-01,40.2385964912281,57,NA,12,Neutral
NorCal,1918-01-01,29.9206896551724,58,NA,1,Neutral
NorCal,1918-02-01,155.932142857143,56,NA,2,Neutral
NorCal,1918-03-01,147.787931034483,58,NA,3,Neutral
NorCal,1918-04-01,23.2566037735849,53,NA,4,Neutral
NorCal,1918-05-01,11.8511111111111,45,NA,5,Neutral
NorCal,1918-06-01,3.27777777777778,36,NA,6,Neutral
NorCal,1918-07-01,0.869230769230769,26,NA,7,Neutral
NorCal,1918-08-01,2.29428571428571,35,NA,8,Neutral
NorCal,1918-09-01,78.3734693877551,49,NA,9,Neutral
NorCal,1918-10-01,29.95625,48,NA,10,Neutral
NorCal,1918-11-01,87.4958333333333,48,NA,11,Neutral
NorCal,1918-12-01,53.0918367346939,49,NA,12,Neutral
NorCal,1919-01-01,81.48125,48,NA,1,Neutral
NorCal,1919-02-01,225.159183673469,49,NA,2,Neutral
NorCal,1919-03-01,91.1367346938776,49,NA,3,Neutral
NorCal,1919-04-01,23.5744680851064,47,NA,4,Neutral
NorCal,1919-05-01,6.65909090909091,44,NA,5,Neutral
NorCal,1919-06-01,0.785714285714286,21,NA,6,Neutral
NorCal,1919-07-01,1.84,25,NA,7,Neutral
NorCal,1919-08-01,0.0375,24,NA,8,Neutral
NorCal,1919-09-01,25.0042553191489,47,NA,9,Neutral
NorCal,1919-10-01,13.9644444444444,45,NA,10,Neutral
NorCal,1919-11-01,24.3872340425532,47,NA,11,Neutral
NorCal,1919-12-01,117.677083333333,48,NA,12,Neutral
NorCal,1920-01-01,19.2916666666667,48,NA,1,Neutral
NorCal,1920-02-01,49.9458333333333,48,NA,2,Neutral
NorCal,1920-03-01,142.202083333333,48,NA,3,Neutral
NorCal,1920-04-01,73.0382978723404,47,NA,4,Neutral
NorCal,1920-05-01,5.06,30,NA,5,Neutral
NorCal,1920-06-01,15.7386363636364,44,NA,6,Neutral
NorCal,1920-07-01,4.59354838709677,31,NA,7,Neutral
NorCal,1920-08-01,8.03571428571429,42,NA,8,Neutral
NorCal,1920-09-01,11.475,40,NA,9,Neutral
NorCal,1920-10-01,74.3595744680851,47,NA,10,Neutral
NorCal,1920-11-01,176.417021276596,47,NA,11,Neutral
NorCal,1920-12-01,177.742857142857,49,NA,12,Neutral
NorCal,1921-01-01,197.147058823529,51,NA,1,Neutral
NorCal,1921-02-01,58.956,50,NA,2,Neutral
NorCal,1921-03-01,71.543137254902,51,NA,3,Neutral
NorCal,1921-04-01,14.4408163265306,49,NA,4,Neutral
NorCal,1921-05-01,40.056,50,NA,5,Neutral
NorCal,1921-06-01,5.26904761904762,42,NA,6,Neutral
NorCal,1921-07-01,0.415789473684211,19,NA,7,Neutral
NorCal,1921-08-01,0.55625,16,NA,8,Neutral
NorCal,1921-09-01,5.93617021276596,47,NA,9,Neutral
NorCal,1921-10-01,20.9829787234043,47,NA,10,Neutral
NorCal,1921-11-01,49.136,50,NA,11,Neutral
NorCal,1921-12-01,177.296,50,NA,12,Neutral
NorCal,1922-01-01,66.0882352941176,51,NA,1,Neutral
NorCal,1922-02-01,190.99,50,NA,2,Neutral
NorCal,1922-03-01,102.312,50,NA,3,Neutral
NorCal,1922-04-01,17.3833333333333,48,NA,4,Neutral
NorCal,1922-05-01,29.1411764705882,51,NA,5,Neutral
NorCal,1922-06-01,9.06875,48,NA,6,Neutral
NorCal,1922-07-01,3.96363636363636,33,NA,7,Neutral
NorCal,1922-08-01,1.96470588235294,34,NA,8,Neutral
NorCal,1922-09-01,2.00967741935484,31,NA,9,Neutral
NorCal,1922-10-01,51.8040816326531,49,NA,10,Neutral
NorCal,1922-11-01,96.43,50,NA,11,Neutral
NorCal,1922-12-01,208.306,50,NA,12,Neutral
NorCal,1923-01-01,91.5941176470588,51,NA,1,Neutral
NorCal,1923-02-01,27.1795918367347,49,NA,2,Neutral
NorCal,1923-03-01,8.41702127659575,47,NA,3,Neutral
NorCal,1923-04-01,112.758,50,NA,4,Neutral
NorCal,1923-05-01,13.1510204081633,49,NA,5,Neutral
NorCal,1923-06-01,24.7787234042553,47,NA,6,Neutral
NorCal,1923-07-01,3.109375,32,NA,7,Neutral
NorCal,1923-08-01,5.07073170731707,41,NA,8,Neutral
NorCal,1923-09-01,35.4901960784314,51,NA,9,Neutral
NorCal,1923-10-01,25.7142857142857,49,NA,10,Neutral
NorCal,1923-11-01,17.6553191489362,47,NA,11,Neutral
NorCal,1923-12-01,44.1653846153846,52,NA,12,Neutral
NorCal,1924-01-01,62.7307692307692,52,NA,1,Neutral
NorCal,1924-02-01,64.1884615384615,52,NA,2,Neutral
NorCal,1924-03-01,52.8313725490196,51,NA,3,Neutral
NorCal,1924-04-01,15.6163265306122,49,NA,4,Neutral
NorCal,1924-05-01,3.09166666666667,48,NA,5,Neutral
NorCal,1924-06-01,2.08148148148148,27,NA,6,Neutral
NorCal,1924-07-01,1.46333333333333,30,NA,7,Neutral
NorCal,1924-08-01,3.93142857142857,35,NA,8,Neutral
NorCal,1924-09-01,4.62291666666667,48,NA,9,Neutral
NorCal,1924-10-01,98.2862745098039,51,NA,10,Neutral
NorCal,1924-11-01,70.9529411764706,51,NA,11,Neutral
NorCal,1924-12-01,119.498076923077,52,NA,12,Neutral
NorCal,1925-01-01,47.325,52,NA,1,Neutral
NorCal,1925-02-01,199.309803921569,51,NA,2,Neutral
NorCal,1925-03-01,69.3019230769231,52,NA,3,Neutral
NorCal,1925-04-01,72.7849056603774,53,NA,4,Neutral
NorCal,1925-05-01,58.4211538461538,52,NA,5,Neutral
NorCal,1925-06-01,14.5163265306122,49,NA,6,Neutral
NorCal,1925-07-01,4.57777777777778,45,NA,7,Neutral
NorCal,1925-08-01,8.87045454545455,44,NA,8,Neutral
NorCal,1925-09-01,27.0666666666667,45,NA,9,Neutral
NorCal,1925-10-01,23.1408163265306,49,NA,10,Neutral
NorCal,1925-11-01,53.8,51,NA,11,Neutral
NorCal,1925-12-01,47.6943396226415,53,NA,12,Neutral
NorCal,1926-01-01,114.031481481481,54,NA,1,Neutral
NorCal,1926-02-01,169.47037037037,54,NA,2,Neutral
NorCal,1926-03-01,7.84181818181818,55,NA,3,Neutral
NorCal,1926-04-01,123.351785714286,56,NA,4,Neutral
NorCal,1926-05-01,20.3722222222222,54,NA,5,Neutral
NorCal,1926-06-01,1.20196078431373,51,NA,6,Neutral
NorCal,1926-07-01,1.68235294117647,51,NA,7,Neutral
NorCal,1926-08-01,2.61272727272727,55,NA,8,Neutral
NorCal,1926-09-01,1.7462962962963,54,NA,9,Neutral
NorCal,1926-10-01,40.9611111111111,54,NA,10,Neutral
NorCal,1926-11-01,236.03220338983,59,NA,11,Neutral
NorCal,1926-12-01,54.2237288135593,59,NA,12,Neutral
NorCal,1927-01-01,115.46,60,NA,1,Neutral
NorCal,1927-02-01,218.893548387097,62,NA,2,Neutral
NorCal,1927-03-01,69.7610169491525,59,NA,3,Neutral
NorCal,1927-04-01,72.5180327868852,61,NA,4,Neutral
NorCal,1927-05-01,18.7819672131148,61,NA,5,Neutral
NorCal,1927-06-01,12.8596774193548,62,NA,6,Neutral
NorCal,1927-07-01,1.02295081967213,61,NA,7,Neutral
NorCal,1927-08-01,0.635,60,NA,8,Neutral
NorCal,1927-09-01,4.22857142857143,63,NA,9,Neutral
NorCal,1927-10-01,52.3365079365079,63,NA,10,Neutral
NorCal,1927-11-01,123.1671875,64,NA,11,Neutral
NorCal,1927-12-01,81.4190476190476,63,NA,12,Neutral
NorCal,1928-01-01,58.0484375,64,NA,1,Neutral
NorCal,1928-02-01,63.8539682539683,63,NA,2,Neutral
NorCal,1928-03-01,171.740625,64,NA,3,Neutral
NorCal,1928-04-01,51.1126984126984,63,NA,4,Neutral
NorCal,1928-05-01,9.55555555555556,63,NA,5,Neutral
NorCal,1928-06-01,3.8015625,64,NA,6,Neutral
NorCal,1928-07-01,0.2453125,64,NA,7,Neutral
NorCal,1928-08-01,0.284745762711864,59,NA,8,Neutral
NorCal,1928-09-01,3.103125,64,NA,9,Neutral
NorCal,1928-10-01,10.5015625,64,NA,10,Neutral
NorCal,1928-11-01,93.7646153846154,65,NA,11,Neutral
NorCal,1928-12-01,101.178125,64,NA,12,Neutral
NorCal,1929-01-01,45.2015625,64,NA,1,Neutral
NorCal,1929-02-01,60.991935483871,62,NA,2,Neutral
NorCal,1929-03-01,62.0888888888889,63,NA,3,Neutral
NorCal,1929-04-01,52.790625,64,NA,4,Neutral
NorCal,1929-05-01,3.25161290322581,62,NA,5,Neutral
NorCal,1929-06-01,47.6451612903226,62,NA,6,Neutral
NorCal,1929-07-01,0.282142857142857,56,NA,7,Neutral
NorCal,1929-08-01,0.462295081967213,61,NA,8,Neutral
NorCal,1929-09-01,1.64107142857143,56,NA,9,Neutral
NorCal,1929-10-01,4.94375,64,NA,10,Neutral
NorCal,1929-11-01,0,59,NA,11,Neutral
NorCal,1929-12-01,176.146031746032,63,NA,12,Neutral
NorCal,1930-01-01,141.818461538462,65,NA,1,Neutral
NorCal,1930-02-01,96.80625,64,NA,2,Neutral
NorCal,1930-03-01,83.571875,64,NA,3,Neutral
NorCal,1930-04-01,49.5861538461538,65,NA,4,Neutral
NorCal,1930-05-01,28.0923076923077,65,NA,5,Neutral
NorCal,1930-06-01,1.16166666666667,60,NA,6,Neutral
NorCal,1930-07-01,0.311290322580645,62,NA,7,Neutral
NorCal,1930-08-01,1.06229508196721,61,NA,8,Neutral
NorCal,1930-09-01,20.6359375,64,NA,9,Neutral
NorCal,1930-10-01,12.7515625,64,NA,10,Neutral
NorCal,1930-11-01,65.490625,64,NA,11,Neutral
NorCal,1930-12-01,18.8047619047619,63,NA,12,Neutral
NorCal,1931-01-01,115.253846153846,65,NA,1,Neutral
NorCal,1931-02-01,53.0984615384615,65,NA,2,Neutral
NorCal,1931-03-01,50.1074626865672,67,NA,3,Neutral
NorCal,1931-04-01,24.5529411764706,68,NA,4,Neutral
NorCal,1931-05-01,31.6805970149254,67,NA,5,Neutral
NorCal,1931-06-01,24.6426470588235,68,NA,6,Neutral
NorCal,1931-07-01,0.5265625,64,NA,7,Neutral
NorCal,1931-08-01,1.86349206349206,63,NA,8,Neutral
NorCal,1931-09-01,3.87794117647059,68,NA,9,Neutral
NorCal,1931-10-01,39.110447761194,67,NA,10,Neutral
NorCal,1931-11-01,74.4205882352941,68,NA,11,Neutral
NorCal,1931-12-01,244.235294117647,68,NA,12,Neutral
NorCal,1932-01-01,95.5028985507246,69,NA,1,Neutral
NorCal,1932-02-01,72.9347826086957,69,NA,2,Neutral
NorCal,1932-03-01,37.1246376811594,69,NA,3,Neutral
NorCal,1932-04-01,47.5588235294118,68,NA,4,Neutral
NorCal,1932-05-01,40.0455882352941,68,NA,5,Neutral
NorCal,1932-06-01,5.86,65,NA,6,Neutral
NorCal,1932-07-01,1.61363636363636,66,NA,7,Neutral
NorCal,1932-08-01,0.6640625,64,NA,8,Neutral
NorCal,1932-09-01,1.23846153846154,65,NA,9,Neutral
NorCal,1932-10-01,4.16911764705882,68,NA,10,Neutral
NorCal,1932-11-01,31.1231884057971,69,NA,11,Neutral
NorCal,1932-12-01,73.8811594202898,69,NA,12,Neutral
NorCal,1933-01-01,157.91884057971,69,NA,1,Neutral
NorCal,1933-02-01,28.2028985507246,69,NA,2,Neutral
NorCal,1933-03-01,88.7391304347826,69,NA,3,Neutral
NorCal,1933-04-01,13.6157142857143,70,NA,4,Neutral
NorCal,1933-05-01,48.86,70,NA,5,Neutral
NorCal,1933-06-01,4.81449275362319,69,NA,6,Neutral
NorCal,1933-07-01,1.12575757575758,66,NA,7,Neutral
NorCal,1933-08-01,0.517647058823529,68,NA,8,Neutral
NorCal,1933-09-01,4.11323529411765,68,NA,9,Neutral
NorCal,1933-10-01,53.2157142857143,70,NA,10,Neutral
NorCal,1933-11-01,1.175,68,NA,11,Neutral
NorCal,1933-12-01,171.337142857143,70,NA,12,Neutral
NorCal,1934-01-01,54.5857142857143,70,NA,1,Neutral
NorCal,1934-02-01,109.618571428571,70,NA,2,Neutral
NorCal,1934-03-01,26.8371428571429,70,NA,3,Neutral
NorCal,1934-04-01,18.6246376811594,69,NA,4,Neutral
NorCal,1934-05-01,27.6014492753623,69,NA,5,Neutral
NorCal,1934-06-01,23.3044117647059,68,NA,6,Neutral
NorCal,1934-07-01,0.734375,64,NA,7,Neutral
NorCal,1934-08-01,1.53582089552239,67,NA,8,Neutral
NorCal,1934-09-01,10.3194029850746,67,NA,9,Neutral
NorCal,1934-10-01,50.0623188405797,69,NA,10,Neutral
NorCal,1934-11-01,121.71884057971,69,NA,11,Neutral
NorCal,1934-12-01,79.1304347826087,69,NA,12,Neutral
NorCal,1935-01-01,155.602941176471,68,NA,1,Neutral
NorCal,1935-02-01,65.7573529411765,68,NA,2,Neutral
NorCal,1935-03-01,107.468115942029,69,NA,3,Neutral
NorCal,1935-04-01,149.610144927536,69,NA,4,Neutral
NorCal,1935-05-01,7.74264705882353,68,NA,5,Neutral
NorCal,1935-06-01,0.274242424242424,66,NA,6,Neutral
NorCal,1935-07-01,2.29701492537313,67,NA,7,Neutral
NorCal,1935-08-01,4.04776119402985,67,NA,8,Neutral
NorCal,1935-09-01,4.02028985507246,69,NA,9,Neutral
NorCal,1935-10-01,41.5057971014493,69,NA,10,Neutral
NorCal,1935-11-01,32.1376811594203,69,NA,11,Neutral
NorCal,1935-12-01,78.3970588235294,68,NA,12,Neutral
NorCal,1936-01-01,177.167142857143,70,NA,1,Neutral
NorCal,1936-02-01,254.315714285714,70,NA,2,Neutral
NorCal,1936-03-01,48.7771428571429,70,NA,3,Neutral
NorCal,1936-04-01,45.5485714285714,70,NA,4,Neutral
NorCal,1936-05-01,20.6463768115942,69,NA,5,Neutral
NorCal,1936-06-01,28.9623188405797,69,NA,6,Neutral
NorCal,1936-07-01,3.79,70,NA,7,Neutral
NorCal,1936-08-01,2.24142857142857,70,NA,8,Neutral
NorCal,1936-09-01,5.3089552238806,67,NA,9,Neutral
NorCal,1936-10-01,17.6159420289855,69,NA,10,Neutral
NorCal,1936-11-01,0.969565217391304,69,NA,11,Neutral
NorCal,1936-12-01,105.783098591549,71,NA,12,Neutral
NorCal,1937-01-01,113.0875,72,NA,1,Neutral
NorCal,1937-02-01,185.484507042254,71,NA,2,Neutral
NorCal,1937-03-01,149.45,72,NA,3,Neutral
NorCal,1937-04-01,47.5680555555556,72,NA,4,Neutral
NorCal,1937-05-01,5.55211267605634,71,NA,5,Neutral
NorCal,1937-06-01,24.0097222222222,72,NA,6,Neutral
NorCal,1937-07-01,2.26521739130435,69,NA,7,Neutral
NorCal,1937-08-01,0.204347826086956,69,NA,8,Neutral
NorCal,1937-09-01,1.49295774647887,71,NA,9,Neutral
NorCal,1937-10-01,40.5388888888889,72,NA,10,Neutral
NorCal,1937-11-01,132.908333333333,72,NA,11,Neutral
NorCal,1937-12-01,168.1,73,NA,12,Neutral
NorCal,1938-01-01,114.374324324324,74,NA,1,Neutral
NorCal,1938-02-01,260.532876712329,73,NA,2,Neutral
NorCal,1938-03-01,221.64,75,NA,3,Neutral
NorCal,1938-04-01,59.0767123287671,73,NA,4,Neutral
NorCal,1938-05-01,11.4342465753425,73,NA,5,Neutral
NorCal,1938-06-01,6.39142857142857,70,NA,6,Neutral
NorCal,1938-07-01,4.86197183098592,71,NA,7,Neutral
NorCal,1938-08-01,0.317142857142857,70,NA,8,Neutral
NorCal,1938-09-01,10.7972222222222,72,NA,9,Neutral
NorCal,1938-10-01,51.2027777777778,72,NA,10,Neutral
NorCal,1938-11-01,42.2932432432432,74,NA,11,Neutral
NorCal,1938-12-01,47.4565789473684,76,NA,12,Neutral
NorCal,1939-01-01,85.7082191780822,73,NA,1,Neutral
NorCal,1939-02-01,58.6324324324324,74,NA,2,Neutral
NorCal,1939-03-01,80.4826666666667,75,NA,3,Neutral
NorCal,1939-04-01,10.8506849315068,73,NA,4,Neutral
NorCal,1939-05-01,35.3243243243243,74,NA,5,Neutral
NorCal,1939-06-01,3.92222222222222,72,NA,6,Neutral
NorCal,1939-07-01,2.23150684931507,73,NA,7,Neutral
NorCal,1939-08-01,0.552777777777778,72,NA,8,Neutral
NorCal,1939-09-01,20.424,75,NA,9,Neutral
NorCal,1939-10-01,34.6144736842105,76,NA,10,Neutral
NorCal,1939-11-01,9.55263157894737,76,NA,11,Neutral
NorCal,1939-12-01,79.7415584415584,77,NA,12,Neutral
NorCal,1940-01-01,264.006578947368,76,NA,1,Neutral
NorCal,1940-02-01,271.048051948052,77,NA,2,Neutral
NorCal,1940-03-01,155.334615384615,78,NA,3,Neutral
NorCal,1940-04-01,29.7397435897436,78,NA,4,Neutral
NorCal,1940-05-01,24.8217948717949,78,NA,5,Neutral
NorCal,1940-06-01,3.2051948051948,77,NA,6,Neutral
NorCal,1940-07-01,0.154166666666667,72,NA,7,Neutral
NorCal,1940-08-01,0.444594594594595,74,NA,8,Neutral
NorCal,1940-09-01,15.6307692307692,78,NA,9,Neutral
NorCal,1940-10-01,51.2205128205128,78,NA,10,Neutral
NorCal,1940-11-01,53.9142857142857,77,NA,11,Neutral
NorCal,1940-12-01,274.94358974359,78,NA,12,Neutral
NorCal,1941-01-01,197.556962025316,79,NA,1,Neutral
NorCal,1941-02-01,204.235443037975,79,NA,2,Neutral
NorCal,1941-03-01,111.818987341772,79,NA,3,Neutral
NorCal,1941-04-01,115.716666666667,78,NA,4,Neutral
NorCal,1941-05-01,44.3333333333333,78,NA,5,Neutral
NorCal,1941-06-01,12.6833333333333,78,NA,6,Neutral
NorCal,1941-07-01,3.77066666666667,75,NA,7,Neutral
NorCal,1941-08-01,2.99113924050633,79,NA,8,Neutral
NorCal,1941-09-01,4.83116883116883,77,NA,9,Neutral
NorCal,1941-10-01,33.96875,80,NA,10,Neutral
NorCal,1941-11-01,66.3222222222222,81,NA,11,Neutral
NorCal,1941-12-01,262.848192771084,83,NA,12,Neutral
NorCal,1942-01-01,150.096428571429,84,NA,1,Neutral
NorCal,1942-02-01,143.938095238095,84,NA,2,Neutral
NorCal,1942-03-01,59.9819277108434,83,NA,3,Neutral
NorCal,1942-04-01,129.757831325301,83,NA,4,Neutral
NorCal,1942-05-01,70.9619047619048,84,NA,5,Neutral
NorCal,1942-06-01,2.48674698795181,83,NA,6,Neutral
NorCal,1942-07-01,0.181012658227848,79,NA,7,Neutral
NorCal,1942-08-01,0.850617283950618,81,NA,8,Neutral
NorCal,1942-09-01,2.30602409638554,83,NA,9,Neutral
NorCal,1942-10-01,15.3878048780488,82,NA,10,Neutral
NorCal,1942-11-01,149.872289156627,83,NA,11,Neutral
NorCal,1942-12-01,125.105952380952,84,NA,12,Neutral
NorCal,1943-01-01,225.405813953488,86,NA,1,Neutral
NorCal,1943-02-01,70.4070588235294,85,NA,2,Neutral
NorCal,1943-03-01,145.895294117647,85,NA,3,Neutral
NorCal,1943-04-01,60.7583333333333,84,NA,4,Neutral
NorCal,1943-05-01,14.4141176470588,85,NA,5,Neutral
NorCal,1943-06-01,19.0654761904762,84,NA,6,Neutral
NorCal,1943-07-01,1.9702380952381,84,NA,7,Neutral
NorCal,1943-08-01,0.203529411764706,85,NA,8,Neutral
NorCal,1943-09-01,0.48433734939759,83,NA,9,Neutral
NorCal,1943-10-01,36.5840909090909,88,NA,10,Neutral
NorCal,1943-11-01,34.9455555555556,90,NA,11,Neutral
NorCal,1943-12-01,58.3641304347826,92,NA,12,Neutral
NorCal,1944-01-01,108.574725274725,91,NA,1,Neutral
NorCal,1944-02-01,157.463736263736,91,NA,2,Neutral
NorCal,1944-03-01,52.9758241758242,91,NA,3,Neutral
NorCal,1944-04-01,65.8782608695652,92,NA,4,Neutral
NorCal,1944-05-01,28.0417582417582,91,NA,5,Neutral
NorCal,1944-06-01,20.3450549450549,91,NA,6,Neutral
NorCal,1944-07-01,4.61086956521739,92,NA,7,Neutral
NorCal,1944-08-01,1.16022727272727,88,NA,8,Neutral
NorCal,1944-09-01,3.15777777777778,90,NA,9,Neutral
NorCal,1944-10-01,47.1344444444444,90,NA,10,Neutral
NorCal,1944-11-01,157.538043478261,92,NA,11,Neutral
NorCal,1944-12-01,94.2637362637363,91,NA,12,Neutral
NorCal,1945-01-01,41.5315217391304,92,NA,1,Neutral
NorCal,1945-02-01,167.14623655914,93,NA,2,Neutral
NorCal,1945-03-01,119.449462365591,93,NA,3,Neutral
NorCal,1945-04-01,17.4902173913043,92,NA,4,Neutral
NorCal,1945-05-01,52.1478260869565,92,NA,5,Neutral
NorCal,1945-06-01,14.7141304347826,92,NA,6,Neutral
NorCal,1945-07-01,1.27472527472527,91,NA,7,Neutral
NorCal,1945-08-01,1.09891304347826,92,NA,8,Neutral
NorCal,1945-09-01,3.19042553191489,94,NA,9,Neutral
NorCal,1945-10-01,101.731182795699,93,NA,10,Neutral
NorCal,1945-11-01,120.309473684211,95,NA,11,Neutral
NorCal,1945-12-01,241.862105263158,95,NA,12,Neutral
NorCal,1946-01-01,51.3452631578947,95,NA,1,Neutral
NorCal,1946-02-01,72.2442105263158,95,NA,2,Neutral
NorCal,1946-03-01,86.0105263157895,95,NA,3,Neutral
NorCal,1946-04-01,9.01612903225806,93,NA,4,Neutral
NorCal,1946-05-01,20.6741935483871,93,NA,5,Neutral
NorCal,1946-06-01,1.80645161290323,93,NA,6,Neutral
NorCal,1946-07-01,6.90860215053763,93,NA,7,Neutral
NorCal,1946-08-01,0.196739130434783,92,NA,8,Neutral
NorCal,1946-09-01,6.09574468085106,94,NA,9,Neutral
NorCal,1946-10-01,27.6946808510638,94,NA,10,Neutral
NorCal,1946-11-01,132.541489361702,94,NA,11,Neutral
NorCal,1946-12-01,83.2084210526316,95,NA,12,Neutral
NorCal,1947-01-01,31.758947368421,95,NA,1,Neutral
NorCal,1947-02-01,75.6294736842105,95,NA,2,Neutral
NorCal,1947-03-01,116.025,96,NA,3,Neutral
NorCal,1947-04-01,24.2463157894737,95,NA,4,Neutral
NorCal,1947-05-01,16.3885416666667,96,NA,5,Neutral
NorCal,1947-06-01,31.7105263157895,95,NA,6,Neutral
NorCal,1947-07-01,2.4010989010989,91,NA,7,Neutral
NorCal,1947-08-01,2.47473684210526,95,NA,8,Neutral
NorCal,1947-09-01,2.65164835164835,91,NA,9,Neutral
NorCal,1947-10-01,113.96,95,NA,10,Neutral
NorCal,1947-11-01,32.2042553191489,94,NA,11,Neutral
NorCal,1947-12-01,33.9744680851064,94,NA,12,Neutral
NorCal,1948-01-01,80.6010416666667,96,NA,1,Neutral
NorCal,1948-02-01,62.0291666666667,96,NA,2,Neutral
NorCal,1948-03-01,130.957731958763,97,NA,3,Neutral
NorCal,1948-04-01,167.465656565657,99,NA,4,Neutral
NorCal,1948-05-01,48.8051020408163,98,NA,5,Neutral
NorCal,1948-06-01,18.1073684210526,95,NA,6,Neutral
NorCal,1948-07-01,2.19357798165138,109,NA,7,Neutral
NorCal,1948-08-01,2.75909090909091,110,NA,8,Neutral
NorCal,1948-09-01,9.5605504587156,109,NA,9,Neutral
NorCal,1948-10-01,20.7566371681416,113,NA,10,Neutral
NorCal,1948-11-01,43.7912280701754,114,NA,11,Neutral
NorCal,1948-12-01,126.462280701754,114,NA,12,Neutral
NorCal,1949-01-01,42.882905982906,117,NA,1,Neutral
NorCal,1949-02-01,88.2974137931034,116,NA,2,Neutral
NorCal,1949-03-01,164.537931034483,116,NA,3,Neutral
NorCal,1949-04-01,4.95470085470085,117,NA,4,Neutral
NorCal,1949-05-01,34.1367521367521,117,NA,5,Neutral
NorCal,1949-06-01,2.225,116,NA,6,Neutral
NorCal,1949-07-01,0.656034482758621,116,NA,7,Neutral
NorCal,1949-08-01,3.06495726495726,117,NA,8,Neutral
NorCal,1949-09-01,2.31610169491525,118,NA,9,Neutral
NorCal,1949-10-01,6.92166666666667,120,NA,10,Neutral
NorCal,1949-11-01,57.236974789916,119,NA,11,Neutral
NorCal,1949-12-01,53.6834710743802,121,NA,12,Neutral
NorCal,1950-01-01,207.286666666667,120,NA,1,Neutral
NorCal,1950-02-01,95.1916666666667,120,-1.34,2,LaNina
NorCal,1950-03-01,96.4033333333333,120,-1.17,3,LaNina
NorCal,1950-04-01,47.1775,120,-1.18,4,LaNina
NorCal,1950-05-01,24.11,120,-1.07,5,LaNina
NorCal,1950-06-01,10.0084033613445,119,-0.85,6,LaNina
NorCal,1950-07-01,0.865546218487395,119,-0.53,7,LaNina
NorCal,1950-08-01,1.1771186440678,118,-0.42,8,Neutral
NorCal,1950-09-01,10.9435897435897,117,-0.38,9,Neutral
NorCal,1950-10-01,125.537931034483,116,-0.44,10,Neutral
NorCal,1950-11-01,174.18220338983,118,-0.6,11,LaNina
NorCal,1950-12-01,164.049180327869,122,-0.8,12,LaNina
NorCal,1951-01-01,139.072131147541,122,-0.82,1,LaNina
NorCal,1951-02-01,85.899173553719,121,-0.54,2,LaNina
NorCal,1951-03-01,47.8157024793388,121,-0.17,3,Neutral
NorCal,1951-04-01,37.8074380165289,121,0.18,4,Neutral
NorCal,1951-05-01,34.2532786885246,122,0.36,5,Neutral
NorCal,1951-06-01,1.37190082644628,121,0.59,6,ElNino
NorCal,1951-07-01,0.177868852459016,122,0.7,7,ElNino
NorCal,1951-08-01,2.59754098360656,122,0.89,8,ElNino
NorCal,1951-09-01,2.56065573770492,122,0.99,9,ElNino
NorCal,1951-10-01,65.9637931034483,116,1.15,10,ElNino
NorCal,1951-11-01,120.760169491525,118,1.04,11,ElNino
NorCal,1951-12-01,224.45811965812,117,0.81,12,ElNino
NorCal,1952-01-01,237.16779661017,118,0.53,1,ElNino
NorCal,1952-02-01,94.4279661016949,118,0.37,2,Neutral
NorCal,1952-03-01,129.900847457627,118,0.34,3,Neutral
NorCal,1952-04-01,36.5225,120,0.3,4,Neutral
NorCal,1952-05-01,16.8325,120,0.21,5,Neutral
NorCal,1952-06-01,23.4825,120,0,6,Neutral
NorCal,1952-07-01,6.86333333333333,120,-0.08,7,Neutral
NorCal,1952-08-01,0.616806722689076,119,0,8,Neutral
NorCal,1952-09-01,8.03193277310924,119,0.15,9,Neutral
NorCal,1952-10-01,3.64285714285714,119,0.11,10,Neutral
NorCal,1952-11-01,62.5483050847458,118,0.05,11,Neutral
NorCal,1952-12-01,246.039830508475,118,0.15,12,Neutral
NorCal,1953-01-01,167.646610169492,118,0.4,1,Neutral
NorCal,1953-02-01,12.3703389830508,118,0.6,2,ElNino
NorCal,1953-03-01,83.301724137931,116,0.62,3,ElNino
NorCal,1953-04-01,84.5478991596639,119,0.66,4,ElNino
NorCal,1953-05-01,48.6226890756302,119,0.75,5,ElNino
NorCal,1953-06-01,21.0310924369748,119,0.77,6,ElNino
NorCal,1953-07-01,0.636440677966102,118,0.74,7,ElNino
NorCal,1953-08-01,6.68487394957983,119,0.73,8,ElNino
NorCal,1953-09-01,1.04789915966387,119,0.78,9,ElNino
NorCal,1953-10-01,28.2773109243697,119,0.84,10,ElNino
NorCal,1953-11-01,100.295798319328,119,0.84,11,ElNino
NorCal,1953-12-01,38.6235294117647,119,0.82,12,ElNino
NorCal,1954-01-01,162.579831932773,119,0.76,1,ElNino
NorCal,1954-02-01,100.843697478992,119,0.47,2,Neutral
NorCal,1954-03-01,129.230508474576,118,-0.05,3,Neutral
NorCal,1954-04-01,67.053781512605,119,-0.41,4,Neutral
NorCal,1954-05-01,4.67226890756303,119,-0.54,5,LaNina
NorCal,1954-06-01,23.4371900826446,121,-0.5,6,LaNina
NorCal,1954-07-01,0.392561983471075,121,-0.64,7,LaNina
NorCal,1954-08-01,13.6818181818182,121,-0.84,8,LaNina
NorCal,1954-09-01,4.15371900826446,121,-0.9,9,LaNina
NorCal,1954-10-01,9.87622950819672,122,-0.77,10,LaNina
NorCal,1954-11-01,95.8479338842975,121,-0.73,11,LaNina
NorCal,1954-12-01,138.148360655738,122,-0.66,12,LaNina
NorCal,1955-01-01,100.987603305785,121,-0.68,1,LaNina
NorCal,1955-02-01,48.0508196721311,122,-0.62,2,LaNina
NorCal,1955-03-01,23.5495867768595,121,-0.69,3,LaNina
NorCal,1955-04-01,84.5049180327869,122,-0.8,4,LaNina
NorCal,1955-05-01,15.4147540983607,122,-0.79,5,LaNina
NorCal,1955-06-01,2.86446280991736,121,-0.72,6,LaNina
NorCal,1955-07-01,1.70245901639344,122,-0.68,7,LaNina
NorCal,1955-08-01,0.215447154471545,123,-0.75,8,LaNina
NorCal,1955-09-01,12.0024390243902,123,-1.09,9,LaNina
NorCal,1955-10-01,12.8733870967742,124,-1.43,10,LaNina
NorCal,1955-11-01,88.9176,125,-1.67,11,LaNina
NorCal,1955-12-01,417.2248,125,-1.47,12,LaNina
NorCal,1956-01-01,238.706451612903,124,-1.11,1,LaNina
NorCal,1956-02-01,114.85564516129,124,-0.76,2,LaNina
NorCal,1956-03-01,12.2393442622951,122,-0.63,3,LaNina
NorCal,1956-04-01,50.2390243902439,123,-0.53,4,LaNina
NorCal,1956-05-01,48.3072,125,-0.51,5,LaNina
NorCal,1956-06-01,6.0168,125,-0.51,6,LaNina
NorCal,1956-07-01,3.025,124,-0.57,7,LaNina
NorCal,1956-08-01,0.664516129032258,124,-0.55,8,LaNina
NorCal,1956-09-01,10.1512195121951,123,-0.46,9,Neutral
NorCal,1956-10-01,78.2741935483871,124,-0.42,10,Neutral
NorCal,1956-11-01,3.58790322580645,124,-0.43,11,Neutral
NorCal,1956-12-01,27.0798387096774,124,-0.43,12,Neutral
NorCal,1957-01-01,101.172,125,-0.25,1,Neutral
NorCal,1957-02-01,132.199193548387,124,0.06,2,Neutral
NorCal,1957-03-01,99.5056451612903,124,0.41,3,Neutral
NorCal,1957-04-01,51.4896,125,0.72,4,ElNino
NorCal,1957-05-01,92.0024,125,0.92,5,ElNino
NorCal,1957-06-01,3.65725806451613,124,1.11,6,ElNino
NorCal,1957-07-01,1.06393442622951,122,1.25,7,ElNino
NorCal,1957-08-01,0.119834710743802,121,1.32,8,ElNino
NorCal,1957-09-01,37.7736,125,1.33,9,ElNino
NorCal,1957-10-01,84.0416,125,1.39,10,ElNino
NorCal,1957-11-01,46.9427419354839,124,1.53,11,ElNino
NorCal,1957-12-01,120.804098360656,122,1.74,12,ElNino
NorCal,1958-01-01,149.975806451613,124,1.8,1,ElNino
NorCal,1958-02-01,259.0128,125,1.65,2,ElNino
NorCal,1958-03-01,178.64,125,1.26,3,ElNino
NorCal,1958-04-01,123.308,125,0.93,4,ElNino
NorCal,1958-05-01,24.7170731707317,123,0.74,5,ElNino
NorCal,1958-06-01,29.2392,125,0.64,6,ElNino
NorCal,1958-07-01,9.19516129032258,124,0.57,7,ElNino
NorCal,1958-08-01,3.58650793650793,126,0.43,8,Neutral
NorCal,1958-09-01,12.1144,125,0.39,9,Neutral
NorCal,1958-10-01,7.82380952380952,126,0.44,10,Neutral
NorCal,1958-11-01,24.8444444444444,126,0.5,11,ElNino
NorCal,1958-12-01,39.9913385826772,127,0.61,12,ElNino
NorCal,1959-01-01,167.66875,128,0.62,1,ElNino
NorCal,1959-02-01,156.514960629921,127,0.62,2,ElNino
NorCal,1959-03-01,31.42578125,128,0.52,3,ElNino
NorCal,1959-04-01,19.69609375,128,0.33,4,Neutral
NorCal,1959-05-01,13.0190476190476,126,0.2,5,Neutral
NorCal,1959-06-01,1.3031746031746,126,-0.07,6,Neutral
NorCal,1959-07-01,0.631496062992126,127,-0.18,7,Neutral
NorCal,1959-08-01,2.81496062992126,127,-0.28,8,Neutral
NorCal,1959-09-01,63.434126984127,126,-0.09,9,Neutral
NorCal,1959-10-01,3.10078125,128,-0.03,10,Neutral
NorCal,1959-11-01,0.83671875,128,0.05,11,Neutral
NorCal,1959-12-01,40.13671875,128,-0.04,12,Neutral
NorCal,1960-01-01,131.498449612403,129,-0.1,1,Neutral
NorCal,1960-02-01,167.264341085271,129,-0.1,2,Neutral
NorCal,1960-03-01,101.877519379845,129,-0.07,3,Neutral
NorCal,1960-04-01,44.0215384615385,130,0.03,4,Neutral
NorCal,1960-05-01,32.7569230769231,130,0.02,5,Neutral
NorCal,1960-06-01,0.65,130,0.03,6,Neutral
NorCal,1960-07-01,1.94031007751938,129,0.12,7,Neutral
NorCal,1960-08-01,0.316153846153846,130,0.24,8,Neutral
NorCal,1960-09-01,2.64615384615385,130,0.27,9,Neutral
NorCal,1960-10-01,14.8315384615385,130,0.2,10,Neutral
NorCal,1960-11-01,133.633846153846,130,0.12,11,Neutral
NorCal,1960-12-01,72.7860465116279,129,0.05,12,Neutral
NorCal,1961-01-01,75.1410852713178,129,0.03,1,Neutral
NorCal,1961-02-01,74.0707692307692,130,0.03,2,Neutral
NorCal,1961-03-01,106.088461538462,130,0.04,3,Neutral
NorCal,1961-04-01,34.2351145038168,131,0.09,4,Neutral
NorCal,1961-05-01,32.7954198473282,131,0.23,5,Neutral
NorCal,1961-06-01,7.81679389312977,131,0.27,6,Neutral
NorCal,1961-07-01,1.23409090909091,132,0.14,7,Neutral
NorCal,1961-08-01,6.17878787878788,132,-0.13,8,Neutral
NorCal,1961-09-01,9.23636363636364,132,-0.29,9,Neutral
NorCal,1961-10-01,18.8560606060606,132,-0.26,10,Neutral
NorCal,1961-11-01,96.7613636363636,132,-0.18,11,Neutral
NorCal,1961-12-01,78.8954545454545,132,-0.16,12,Neutral
NorCal,1962-01-01,54.5870229007634,131,-0.24,1,Neutral
NorCal,1962-02-01,255.093939393939,132,-0.22,2,Neutral
NorCal,1962-03-01,95.6393939393939,132,-0.2,3,Neutral
NorCal,1962-04-01,18.0825757575758,132,-0.26,4,Neutral
NorCal,1962-05-01,16.7189393939394,132,-0.27,5,Neutral
NorCal,1962-06-01,2.58787878787879,132,-0.19,6,Neutral
NorCal,1962-07-01,1.20909090909091,132,-0.04,7,Neutral
NorCal,1962-08-01,6.9381679389313,131,-0.07,8,Neutral
NorCal,1962-09-01,7.76287878787879,132,-0.11,9,Neutral
NorCal,1962-10-01,196.463909774436,133,-0.22,10,Neutral
NorCal,1962-11-01,39.4568181818182,132,-0.3,11,Neutral
NorCal,1962-12-01,86.2636363636364,132,-0.43,12,Neutral
NorCal,1963-01-01,112.30977443609,133,-0.4,1,Neutral
NorCal,1963-02-01,109.634848484848,132,-0.16,2,Neutral
NorCal,1963-03-01,119.972180451128,133,0.15,3,Neutral
NorCal,1963-04-01,153.712213740458,131,0.27,4,Neutral
NorCal,1963-05-01,36.8757575757576,132,0.31,5,Neutral
NorCal,1963-06-01,11.7583333333333,132,0.52,6,ElNino
NorCal,1963-07-01,0.373282442748092,131,0.86,7,ElNino
NorCal,1963-08-01,1.4406015037594,133,1.14,8,ElNino
NorCal,1963-09-01,9.99701492537313,134,1.22,9,ElNino
NorCal,1963-10-01,57.2351145038168,131,1.29,10,ElNino
NorCal,1963-11-01,158.668939393939,132,1.37,11,ElNino
NorCal,1963-12-01,20.6368421052632,133,1.31,12,ElNino
NorCal,1964-01-01,123.067669172932,133,1.07,1,ElNino
NorCal,1964-02-01,8.31136363636364,132,0.61,2,ElNino
NorCal,1964-03-01,60.618045112782,133,0.12,3,Neutral
NorCal,1964-04-01,18.0288888888889,135,-0.33,4,Neutral
NorCal,1964-05-01,30.7714285714286,133,-0.58,5,LaNina
NorCal,1964-06-01,24.197037037037,135,-0.58,6,LaNina
NorCal,1964-07-01,2.40227272727273,132,-0.6,7,LaNina
NorCal,1964-08-01,2.63358208955224,134,-0.66,8,LaNina
NorCal,1964-09-01,4.23432835820895,134,-0.76,9,LaNina
NorCal,1964-10-01,40.3266666666667,135,-0.8,10,LaNina
NorCal,1964-11-01,131.354135338346,133,-0.82,11,LaNina
NorCal,1964-12-01,297.099259259259,135,-0.78,12,LaNina
NorCal,1965-01-01,144.471111111111,135,-0.59,1,LaNina
NorCal,1965-02-01,27.5792592592593,135,-0.28,2,Neutral
NorCal,1965-03-01,44.8540740740741,135,-0.07,3,Neutral
NorCal,1965-04-01,108.455555555556,135,0.18,4,Neutral
NorCal,1965-05-01,5.51044776119403,134,0.46,5,Neutral
NorCal,1965-06-01,9.12985074626866,134,0.83,6,ElNino
NorCal,1965-07-01,3.67703703703704,135,1.22,7,ElNino
NorCal,1965-08-01,25.0378787878788,132,1.55,8,ElNino
NorCal,1965-09-01,3.08106060606061,132,1.85,9,ElNino
NorCal,1965-10-01,6.32985074626866,134,1.98,10,ElNino
NorCal,1965-11-01,174.85037037037,135,1.97,11,ElNino
NorCal,1965-12-01,100.737313432836,134,1.72,12,ElNino
NorCal,1966-01-01,106.656296296296,135,1.37,1,ElNino
NorCal,1966-02-01,70.1669172932331,133,1.17,2,ElNino
NorCal,1966-03-01,37.1288888888889,135,0.98,3,ElNino
NorCal,1966-04-01,27.1755555555556,135,0.66,4,ElNino
NorCal,1966-05-01,8.11969696969697,132,0.36,5,Neutral
NorCal,1966-06-01,3.93407407407407,135,0.24,6,Neutral
NorCal,1966-07-01,2.51481481481481,135,0.24,7,Neutral
NorCal,1966-08-01,2.79481481481481,135,0.12,8,Neutral
NorCal,1966-09-01,5.76194029850746,134,-0.05,9,Neutral
NorCal,1966-10-01,1.88382352941177,136,-0.1,10,Neutral
NorCal,1966-11-01,175.130147058824,136,-0.18,11,Neutral
NorCal,1966-12-01,152.942222222222,135,-0.3,12,Neutral
NorCal,1967-01-01,231.594852941176,136,-0.41,1,Neutral
NorCal,1967-02-01,14.0822222222222,135,-0.48,2,Neutral
NorCal,1967-03-01,154.511851851852,135,-0.54,3,LaNina
NorCal,1967-04-01,147.355882352941,136,-0.45,4,Neutral
NorCal,1967-05-01,18.3720588235294,136,-0.24,5,Neutral
NorCal,1967-06-01,33.3485294117647,136,0,6,Neutral
NorCal,1967-07-01,1.3875,136,0.05,7,Neutral
NorCal,1967-08-01,2.15588235294118,136,-0.15,8,Neutral
NorCal,1967-09-01,7.25882352941177,136,-0.29,9,Neutral
NorCal,1967-10-01,25.3022058823529,136,-0.38,10,Neutral
NorCal,1967-11-01,63.1566176470588,136,-0.34,11,Neutral
NorCal,1967-12-01,87.7125925925926,135,-0.44,12,Neutral
NorCal,1968-01-01,144.855555555556,135,-0.63,1,LaNina
NorCal,1968-02-01,96.6492647058824,136,-0.73,2,LaNina
NorCal,1968-03-01,76.8867647058824,136,-0.61,3,LaNina
NorCal,1968-04-01,12.7889705882353,136,-0.44,4,Neutral
NorCal,1968-05-01,20.4845588235294,136,-0.04,5,Neutral
NorCal,1968-06-01,6.48345864661654,133,0.28,6,Neutral
NorCal,1968-07-01,1.47647058823529,136,0.57,7,ElNino
NorCal,1968-08-01,22.8067164179104,134,0.53,8,ElNino
NorCal,1968-09-01,2.05864661654135,133,0.45,9,Neutral
NorCal,1968-10-01,48.9368421052632,133,0.55,10,ElNino
NorCal,1968-11-01,98.748905109489,137,0.74,11,ElNino
NorCal,1968-12-01,167.532846715328,137,0.98,12,ElNino
NorCal,1969-01-01,322.513868613139,137,1.13,1,ElNino
NorCal,1969-02-01,217.819565217391,138,1.09,2,ElNino
NorCal,1969-03-01,43.7630434782609,138,0.95,3,ElNino
NorCal,1969-04-01,61.145652173913,138,0.77,4,ElNino
NorCal,1969-05-01,4.68695652173913,138,0.61,5,ElNino
NorCal,1969-06-01,17.0978260869565,138,0.43,6,Neutral
NorCal,1969-07-01,1.90217391304348,138,0.36,7,Neutral
NorCal,1969-08-01,0.160869565217391,138,0.52,8,ElNino
NorCal,1969-09-01,3.72753623188406,138,0.79,9,ElNino
NorCal,1969-10-01,54.1416058394161,137,0.86,10,ElNino
NorCal,1969-11-01,38.7079136690647,139,0.81,11,ElNino
NorCal,1969-12-01,198.198550724638,138,0.63,12,ElNino
NorCal,1970-01-01,315.795683453237,139,0.52,1,ElNino
NorCal,1970-02-01,62.1237410071942,139,0.34,2,Neutral
NorCal,1970-03-01,67.725,140,0.29,3,Neutral
NorCal,1970-04-01,21.1164285714286,140,0.19,4,Neutral
NorCal,1970-05-01,5.9410071942446,139,0.04,5,Neutral
NorCal,1970-06-01,21.2692857142857,140,-0.3,6,Neutral
NorCal,1970-07-01,1.09857142857143,140,-0.63,7,LaNina
NorCal,1970-08-01,0.272262773722628,137,-0.76,8,LaNina
NorCal,1970-09-01,1.13649635036496,137,-0.77,9,LaNina
NorCal,1970-10-01,37.5120567375887,141,-0.74,10,LaNina
NorCal,1970-11-01,214.491489361702,141,-0.86,11,LaNina
NorCal,1970-12-01,196.903571428571,140,-1.15,12,LaNina
NorCal,1971-01-01,75.965,140,-1.36,1,LaNina
NorCal,1971-02-01,19.0078571428571,140,-1.38,2,LaNina
NorCal,1971-03-01,110.792857142857,140,-1.12,3,LaNina
NorCal,1971-04-01,35.1878571428571,140,-0.85,4,LaNina
NorCal,1971-05-01,39.2065693430657,137,-0.73,5,LaNina
NorCal,1971-06-01,13.7669064748201,139,-0.74,6,LaNina
NorCal,1971-07-01,2.05571428571428,140,-0.8,7,LaNina
NorCal,1971-08-01,2.46,140,-0.77,8,LaNina
NorCal,1971-09-01,15.3221428571429,140,-0.82,9,LaNina
NorCal,1971-10-01,11.6135714285714,140,-0.85,10,LaNina
NorCal,1971-11-01,71.5285714285714,140,-0.96,11,LaNina
NorCal,1971-12-01,144.322142857143,140,-0.9,12,LaNina
NorCal,1972-01-01,61.3114285714286,140,-0.7,1,LaNina
NorCal,1972-02-01,65.68,140,-0.35,2,Neutral
NorCal,1972-03-01,33.5546762589928,139,0.06,3,Neutral
NorCal,1972-04-01,53.9374100719424,139,0.41,4,Neutral
NorCal,1972-05-01,13.5557971014493,138,0.67,5,ElNino
NorCal,1972-06-01,9.83357142857143,140,0.92,6,ElNino
NorCal,1972-07-01,0.404347826086956,138,1.13,7,ElNino
NorCal,1972-08-01,2.17625899280576,139,1.37,8,ElNino
NorCal,1972-09-01,26.4478260869565,138,1.58,9,ElNino
NorCal,1972-10-01,65.4065217391304,138,1.84,10,ElNino
NorCal,1972-11-01,147.757664233577,137,2.09,11,ElNino
NorCal,1972-12-01,95.7905797101449,138,2.12,12,ElNino
NorCal,1973-01-01,238.337037037037,135,1.85,1,ElNino
NorCal,1973-02-01,171.208088235294,136,1.25,2,ElNino
NorCal,1973-03-01,94.7984962406015,133,0.55,3,ElNino
NorCal,1973-04-01,10.5413043478261,138,-0.1,4,Neutral
NorCal,1973-05-01,10.9305970149254,134,-0.54,5,LaNina
NorCal,1973-06-01,1.80222222222222,135,-0.87,6,LaNina
NorCal,1973-07-01,1.1625,136,-1.11,7,LaNina
NorCal,1973-08-01,2.29057971014493,138,-1.28,8,LaNina
NorCal,1973-09-01,17.7485074626866,134,-1.45,9,LaNina
NorCal,1973-10-01,66.6029850746269,134,-1.71,10,LaNina
NorCal,1973-11-01,252.275,136,-1.95,11,LaNina
NorCal,1973-12-01,150.345925925926,135,-2.03,12,LaNina
NorCal,1974-01-01,153.469285714286,140,-1.84,1,LaNina
NorCal,1974-02-01,58.4092857142857,140,-1.55,2,LaNina
NorCal,1974-03-01,188.809285714286,140,-1.23,3,LaNina
NorCal,1974-04-01,67.405035971223,139,-1.03,4,LaNina
NorCal,1974-05-01,3.56569343065693,137,-0.91,5,LaNina
NorCal,1974-06-01,4.97518248175182,137,-0.77,6,LaNina
NorCal,1974-07-01,32.6702898550725,138,-0.54,7,LaNina
NorCal,1974-08-01,2.79640287769784,139,-0.37,8,Neutral
NorCal,1974-09-01,0.0371428571428572,140,-0.41,9,Neutral
NorCal,1974-10-01,41.9425531914894,141,-0.61,10,LaNina
NorCal,1974-11-01,36.4142857142857,140,-0.75,11,LaNina
NorCal,1974-12-01,96.3934782608696,138,-0.64,12,LaNina
NorCal,1975-01-01,58.0414285714286,140,-0.54,1,LaNina
NorCal,1975-02-01,195.773571428571,140,-0.57,2,LaNina
NorCal,1975-03-01,184.046428571429,140,-0.66,3,LaNina
NorCal,1975-04-01,62.5292857142857,140,-0.73,4,LaNina
NorCal,1975-05-01,6.63285714285714,140,-0.83,5,LaNina
NorCal,1975-06-01,6.27571428571429,140,-0.98,6,LaNina
NorCal,1975-07-01,5.18920863309352,139,-1.13,7,LaNina
NorCal,1975-08-01,15.4421428571429,140,-1.2,8,LaNina
NorCal,1975-09-01,3.46762589928058,139,-1.37,9,LaNina
NorCal,1975-10-01,98.0195652173913,138,-1.43,10,LaNina
NorCal,1975-11-01,36.1330935251799,139,-1.55,11,LaNina
NorCal,1975-12-01,31.3107142857143,140,-1.65,12,LaNina
NorCal,1976-01-01,14.169014084507,142,-1.55,1,LaNina
NorCal,1976-02-01,80.6751773049645,141,-1.17,2,LaNina
NorCal,1976-03-01,41.7567375886525,141,-0.73,3,LaNina
NorCal,1976-04-01,44.5394366197183,142,-0.47,4,Neutral
NorCal,1976-05-01,3.18723404255319,141,-0.28,5,Neutral
NorCal,1976-06-01,4.16214285714286,140,-0.05,6,Neutral
NorCal,1976-07-01,4.17163120567376,141,0.18,7,Neutral
NorCal,1976-08-01,37.0049295774648,142,0.35,8,Neutral
NorCal,1976-09-01,29.8244604316547,139,0.62,9,ElNino
NorCal,1976-10-01,12.0714285714286,140,0.81,10,ElNino
NorCal,1976-11-01,28.8382978723404,141,0.86,11,ElNino
NorCal,1976-12-01,20.8971428571429,140,0.85,12,ElNino
NorCal,1977-01-01,48.331914893617,141,0.71,1,ElNino
NorCal,1977-02-01,39.1542253521127,142,0.64,2,ElNino
NorCal,1977-03-01,50.1609929078014,141,0.34,3,Neutral
NorCal,1977-04-01,8.21811594202899,138,0.23,4,Neutral
NorCal,1977-05-01,54.2106382978723,141,0.21,5,Neutral
NorCal,1977-06-01,8.4695652173913,138,0.34,6,Neutral
NorCal,1977-07-01,1.675,136,0.35,7,Neutral
NorCal,1977-08-01,4.64057971014493,138,0.42,8,Neutral
NorCal,1977-09-01,36.8753623188406,138,0.57,9,ElNino
NorCal,1977-10-01,13.797037037037,135,0.73,10,ElNino
NorCal,1977-11-01,89.4189393939394,132,0.81,11,ElNino
NorCal,1977-12-01,172.613533834586,133,0.79,12,ElNino
NorCal,1978-01-01,265.783969465649,131,0.69,1,ElNino
NorCal,1978-02-01,148.74776119403,134,0.42,2,Neutral
NorCal,1978-03-01,158.373684210526,133,0.06,3,Neutral
NorCal,1978-04-01,118.36204379562,137,-0.18,4,Neutral
NorCal,1978-05-01,9.01555555555555,135,-0.31,5,Neutral
NorCal,1978-06-01,5.27867647058823,136,-0.29,6,Neutral
NorCal,1978-07-01,1.9726618705036,139,-0.36,7,Neutral
NorCal,1978-08-01,3.44296296296296,135,-0.42,8,Neutral
NorCal,1978-09-01,44.9514492753623,138,-0.42,9,Neutral
NorCal,1978-10-01,1.2986301369863,146,-0.29,10,Neutral
NorCal,1978-11-01,61.051048951049,143,-0.09,11,Neutral
NorCal,1978-12-01,37.9118055555556,144,0,12,Neutral
NorCal,1979-01-01,163.875862068966,145,0.03,1,Neutral
NorCal,1979-02-01,172.914583333333,144,0.07,2,Neutral
NorCal,1979-03-01,95.4205479452055,146,0.2,3,Neutral
NorCal,1979-04-01,44.6132867132867,143,0.28,4,Neutral
NorCal,1979-05-01,29.0820143884892,139,0.23,5,Neutral
NorCal,1979-06-01,1.4021897810219,137,0.05,6,Neutral
NorCal,1979-07-01,5.7387323943662,142,0.04,7,Neutral
NorCal,1979-08-01,7.70212765957447,141,0.17,8,Neutral
NorCal,1979-09-01,4.93448275862069,145,0.33,9,Neutral
NorCal,1979-10-01,88.7055555555556,144,0.45,10,Neutral
NorCal,1979-11-01,90.1344827586207,145,0.52,11,ElNino
NorCal,1979-12-01,129.647260273973,146,0.64,12,ElNino
NorCal,1980-01-01,212.240972222222,144,0.59,1,ElNino
NorCal,1980-02-01,225.803401360544,147,0.46,2,Neutral
NorCal,1980-03-01,72.5394557823129,147,0.34,3,Neutral
NorCal,1980-04-01,47.6731543624161,149,0.38,4,Neutral
NorCal,1980-05-01,28.8342465753425,146,0.48,5,Neutral
NorCal,1980-06-01,11.8381944444444,144,0.46,6,Neutral
NorCal,1980-07-01,8.30935251798561,139,0.25,7,Neutral
NorCal,1980-08-01,0.913986013986014,143,0.03,8,Neutral
NorCal,1980-09-01,9.92323943661972,142,-0.07,9,Neutral
NorCal,1980-10-01,18.1372549019608,153,0.02,10,Neutral
NorCal,1980-11-01,21.6050955414013,157,0.11,11,Neutral
NorCal,1980-12-01,89.7541401273885,157,-0.01,12,Neutral
NorCal,1981-01-01,161.840506329114,158,-0.26,1,Neutral
NorCal,1981-02-01,65.6917197452229,157,-0.5,2,LaNina
NorCal,1981-03-01,125.558598726115,157,-0.47,3,Neutral
NorCal,1981-04-01,29.0358490566038,159,-0.37,4,Neutral
NorCal,1981-05-01,29.4941935483871,155,-0.26,5,Neutral
NorCal,1981-06-01,2.75443037974684,158,-0.29,6,Neutral
NorCal,1981-07-01,0.821656050955414,157,-0.29,7,Neutral
NorCal,1981-08-01,0.446875,160,-0.24,8,Neutral
NorCal,1981-09-01,16.0398734177215,158,-0.16,9,Neutral
NorCal,1981-10-01,94.4779874213836,159,-0.13,10,Neutral
NorCal,1981-11-01,238.177215189873,158,-0.15,11,Neutral
NorCal,1981-12-01,192.023899371069,159,-0.08,12,Neutral
NorCal,1982-01-01,173.912658227848,158,-0.05,1,Neutral
NorCal,1982-02-01,117.493710691824,159,0.07,2,Neutral
NorCal,1982-03-01,209.096855345912,159,0.18,3,Neutral
NorCal,1982-04-01,134.460625,160,0.47,4,Neutral
NorCal,1982-05-01,5.75584415584416,154,0.66,5,ElNino
NorCal,1982-06-01,27.2170886075949,158,0.72,6,ElNino
NorCal,1982-07-01,8.68993710691824,159,0.79,7,ElNino
NorCal,1982-08-01,4.59430379746836,158,1.07,8,ElNino
NorCal,1982-09-01,55.8660377358491,159,1.58,9,ElNino
NorCal,1982-10-01,113.872327044025,159,1.96,10,ElNino
NorCal,1982-11-01,178.331875,160,2.18,11,ElNino
NorCal,1982-12-01,153.969811320755,159,2.23,12,ElNino
NorCal,1983-01-01,192.330625,160,2.18,1,ElNino
NorCal,1983-02-01,229.380745341615,161,1.92,2,ElNino
NorCal,1983-03-01,288.43,160,1.54,3,ElNino
NorCal,1983-04-01,168.988198757764,161,1.29,4,ElNino
NorCal,1983-05-01,20.939375,160,1.06,5,ElNino
NorCal,1983-06-01,10.1904458598726,157,0.72,6,ElNino
NorCal,1983-07-01,3.83105590062112,161,0.32,7,Neutral
NorCal,1983-08-01,22.1586419753086,162,-0.08,8,Neutral
NorCal,1983-09-01,31.9055555555556,162,-0.45,9,Neutral
NorCal,1983-10-01,35.9438271604938,162,-0.81,10,LaNina
NorCal,1983-11-01,255.13950617284,162,-1,11,LaNina
NorCal,1983-12-01,249.72037037037,162,-0.91,12,LaNina
NorCal,1984-01-01,11.8858024691358,162,-0.6,1,LaNina
NorCal,1984-02-01,86.8931677018633,161,-0.42,2,Neutral
NorCal,1984-03-01,66.9900621118012,161,-0.34,3,Neutral
NorCal,1984-04-01,44.22125,160,-0.43,4,Neutral
NorCal,1984-05-01,14.428125,160,-0.51,5,LaNina
NorCal,1984-06-01,19.772049689441,161,-0.44,6,Neutral
NorCal,1984-07-01,6.50740740740741,162,-0.3,7,Neutral
NorCal,1984-08-01,8.70185185185185,162,-0.16,8,Neutral
NorCal,1984-09-01,6.33664596273292,161,-0.24,9,Neutral
NorCal,1984-10-01,66.5012658227848,158,-0.56,10,LaNina
NorCal,1984-11-01,220.550943396226,159,-0.91,11,LaNina
NorCal,1984-12-01,53.3299363057325,157,-1.14,12,LaNina
NorCal,1985-01-01,24.8968152866242,157,-1.04,1,LaNina
NorCal,1985-02-01,70.4417721518987,158,-0.85,2,LaNina
NorCal,1985-03-01,118.081761006289,159,-0.77,3,LaNina
NorCal,1985-04-01,10.7584905660377,159,-0.78,4,LaNina
NorCal,1985-05-01,6.53525641025641,156,-0.78,5,LaNina
NorCal,1985-06-01,7.23782051282051,156,-0.62,6,LaNina
NorCal,1985-07-01,6.83860759493671,158,-0.49,7,Neutral
NorCal,1985-08-01,2.48867924528302,159,-0.46,8,Neutral
NorCal,1985-09-01,37.8136645962733,161,-0.4,9,Neutral
NorCal,1985-10-01,39.7551282051282,156,-0.35,10,Neutral
NorCal,1985-11-01,124.488961038961,154,-0.27,11,Neutral
NorCal,1985-12-01,81.5828025477707,157,-0.36,12,Neutral
NorCal,1986-01-01,138.089240506329,158,-0.49,1,Neutral
NorCal,1986-02-01,360.652866242038,157,-0.47,2,Neutral
NorCal,1986-03-01,159.585443037975,158,-0.31,3,Neutral
NorCal,1986-04-01,30.7592356687898,157,-0.2,4,Neutral
NorCal,1986-05-01,25.4784810126582,158,-0.12,5,Neutral
NorCal,1986-06-01,2.7120253164557,158,-0.04,6,Neutral
NorCal,1986-07-01,3.591875,160,0.22,7,Neutral
NorCal,1986-08-01,0.870967741935485,155,0.44,8,Neutral
NorCal,1986-09-01,60.4677215189873,158,0.71,9,ElNino
NorCal,1986-10-01,13.5700636942675,157,0.94,10,ElNino
NorCal,1986-11-01,15.0429487179487,156,1.14,11,ElNino
NorCal,1986-12-01,41.6258064516129,155,1.22,12,ElNino
NorCal,1987-01-01,97.5585987261147,157,1.23,1,ElNino
NorCal,1987-02-01,112.854193548387,155,1.19,2,ElNino
NorCal,1987-03-01,119.938961038961,154,1.06,3,ElNino
NorCal,1987-04-01,13.5764331210191,157,0.94,4,ElNino
NorCal,1987-05-01,17.9076923076923,156,0.97,5,ElNino
NorCal,1987-06-01,6.72745098039216,153,1.22,6,ElNino
NorCal,1987-07-01,6.84871794871795,156,1.51,7,ElNino
NorCal,1987-08-01,0.662745098039216,153,1.7,8,ElNino
NorCal,1987-09-01,0.906040268456376,149,1.65,9,ElNino
NorCal,1987-10-01,28.8588235294118,153,1.49,10,ElNino
NorCal,1987-11-01,63.4837662337662,154,1.25,11,ElNino
NorCal,1987-12-01,169.12,155,1.11,12,ElNino
NorCal,1988-01-01,130.722580645161,155,0.81,1,ElNino
NorCal,1988-02-01,13.8625806451613,155,0.54,2,ElNino
NorCal,1988-03-01,19.2424836601307,153,0.14,3,Neutral
NorCal,1988-04-01,65.8928104575163,153,-0.31,4,Neutral
NorCal,1988-05-01,35.4341772151899,158,-0.88,5,LaNina
NorCal,1988-06-01,18.0248407643312,157,-1.3,6,LaNina
NorCal,1988-07-01,3.13101265822785,158,-1.29,7,LaNina
NorCal,1988-08-01,2.75886075949367,158,-1.1,8,LaNina
NorCal,1988-09-01,2.72138364779874,159,-1.19,9,LaNina
NorCal,1988-10-01,3.81518987341772,158,-1.48,10,LaNina
NorCal,1988-11-01,163.146202531646,158,-1.8,11,LaNina
NorCal,1988-12-01,103.059375,160,-1.85,12,LaNina
NorCal,1989-01-01,45.796835443038,158,-1.69,1,LaNina
NorCal,1989-02-01,52.7757961783439,157,-1.43,2,LaNina
NorCal,1989-03-01,217.80875,160,-1.08,3,LaNina
NorCal,1989-04-01,32.7859872611465,157,-0.83,4,LaNina
NorCal,1989-05-01,21.551572327044,159,-0.57,5,LaNina
NorCal,1989-06-01,13.0541401273885,157,-0.4,6,Neutral
NorCal,1989-07-01,0.227672955974843,159,-0.31,7,Neutral
NorCal,1989-08-01,10.2006369426752,157,-0.27,8,Neutral
NorCal,1989-09-01,60.061875,160,-0.24,9,Neutral
NorCal,1989-10-01,79.7238993710692,159,-0.22,10,Neutral
NorCal,1989-11-01,47.6949367088608,158,-0.16,11,Neutral
NorCal,1989-12-01,2.943125,160,-0.05,12,Neutral
NorCal,1990-01-01,121.009433962264,159,0.14,1,Neutral
NorCal,1990-02-01,83.021875,160,0.21,2,Neutral
NorCal,1990-03-01,47.253125,160,0.28,3,Neutral
NorCal,1990-04-01,27.57875,160,0.29,4,Neutral
NorCal,1990-05-01,92.6924050632911,158,0.29,5,Neutral
NorCal,1990-06-01,5.40316455696203,158,0.31,6,Neutral
NorCal,1990-07-01,7.07025316455696,158,0.33,7,Neutral
NorCal,1990-08-01,8.39113924050633,158,0.38,8,Neutral
NorCal,1990-09-01,10.2892405063291,158,0.39,9,Neutral
NorCal,1990-10-01,14.8587096774194,155,0.35,10,Neutral
NorCal,1990-11-01,23.5867924528302,159,0.4,11,Neutral
NorCal,1990-12-01,34.5420382165605,157,0.41,12,Neutral
NorCal,1991-01-01,19.7898734177215,158,0.41,1,Neutral
NorCal,1991-02-01,64.2075471698113,159,0.26,2,Neutral
NorCal,1991-03-01,291.840127388535,157,0.22,3,Neutral
NorCal,1991-04-01,28.2630573248408,157,0.26,4,Neutral
NorCal,1991-05-01,33.8544871794872,156,0.46,5,Neutral
NorCal,1991-06-01,15.4275641025641,156,0.64,6,ElNino
NorCal,1991-07-01,6.13924050632911,158,0.73,7,ElNino
NorCal,1991-08-01,7.48037974683544,158,0.64,8,ElNino
NorCal,1991-09-01,4.79554140127388,157,0.62,9,ElNino
NorCal,1991-10-01,56.3910256410256,156,0.79,10,ElNino
NorCal,1991-11-01,40.3109677419355,155,1.21,11,ElNino
NorCal,1991-12-01,67.5738853503185,157,1.53,12,ElNino
NorCal,1992-01-01,51.0783439490446,157,1.71,1,ElNino
NorCal,1992-02-01,180.01847133758,157,1.63,2,ElNino
NorCal,1992-03-01,87.1711538461538,156,1.48,3,ElNino
NorCal,1992-04-01,29.8045454545455,154,1.29,4,ElNino
NorCal,1992-05-01,5.01783439490446,157,1.06,5,ElNino
NorCal,1992-06-01,30.3126582278481,158,0.73,6,ElNino
NorCal,1992-07-01,10.9270967741935,155,0.37,7,Neutral
NorCal,1992-08-01,4.49935483870968,155,0.09,8,Neutral
NorCal,1992-09-01,2.57261146496815,157,-0.13,9,Neutral
NorCal,1992-10-01,73.7196202531645,158,-0.25,10,Neutral
NorCal,1992-11-01,16.4754716981132,159,-0.28,11,Neutral
NorCal,1992-12-01,220.546540880503,159,-0.13,12,Neutral
NorCal,1993-01-01,264.98427672956,159,0.09,1,Neutral
NorCal,1993-02-01,169.345625,160,0.29,2,Neutral
NorCal,1993-03-01,103.754716981132,159,0.5,3,ElNino
NorCal,1993-04-01,45.7388535031847,157,0.67,4,ElNino
NorCal,1993-05-01,50.725786163522,159,0.7,5,ElNino
NorCal,1993-06-01,34.0664556962025,158,0.57,6,ElNino
NorCal,1993-07-01,1.071875,160,0.32,7,Neutral
NorCal,1993-08-01,4.68481012658228,158,0.26,8,Neutral
NorCal,1993-09-01,0.95,156,0.15,9,Neutral
NorCal,1993-10-01,32.924375,160,0.11,10,Neutral
NorCal,1993-11-01,51.603164556962,158,0.04,11,Neutral
NorCal,1993-12-01,87.7789808917197,157,0.06,12,Neutral
NorCal,1994-01-01,61.4849056603774,159,0.06,1,Neutral
NorCal,1994-02-01,133.323125,160,0.07,2,Neutral
NorCal,1994-03-01,24.1710691823899,159,0.17,3,Neutral
NorCal,1994-04-01,46.564375,160,0.31,4,Neutral
NorCal,1994-05-01,44.8975,160,0.42,5,Neutral
NorCal,1994-06-01,3.30377358490566,159,0.41,6,Neutral
NorCal,1994-07-01,0.891194968553459,159,0.44,7,Neutral
NorCal,1994-08-01,0.13167701863354,161,0.43,8,Neutral
NorCal,1994-09-01,10.0136645962733,161,0.55,9,ElNino
NorCal,1994-10-01,22.0685534591195,159,0.74,10,ElNino
NorCal,1994-11-01,151.676729559748,159,1,11,ElNino
NorCal,1994-12-01,103.050955414013,157,1.09,12,ElNino
NorCal,1995-01-01,383.365625,160,0.96,1,ElNino
NorCal,1995-02-01,29.83375,160,0.72,2,ElNino
NorCal,1995-03-01,328.945,160,0.53,3,ElNino
NorCal,1995-04-01,98.9584905660377,159,0.3,4,Neutral
NorCal,1995-05-01,67.90625,160,0.14,5,Neutral
NorCal,1995-06-01,35.7365384615385,156,-0.03,6,Neutral
NorCal,1995-07-01,3.83333333333333,156,-0.24,7,Neutral
NorCal,1995-08-01,0.42484076433121,157,-0.54,8,LaNina
NorCal,1995-09-01,0.878481012658228,158,-0.81,9,LaNina
NorCal,1995-10-01,1.38089171974522,157,-0.97,10,LaNina
NorCal,1995-11-01,10.9924050632911,158,-1.01,11,LaNina
NorCal,1995-12-01,206.686875,160,-0.99,12,LaNina
NorCal,1996-01-01,205.980625,160,-0.9,1,LaNina
NorCal,1996-02-01,209.62641509434,159,-0.76,2,LaNina
NorCal,1996-03-01,90.665,160,-0.59,3,LaNina
NorCal,1996-04-01,80.7333333333333,159,-0.39,4,Neutral
NorCal,1996-05-01,88.614465408805,159,-0.31,5,Neutral
NorCal,1996-06-01,8.03607594936709,158,-0.29,6,Neutral
NorCal,1996-07-01,4.73461538461539,156,-0.27,7,Neutral
NorCal,1996-08-01,2.97272727272727,154,-0.32,8,Neutral
NorCal,1996-09-01,8.90576923076923,156,-0.35,9,Neutral
NorCal,1996-10-01,49.4496855345912,159,-0.4,10,Neutral
NorCal,1996-11-01,123.093710691824,159,-0.45,11,Neutral
NorCal,1996-12-01,343.823899371069,159,-0.5,12,LaNina
NorCal,1997-01-01,287.758490566038,159,-0.5,1,LaNina
NorCal,1997-02-01,18.5314465408805,159,-0.37,2,Neutral
NorCal,1997-03-01,28.923125,160,-0.1,3,Neutral
NorCal,1997-04-01,30.8018633540373,161,0.28,4,Neutral
NorCal,1997-05-01,13.5777777777778,162,0.75,5,ElNino
NorCal,1997-06-01,27.1360248447205,161,1.22,6,ElNino
NorCal,1997-07-01,4.87453416149068,161,1.6,7,ElNino
NorCal,1997-08-01,11.2254658385093,161,1.9,8,ElNino
NorCal,1997-09-01,12.5525,160,2.14,9,ElNino
NorCal,1997-10-01,38.1572327044025,159,2.33,10,ElNino
NorCal,1997-11-01,143.04875,160,2.4,11,ElNino
NorCal,1997-12-01,84.38125,160,2.39,12,ElNino
NorCal,1998-01-01,259.740880503145,159,2.24,1,ElNino
NorCal,1998-02-01,350.709433962264,159,1.93,2,ElNino
NorCal,1998-03-01,116.98875,160,1.44,3,ElNino
NorCal,1998-04-01,74.758125,160,0.99,4,ElNino
NorCal,1998-05-01,112.645398773006,163,0.45,5,Neutral
NorCal,1998-06-01,27.9411042944785,163,-0.13,6,Neutral
NorCal,1998-07-01,4.18136645962733,161,-0.78,7,LaNina
NorCal,1998-08-01,1.72331288343558,163,-1.12,8,LaNina
NorCal,1998-09-01,24.4085889570552,163,-1.31,9,LaNina
NorCal,1998-10-01,25.580487804878,164,-1.35,10,LaNina
NorCal,1998-11-01,151.620245398773,163,-1.48,11,LaNina
NorCal,1998-12-01,58.8345679012346,162,-1.57,12,LaNina
NorCal,1999-01-01,140.725157232704,159,-1.55,1,LaNina
NorCal,1999-02-01,212.801851851852,162,-1.3,2,LaNina
NorCal,1999-03-01,84.0308641975309,162,-1.07,3,LaNina
NorCal,1999-04-01,59.7586419753086,162,-0.97,4,LaNina
NorCal,1999-05-01,12.8588957055215,163,-1.02,5,LaNina
NorCal,1999-06-01,9.27407407407407,162,-1.04,6,LaNina
NorCal,1999-07-01,1.38509316770186,161,-1.1,7,LaNina
NorCal,1999-08-01,8.55950920245399,163,-1.11,8,LaNina
NorCal,1999-09-01,3.399375,160,-1.16,9,LaNina
NorCal,1999-10-01,28.4751552795031,161,-1.26,10,LaNina
NorCal,1999-11-01,79.6734567901235,162,-1.46,11,LaNina
NorCal,1999-12-01,21.7413580246914,162,-1.66,12,LaNina
NorCal,2000-01-01,213.645398773006,163,-1.67,1,LaNina
NorCal,2000-02-01,254.75900621118,161,-1.41,2,LaNina
NorCal,2000-03-01,59.915625,160,-1.07,3,LaNina
NorCal,2000-04-01,54.6975155279503,161,-0.81,4,LaNina
NorCal,2000-05-01,42.8170886075949,158,-0.71,5,LaNina
NorCal,2000-06-01,12.1253164556962,158,-0.64,6,LaNina
NorCal,2000-07-01,1.841875,160,-0.55,7,LaNina
NorCal,2000-08-01,3.46305732484076,157,-0.51,8,LaNina
NorCal,2000-09-01,17.8416149068323,161,-0.55,9,LaNina
NorCal,2000-10-01,84.2116564417178,163,-0.63,10,LaNina
NorCal,2000-11-01,30.7466666666667,165,-0.75,11,LaNina
NorCal,2000-12-01,31.9789156626506,166,-0.74,12,LaNina
NorCal,2001-01-01,101.597633136095,169,-0.68,1,LaNina
NorCal,2001-02-01,134.631547619048,168,-0.52,2,LaNina
NorCal,2001-03-01,62.2616766467066,167,-0.44,3,Neutral
NorCal,2001-04-01,64.7215568862275,167,-0.34,4,Neutral
NorCal,2001-05-01,4.13413173652695,167,-0.25,5,Neutral
NorCal,2001-06-01,8.12294117647059,170,-0.12,6,Neutral
NorCal,2001-07-01,4.55680473372781,169,-0.07,7,Neutral
NorCal,2001-08-01,0.754491017964072,167,-0.13,8,Neutral
NorCal,2001-09-01,10.9047058823529,170,-0.19,9,Neutral
NorCal,2001-10-01,23.9335294117647,170,-0.29,10,Neutral
NorCal,2001-11-01,150.969822485207,169,-0.35,11,Neutral
NorCal,2001-12-01,221.547647058824,170,-0.31,12,Neutral
NorCal,2002-01-01,105.613609467456,169,-0.15,1,Neutral
NorCal,2002-02-01,55.7017543859649,171,0.03,2,Neutral
NorCal,2002-03-01,87.3775147928994,169,0.09,3,Neutral
NorCal,2002-04-01,31.5576470588235,170,0.2,4,Neutral
NorCal,2002-05-01,25.6755952380952,168,0.44,5,Neutral
NorCal,2002-06-01,2.24666666666667,165,0.65,6,ElNino
NorCal,2002-07-01,1.85,170,0.79,7,ElNino
NorCal,2002-08-01,0.653801169590643,171,0.86,8,ElNino
NorCal,2002-09-01,1.88654970760234,171,1.01,9,ElNino
NorCal,2002-10-01,1.26823529411765,170,1.21,10,ElNino
NorCal,2002-11-01,106.85,172,1.31,11,ElNino
NorCal,2002-12-01,305.330813953488,172,1.14,12,ElNino
NorCal,2003-01-01,71.6323699421965,173,0.92,1,ElNino
NorCal,2003-02-01,55.0151162790698,172,0.63,2,ElNino
NorCal,2003-03-01,83.7341176470588,170,0.38,3,Neutral
NorCal,2003-04-01,137.000584795322,171,-0.04,4,Neutral
NorCal,2003-05-01,35.0329411764706,170,-0.26,5,Neutral
NorCal,2003-06-01,1.28757396449704,169,-0.16,6,Neutral
NorCal,2003-07-01,5.72797619047619,168,0.08,7,Neutral
NorCal,2003-08-01,16.6541176470588,170,0.21,8,Neutral
NorCal,2003-09-01,8.48294117647059,170,0.26,9,Neutral
NorCal,2003-10-01,4.49578313253012,166,0.29,10,Neutral
NorCal,2003-11-01,70.7380952380952,168,0.35,11,Neutral
NorCal,2003-12-01,225.367647058824,170,0.35,12,Neutral
NorCal,2004-01-01,84.1335294117647,170,0.37,1,Neutral
NorCal,2004-02-01,184.837426900585,171,0.31,2,Neutral
NorCal,2004-03-01,32.5375,168,0.24,3,Neutral
NorCal,2004-04-01,20.9726708074534,161,0.17,4,Neutral
NorCal,2004-05-01,16.2860606060606,165,0.17,5,Neutral
NorCal,2004-06-01,2.76666666666667,168,0.28,6,Neutral
NorCal,2004-07-01,1.36488095238095,168,0.47,7,Neutral
NorCal,2004-08-01,2.97823529411765,170,0.64,8,ElNino
NorCal,2004-09-01,5.2905325443787,169,0.7,9,ElNino
NorCal,2004-10-01,115.079518072289,166,0.67,10,ElNino
NorCal,2004-11-01,53.3207100591716,169,0.66,11,ElNino
NorCal,2004-12-01,172.699408284024,169,0.69,12,ElNino
NorCal,2005-01-01,149.392814371257,167,0.64,1,ElNino
NorCal,2005-02-01,89.5226744186047,172,0.58,2,ElNino
NorCal,2005-03-01,138.817543859649,171,0.45,3,Neutral
NorCal,2005-04-01,59.1443786982248,169,0.42,4,Neutral
NorCal,2005-05-01,98.9165680473373,169,0.29,5,Neutral
NorCal,2005-06-01,26.7842767295597,159,0.11,6,Neutral
NorCal,2005-07-01,1,164,-0.06,7,Neutral
NorCal,2005-08-01,2.64285714285714,168,-0.13,8,Neutral
NorCal,2005-09-01,7.05,172,-0.1,9,Neutral
NorCal,2005-10-01,21.0158823529412,170,-0.28,10,Neutral
NorCal,2005-11-01,78.3232142857143,168,-0.57,11,LaNina
NorCal,2005-12-01,321.251764705882,170,-0.84,12,LaNina
NorCal,2006-01-01,152.911764705882,170,-0.85,1,LaNina
NorCal,2006-02-01,98.8126506024096,166,-0.76,2,LaNina
NorCal,2006-03-01,200.288304093567,171,-0.57,3,LaNina
NorCal,2006-04-01,153.891764705882,170,-0.37,4,Neutral
NorCal,2006-05-01,25.6154761904762,168,-0.14,5,Neutral
NorCal,2006-06-01,4.28639053254438,169,-0.03,6,Neutral
NorCal,2006-07-01,2.39244186046512,172,0.11,7,Neutral
NorCal,2006-08-01,1.20520231213873,173,0.31,8,Neutral
NorCal,2006-09-01,1.00233918128655,171,0.54,9,ElNino
NorCal,2006-10-01,12.8508771929825,171,0.76,10,ElNino
NorCal,2006-11-01,77.6732558139535,172,0.94,11,ElNino
NorCal,2006-12-01,114.093567251462,171,0.94,12,ElNino
NorCal,2007-01-01,25.078947368421,171,0.66,1,ElNino
NorCal,2007-02-01,165.951149425287,174,0.22,2,Neutral
NorCal,2007-03-01,23.6116279069767,172,-0.12,3,Neutral
NorCal,2007-04-01,46.221511627907,172,-0.32,4,Neutral
NorCal,2007-05-01,14.6075581395349,172,-0.38,5,Neutral
NorCal,2007-06-01,5.34624277456647,173,-0.47,6,Neutral
NorCal,2007-07-01,6.08165680473373,169,-0.56,7,LaNina
NorCal,2007-08-01,2.67941176470588,170,-0.81,8,LaNina
NorCal,2007-09-01,13.7195266272189,169,-1.07,9,LaNina
NorCal,2007-10-01,56.4329341317365,167,-1.34,10,LaNina
NorCal,2007-11-01,22.101775147929,169,-1.5,11,LaNina
NorCal,2007-12-01,109.537278106509,169,-1.6,12,LaNina
NorCal,2008-01-01,218.152352941176,170,-1.64,1,LaNina
NorCal,2008-02-01,100.194011976048,167,-1.52,2,LaNina
NorCal,2008-03-01,23.125,164,-1.29,3,LaNina
NorCal,2008-04-01,10.0066666666667,165,-1.01,4,LaNina
NorCal,2008-05-01,16.6023668639053,169,-0.84,5,LaNina
NorCal,2008-06-01,0.723493975903614,166,-0.61,6,LaNina
NorCal,2008-07-01,1.38095238095238,168,-0.37,7,Neutral
NorCal,2008-08-01,1.20297619047619,168,-0.23,8,Neutral
NorCal,2008-09-01,0.504117647058824,170,-0.24,9,Neutral
NorCal,2008-10-01,30.4611764705882,170,-0.35,10,Neutral
NorCal,2008-11-01,76.2644970414201,169,-0.56,11,LaNina
NorCal,2008-12-01,90.5686390532544,169,-0.74,12,LaNina
NorCal,2009-01-01,49.8577380952381,168,-0.85,1,LaNina
NorCal,2009-02-01,165.086549707602,171,-0.79,2,LaNina
NorCal,2009-03-01,95.8804733727811,169,-0.61,3,LaNina
NorCal,2009-04-01,24.7485207100592,169,-0.33,4,Neutral
NorCal,2009-05-01,57.3888888888889,171,0.01,5,Neutral
NorCal,2009-06-01,19.3923529411765,170,0.28,6,Neutral
NorCal,2009-07-01,1.45263157894737,171,0.45,7,Neutral
NorCal,2009-08-01,3.70643274853801,171,0.57,8,ElNino
NorCal,2009-09-01,3.60666666666667,165,0.71,9,ElNino
NorCal,2009-10-01,86.8838323353293,167,1.01,10,ElNino
NorCal,2009-11-01,32.1603550295858,169,1.36,11,ElNino
NorCal,2009-12-01,96.6928143712575,167,1.56,12,ElNino
NorCal,2010-01-01,187.625294117647,170,1.5,1,ElNino
NorCal,2010-02-01,108.781176470588,170,1.22,2,ElNino
NorCal,2010-03-01,82.1376470588235,170,0.84,3,ElNino
NorCal,2010-04-01,117.219883040936,171,0.35,4,Neutral
NorCal,2010-05-01,45.1235294117647,170,-0.18,5,Neutral
NorCal,2010-06-01,8.98176470588235,170,-0.66,6,LaNina
NorCal,2010-07-01,1.56130952380952,168,-1.05,7,LaNina
NorCal,2010-08-01,2.75588235294118,170,-1.35,8,LaNina
NorCal,2010-09-01,4.75714285714286,168,-1.55,9,LaNina
NorCal,2010-10-01,107.702994011976,167,-1.64,10,LaNina
NorCal,2010-11-01,104.948520710059,169,-1.64,11,LaNina
NorCal,2010-12-01,239.597058823529,170,-1.54,12,LaNina
NorCal,2011-01-01,44.2325443786982,169,-1.31,1,LaNina
NorCal,2011-02-01,123.746198830409,171,-1.04,2,LaNina
NorCal,2011-03-01,247.908982035928,167,-0.8,3,LaNina
NorCal,2011-04-01,42.0263473053892,167,-0.62,4,LaNina
NorCal,2011-05-01,56.2520467836257,171,-0.46,5,Neutral
NorCal,2011-06-01,49.1543859649123,171,-0.37,6,Neutral
NorCal,2011-07-01,3.16280487804878,164,-0.43,7,Neutral
NorCal,2011-08-01,0.848520710059172,169,-0.58,8,LaNina
NorCal,2011-09-01,6.39763313609468,169,-0.79,9,LaNina
NorCal,2011-10-01,54.1221556886228,167,-0.96,10,LaNina
NorCal,2011-11-01,47.4315476190476,168,-1.02,11,LaNina
NorCal,2011-12-01,8.88630952380952,168,-0.92,12,LaNina
NorCal,2012-01-01,111.345614035088,171,-0.72,1,LaNina
NorCal,2012-02-01,43.1494117647059,170,-0.57,2,LaNina
NorCal,2012-03-01,185.763529411765,170,-0.46,3,Neutral
NorCal,2012-04-01,83.7011695906433,171,-0.36,4,Neutral
NorCal,2012-05-01,8.66047904191617,167,-0.17,5,Neutral
NorCal,2012-06-01,13.4738095238095,168,0.06,6,Neutral
NorCal,2012-07-01,2.32085889570552,163,0.3,7,Neutral
NorCal,2012-08-01,4.83571428571428,168,0.41,8,Neutral
NorCal,2012-09-01,1.01515151515151,165,0.41,9,Neutral
NorCal,2012-10-01,37.9640718562874,167,0.31,10,Neutral
NorCal,2012-11-01,147.478343949045,157,0.12,11,Neutral
NorCal,2012-12-01,225.116774193548,155,-0.1,12,Neutral
NorCal,2013-01-01,28.38,155,-0.29,1,Neutral
NorCal,2013-02-01,15.3424050632911,158,-0.29,2,Neutral
NorCal,2013-03-01,44.2582278481013,158,-0.21,3,Neutral
NorCal,2013-04-01,27.0635220125786,159,-0.19,4,Neutral
NorCal,2013-05-01,22.2069182389937,159,-0.26,5,Neutral
NorCal,2013-06-01,16.74125,160,-0.33,6,Neutral
NorCal,2013-07-01,4.5,158,-0.35,7,Neutral
NorCal,2013-08-01,3.89036144578313,166,-0.28,8,Neutral
NorCal,2013-09-01,22.7451807228916,166,-0.21,9,Neutral
NorCal,2013-10-01,8.30421686746988,166,-0.13,10,Neutral
NorCal,2013-11-01,26.1518072289157,166,-0.1,11,Neutral
NorCal,2013-12-01,16.297619047619,168,-0.16,12,Neutral
NorCal,2014-01-01,23.991124260355,169,-0.28,1,Neutral
NorCal,2014-02-01,165.202352941176,170,-0.32,2,Neutral
NorCal,2014-03-01,108.202976190476,168,-0.14,3,Neutral
NorCal,2014-04-01,40.7252941176471,170,0.16,4,Neutral
NorCal,2014-05-01,12.8349112426035,169,0.31,5,Neutral
NorCal,2014-06-01,2.17261904761905,168,0.24,6,Neutral
NorCal,2014-07-01,7.42294117647058,170,0.1,7,Neutral
NorCal,2014-08-01,9.37337278106509,169,0.11,8,Neutral
NorCal,2014-09-01,22.8532934131737,167,0.28,9,Neutral
NorCal,2014-10-01,31.8363095238095,168,0.54,10,ElNino
NorCal,2014-11-01,67.3464285714286,168,0.71,11,ElNino
NorCal,2014-12-01,217.7,169,0.77,12,ElNino
NorCal,2015-01-01,6.41796407185629,167,0.69,1,ElNino
NorCal,2015-02-01,96.5904191616766,167,0.61,2,ElNino
NorCal,2015-03-01,16.6934131736527,167,0.65,3,ElNino
NorCal,2015-04-01,42.5255952380952,168,0.81,4,ElNino
NorCal,2015-05-01,28.6686390532544,169,1.03,5,ElNino
NorCal,2015-06-01,8.61317365269461,167,1.25,6,ElNino
NorCal,2015-07-01,14.9604790419162,167,1.57,7,ElNino
NorCal,2015-08-01,2.19640718562874,167,1.9,8,ElNino
NorCal,2015-09-01,6.19151515151515,165,2.21,9,ElNino
NorCal,2015-10-01,24.9329341317365,167,2.47,10,ElNino
NorCal,2015-11-01,71.127380952381,168,2.65,11,ElNino
NorCal,2015-12-01,165.845238095238,168,2.75,12,ElNino
NorCal,2016-01-01,213.158928571429,168,2.63,1,ElNino
NorCal,2016-02-01,38.1147058823529,170,2.28,2,ElNino
NorCal,2016-03-01,191.840828402367,169,1.71,3,ElNino
NorCal,2016-04-01,47.5923076923077,169,1.05,4,ElNino
NorCal,2016-05-01,27.284023668639,169,0.49,5,Neutral
NorCal,2016-06-01,7.42916666666667,168,0,6,Neutral
NorCal,2016-07-01,0.837724550898203,167,-0.31,7,Neutral
NorCal,2016-08-01,0.775609756097561,164,-0.5,8,LaNina
NorCal,2016-09-01,1.15575757575758,165,-0.58,9,LaNina
NorCal,2016-10-01,155.880357142857,168,-0.64,10,LaNina
NorCal,2016-11-01,72.8136904761905,168,-0.6,11,LaNina
NorCal,2016-12-01,146.643195266272,169,-0.45,12,Neutral
NorCal,2017-01-01,354.122619047619,168,-0.2,1,Neutral
NorCal,2017-02-01,295.128313253012,166,-0.02,2,Neutral
NorCal,2017-03-01,96.2060240963855,166,0.18,3,Neutral
NorCal,2017-04-01,111.434939759036,166,0.31,4,Neutral
NorCal,2017-05-01,12.0343373493976,166,0.4,5,Neutral
NorCal,2017-06-01,11.1845238095238,168,0.38,6,Neutral
NorCal,2017-07-01,1.14431137724551,167,0.19,7,Neutral
NorCal,2017-08-01,6.28035714285714,168,-0.07,8,Neutral
NorCal,2017-09-01,15.0550898203593,167,-0.34,9,Neutral
NorCal,2017-10-01,12.4410714285714,168,-0.6,10,LaNina
NorCal,2017-11-01,133.796385542169,166,-0.76,11,LaNina
NorCal,2017-12-01,10.6939759036145,166,-0.86,12,LaNina
NorCal,2018-01-01,109.812352941176,170,-0.77,1,LaNina
NorCal,2018-02-01,18.7662721893491,169,-0.71,2,LaNina
NorCal,2018-03-01,197.596428571429,168,-0.57,3,LaNina
NorCal,2018-04-01,79.1488095238095,168,-0.39,4,Neutral
NorCal,2018-05-01,21.2197604790419,167,-0.13,5,Neutral
NorCal,2018-06-01,2.26213017751479,169,0.06,6,Neutral
NorCal,2018-07-01,4.13372781065089,169,0.14,7,Neutral
NorCal,2018-08-01,1.34464285714286,168,0.27,8,Neutral
NorCal,2018-09-01,1.19294117647059,170,0.53,9,ElNino
NorCal,2018-10-01,18.0833333333333,168,0.81,10,ElNino
NorCal,2018-11-01,104.642261904762,168,0.97,11,ElNino
NorCal,2018-12-01,69.3586826347305,167,0.92,12,ElNino
NorCal,2019-01-01,159.032544378698,169,0.89,1,ElNino
NorCal,2019-02-01,294.069230769231,169,0.86,2,ElNino
NorCal,2019-03-01,139.001775147929,169,0.84,3,ElNino
NorCal,2019-04-01,43.2552941176471,170,0.77,4,ElNino
NorCal,2019-05-01,87.5083832335329,167,0.64,5,ElNino
NorCal,2019-06-01,3.60769230769231,169,0.52,6,ElNino
NorCal,2019-07-01,1.75595238095238,168,0.33,7,Neutral
NorCal,2019-08-01,2.27678571428571,168,0.19,8,Neutral
NorCal,2019-09-01,20.9213017751479,169,0.23,9,Neutral
NorCal,2019-10-01,3.55476190476191,168,0.39,10,Neutral
NorCal,2019-11-01,34.6160714285714,168,0.58,11,ElNino
NorCal,2019-12-01,160.443113772455,167,0.66,12,ElNino
NorCal,2020-01-01,69.0221556886227,167,0.64,1,ElNino
NorCal,2020-02-01,2.75090909090909,165,0.63,2,ElNino
NorCal,2020-03-01,86.3179012345679,162,0.53,3,ElNino
NorCal,2020-04-01,47.9724358974359,156,0.3,4,Neutral
NorCal,2020-05-01,43.234375,160,0.01,5,Neutral
NorCal,2020-06-01,6.06433121019108,157,-0.23,6,Neutral
NorCal,2020-07-01,2.3475,160,-0.36,7,Neutral
NorCal,2020-08-01,3.1216049382716,162,-0.53,8,LaNina
NorCal,2020-09-01,0.994478527607362,163,-0.84,9,LaNina
NorCal,2020-10-01,1.0859756097561,164,-1.12,10,LaNina
NorCal,2020-11-01,47.9503105590062,161,-1.2,11,LaNina
NorCal,2020-12-01,61.4018404907975,163,-1.08,12,LaNina
NorCal,2021-01-01,115.488343558282,163,-0.91,1,LaNina
NorCal,2021-02-01,51.2116564417178,163,-0.79,2,LaNina
NorCal,2021-03-01,54.8233532934132,167,-0.71,3,LaNina
NorCal,2021-04-01,10.3618181818182,165,-0.55,4,LaNina
NorCal,2021-05-01,5.49520958083833,167,-0.39,5,Neutral
NorCal,2021-06-01,3.30538922155689,167,-0.3,6,Neutral
NorCal,2021-07-01,4.58313253012048,166,-0.35,7,Neutral
NorCal,2021-08-01,0.965868263473053,167,-0.45,8,Neutral
NorCal,2021-09-01,10.5467065868263,167,-0.63,9,LaNina
NorCal,2021-10-01,168.390419161677,167,-0.77,10,LaNina
NorCal,2021-11-01,36.2191616766467,167,-0.91,11,LaNina
NorCal,2021-12-01,217.558895705521,163,-0.87,12,LaNina
NorCal,2022-01-01,14.2852760736196,163,-0.82,1,LaNina
NorCal,2022-02-01,6.85828220858896,163,-0.79,2,LaNina
NorCal,2022-03-01,27.516875,160,-0.87,3,LaNina
NorCal,2022-04-01,71.5721518987342,158,-0.95,4,LaNina
NorCal,2022-05-01,11.0868965517241,145,-0.89,5,LaNina
NorCal,2022-06-01,16.3319727891156,147,-0.78,6,LaNina
NorCal,2022-07-01,1.37534246575343,146,-0.76,7,LaNina
NorCal,2022-08-01,7.72534246575342,146,-0.87,8,LaNina
NorCal,2022-09-01,27.5321917808219,146,-0.97,9,LaNina
NorCal,2022-10-01,2.19261744966443,149,-0.94,10,LaNina
NorCal,2022-11-01,66.4506849315068,146,-0.85,11,LaNina
NorCal,2022-12-01,274.543835616438,146,-0.72,12,LaNina
NorCal,2023-01-01,266.183125,160,-0.54,1,LaNina
NorCal,2023-02-01,104.34099378882,161,-0.29,2,Neutral
NorCal,2023-03-01,245.69,160,-0.02,3,Neutral
NorCal,2023-04-01,18.2333333333333,162,0.27,4,Neutral
NorCal,2023-05-01,31.4304347826087,161,0.57,5,ElNino
NorCal,2023-06-01,12.94,165,0.84,6,ElNino
NorCal,2023-07-01,0.319047619047619,168,1.12,7,ElNino
NorCal,2023-08-01,14.6639053254438,169,1.37,8,ElNino
NorCal,2023-09-01,16.3976470588235,170,1.6,9,ElNino
NorCal,2023-10-01,15.6841176470588,170,1.83,10,ElNino
NorCal,2023-11-01,47.7113095238095,168,1.99,11,ElNino
NorCal,2023-12-01,98.4177914110429,163,2.06,12,ElNino
NorCal,2024-01-01,141.503614457831,166,1.93,1,ElNino
NorCal,2024-02-01,180.205454545455,165,1.62,2,ElNino
NorCal,2024-03-01,135.109202453988,163,1.26,3,ElNino
NorCal,2024-04-01,37.6098159509202,163,0.82,4,ElNino
NorCal,2024-05-01,26.8928143712575,167,0.49,5,Neutral
NorCal,2024-06-01,1.1760736196319,163,0.22,6,Neutral
NorCal,2024-07-01,4.06625766871166,163,0.08,7,Neutral
NorCal,2024-08-01,6.91042944785276,163,-0.07,8,Neutral
NorCal,2024-09-01,4.19085365853659,164,-0.17,9,Neutral
NorCal,2024-10-01,13.341717791411,163,-0.21,10,Neutral
NorCal,2024-11-01,150.973333333333,165,-0.3,11,Neutral
NorCal,2024-12-01,139.825465838509,161,-0.41,12,Neutral
NorCal,2025-01-01,26.9030674846626,163,-0.44,1,Neutral
NorCal,2025-02-01,188.081212121212,165,-0.24,2,Neutral
NorCal,2025-03-01,109.593939393939,165,-0.06,3,Neutral
NorCal,2025-04-01,28.91625,160,0.02,4,Neutral
NorCal,2025-05-01,9.94230769230769,156,-0.02,5,Neutral
NorCal,2025-06-01,2.10855263157895,152,-0.04,6,Neutral
NorCal,2025-07-01,6.08648648648649,148,-0.14,7,Neutral
NorCal,2025-08-01,8.18993288590604,149,-0.28,8,Neutral
NorCal,2025-09-01,15.2960526315789,152,-0.4,9,Neutral
NorCal,2025-10-01,53.0152317880795,151,-0.51,10,LaNina
NorCal,2025-11-01,105.450980392157,153,-0.55,11,LaNina
NorCal,2025-12-01,151.77358490566,159,-0.54,12,LaNina
NorCal,2026-01-01,87.0863636363636,154,-0.37,1,Neutral
NorCal,2026-02-01,128.240384615385,156,-0.15,2,Neutral
NorCal,2026-03-01,7.83076923076923,156,0.13,3,Neutral
NorCal,2026-04-01,97.4090322580645,155,0.51,4,ElNino
NorCal,2026-05-01,22.3848684210526,152,0.98,5,ElNino
NorCal,2026-06-01,2.66470588235294,136,NA,6,Neutral
NorCal,2026-07-01,5.18666666666666,120,NA,7,Neutral
SoCal,1893-01-01,100.92,5,NA,1,Neutral
SoCal,1893-02-01,93.34,5,NA,2,Neutral
SoCal,1893-03-01,237.133333333333,6,NA,3,Neutral
SoCal,1893-04-01,15.3,6,NA,4,Neutral
SoCal,1893-05-01,4.18333333333333,6,NA,5,Neutral
SoCal,1893-06-01,0.3,5,NA,6,Neutral
SoCal,1893-07-01,7.05,6,NA,7,Neutral
SoCal,1893-08-01,2.08,5,NA,8,Neutral
SoCal,1893-09-01,4.13333333333333,6,NA,9,Neutral
SoCal,1893-10-01,22.1333333333333,6,NA,10,Neutral
SoCal,1893-11-01,23.6333333333333,6,NA,11,Neutral
SoCal,1893-12-01,74.8833333333333,6,NA,12,Neutral
SoCal,1894-01-01,42.1857142857143,7,NA,1,Neutral
SoCal,1894-02-01,34.05,6,NA,2,Neutral
SoCal,1894-03-01,28.5142857142857,7,NA,3,Neutral
SoCal,1894-04-01,4.31428571428571,7,NA,4,Neutral
SoCal,1894-05-01,16.2,7,NA,5,Neutral
SoCal,1894-06-01,2.64,5,NA,6,Neutral
SoCal,1894-07-01,1.86666666666667,3,NA,7,Neutral
SoCal,1894-08-01,4.16,5,NA,8,Neutral
SoCal,1894-09-01,25.54,5,NA,9,Neutral
SoCal,1894-10-01,10.4333333333333,6,NA,10,Neutral
SoCal,1894-11-01,3.325,4,NA,11,Neutral
SoCal,1894-12-01,161.9,6,NA,12,Neutral
SoCal,1895-01-01,219.425,8,NA,1,Neutral
SoCal,1895-02-01,43.7142857142857,7,NA,2,Neutral
SoCal,1895-03-01,66.3125,8,NA,3,Neutral
SoCal,1895-04-01,15.9375,8,NA,4,Neutral
SoCal,1895-05-01,7.38571428571429,7,NA,5,Neutral
SoCal,1895-06-01,0.433333333333333,3,NA,6,Neutral
SoCal,1895-07-01,0,5,NA,7,Neutral
SoCal,1895-08-01,3.62,5,NA,8,Neutral
SoCal,1895-09-01,0,3,NA,9,Neutral
SoCal,1895-10-01,21.4857142857143,7,NA,10,Neutral
SoCal,1895-11-01,38.8428571428571,7,NA,11,Neutral
SoCal,1895-12-01,16.4666666666667,6,NA,12,Neutral
SoCal,1896-01-01,116.383333333333,6,NA,1,Neutral
SoCal,1896-02-01,4.9,4,NA,2,Neutral
SoCal,1896-03-01,107.64,5,NA,3,Neutral
SoCal,1896-04-01,35.58,5,NA,4,Neutral
SoCal,1896-05-01,8.78,5,NA,5,Neutral
SoCal,1896-06-01,0,2,NA,6,Neutral
SoCal,1896-07-01,5.1,2,NA,7,Neutral
SoCal,1896-08-01,10.7333333333333,3,NA,8,Neutral
SoCal,1896-09-01,0,1,NA,9,Neutral
SoCal,1896-10-01,34.6333333333333,3,NA,10,Neutral
SoCal,1896-11-01,64.15,2,NA,11,Neutral
SoCal,1896-12-01,66.2333333333333,3,NA,12,Neutral
SoCal,1897-01-01,104.166666666667,3,NA,1,Neutral
SoCal,1897-02-01,107.866666666667,3,NA,2,Neutral
SoCal,1897-03-01,60.5,3,NA,3,Neutral
SoCal,1897-04-01,0.125,4,NA,4,Neutral
SoCal,1897-05-01,0.95,4,NA,5,Neutral
SoCal,1897-06-01,0,1,NA,6,Neutral
SoCal,1897-08-01,3.95,2,NA,8,Neutral
SoCal,1897-09-01,2.63333333333333,3,NA,9,Neutral
SoCal,1897-10-01,30.25,4,NA,10,Neutral
SoCal,1897-11-01,0.666666666666667,3,NA,11,Neutral
SoCal,1897-12-01,8.7,4,NA,12,Neutral
SoCal,1898-01-01,41.425,4,NA,1,Neutral
SoCal,1898-02-01,21.025,4,NA,2,Neutral
SoCal,1898-03-01,23.4,4,NA,3,Neutral
SoCal,1898-04-01,5.6,4,NA,4,Neutral
SoCal,1898-05-01,32.92,5,NA,5,Neutral
SoCal,1898-06-01,0.075,4,NA,6,Neutral
SoCal,1898-07-01,0,2,NA,7,Neutral
SoCal,1898-08-01,0,3,NA,8,Neutral
SoCal,1898-09-01,18.34,5,NA,9,Neutral
SoCal,1898-10-01,1.44,5,NA,10,Neutral
SoCal,1898-11-01,4.48,5,NA,11,Neutral
SoCal,1898-12-01,21.76,5,NA,12,Neutral
SoCal,1899-01-01,112,5,NA,1,Neutral
SoCal,1899-02-01,14.45,6,NA,2,Neutral
SoCal,1899-03-01,497.7,6,NA,3,Neutral
SoCal,1899-04-01,15.82,5,NA,4,Neutral
SoCal,1899-05-01,4.88333333333333,6,NA,5,Neutral
SoCal,1899-06-01,22.98,5,NA,6,Neutral
SoCal,1899-07-01,0.25,4,NA,7,Neutral
SoCal,1899-08-01,0.2,5,NA,8,Neutral
SoCal,1899-09-01,0.26,5,NA,9,Neutral
SoCal,1899-10-01,48.8,6,NA,10,Neutral
SoCal,1899-11-01,42.6666666666667,6,NA,11,Neutral
SoCal,1899-12-01,40.95,6,NA,12,Neutral
SoCal,1900-01-01,62.3666666666667,6,NA,1,Neutral
SoCal,1900-02-01,3,6,NA,2,Neutral
SoCal,1900-03-01,33.2666666666667,6,NA,3,Neutral
SoCal,1900-04-01,49.9666666666667,6,NA,4,Neutral
SoCal,1900-05-01,44.5833333333333,6,NA,5,Neutral
SoCal,1900-06-01,0.76,5,NA,6,Neutral
SoCal,1900-07-01,0.375,4,NA,7,Neutral
SoCal,1900-08-01,0,3,NA,8,Neutral
SoCal,1900-09-01,2.74,5,NA,9,Neutral
SoCal,1900-10-01,13.8333333333333,6,NA,10,Neutral
SoCal,1900-11-01,115.675,4,NA,11,Neutral
SoCal,1900-12-01,1.58,5,NA,12,Neutral
SoCal,1901-01-01,113.575,8,NA,1,Neutral
SoCal,1901-02-01,161.9125,8,NA,2,Neutral
SoCal,1901-03-01,18.7375,8,NA,3,Neutral
SoCal,1901-04-01,20.7571428571429,7,NA,4,Neutral
SoCal,1901-05-01,30.5285714285714,7,NA,5,Neutral
SoCal,1901-06-01,0.76,5,NA,6,Neutral
SoCal,1901-07-01,0.25,6,NA,7,Neutral
SoCal,1901-08-01,4.88571428571429,7,NA,8,Neutral
SoCal,1901-09-01,3.18333333333333,6,NA,9,Neutral
SoCal,1901-10-01,26.5125,8,NA,10,Neutral
SoCal,1901-11-01,10.775,8,NA,11,Neutral
SoCal,1901-12-01,1.1,8,NA,12,Neutral
SoCal,1902-01-01,34.3125,8,NA,1,Neutral
SoCal,1902-02-01,64.8625,8,NA,2,Neutral
SoCal,1902-03-01,88.3111111111111,9,NA,3,Neutral
SoCal,1902-04-01,19.4888888888889,9,NA,4,Neutral
SoCal,1902-05-01,4.27,10,NA,5,Neutral
SoCal,1902-06-01,2.74285714285714,7,NA,6,Neutral
SoCal,1902-07-01,8.6,9,NA,7,Neutral
SoCal,1902-08-01,0,6,NA,8,Neutral
SoCal,1902-09-01,0,9,NA,9,Neutral
SoCal,1902-10-01,12.6444444444444,9,NA,10,Neutral
SoCal,1902-11-01,49.5888888888889,9,NA,11,Neutral
SoCal,1902-12-01,47.4666666666667,9,NA,12,Neutral
SoCal,1903-01-01,38.43,10,NA,1,Neutral
SoCal,1903-02-01,49.62,10,NA,2,Neutral
SoCal,1903-03-01,102.14,10,NA,3,Neutral
SoCal,1903-04-01,61.34,10,NA,4,Neutral
SoCal,1903-05-01,4.04,10,NA,5,Neutral
SoCal,1903-06-01,0.0555555555555555,9,NA,6,Neutral
SoCal,1903-07-01,0,8,NA,7,Neutral
SoCal,1903-08-01,2.08333333333333,6,NA,8,Neutral
SoCal,1903-09-01,8.67777777777778,9,NA,9,Neutral
SoCal,1903-10-01,2.6625,8,NA,10,Neutral
SoCal,1903-11-01,1.15,8,NA,11,Neutral
SoCal,1903-12-01,0.8,8,NA,12,Neutral
SoCal,1904-01-01,8.96666666666667,9,NA,1,Neutral
SoCal,1904-02-01,53,8,NA,2,Neutral
SoCal,1904-03-01,106.4625,8,NA,3,Neutral
SoCal,1904-04-01,23.5875,8,NA,4,Neutral
SoCal,1904-05-01,6.08888888888889,9,NA,5,Neutral
SoCal,1904-06-01,0,6,NA,6,Neutral
SoCal,1904-07-01,2.03333333333333,9,NA,7,Neutral
SoCal,1904-08-01,9.73333333333333,9,NA,8,Neutral
SoCal,1904-09-01,10.45,8,NA,9,Neutral
SoCal,1904-10-01,8.96,10,NA,10,Neutral
SoCal,1904-11-01,0.5,8,NA,11,Neutral
SoCal,1904-12-01,32.58,10,NA,12,Neutral
SoCal,1905-01-01,100.988888888889,9,NA,1,Neutral
SoCal,1905-02-01,163.35,10,NA,2,Neutral
SoCal,1905-03-01,135.555555555556,9,NA,3,Neutral
SoCal,1905-04-01,19.0888888888889,9,NA,4,Neutral
SoCal,1905-05-01,51.67,10,NA,5,Neutral
SoCal,1905-06-01,0.1625,8,NA,6,Neutral
SoCal,1905-07-01,0.711111111111111,9,NA,7,Neutral
SoCal,1905-08-01,0,7,NA,8,Neutral
SoCal,1905-09-01,4.62727272727273,11,NA,9,Neutral
SoCal,1905-10-01,2.6,8,NA,10,Neutral
SoCal,1905-11-01,75.2454545454545,11,NA,11,Neutral
SoCal,1905-12-01,19.8727272727273,11,NA,12,Neutral
SoCal,1906-01-01,54.28,10,NA,1,Neutral
SoCal,1906-02-01,74.87,10,NA,2,Neutral
SoCal,1906-03-01,145.878571428571,14,NA,3,Neutral
SoCal,1906-04-01,25.1888888888889,18,NA,4,Neutral
SoCal,1906-05-01,27.3666666666667,18,NA,5,Neutral
SoCal,1906-06-01,1.61333333333333,15,NA,6,Neutral
SoCal,1906-07-01,1.51428571428571,14,NA,7,Neutral
SoCal,1906-08-01,13.1705882352941,17,NA,8,Neutral
SoCal,1906-09-01,2.825,16,NA,9,Neutral
SoCal,1906-10-01,1.85,12,NA,10,Neutral
SoCal,1906-11-01,29.2,17,NA,11,Neutral
SoCal,1906-12-01,116.6875,16,NA,12,Neutral
SoCal,1907-01-01,141.917647058824,17,NA,1,Neutral
SoCal,1907-02-01,38.0333333333333,15,NA,2,Neutral
SoCal,1907-03-01,103.007142857143,14,NA,3,Neutral
SoCal,1907-04-01,8.93333333333333,15,NA,4,Neutral
SoCal,1907-05-01,2.53571428571429,14,NA,5,Neutral
SoCal,1907-06-01,4.04285714285714,14,NA,6,Neutral
SoCal,1907-07-01,0,12,NA,7,Neutral
SoCal,1907-08-01,0.0727272727272727,11,NA,8,Neutral
SoCal,1907-09-01,0,13,NA,9,Neutral
SoCal,1907-10-01,61.71875,16,NA,10,Neutral
SoCal,1907-11-01,1.86153846153846,13,NA,11,Neutral
SoCal,1907-12-01,29.3733333333333,15,NA,12,Neutral
SoCal,1908-01-01,91.4941176470588,17,NA,1,Neutral
SoCal,1908-02-01,76.9294117647059,17,NA,2,Neutral
SoCal,1908-03-01,11.9,15,NA,3,Neutral
SoCal,1908-04-01,10.7285714285714,14,NA,4,Neutral
SoCal,1908-05-01,4.93333333333333,15,NA,5,Neutral
SoCal,1908-06-01,0.0833333333333333,12,NA,6,Neutral
SoCal,1908-07-01,0.321428571428571,14,NA,7,Neutral
SoCal,1908-08-01,10.14,15,NA,8,Neutral
SoCal,1908-09-01,25.2625,16,NA,9,Neutral
SoCal,1908-10-01,13.1176470588235,17,NA,10,Neutral
SoCal,1908-11-01,20.49375,16,NA,11,Neutral
SoCal,1908-12-01,26.025,16,NA,12,Neutral
SoCal,1909-01-01,184.16875,16,NA,1,Neutral
SoCal,1909-02-01,119.876470588235,17,NA,2,Neutral
SoCal,1909-03-01,79.0117647058824,17,NA,3,Neutral
SoCal,1909-04-01,1.75384615384615,13,NA,4,Neutral
SoCal,1909-05-01,1.46666666666667,12,NA,5,Neutral
SoCal,1909-06-01,1.34,15,NA,6,Neutral
SoCal,1909-07-01,2.7625,16,NA,7,Neutral
SoCal,1909-08-01,11.2375,16,NA,8,Neutral
SoCal,1909-09-01,3.68666666666667,15,NA,9,Neutral
SoCal,1909-10-01,7.6,17,NA,10,Neutral
SoCal,1909-11-01,48.5,18,NA,11,Neutral
SoCal,1909-12-01,142.731578947368,19,NA,12,Neutral
SoCal,1910-01-01,69.7277777777778,18,NA,1,Neutral
SoCal,1910-02-01,6.23125,16,NA,2,Neutral
SoCal,1910-03-01,53.5125,16,NA,3,Neutral
SoCal,1910-04-01,8.33333333333333,15,NA,4,Neutral
SoCal,1910-05-01,0,14,NA,5,Neutral
SoCal,1910-06-01,0.271428571428571,14,NA,6,Neutral
SoCal,1910-07-01,7.27857142857143,14,NA,7,Neutral
SoCal,1910-08-01,0.607692307692308,13,NA,8,Neutral
SoCal,1910-09-01,14.5176470588235,17,NA,9,Neutral
SoCal,1910-10-01,17.58125,16,NA,10,Neutral
SoCal,1910-11-01,16.525,16,NA,11,Neutral
SoCal,1910-12-01,11.4941176470588,17,NA,12,Neutral
SoCal,1911-01-01,166.089473684211,19,NA,1,Neutral
SoCal,1911-02-01,80.7105263157895,19,NA,2,Neutral
SoCal,1911-03-01,113.311111111111,18,NA,3,Neutral
SoCal,1911-04-01,16.3117647058824,17,NA,4,Neutral
SoCal,1911-05-01,1.08,15,NA,5,Neutral
SoCal,1911-06-01,0.733333333333333,12,NA,6,Neutral
SoCal,1911-07-01,2.52666666666667,15,NA,7,Neutral
SoCal,1911-08-01,0,17,NA,8,Neutral
SoCal,1911-09-01,13.11875,16,NA,9,Neutral
SoCal,1911-10-01,7.76,15,NA,10,Neutral
SoCal,1911-11-01,3.25625,16,NA,11,Neutral
SoCal,1911-12-01,35.4125,16,NA,12,Neutral
SoCal,1912-01-01,16.08125,16,NA,1,Neutral
SoCal,1912-02-01,0.25625,16,NA,2,Neutral
SoCal,1912-03-01,174.65625,16,NA,3,Neutral
SoCal,1912-04-01,46.8058823529412,17,NA,4,Neutral
SoCal,1912-05-01,20.8823529411765,17,NA,5,Neutral
SoCal,1912-06-01,1.68125,16,NA,6,Neutral
SoCal,1912-07-01,3.26666666666667,15,NA,7,Neutral
SoCal,1912-08-01,2.19333333333333,15,NA,8,Neutral
SoCal,1912-09-01,0.41875,16,NA,9,Neutral
SoCal,1912-10-01,28.68,15,NA,10,Neutral
SoCal,1912-11-01,17.1,14,NA,11,Neutral
SoCal,1912-12-01,2.29333333333333,15,NA,12,Neutral
SoCal,1913-01-01,55.2473684210526,19,NA,1,Neutral
SoCal,1913-02-01,112.47,20,NA,2,Neutral
SoCal,1913-03-01,19.435,20,NA,3,Neutral
SoCal,1913-04-01,11.2631578947368,19,NA,4,Neutral
SoCal,1913-05-01,5.6578947368421,19,NA,5,Neutral
SoCal,1913-06-01,7.86111111111111,18,NA,6,Neutral
SoCal,1913-07-01,6.60666666666667,15,NA,7,Neutral
SoCal,1913-08-01,12.60625,16,NA,8,Neutral
SoCal,1913-09-01,2.68,15,NA,9,Neutral
SoCal,1913-10-01,1.75625,16,NA,10,Neutral
SoCal,1913-11-01,58.1176470588235,17,NA,11,Neutral
SoCal,1913-12-01,37.7117647058824,17,NA,12,Neutral
SoCal,1914-01-01,215.955555555556,18,NA,1,Neutral
SoCal,1914-02-01,196.411764705882,17,NA,2,Neutral
SoCal,1914-03-01,21.5176470588235,17,NA,3,Neutral
SoCal,1914-04-01,25.7058823529412,17,NA,4,Neutral
SoCal,1914-05-01,4.67142857142857,14,NA,5,Neutral
SoCal,1914-06-01,4.43076923076923,13,NA,6,Neutral
SoCal,1914-07-01,2.36363636363636,11,NA,7,Neutral
SoCal,1914-08-01,0.118181818181818,11,NA,8,Neutral
SoCal,1914-09-01,0.664285714285714,14,NA,9,Neutral
SoCal,1914-10-01,14.1625,16,NA,10,Neutral
SoCal,1914-11-01,13.38125,16,NA,11,Neutral
SoCal,1914-12-01,92.65,20,NA,12,Neutral
SoCal,1915-01-01,130.105,20,NA,1,Neutral
SoCal,1915-02-01,135.665,20,NA,2,Neutral
SoCal,1915-03-01,25.7263157894737,19,NA,3,Neutral
SoCal,1915-04-01,51.525,20,NA,4,Neutral
SoCal,1915-05-01,73.2526315789474,19,NA,5,Neutral
SoCal,1915-06-01,0,8,NA,6,Neutral
SoCal,1915-07-01,0,3,NA,7,Neutral
SoCal,1915-08-01,13.0538461538462,13,NA,8,Neutral
SoCal,1915-09-01,2.55714285714286,14,NA,9,Neutral
SoCal,1915-10-01,0,3,NA,10,Neutral
SoCal,1915-11-01,19.3736842105263,19,NA,11,Neutral
SoCal,1915-12-01,63.93,20,NA,12,Neutral
SoCal,1916-01-01,318.37,20,NA,1,Neutral
SoCal,1916-02-01,35.0944444444444,18,NA,2,Neutral
SoCal,1916-03-01,40.795,20,NA,3,Neutral
SoCal,1916-04-01,6.57647058823529,17,NA,4,Neutral
SoCal,1916-05-01,4.83125,16,NA,5,Neutral
SoCal,1916-06-01,104.133333333333,6,NA,6,Neutral
SoCal,1916-07-01,8.15555555555556,9,NA,7,Neutral
SoCal,1916-08-01,9.31052631578947,19,NA,8,Neutral
SoCal,1916-09-01,19.5,18,NA,9,Neutral
SoCal,1916-10-01,46.6631578947368,19,NA,10,Neutral
SoCal,1916-11-01,5.29230769230769,13,NA,11,Neutral
SoCal,1916-12-01,84.605,20,NA,12,Neutral
SoCal,1917-01-01,65.1130434782609,23,NA,1,Neutral
SoCal,1917-02-01,80.3285714285714,21,NA,2,Neutral
SoCal,1917-03-01,10.2166666666667,18,NA,3,Neutral
SoCal,1917-04-01,28.045,20,NA,4,Neutral
SoCal,1917-05-01,9.78333333333333,18,NA,5,Neutral
SoCal,1917-06-01,0,7,NA,6,Neutral
SoCal,1917-07-01,10.98125,16,NA,7,Neutral
SoCal,1917-08-01,2.11666666666667,12,NA,8,Neutral
SoCal,1917-09-01,1.97692307692308,13,NA,9,Neutral
SoCal,1917-10-01,0.283333333333333,12,NA,10,Neutral
SoCal,1917-11-01,11.4833333333333,18,NA,11,Neutral
SoCal,1917-12-01,0.981818181818182,11,NA,12,Neutral
SoCal,1918-01-01,25.0761904761905,21,NA,1,Neutral
SoCal,1918-02-01,96.3818181818182,22,NA,2,Neutral
SoCal,1918-03-01,151.838095238095,21,NA,3,Neutral
SoCal,1918-04-01,2.8,16,NA,4,Neutral
SoCal,1918-05-01,6.30666666666667,15,NA,5,Neutral
SoCal,1918-06-01,3.73846153846154,13,NA,6,Neutral
SoCal,1918-07-01,3.91875,16,NA,7,Neutral
SoCal,1918-08-01,8.46111111111111,18,NA,8,Neutral
SoCal,1918-09-01,18.0619047619048,21,NA,9,Neutral
SoCal,1918-10-01,15.0333333333333,18,NA,10,Neutral
SoCal,1918-11-01,48.2818181818182,22,NA,11,Neutral
SoCal,1918-12-01,41.1681818181818,22,NA,12,Neutral
SoCal,1919-01-01,14.305,20,NA,1,Neutral
SoCal,1919-02-01,63.63,20,NA,2,Neutral
SoCal,1919-03-01,55.75,20,NA,3,Neutral
SoCal,1919-04-01,9.87222222222222,18,NA,4,Neutral
SoCal,1919-05-01,10.7823529411765,17,NA,5,Neutral
SoCal,1919-06-01,0.05,6,NA,6,Neutral
SoCal,1919-07-01,9.45,10,NA,7,Neutral
SoCal,1919-08-01,6.23846153846154,13,NA,8,Neutral
SoCal,1919-09-01,24.1428571428571,21,NA,9,Neutral
SoCal,1919-10-01,14.25,20,NA,10,Neutral
SoCal,1919-11-01,22.6333333333333,21,NA,11,Neutral
SoCal,1919-12-01,43.547619047619,21,NA,12,Neutral
SoCal,1920-01-01,21.7391304347826,23,NA,1,Neutral
SoCal,1920-02-01,98.0608695652174,23,NA,2,Neutral
SoCal,1920-03-01,107.226086956522,23,NA,3,Neutral
SoCal,1920-04-01,22.9315789473684,19,NA,4,Neutral
SoCal,1920-05-01,8.95,18,NA,5,Neutral
SoCal,1920-06-01,0.707692307692308,13,NA,6,Neutral
SoCal,1920-07-01,1.81,10,NA,7,Neutral
SoCal,1920-08-01,14.7875,16,NA,8,Neutral
SoCal,1920-09-01,3.17692307692308,13,NA,9,Neutral
SoCal,1920-10-01,23.6478260869565,23,NA,10,Neutral
SoCal,1920-11-01,17.6809523809524,21,NA,11,Neutral
SoCal,1920-12-01,30.5285714285714,21,NA,12,Neutral
SoCal,1921-01-01,88.712,25,NA,1,Neutral
SoCal,1921-02-01,26.2318181818182,22,NA,2,Neutral
SoCal,1921-03-01,47.868,25,NA,3,Neutral
SoCal,1921-04-01,7.83636363636364,22,NA,4,Neutral
SoCal,1921-05-01,72.7208333333333,24,NA,5,Neutral
SoCal,1921-06-01,0.653846153846154,13,NA,6,Neutral
SoCal,1921-07-01,5.27777777777778,18,NA,7,Neutral
SoCal,1921-08-01,4.67222222222222,18,NA,8,Neutral
SoCal,1921-09-01,22.7652173913043,23,NA,9,Neutral
SoCal,1921-10-01,18,24,NA,10,Neutral
SoCal,1921-11-01,5.29130434782609,23,NA,11,Neutral
SoCal,1921-12-01,219.366666666667,24,NA,12,Neutral
SoCal,1922-01-01,108.208,25,NA,1,Neutral
SoCal,1922-02-01,82.12,25,NA,2,Neutral
SoCal,1922-03-01,47.4615384615385,26,NA,3,Neutral
SoCal,1922-04-01,14.2086956521739,23,NA,4,Neutral
SoCal,1922-05-01,12.6416666666667,24,NA,5,Neutral
SoCal,1922-06-01,1.38947368421053,19,NA,6,Neutral
SoCal,1922-07-01,4.71428571428571,21,NA,7,Neutral
SoCal,1922-08-01,4.3,19,NA,8,Neutral
SoCal,1922-09-01,1.34117647058824,17,NA,9,Neutral
SoCal,1922-10-01,9.55833333333333,24,NA,10,Neutral
SoCal,1922-11-01,41.6192307692308,26,NA,11,Neutral
SoCal,1922-12-01,85.5423076923077,26,NA,12,Neutral
SoCal,1923-01-01,50.5576923076923,26,NA,1,Neutral
SoCal,1923-02-01,28.3434782608696,23,NA,2,Neutral
SoCal,1923-03-01,12.848,25,NA,3,Neutral
SoCal,1923-04-01,52.636,25,NA,4,Neutral
SoCal,1923-05-01,3.97333333333333,15,NA,5,Neutral
SoCal,1923-06-01,1.54705882352941,17,NA,6,Neutral
SoCal,1923-07-01,1.05,20,NA,7,Neutral
SoCal,1923-08-01,3.24736842105263,19,NA,8,Neutral
SoCal,1923-09-01,8.336,25,NA,9,Neutral
SoCal,1923-10-01,10.2730769230769,26,NA,10,Neutral
SoCal,1923-11-01,15.18,25,NA,11,Neutral
SoCal,1923-12-01,30.2615384615385,26,NA,12,Neutral
SoCal,1924-01-01,16.4913043478261,23,NA,1,Neutral
SoCal,1924-02-01,4.01,20,NA,2,Neutral
SoCal,1924-03-01,88.3769230769231,26,NA,3,Neutral
SoCal,1924-04-01,35.8461538461538,26,NA,4,Neutral
SoCal,1924-05-01,0.582352941176471,17,NA,5,Neutral
SoCal,1924-06-01,0,13,NA,6,Neutral
SoCal,1924-07-01,0.0928571428571428,14,NA,7,Neutral
SoCal,1924-08-01,0,11,NA,8,Neutral
SoCal,1924-09-01,1.83,20,NA,9,Neutral
SoCal,1924-10-01,15.8826086956522,23,NA,10,Neutral
SoCal,1924-11-01,22.6913043478261,23,NA,11,Neutral
SoCal,1924-12-01,45.748,25,NA,12,Neutral
SoCal,1925-01-01,7.64,25,NA,1,Neutral
SoCal,1925-02-01,20.076,25,NA,2,Neutral
SoCal,1925-03-01,53.508,25,NA,3,Neutral
SoCal,1925-04-01,55.62,25,NA,4,Neutral
SoCal,1925-05-01,14.28,25,NA,5,Neutral
SoCal,1925-06-01,16.848,25,NA,6,Neutral
SoCal,1925-07-01,3.62727272727273,22,NA,7,Neutral
SoCal,1925-08-01,1.95,18,NA,8,Neutral
SoCal,1925-09-01,0.0722222222222222,18,NA,9,Neutral
SoCal,1925-10-01,45.9208333333333,24,NA,10,Neutral
SoCal,1925-11-01,17.6916666666667,24,NA,11,Neutral
SoCal,1925-12-01,40.392,25,NA,12,Neutral
SoCal,1926-01-01,36.6375,24,NA,1,Neutral
SoCal,1926-02-01,76.695652173913,23,NA,2,Neutral
SoCal,1926-03-01,11.156,25,NA,3,Neutral
SoCal,1926-04-01,156.232,25,NA,4,Neutral
SoCal,1926-05-01,8.32173913043478,23,NA,5,Neutral
SoCal,1926-06-01,0.545,20,NA,6,Neutral
SoCal,1926-07-01,1.86,20,NA,7,Neutral
SoCal,1926-08-01,2.79545454545455,22,NA,8,Neutral
SoCal,1926-09-01,3.49473684210526,19,NA,9,Neutral
SoCal,1926-10-01,3.4304347826087,23,NA,10,Neutral
SoCal,1926-11-01,72.0391304347826,23,NA,11,Neutral
SoCal,1926-12-01,81.9692307692308,26,NA,12,Neutral
SoCal,1927-01-01,20.1730769230769,26,NA,1,Neutral
SoCal,1927-02-01,206.544,25,NA,2,Neutral
SoCal,1927-03-01,55.296,25,NA,3,Neutral
SoCal,1927-04-01,18.056,25,NA,4,Neutral
SoCal,1927-05-01,6.376,25,NA,5,Neutral
SoCal,1927-06-01,3.24166666666667,24,NA,6,Neutral
SoCal,1927-07-01,2.20909090909091,22,NA,7,Neutral
SoCal,1927-08-01,1.58181818181818,22,NA,8,Neutral
SoCal,1927-09-01,1.10416666666667,24,NA,9,Neutral
SoCal,1927-10-01,45.5074074074074,27,NA,10,Neutral
SoCal,1927-11-01,23.432,25,NA,11,Neutral
SoCal,1927-12-01,73.3038461538462,26,NA,12,Neutral
SoCal,1928-01-01,8.78,25,NA,1,Neutral
SoCal,1928-02-01,53.5259259259259,27,NA,2,Neutral
SoCal,1928-03-01,39.0222222222222,27,NA,3,Neutral
SoCal,1928-04-01,6.12307692307692,26,NA,4,Neutral
SoCal,1928-05-01,15.064,25,NA,5,Neutral
SoCal,1928-06-01,1.184,25,NA,6,Neutral
SoCal,1928-07-01,0,23,NA,7,Neutral
SoCal,1928-08-01,0.0954545454545455,22,NA,8,Neutral
SoCal,1928-09-01,0,23,NA,9,Neutral
SoCal,1928-10-01,8.27307692307692,26,NA,10,Neutral
SoCal,1928-11-01,32.8730769230769,26,NA,11,Neutral
SoCal,1928-12-01,53.6416666666667,24,NA,12,Neutral
SoCal,1929-01-01,37.908,25,NA,1,Neutral
SoCal,1929-02-01,34.216,25,NA,2,Neutral
SoCal,1929-03-01,42.344,25,NA,3,Neutral
SoCal,1929-04-01,36.884,25,NA,4,Neutral
SoCal,1929-05-01,0.0954545454545455,22,NA,5,Neutral
SoCal,1929-06-01,2.73636363636364,22,NA,6,Neutral
SoCal,1929-07-01,0.645454545454546,22,NA,7,Neutral
SoCal,1929-08-01,4.36086956521739,23,NA,8,Neutral
SoCal,1929-09-01,15.172,25,NA,9,Neutral
SoCal,1929-10-01,0.495833333333333,24,NA,10,Neutral
SoCal,1929-11-01,0.427272727272727,22,NA,11,Neutral
SoCal,1929-12-01,0.940909090909091,22,NA,12,Neutral
SoCal,1930-01-01,120.434615384615,26,NA,1,Neutral
SoCal,1930-02-01,21.0076923076923,26,NA,2,Neutral
SoCal,1930-03-01,80.5615384615385,26,NA,3,Neutral
SoCal,1930-04-01,13.9615384615385,26,NA,4,Neutral
SoCal,1930-05-01,47.0384615384615,26,NA,5,Neutral
SoCal,1930-06-01,0.538095238095238,21,NA,6,Neutral
SoCal,1930-07-01,0.440909090909091,22,NA,7,Neutral
SoCal,1930-08-01,4.27916666666667,24,NA,8,Neutral
SoCal,1930-09-01,1.628,25,NA,9,Neutral
SoCal,1930-10-01,5.84615384615385,26,NA,10,Neutral
SoCal,1930-11-01,39.95,26,NA,11,Neutral
SoCal,1930-12-01,1.00909090909091,22,NA,12,Neutral
SoCal,1931-01-01,69.92,25,NA,1,Neutral
SoCal,1931-02-01,88.74,25,NA,2,Neutral
SoCal,1931-03-01,3.11666666666667,24,NA,3,Neutral
SoCal,1931-04-01,47.5423076923077,26,NA,4,Neutral
SoCal,1931-05-01,20.352,25,NA,5,Neutral
SoCal,1931-06-01,3.67916666666667,24,NA,6,Neutral
SoCal,1931-07-01,0.861538461538461,26,NA,7,Neutral
SoCal,1931-08-01,11.7153846153846,26,NA,8,Neutral
SoCal,1931-09-01,6.61153846153846,26,NA,9,Neutral
SoCal,1931-10-01,9.988,25,NA,10,Neutral
SoCal,1931-11-01,56.876,25,NA,11,Neutral
SoCal,1931-12-01,131.308,25,NA,12,Neutral
SoCal,1932-01-01,49.0555555555556,27,NA,1,Neutral
SoCal,1932-02-01,160.292857142857,28,NA,2,Neutral
SoCal,1932-03-01,5.21724137931034,29,NA,3,Neutral
SoCal,1932-04-01,13.8310344827586,29,NA,4,Neutral
SoCal,1932-05-01,3.50714285714286,28,NA,5,Neutral
SoCal,1932-06-01,3.96428571428571,28,NA,6,Neutral
SoCal,1932-07-01,0.05,26,NA,7,Neutral
SoCal,1932-08-01,0.0185185185185185,27,NA,8,Neutral
SoCal,1932-09-01,5.50689655172414,29,NA,9,Neutral
SoCal,1932-10-01,19.89,30,NA,10,Neutral
SoCal,1932-11-01,1.34285714285714,28,NA,11,Neutral
SoCal,1932-12-01,46.9133333333333,30,NA,12,Neutral
SoCal,1933-01-01,158.456666666667,30,NA,1,Neutral
SoCal,1933-02-01,1.81724137931034,29,NA,2,Neutral
SoCal,1933-03-01,4.05483870967742,31,NA,3,Neutral
SoCal,1933-04-01,19.3516129032258,31,NA,4,Neutral
SoCal,1933-05-01,11.1225806451613,31,NA,5,Neutral
SoCal,1933-06-01,7.61333333333333,30,NA,6,Neutral
SoCal,1933-07-01,0.989655172413793,29,NA,7,Neutral
SoCal,1933-08-01,4.2,30,NA,8,Neutral
SoCal,1933-09-01,0.244827586206897,29,NA,9,Neutral
SoCal,1933-10-01,8.90333333333333,30,NA,10,Neutral
SoCal,1933-11-01,3.73870967741935,31,NA,11,Neutral
SoCal,1933-12-01,110.867741935484,31,NA,12,Neutral
SoCal,1934-01-01,53.8363636363636,33,NA,1,Neutral
SoCal,1934-02-01,47.5727272727273,33,NA,2,Neutral
SoCal,1934-03-01,3.23,30,NA,3,Neutral
SoCal,1934-04-01,0.475862068965517,29,NA,4,Neutral
SoCal,1934-05-01,1.34444444444444,27,NA,5,Neutral
SoCal,1934-06-01,11.840625,32,NA,6,Neutral
SoCal,1934-07-01,3.009375,32,NA,7,Neutral
SoCal,1934-08-01,7.03225806451613,31,NA,8,Neutral
SoCal,1934-09-01,2.86764705882353,34,NA,9,Neutral
SoCal,1934-10-01,46.9676470588235,34,NA,10,Neutral
SoCal,1934-11-01,44.5647058823529,34,NA,11,Neutral
SoCal,1934-12-01,76.1147058823529,34,NA,12,Neutral
SoCal,1935-01-01,76.6583333333333,36,NA,1,Neutral
SoCal,1935-02-01,58.425,36,NA,2,Neutral
SoCal,1935-03-01,61.05,36,NA,3,Neutral
SoCal,1935-04-01,50.1666666666667,36,NA,4,Neutral
SoCal,1935-05-01,1.875,36,NA,5,Neutral
SoCal,1935-06-01,0.00909090909090909,33,NA,6,Neutral
SoCal,1935-07-01,2.14444444444444,36,NA,7,Neutral
SoCal,1935-08-01,13.6351351351351,37,NA,8,Neutral
SoCal,1935-09-01,2.42,35,NA,9,Neutral
SoCal,1935-10-01,5.31621621621622,37,NA,10,Neutral
SoCal,1935-11-01,17.7135135135135,37,NA,11,Neutral
SoCal,1935-12-01,20.3513513513514,37,NA,12,Neutral
SoCal,1936-01-01,9.64324324324324,37,NA,1,Neutral
SoCal,1936-02-01,158.588571428571,35,NA,2,Neutral
SoCal,1936-03-01,34.2297297297297,37,NA,3,Neutral
SoCal,1936-04-01,16.6971428571429,35,NA,4,Neutral
SoCal,1936-05-01,1.028125,32,NA,5,Neutral
SoCal,1936-06-01,1.43055555555556,36,NA,6,Neutral
SoCal,1936-07-01,9.975,36,NA,7,Neutral
SoCal,1936-08-01,3.325,36,NA,8,Neutral
SoCal,1936-09-01,2.32121212121212,33,NA,9,Neutral
SoCal,1936-10-01,45.8131578947368,38,NA,10,Neutral
SoCal,1936-11-01,6.80277777777778,36,NA,11,Neutral
SoCal,1936-12-01,136.173684210526,38,NA,12,Neutral
SoCal,1937-01-01,60.0891891891892,37,NA,1,Neutral
SoCal,1937-02-01,130.22972972973,37,NA,2,Neutral
SoCal,1937-03-01,91.3378378378378,37,NA,3,Neutral
SoCal,1937-04-01,8.63611111111111,36,NA,4,Neutral
SoCal,1937-05-01,4.75135135135135,37,NA,5,Neutral
SoCal,1937-06-01,1.38611111111111,36,NA,6,Neutral
SoCal,1937-07-01,4.8125,32,NA,7,Neutral
SoCal,1937-08-01,0.254545454545455,33,NA,8,Neutral
SoCal,1937-09-01,1.6969696969697,33,NA,9,Neutral
SoCal,1937-10-01,1.01666666666667,36,NA,10,Neutral
SoCal,1937-11-01,1.40540540540541,37,NA,11,Neutral
SoCal,1937-12-01,62.0128205128205,39,NA,12,Neutral
SoCal,1938-01-01,32.9153846153846,39,NA,1,Neutral
SoCal,1938-02-01,149.251282051282,39,NA,2,Neutral
SoCal,1938-03-01,170.566666666667,39,NA,3,Neutral
SoCal,1938-04-01,22.1641025641026,39,NA,4,Neutral
SoCal,1938-05-01,5.05,38,NA,5,Neutral
SoCal,1938-06-01,0.794444444444445,36,NA,6,Neutral
SoCal,1938-07-01,2.53947368421053,38,NA,7,Neutral
SoCal,1938-08-01,4.0025641025641,39,NA,8,Neutral
SoCal,1938-09-01,2.99210526315789,38,NA,9,Neutral
SoCal,1938-10-01,3.98205128205128,39,NA,10,Neutral
SoCal,1938-11-01,1.52105263157895,38,NA,11,Neutral
SoCal,1938-12-01,118.187804878049,41,NA,12,Neutral
SoCal,1939-01-01,61.7317073170732,41,NA,1,Neutral
SoCal,1939-02-01,37.1051282051282,39,NA,2,Neutral
SoCal,1939-03-01,37.5658536585366,41,NA,3,Neutral
SoCal,1939-04-01,12.609756097561,41,NA,4,Neutral
SoCal,1939-05-01,3.77142857142857,42,NA,5,Neutral
SoCal,1939-06-01,0.115789473684211,38,NA,6,Neutral
SoCal,1939-07-01,1.4,38,NA,7,Neutral
SoCal,1939-08-01,2.23684210526316,38,NA,8,Neutral
SoCal,1939-09-01,103.536585365854,41,NA,9,Neutral
SoCal,1939-10-01,6.26511627906977,43,NA,10,Neutral
SoCal,1939-11-01,12.1418604651163,43,NA,11,Neutral
SoCal,1939-12-01,13.2454545454545,44,NA,12,Neutral
SoCal,1940-01-01,80.74,45,NA,1,Neutral
SoCal,1940-02-01,94.52,45,NA,2,Neutral
SoCal,1940-03-01,22.3333333333333,45,NA,3,Neutral
SoCal,1940-04-01,32.3239130434783,46,NA,4,Neutral
SoCal,1940-05-01,1.18444444444444,45,NA,5,Neutral
SoCal,1940-06-01,0.0926829268292683,41,NA,6,Neutral
SoCal,1940-07-01,0.0128205128205128,39,NA,7,Neutral
SoCal,1940-08-01,0.377142857142857,35,NA,8,Neutral
SoCal,1940-09-01,5.62682926829268,41,NA,9,Neutral
SoCal,1940-10-01,27.8913043478261,46,NA,10,Neutral
SoCal,1940-11-01,9.99777777777778,45,NA,11,Neutral
SoCal,1940-12-01,138.069565217391,46,NA,12,Neutral
SoCal,1941-01-01,60.3214285714286,42,NA,1,Neutral
SoCal,1941-02-01,150.37380952381,42,NA,2,Neutral
SoCal,1941-03-01,155.71914893617,47,NA,3,Neutral
SoCal,1941-04-01,80.7880952380952,42,NA,4,Neutral
SoCal,1941-05-01,5.1695652173913,46,NA,5,Neutral
SoCal,1941-06-01,0.2275,40,NA,6,Neutral
SoCal,1941-07-01,1.52708333333333,48,NA,7,Neutral
SoCal,1941-08-01,11.0822222222222,45,NA,8,Neutral
SoCal,1941-09-01,1.64285714285714,49,NA,9,Neutral
SoCal,1941-10-01,38.2979591836735,49,NA,10,Neutral
SoCal,1941-11-01,15.5122448979592,49,NA,11,Neutral
SoCal,1941-12-01,94.7122448979592,49,NA,12,Neutral
SoCal,1942-01-01,14.0836734693878,49,NA,1,Neutral
SoCal,1942-02-01,22.176,50,NA,2,Neutral
SoCal,1942-03-01,27.886,50,NA,3,Neutral
SoCal,1942-04-01,46.152,50,NA,4,Neutral
SoCal,1942-05-01,1.164,50,NA,5,Neutral
SoCal,1942-06-01,0.01875,48,NA,6,Neutral
SoCal,1942-07-01,0.412,50,NA,7,Neutral
SoCal,1942-08-01,7.96274509803922,51,NA,8,Neutral
SoCal,1942-09-01,0.022,50,NA,9,Neutral
SoCal,1942-10-01,12.5358490566038,53,NA,10,Neutral
SoCal,1942-11-01,7.58076923076923,52,NA,11,Neutral
SoCal,1942-12-01,24.3648148148148,54,NA,12,Neutral
SoCal,1943-01-01,198.022641509434,53,NA,1,Neutral
SoCal,1943-02-01,59.8098039215686,51,NA,2,Neutral
SoCal,1943-03-01,75.314,50,NA,3,Neutral
SoCal,1943-04-01,26.1607843137255,51,NA,4,Neutral
SoCal,1943-05-01,0.462,50,NA,5,Neutral
SoCal,1943-06-01,0.522641509433962,53,NA,6,Neutral
SoCal,1943-07-01,0.209803921568627,51,NA,7,Neutral
SoCal,1943-08-01,2.3265306122449,49,NA,8,Neutral
SoCal,1943-09-01,4.29166666666667,48,NA,9,Neutral
SoCal,1943-10-01,12.0537037037037,54,NA,10,Neutral
SoCal,1943-11-01,3.06274509803922,51,NA,11,Neutral
SoCal,1943-12-01,130.229090909091,55,NA,12,Neutral
SoCal,1944-01-01,23.3035714285714,56,NA,1,Neutral
SoCal,1944-02-01,156.19649122807,57,NA,2,Neutral
SoCal,1944-03-01,37.4175438596491,57,NA,3,Neutral
SoCal,1944-04-01,20.8210526315789,57,NA,4,Neutral
SoCal,1944-05-01,2.8859649122807,57,NA,5,Neutral
SoCal,1944-06-01,1.39298245614035,57,NA,6,Neutral
SoCal,1944-07-01,0.00943396226415094,53,NA,7,Neutral
SoCal,1944-08-01,0,56,NA,8,Neutral
SoCal,1944-09-01,0.157894736842105,57,NA,9,Neutral
SoCal,1944-10-01,1.59473684210526,57,NA,10,Neutral
SoCal,1944-11-01,94.7607142857143,56,NA,11,Neutral
SoCal,1944-12-01,21.5375,56,NA,12,Neutral
SoCal,1945-01-01,7.8375,56,NA,1,Neutral
SoCal,1945-02-01,76.2810344827586,58,NA,2,Neutral
SoCal,1945-03-01,77.1836363636364,55,NA,3,Neutral
SoCal,1945-04-01,5.03448275862069,58,NA,4,Neutral
SoCal,1945-05-01,1.82631578947368,57,NA,5,Neutral
SoCal,1945-06-01,1.31166666666667,60,NA,6,Neutral
SoCal,1945-07-01,0.976666666666667,60,NA,7,Neutral
SoCal,1945-08-01,22.665,60,NA,8,Neutral
SoCal,1945-09-01,3.36166666666667,60,NA,9,Neutral
SoCal,1945-10-01,16.2131147540984,61,NA,10,Neutral
SoCal,1945-11-01,7.49508196721311,61,NA,11,Neutral
SoCal,1945-12-01,100.295,60,NA,12,Neutral
SoCal,1946-01-01,7.27540983606557,61,NA,1,Neutral
SoCal,1946-02-01,24.0338709677419,62,NA,2,Neutral
SoCal,1946-03-01,66.0063492063492,63,NA,3,Neutral
SoCal,1946-04-01,9.61904761904762,63,NA,4,Neutral
SoCal,1946-05-01,2.7327868852459,61,NA,5,Neutral
SoCal,1946-06-01,0.0169491525423729,59,NA,6,Neutral
SoCal,1946-07-01,8.48333333333333,60,NA,7,Neutral
SoCal,1946-08-01,3.1,60,NA,8,Neutral
SoCal,1946-09-01,3.34918032786885,61,NA,9,Neutral
SoCal,1946-10-01,18.5049180327869,61,NA,10,Neutral
SoCal,1946-11-01,111.677419354839,62,NA,11,Neutral
SoCal,1946-12-01,59.8459016393443,61,NA,12,Neutral
SoCal,1947-01-01,9.553125,64,NA,1,Neutral
SoCal,1947-02-01,12.1825396825397,63,NA,2,Neutral
SoCal,1947-03-01,23.4031746031746,63,NA,3,Neutral
SoCal,1947-04-01,6.41451612903226,62,NA,4,Neutral
SoCal,1947-05-01,4.92063492063492,63,NA,5,Neutral
SoCal,1947-06-01,0.434426229508197,61,NA,6,Neutral
SoCal,1947-07-01,0.0571428571428571,63,NA,7,Neutral
SoCal,1947-08-01,7.96129032258064,62,NA,8,Neutral
SoCal,1947-09-01,2.02857142857143,63,NA,9,Neutral
SoCal,1947-10-01,5.05,62,NA,10,Neutral
SoCal,1947-11-01,4.17619047619048,63,NA,11,Neutral
SoCal,1947-12-01,39.4725806451613,62,NA,12,Neutral
SoCal,1948-01-01,0.6578125,64,NA,1,Neutral
SoCal,1948-02-01,36.2390625,64,NA,2,Neutral
SoCal,1948-03-01,50.39375,64,NA,3,Neutral
SoCal,1948-04-01,28.5079365079365,63,NA,4,Neutral
SoCal,1948-05-01,3.4515625,64,NA,5,Neutral
SoCal,1948-06-01,4.13492063492064,63,NA,6,Neutral
SoCal,1948-07-01,3.28461538461538,78,NA,7,Neutral
SoCal,1948-08-01,0.454545454545455,77,NA,8,Neutral
SoCal,1948-09-01,0.867532467532468,77,NA,9,Neutral
SoCal,1948-10-01,15.887012987013,77,NA,10,Neutral
SoCal,1948-11-01,0.235064935064935,77,NA,11,Neutral
SoCal,1948-12-01,51.8987012987013,77,NA,12,Neutral
SoCal,1949-01-01,68.2609756097561,82,NA,1,Neutral
SoCal,1949-02-01,35.9634146341463,82,NA,2,Neutral
SoCal,1949-03-01,35.762962962963,81,NA,3,Neutral
SoCal,1949-04-01,1.91125,80,NA,4,Neutral
SoCal,1949-05-01,15.12875,80,NA,5,Neutral
SoCal,1949-06-01,0.24625,80,NA,6,Neutral
SoCal,1949-07-01,0.0219512195121951,82,NA,7,Neutral
SoCal,1949-08-01,0.739759036144578,83,NA,8,Neutral
SoCal,1949-09-01,0.515476190476191,84,NA,9,Neutral
SoCal,1949-10-01,3.78214285714286,84,NA,10,Neutral
SoCal,1949-11-01,29.4547619047619,84,NA,11,Neutral
SoCal,1949-12-01,47.8253012048193,83,NA,12,Neutral
SoCal,1950-01-01,53.2426829268293,82,NA,1,Neutral
SoCal,1950-02-01,39.119512195122,82,-1.34,2,LaNina
SoCal,1950-03-01,24.2975609756098,82,-1.17,3,LaNina
SoCal,1950-04-01,15.0481927710843,83,-1.18,4,LaNina
SoCal,1950-05-01,3.64761904761905,84,-1.07,5,LaNina
SoCal,1950-06-01,0.407228915662651,83,-0.85,6,LaNina
SoCal,1950-07-01,5.79642857142857,84,-0.53,7,LaNina
SoCal,1950-08-01,0.442857142857143,84,-0.42,8,Neutral
SoCal,1950-09-01,6.64285714285714,84,-0.38,9,Neutral
SoCal,1950-10-01,8.10833333333333,84,-0.44,10,Neutral
SoCal,1950-11-01,25.4142857142857,84,-0.6,11,LaNina
SoCal,1950-12-01,6.73764705882353,85,-0.8,12,LaNina
SoCal,1951-01-01,51.8835294117647,85,-0.82,1,LaNina
SoCal,1951-02-01,22.4352941176471,85,-0.54,2,LaNina
SoCal,1951-03-01,13.5376470588235,85,-0.17,3,Neutral
SoCal,1951-04-01,37.2423529411765,85,0.18,4,Neutral
SoCal,1951-05-01,4.08941176470588,85,0.36,5,Neutral
SoCal,1951-06-01,0.0465116279069767,86,0.59,6,ElNino
SoCal,1951-07-01,3.38837209302326,86,0.7,7,ElNino
SoCal,1951-08-01,15.8697674418605,86,0.89,8,ElNino
SoCal,1951-09-01,1.78720930232558,86,0.99,9,ElNino
SoCal,1951-10-01,16.6634146341463,82,1.15,10,ElNino
SoCal,1951-11-01,26.6950617283951,81,1.04,11,ElNino
SoCal,1951-12-01,111.659259259259,81,0.81,12,ElNino
SoCal,1952-01-01,170.61875,80,0.53,1,ElNino
SoCal,1952-02-01,11.5777777777778,81,0.37,2,Neutral
SoCal,1952-03-01,130.676829268293,82,0.34,3,Neutral
SoCal,1952-04-01,34.7707317073171,82,0.3,4,Neutral
SoCal,1952-05-01,0.0780487804878049,82,0.21,5,Neutral
SoCal,1952-06-01,1.02682926829268,82,0,6,Neutral
SoCal,1952-07-01,3.55609756097561,82,-0.08,7,Neutral
SoCal,1952-08-01,0.597560975609756,82,0,8,Neutral
SoCal,1952-09-01,5.24878048780488,82,0.15,9,Neutral
SoCal,1952-10-01,0.11566265060241,83,0.11,10,Neutral
SoCal,1952-11-01,66.5353658536585,82,0.05,11,Neutral
SoCal,1952-12-01,76.3023529411765,85,0.15,12,Neutral
SoCal,1953-01-01,23.0447058823529,85,0.4,1,Neutral
SoCal,1953-02-01,7.33058823529412,85,0.6,2,ElNino
SoCal,1953-03-01,19.9329411764706,85,0.62,3,ElNino
SoCal,1953-04-01,24.2776470588235,85,0.66,4,ElNino
SoCal,1953-05-01,4.66823529411765,85,0.75,5,ElNino
SoCal,1953-06-01,0.72,85,0.77,6,ElNino
SoCal,1953-07-01,1.34642857142857,84,0.74,7,ElNino
SoCal,1953-08-01,1.95238095238095,84,0.73,8,ElNino
SoCal,1953-09-01,0.0261904761904762,84,0.78,9,ElNino
SoCal,1953-10-01,1.20357142857143,84,0.84,10,ElNino
SoCal,1953-11-01,28.2321428571429,84,0.84,11,ElNino
SoCal,1953-12-01,4.39285714285714,84,0.82,12,ElNino
SoCal,1954-01-01,101.82619047619,84,0.76,1,ElNino
SoCal,1954-02-01,45.6928571428571,84,0.47,2,Neutral
SoCal,1954-03-01,89.3714285714286,84,-0.05,3,Neutral
SoCal,1954-04-01,4.69642857142857,84,-0.41,4,Neutral
SoCal,1954-05-01,1.03928571428571,84,-0.54,5,LaNina
SoCal,1954-06-01,0.822619047619047,84,-0.5,6,LaNina
SoCal,1954-07-01,4.075,84,-0.64,7,LaNina
SoCal,1954-08-01,0.576190476190476,84,-0.84,8,LaNina
SoCal,1954-09-01,3.31785714285714,84,-0.9,9,LaNina
SoCal,1954-10-01,0.297619047619048,84,-0.77,10,LaNina
SoCal,1954-11-01,31.0559523809524,84,-0.73,11,LaNina
SoCal,1954-12-01,25.227380952381,84,-0.66,12,LaNina
SoCal,1955-01-01,89.8654761904762,84,-0.68,1,LaNina
SoCal,1955-02-01,28.202380952381,84,-0.62,2,LaNina
SoCal,1955-03-01,9.49047619047619,84,-0.69,3,LaNina
SoCal,1955-04-01,31.1107142857143,84,-0.8,4,LaNina
SoCal,1955-05-01,22.897619047619,84,-0.79,5,LaNina
SoCal,1955-06-01,0.265476190476191,84,-0.72,6,LaNina
SoCal,1955-07-01,4.37380952380952,84,-0.68,7,LaNina
SoCal,1955-08-01,9.13571428571429,84,-0.75,8,LaNina
SoCal,1955-09-01,0.0154761904761905,84,-1.09,9,LaNina
SoCal,1955-10-01,0.055952380952381,84,-1.43,10,LaNina
SoCal,1955-11-01,24.7176470588235,85,-1.67,11,LaNina
SoCal,1955-12-01,49.7635294117647,85,-1.47,12,LaNina
SoCal,1956-01-01,103.308139534884,86,-1.11,1,LaNina
SoCal,1956-02-01,15.0976744186047,86,-0.76,2,LaNina
SoCal,1956-03-01,0.146511627906977,86,-0.63,3,LaNina
SoCal,1956-04-01,50.7011627906977,86,-0.53,4,LaNina
SoCal,1956-05-01,14.9197674418605,86,-0.51,5,LaNina
SoCal,1956-06-01,0,86,-0.51,6,LaNina
SoCal,1956-07-01,2.12441860465116,86,-0.57,7,LaNina
SoCal,1956-08-01,0.0511627906976744,86,-0.55,8,LaNina
SoCal,1956-09-01,0.036046511627907,86,-0.46,9,Neutral
SoCal,1956-10-01,8.08953488372093,86,-0.42,10,Neutral
SoCal,1956-11-01,0,86,-0.43,11,Neutral
SoCal,1956-12-01,7.36279069767442,86,-0.43,12,Neutral
SoCal,1957-01-01,107.974418604651,86,-0.25,1,Neutral
SoCal,1957-02-01,33.7267441860465,86,0.06,2,Neutral
SoCal,1957-03-01,24.2558139534884,86,0.41,3,Neutral
SoCal,1957-04-01,27.9837209302326,86,0.72,4,ElNino
SoCal,1957-05-01,25.3244186046512,86,0.92,5,ElNino
SoCal,1957-06-01,4.32325581395349,86,1.11,6,ElNino
SoCal,1957-07-01,1.29069767441861,86,1.25,7,ElNino
SoCal,1957-08-01,3.31724137931034,87,1.32,8,ElNino
SoCal,1957-09-01,0.526436781609195,87,1.33,9,ElNino
SoCal,1957-10-01,41.4988372093023,86,1.39,10,ElNino
SoCal,1957-11-01,14.7767441860465,86,1.53,11,ElNino
SoCal,1957-12-01,65.1894117647059,85,1.74,12,ElNino
SoCal,1958-01-01,41.2559523809524,84,1.8,1,ElNino
SoCal,1958-02-01,127.827380952381,84,1.65,2,ElNino
SoCal,1958-03-01,114.55119047619,84,1.26,3,ElNino
SoCal,1958-04-01,93.5070588235294,85,0.93,4,ElNino
SoCal,1958-05-01,6.32906976744186,86,0.74,5,ElNino
SoCal,1958-06-01,0.187209302325581,86,0.64,6,ElNino
SoCal,1958-07-01,1.09176470588235,85,0.57,7,ElNino
SoCal,1958-08-01,4.79767441860465,86,0.43,8,Neutral
SoCal,1958-09-01,12.1058139534884,86,0.39,9,Neutral
SoCal,1958-10-01,4.84418604651163,86,0.44,10,Neutral
SoCal,1958-11-01,5.94883720930233,86,0.5,11,ElNino
SoCal,1958-12-01,1.23139534883721,86,0.61,12,ElNino
SoCal,1959-01-01,35.2181818181818,88,0.62,1,ElNino
SoCal,1959-02-01,98.576404494382,89,0.62,2,ElNino
SoCal,1959-03-01,0.355056179775281,89,0.52,3,ElNino
SoCal,1959-04-01,11.2545454545455,88,0.33,4,Neutral
SoCal,1959-05-01,0.753409090909091,88,0.2,5,Neutral
SoCal,1959-06-01,0.111111111111111,90,-0.07,6,Neutral
SoCal,1959-07-01,1.20222222222222,90,-0.18,7,Neutral
SoCal,1959-08-01,3.66333333333333,90,-0.28,8,Neutral
SoCal,1959-09-01,6.20444444444444,90,-0.09,9,Neutral
SoCal,1959-10-01,4.11,90,-0.03,10,Neutral
SoCal,1959-11-01,3.59222222222222,90,0.05,11,Neutral
SoCal,1959-12-01,39.4822222222222,90,-0.04,12,Neutral
SoCal,1960-01-01,63.2311111111111,90,-0.1,1,Neutral
SoCal,1960-02-01,61.561797752809,89,-0.1,2,Neutral
SoCal,1960-03-01,13.3588888888889,90,-0.07,3,Neutral
SoCal,1960-04-01,31.5566666666667,90,0.03,4,Neutral
SoCal,1960-05-01,2.15111111111111,90,0.02,5,Neutral
SoCal,1960-06-01,0.131111111111111,90,0.03,6,Neutral
SoCal,1960-07-01,1.23186813186813,91,0.12,7,Neutral
SoCal,1960-08-01,0.872527472527472,91,0.24,8,Neutral
SoCal,1960-09-01,6.44395604395605,91,0.27,9,Neutral
SoCal,1960-10-01,5.00989010989011,91,0.2,10,Neutral
SoCal,1960-11-01,65.0516483516484,91,0.12,11,Neutral
SoCal,1960-12-01,7.98021978021978,91,0.05,12,Neutral
SoCal,1961-01-01,27.5351648351648,91,0.03,1,Neutral
SoCal,1961-02-01,2.2956043956044,91,0.03,2,Neutral
SoCal,1961-03-01,21.4835164835165,91,0.04,3,Neutral
SoCal,1961-04-01,4.22857142857143,91,0.09,4,Neutral
SoCal,1961-05-01,1.92747252747253,91,0.23,5,Neutral
SoCal,1961-06-01,0.52967032967033,91,0.27,6,Neutral
SoCal,1961-07-01,0.418888888888889,90,0.14,7,Neutral
SoCal,1961-08-01,10.767032967033,91,-0.13,8,Neutral
SoCal,1961-09-01,0.567032967032967,91,-0.29,9,Neutral
SoCal,1961-10-01,1.68791208791209,91,-0.26,10,Neutral
SoCal,1961-11-01,43.156043956044,91,-0.18,11,Neutral
SoCal,1961-12-01,40.243956043956,91,-0.16,12,Neutral
SoCal,1962-01-01,58.9489130434783,92,-0.24,1,Neutral
SoCal,1962-02-01,193.222580645161,93,-0.22,2,Neutral
SoCal,1962-03-01,30.3914893617021,94,-0.2,3,Neutral
SoCal,1962-04-01,0.348936170212766,94,-0.26,4,Neutral
SoCal,1962-05-01,8.77473684210526,95,-0.27,5,Neutral
SoCal,1962-06-01,0.947368421052631,95,-0.19,6,Neutral
SoCal,1962-07-01,0.217021276595745,94,-0.04,7,Neutral
SoCal,1962-08-01,0.242105263157895,95,-0.07,8,Neutral
SoCal,1962-09-01,0.841489361702128,94,-0.11,9,Neutral
SoCal,1962-10-01,6.68936170212766,94,-0.22,10,Neutral
SoCal,1962-11-01,0.313829787234043,94,-0.3,11,Neutral
SoCal,1962-12-01,9.63297872340426,94,-0.43,12,Neutral
SoCal,1963-01-01,17.2166666666667,96,-0.4,1,Neutral
SoCal,1963-02-01,77.5739583333333,96,-0.16,2,Neutral
SoCal,1963-03-01,49.9510416666667,96,0.15,3,Neutral
SoCal,1963-04-01,39.3520833333333,96,0.27,4,Neutral
SoCal,1963-05-01,3.2875,96,0.31,5,Neutral
SoCal,1963-06-01,5.90208333333333,96,0.52,6,ElNino
SoCal,1963-07-01,0.00833333333333333,96,0.86,7,ElNino
SoCal,1963-08-01,6.29895833333333,96,1.14,8,ElNino
SoCal,1963-09-01,44.1333333333333,96,1.22,9,ElNino
SoCal,1963-10-01,23.3822916666667,96,1.29,10,ElNino
SoCal,1963-11-01,54.69375,96,1.37,11,ElNino
SoCal,1963-12-01,2.24270833333333,96,1.31,12,ElNino
SoCal,1964-01-01,40.6322916666667,96,1.07,1,ElNino
SoCal,1964-02-01,5.80416666666667,96,0.61,2,ElNino
SoCal,1964-03-01,45.871875,96,0.12,3,Neutral
SoCal,1964-04-01,22.5052631578947,95,-0.33,4,Neutral
SoCal,1964-05-01,8.12340425531915,94,-0.58,5,LaNina
SoCal,1964-06-01,2.646875,96,-0.58,6,LaNina
SoCal,1964-07-01,1.10212765957447,94,-0.6,7,LaNina
SoCal,1964-08-01,0.979787234042553,94,-0.66,8,LaNina
SoCal,1964-09-01,1.26842105263158,95,-0.76,9,LaNina
SoCal,1964-10-01,11.9708333333333,96,-0.8,10,LaNina
SoCal,1964-11-01,44.7115789473684,95,-0.82,11,LaNina
SoCal,1964-12-01,47.6947368421053,95,-0.78,12,LaNina
SoCal,1965-01-01,19.0094736842105,95,-0.59,1,LaNina
SoCal,1965-02-01,12.5531914893617,94,-0.28,2,Neutral
SoCal,1965-03-01,35.6894736842105,95,-0.07,3,Neutral
SoCal,1965-04-01,111.445263157895,95,0.18,4,Neutral
SoCal,1965-05-01,0.614736842105263,95,0.46,5,Neutral
SoCal,1965-06-01,0.852631578947368,95,0.83,6,ElNino
SoCal,1965-07-01,4.63152173913044,92,1.22,7,ElNino
SoCal,1965-08-01,3.19468085106383,94,1.55,8,ElNino
SoCal,1965-09-01,8.26702127659574,94,1.85,9,ElNino
SoCal,1965-10-01,0.174736842105263,95,1.98,10,ElNino
SoCal,1965-11-01,194.115789473684,95,1.97,11,ElNino
SoCal,1965-12-01,105.513684210526,95,1.72,12,ElNino
SoCal,1966-01-01,27.0442105263158,95,1.37,1,ElNino
SoCal,1966-02-01,27.0776595744681,94,1.17,2,ElNino
SoCal,1966-03-01,10.08,95,0.98,3,ElNino
SoCal,1966-04-01,0.813684210526316,95,0.66,4,ElNino
SoCal,1966-05-01,1.92553191489362,94,0.36,5,Neutral
SoCal,1966-06-01,0.788421052631579,95,0.24,6,Neutral
SoCal,1966-07-01,1.94787234042553,94,0.24,7,Neutral
SoCal,1966-08-01,0.582795698924731,93,0.12,8,Neutral
SoCal,1966-09-01,4.6968085106383,94,-0.05,9,Neutral
SoCal,1966-10-01,7.7778947368421,95,-0.1,10,Neutral
SoCal,1966-11-01,55.2463157894737,95,-0.18,11,Neutral
SoCal,1966-12-01,131.447872340426,94,-0.3,12,Neutral
SoCal,1967-01-01,77.6821052631579,95,-0.41,1,Neutral
SoCal,1967-02-01,3.33263157894737,95,-0.48,2,Neutral
SoCal,1967-03-01,52.9010526315789,95,-0.54,3,LaNina
SoCal,1967-04-01,89.6557894736842,95,-0.45,4,Neutral
SoCal,1967-05-01,3.22210526315789,95,-0.24,5,Neutral
SoCal,1967-06-01,2.14791666666667,96,0,6,Neutral
SoCal,1967-07-01,2.26947368421053,95,0.05,7,Neutral
SoCal,1967-08-01,7.30520833333334,96,-0.15,8,Neutral
SoCal,1967-09-01,15.25625,96,-0.29,9,Neutral
SoCal,1967-10-01,0.21578947368421,95,-0.38,10,Neutral
SoCal,1967-11-01,92.6260416666667,96,-0.34,11,Neutral
SoCal,1967-12-01,45.0385416666667,96,-0.44,12,Neutral
SoCal,1968-01-01,20.2083333333333,96,-0.63,1,LaNina
SoCal,1968-02-01,18.6494736842105,95,-0.73,2,LaNina
SoCal,1968-03-01,52.981052631579,95,-0.61,3,LaNina
SoCal,1968-04-01,16.9191489361702,94,-0.44,4,Neutral
SoCal,1968-05-01,2.96382978723404,94,-0.04,5,Neutral
SoCal,1968-06-01,0.574468085106383,94,0.28,6,Neutral
SoCal,1968-07-01,10.8408602150538,93,0.57,7,ElNino
SoCal,1968-08-01,2.42842105263158,95,0.53,8,ElNino
SoCal,1968-09-01,0.078494623655914,93,0.45,9,Neutral
SoCal,1968-10-01,16.5402173913043,92,0.55,10,ElNino
SoCal,1968-11-01,14.5510638297872,94,0.74,11,ElNino
SoCal,1968-12-01,32.4831578947368,95,0.98,12,ElNino
SoCal,1969-01-01,269.963157894737,95,1.13,1,ElNino
SoCal,1969-02-01,187.714736842105,95,1.09,2,ElNino
SoCal,1969-03-01,25.72,95,0.95,3,ElNino
SoCal,1969-04-01,21.4510638297872,94,0.77,4,ElNino
SoCal,1969-05-01,6.23829787234042,94,0.61,5,ElNino
SoCal,1969-06-01,2.29148936170213,94,0.43,6,Neutral
SoCal,1969-07-01,4.17252747252747,91,0.36,7,Neutral
SoCal,1969-08-01,0.80421052631579,95,0.52,8,ElNino
SoCal,1969-09-01,3.71789473684211,95,0.79,9,ElNino
SoCal,1969-10-01,1.70210526315789,95,0.86,10,ElNino
SoCal,1969-11-01,32.4084210526316,95,0.81,11,ElNino
SoCal,1969-12-01,6.86702127659574,94,0.63,12,ElNino
SoCal,1970-01-01,40.8468085106383,94,0.52,1,ElNino
SoCal,1970-02-01,50.2414893617021,94,0.34,2,Neutral
SoCal,1970-03-01,69.5808510638298,94,0.29,3,Neutral
SoCal,1970-04-01,5.46236559139785,93,0.19,4,Neutral
SoCal,1970-05-01,0.16989247311828,93,0.04,5,Neutral
SoCal,1970-06-01,0.724468085106383,94,-0.3,6,Neutral
SoCal,1970-07-01,2.07446808510638,94,-0.63,7,LaNina
SoCal,1970-08-01,8.55054945054945,91,-0.76,8,LaNina
SoCal,1970-09-01,0.172340425531915,94,-0.77,9,LaNina
SoCal,1970-10-01,1.59042553191489,94,-0.74,10,LaNina
SoCal,1970-11-01,84.3808510638298,94,-0.86,11,LaNina
SoCal,1970-12-01,87.2904255319149,94,-1.15,12,LaNina
SoCal,1971-01-01,18.7182795698925,93,-1.36,1,LaNina
SoCal,1971-02-01,17.0021505376344,93,-1.38,2,LaNina
SoCal,1971-03-01,10.7989130434783,92,-1.12,3,LaNina
SoCal,1971-04-01,17.625,92,-0.85,4,LaNina
SoCal,1971-05-01,20.5559139784946,93,-0.73,5,LaNina
SoCal,1971-06-01,0.18804347826087,92,-0.74,6,LaNina
SoCal,1971-07-01,1.21182795698925,93,-0.8,7,LaNina
SoCal,1971-08-01,6.69555555555555,90,-0.77,8,LaNina
SoCal,1971-09-01,2.30537634408602,93,-0.82,9,LaNina
SoCal,1971-10-01,11.9129032258065,93,-0.85,10,LaNina
SoCal,1971-11-01,8.94891304347826,92,-0.96,11,LaNina
SoCal,1971-12-01,116.77311827957,93,-0.9,12,LaNina
SoCal,1972-01-01,2.8945652173913,92,-0.7,1,LaNina
SoCal,1972-02-01,5.08709677419355,93,-0.35,2,Neutral
SoCal,1972-03-01,0.0532608695652174,92,0.06,3,Neutral
SoCal,1972-04-01,4.97204301075269,93,0.41,4,Neutral
SoCal,1972-05-01,2.76989247311828,93,0.67,5,ElNino
SoCal,1972-06-01,10.4784946236559,93,0.92,6,ElNino
SoCal,1972-07-01,0.273913043478261,92,1.13,7,ElNino
SoCal,1972-08-01,3.81075268817204,93,1.37,8,ElNino
SoCal,1972-09-01,2.67934782608696,92,1.58,9,ElNino
SoCal,1972-10-01,21.5032258064516,93,1.84,10,ElNino
SoCal,1972-11-01,75.0054347826087,92,2.09,11,ElNino
SoCal,1972-12-01,36.5358695652174,92,2.12,12,ElNino
SoCal,1973-01-01,84.0629213483146,89,1.85,1,ElNino
SoCal,1973-02-01,139.379347826087,92,1.25,2,ElNino
SoCal,1973-03-01,79.6455555555555,90,0.55,3,ElNino
SoCal,1973-04-01,2.1043956043956,91,-0.1,4,Neutral
SoCal,1973-05-01,1.51630434782609,92,-0.54,5,LaNina
SoCal,1973-06-01,0.296739130434783,92,-0.87,6,LaNina
SoCal,1973-07-01,0.121590909090909,88,-1.11,7,LaNina
SoCal,1973-08-01,2.72150537634409,93,-1.28,8,LaNina
SoCal,1973-09-01,0.192307692307692,91,-1.45,9,LaNina
SoCal,1973-10-01,5.85604395604396,91,-1.71,10,LaNina
SoCal,1973-11-01,41.0769230769231,91,-1.95,11,LaNina
SoCal,1973-12-01,21.0118279569892,93,-2.03,12,LaNina
SoCal,1974-01-01,140.265591397849,93,-1.84,1,LaNina
SoCal,1974-02-01,2.58510638297872,94,-1.55,2,LaNina
SoCal,1974-03-01,72.0989361702128,94,-1.23,3,LaNina
SoCal,1974-04-01,12.5576086956522,92,-1.03,4,LaNina
SoCal,1974-05-01,1.69032258064516,93,-0.91,5,LaNina
SoCal,1974-06-01,0.172826086956522,92,-0.77,6,LaNina
SoCal,1974-07-01,5.19673913043478,92,-0.54,7,LaNina
SoCal,1974-08-01,1.59891304347826,92,-0.37,8,Neutral
SoCal,1974-09-01,0.845054945054946,91,-0.41,9,Neutral
SoCal,1974-10-01,28.967032967033,91,-0.61,10,LaNina
SoCal,1974-11-01,5.20430107526882,93,-0.75,11,LaNina
SoCal,1974-12-01,76.054945054945,91,-0.64,12,LaNina
SoCal,1975-01-01,5.09354838709677,93,-0.54,1,LaNina
SoCal,1975-02-01,58.0387096774194,93,-0.57,2,LaNina
SoCal,1975-03-01,89.2505376344086,93,-0.66,3,LaNina
SoCal,1975-04-01,43.1891304347826,92,-0.73,4,LaNina
SoCal,1975-05-01,1.81397849462366,93,-0.83,5,LaNina
SoCal,1975-06-01,0.675,92,-0.98,6,LaNina
SoCal,1975-07-01,1.10434782608696,92,-1.13,7,LaNina
SoCal,1975-08-01,0.226373626373626,91,-1.2,8,LaNina
SoCal,1975-09-01,5.6989247311828,93,-1.37,9,LaNina
SoCal,1975-10-01,10.0869565217391,92,-1.43,10,LaNina
SoCal,1975-11-01,11.9576086956522,92,-1.55,11,LaNina
SoCal,1975-12-01,6.8445652173913,92,-1.65,12,LaNina
SoCal,1976-01-01,0.277173913043478,92,-1.55,1,LaNina
SoCal,1976-02-01,104.244086021505,93,-1.17,2,LaNina
SoCal,1976-03-01,33.6333333333333,93,-0.73,3,LaNina
SoCal,1976-04-01,26.9967032967033,91,-0.47,4,Neutral
SoCal,1976-05-01,4.6,92,-0.28,5,Neutral
SoCal,1976-06-01,2.0804347826087,92,-0.05,6,Neutral
SoCal,1976-07-01,3.48260869565217,92,0.18,7,Neutral
SoCal,1976-08-01,3.78064516129032,93,0.35,8,Neutral
SoCal,1976-09-01,87.7728260869565,92,0.62,9,ElNino
SoCal,1976-10-01,12.9836956521739,92,0.81,10,ElNino
SoCal,1976-11-01,15.2255555555556,90,0.86,11,ElNino
SoCal,1976-12-01,18.4538461538462,91,0.85,12,ElNino
SoCal,1977-01-01,66.8406593406593,91,0.71,1,ElNino
SoCal,1977-02-01,7.02903225806452,93,0.64,2,ElNino
SoCal,1977-03-01,33.0860215053763,93,0.34,3,Neutral
SoCal,1977-04-01,1.1752688172043,93,0.23,4,Neutral
SoCal,1977-05-01,56.2924731182796,93,0.21,5,Neutral
SoCal,1977-06-01,1.02826086956522,92,0.34,6,Neutral
SoCal,1977-07-01,0.408695652173913,92,0.35,7,Neutral
SoCal,1977-08-01,45.9815217391304,92,0.42,8,Neutral
SoCal,1977-09-01,1.11413043478261,92,0.57,9,ElNino
SoCal,1977-10-01,3.4,92,0.73,10,ElNino
SoCal,1977-11-01,3.50652173913044,92,0.81,11,ElNino
SoCal,1977-12-01,96.3137931034483,87,0.79,12,ElNino
SoCal,1978-01-01,161.638888888889,90,0.69,1,ElNino
SoCal,1978-02-01,167.059139784946,93,0.42,2,Neutral
SoCal,1978-03-01,184.331111111111,90,0.06,3,Neutral
SoCal,1978-04-01,45.2722222222222,90,-0.18,4,Neutral
SoCal,1978-05-01,1.82584269662921,89,-0.31,5,Neutral
SoCal,1978-06-01,0.066304347826087,92,-0.29,6,Neutral
SoCal,1978-07-01,1.0054347826087,92,-0.36,7,Neutral
SoCal,1978-08-01,1.79673913043478,92,-0.42,8,Neutral
SoCal,1978-09-01,22.1274725274725,91,-0.42,9,Neutral
SoCal,1978-10-01,7.56344086021505,93,-0.29,10,Neutral
SoCal,1978-11-01,51.1989247311828,93,-0.09,11,Neutral
SoCal,1978-12-01,49.3311111111111,90,0,12,Neutral
SoCal,1979-01-01,126.443010752688,93,0.03,1,Neutral
SoCal,1979-02-01,69.3393617021277,94,0.07,2,Neutral
SoCal,1979-03-01,102.740860215054,93,0.2,3,Neutral
SoCal,1979-04-01,0.931111111111111,90,0.28,4,Neutral
SoCal,1979-05-01,3.0752688172043,93,0.23,5,Neutral
SoCal,1979-06-01,0.314444444444444,90,0.05,6,Neutral
SoCal,1979-07-01,9.6021978021978,91,0.04,7,Neutral
SoCal,1979-08-01,7.59130434782609,92,0.17,8,Neutral
SoCal,1979-09-01,2.72558139534884,86,0.33,9,Neutral
SoCal,1979-10-01,18.656043956044,91,0.45,10,Neutral
SoCal,1979-11-01,9.94631578947368,95,0.52,11,ElNino
SoCal,1979-12-01,19.7111111111111,90,0.64,12,ElNino
SoCal,1980-01-01,167.813483146067,89,0.59,1,ElNino
SoCal,1980-02-01,214.58202247191,89,0.46,2,Neutral
SoCal,1980-03-01,78.4168421052632,95,0.34,3,Neutral
SoCal,1980-04-01,20.6021276595745,94,0.38,4,Neutral
SoCal,1980-05-01,10.6368421052632,95,0.48,5,Neutral
SoCal,1980-06-01,0.403125,96,0.46,6,Neutral
SoCal,1980-07-01,3.05684210526316,95,0.25,7,Neutral
SoCal,1980-08-01,0.749425287356322,87,0.03,8,Neutral
SoCal,1980-09-01,0.905681818181818,88,-0.07,9,Neutral
SoCal,1980-10-01,2.63076923076923,91,0.02,10,Neutral
SoCal,1980-11-01,0.065625,96,0.11,11,Neutral
SoCal,1980-12-01,16.7123711340206,97,-0.01,12,Neutral
SoCal,1981-01-01,55.6364583333333,96,-0.26,1,Neutral
SoCal,1981-02-01,38.0185567010309,97,-0.5,2,LaNina
SoCal,1981-03-01,94.0371134020618,97,-0.47,3,Neutral
SoCal,1981-04-01,13.3322580645161,93,-0.37,4,Neutral
SoCal,1981-05-01,3.91546391752577,97,-0.26,5,Neutral
SoCal,1981-06-01,0.0851063829787234,94,-0.29,6,Neutral
SoCal,1981-07-01,0.469473684210526,95,-0.29,7,Neutral
SoCal,1981-08-01,2.690625,96,-0.24,8,Neutral
SoCal,1981-09-01,3.20824742268041,97,-0.16,9,Neutral
SoCal,1981-10-01,13.3290322580645,93,-0.13,10,Neutral
SoCal,1981-11-01,38.4172043010753,93,-0.15,11,Neutral
SoCal,1981-12-01,14.9478260869565,92,-0.08,12,Neutral
SoCal,1982-01-01,76.1302083333333,96,-0.05,1,Neutral
SoCal,1982-02-01,25.3414893617021,94,0.07,2,Neutral
SoCal,1982-03-01,114.137894736842,95,0.18,3,Neutral
SoCal,1982-04-01,42.7872340425532,94,0.47,4,Neutral
SoCal,1982-05-01,4.1421052631579,95,0.66,5,ElNino
SoCal,1982-06-01,1.81578947368421,95,0.72,6,ElNino
SoCal,1982-07-01,9.04468085106383,94,0.79,7,ElNino
SoCal,1982-08-01,6.46105263157895,95,1.07,8,ElNino
SoCal,1982-09-01,22.018085106383,94,1.58,9,ElNino
SoCal,1982-10-01,11.0333333333333,96,1.96,10,ElNino
SoCal,1982-11-01,87.3821052631579,95,2.18,11,ElNino
SoCal,1982-12-01,57.1642105263158,95,2.23,12,ElNino
SoCal,1983-01-01,108.081914893617,94,2.18,1,ElNino
SoCal,1983-02-01,110.278494623656,93,1.92,2,ElNino
SoCal,1983-03-01,188.106451612903,93,1.54,3,ElNino
SoCal,1983-04-01,69.1159574468085,94,1.29,4,ElNino
SoCal,1983-05-01,5.14479166666667,96,1.06,5,ElNino
SoCal,1983-06-01,0.46,95,0.72,6,ElNino
SoCal,1983-07-01,0.114583333333333,96,0.32,7,Neutral
SoCal,1983-08-01,42.2287234042553,94,-0.08,8,Neutral
SoCal,1983-09-01,21.5894736842105,95,-0.45,9,Neutral
SoCal,1983-10-01,28.1652631578947,95,-0.81,10,LaNina
SoCal,1983-11-01,62.1572916666667,96,-1,11,LaNina
SoCal,1983-12-01,69.8614583333333,96,-0.91,12,LaNina
SoCal,1984-01-01,3.796875,96,-0.6,1,LaNina
SoCal,1984-02-01,3.23191489361702,94,-0.42,2,Neutral
SoCal,1984-03-01,6.36631578947368,95,-0.34,3,Neutral
SoCal,1984-04-01,11.1478723404255,94,-0.43,4,Neutral
SoCal,1984-05-01,0.122105263157895,95,-0.51,5,LaNina
SoCal,1984-06-01,1,96,-0.44,6,Neutral
SoCal,1984-07-01,15.8729166666667,96,-0.3,7,Neutral
SoCal,1984-08-01,12.353125,96,-0.16,8,Neutral
SoCal,1984-09-01,6.19263157894737,95,-0.24,9,Neutral
SoCal,1984-10-01,7.06559139784946,93,-0.56,10,LaNina
SoCal,1984-11-01,47.6698924731183,93,-0.91,11,LaNina
SoCal,1984-12-01,116.274736842105,95,-1.14,12,LaNina
SoCal,1985-01-01,19.7290322580645,93,-1.04,1,LaNina
SoCal,1985-02-01,29.441052631579,95,-0.85,2,LaNina
SoCal,1985-03-01,28.9936842105263,95,-0.77,3,LaNina
SoCal,1985-04-01,3.12315789473684,95,-0.78,4,LaNina
SoCal,1985-05-01,1.33510638297872,94,-0.78,5,LaNina
SoCal,1985-06-01,0.896875,96,-0.62,6,LaNina
SoCal,1985-07-01,4.87216494845361,97,-0.49,7,Neutral
SoCal,1985-08-01,0.157731958762887,97,-0.46,8,Neutral
SoCal,1985-09-01,11.080412371134,97,-0.4,9,Neutral
SoCal,1985-10-01,10.9291666666667,96,-0.35,10,Neutral
SoCal,1985-11-01,95.3,96,-0.27,11,Neutral
SoCal,1985-12-01,19.6114583333333,96,-0.36,12,Neutral
SoCal,1986-01-01,41.3768421052632,95,-0.49,1,Neutral
SoCal,1986-02-01,104.645652173913,92,-0.47,2,Neutral
SoCal,1986-03-01,94.8340206185567,97,-0.31,3,Neutral
SoCal,1986-04-01,13.4852631578947,95,-0.2,4,Neutral
SoCal,1986-05-01,0.168041237113402,97,-0.12,5,Neutral
SoCal,1986-06-01,0.0031578947368421,95,-0.04,6,Neutral
SoCal,1986-07-01,5.23541666666667,96,0.22,7,Neutral
SoCal,1986-08-01,3.27916666666667,96,0.44,8,Neutral
SoCal,1986-09-01,21.5770833333333,96,0.71,9,ElNino
SoCal,1986-10-01,13.1494505494506,91,0.94,10,ElNino
SoCal,1986-11-01,20.8572916666667,96,1.14,11,ElNino
SoCal,1986-12-01,20.3849462365591,93,1.22,12,ElNino
SoCal,1987-01-01,40.2875,96,1.23,1,ElNino
SoCal,1987-02-01,35.90625,96,1.19,2,ElNino
SoCal,1987-03-01,42.9585106382979,94,1.06,3,ElNino
SoCal,1987-04-01,5.3778947368421,95,0.94,4,ElNino
SoCal,1987-05-01,3.00105263157895,95,0.97,5,ElNino
SoCal,1987-06-01,2.7621052631579,95,1.22,6,ElNino
SoCal,1987-07-01,2.10515463917526,97,1.51,7,ElNino
SoCal,1987-08-01,2.09157894736842,95,1.7,8,ElNino
SoCal,1987-09-01,4.375,96,1.65,9,ElNino
SoCal,1987-10-01,56.3,97,1.49,10,ElNino
SoCal,1987-11-01,43.8904255319149,94,1.25,11,ElNino
SoCal,1987-12-01,61.4904255319149,94,1.11,12,ElNino
SoCal,1988-01-01,52.7747368421053,95,0.81,1,ElNino
SoCal,1988-02-01,39.0673684210526,95,0.54,2,ElNino
SoCal,1988-03-01,11.771875,96,0.14,3,Neutral
SoCal,1988-04-01,62.9557894736842,95,-0.31,4,Neutral
SoCal,1988-05-01,3.15473684210526,95,-0.88,5,LaNina
SoCal,1988-06-01,1.16595744680851,94,-1.3,6,LaNina
SoCal,1988-07-01,0.631578947368421,95,-1.29,7,LaNina
SoCal,1988-08-01,8.01063829787234,94,-1.1,8,LaNina
SoCal,1988-09-01,1.528125,96,-1.19,9,LaNina
SoCal,1988-10-01,0.165979381443299,97,-1.48,10,LaNina
SoCal,1988-11-01,24.6711340206186,97,-1.8,11,LaNina
SoCal,1988-12-01,73.7122448979592,98,-1.85,12,LaNina
SoCal,1989-01-01,20.8744897959184,98,-1.69,1,LaNina
SoCal,1989-02-01,41.7635416666667,96,-1.43,2,LaNina
SoCal,1989-03-01,23.6663265306122,98,-1.08,3,LaNina
SoCal,1989-04-01,3.18163265306122,98,-0.83,4,LaNina
SoCal,1989-05-01,4.52395833333333,96,-0.57,5,LaNina
SoCal,1989-06-01,0.208163265306122,98,-0.4,6,Neutral
SoCal,1989-07-01,0.791666666666667,96,-0.31,7,Neutral
SoCal,1989-08-01,2.10824742268041,97,-0.27,8,Neutral
SoCal,1989-09-01,11.1350515463918,97,-0.24,9,Neutral
SoCal,1989-10-01,10.6515789473684,95,-0.22,10,Neutral
SoCal,1989-11-01,6.10515463917526,97,-0.16,11,Neutral
SoCal,1989-12-01,2.03333333333333,96,-0.05,12,Neutral
SoCal,1990-01-01,59.2063829787234,94,0.14,1,Neutral
SoCal,1990-02-01,49.1189473684211,95,0.21,2,Neutral
SoCal,1990-03-01,9.92872340425532,94,0.28,3,Neutral
SoCal,1990-04-01,13.7178947368421,95,0.29,4,Neutral
SoCal,1990-05-01,15.1438775510204,98,0.29,5,Neutral
SoCal,1990-06-01,4.15714285714286,98,0.31,6,Neutral
SoCal,1990-07-01,3.02989690721649,97,0.33,7,Neutral
SoCal,1990-08-01,5.08367346938775,98,0.38,8,Neutral
SoCal,1990-09-01,5.0378947368421,95,0.39,9,Neutral
SoCal,1990-10-01,1.00947368421053,95,0.35,10,Neutral
SoCal,1990-11-01,10.5897959183673,98,0.4,11,Neutral
SoCal,1990-12-01,7.71354166666667,96,0.41,12,Neutral
SoCal,1991-01-01,31.140206185567,97,0.41,1,Neutral
SoCal,1991-02-01,61.9350515463918,97,0.26,2,Neutral
SoCal,1991-03-01,206.164285714286,98,0.22,3,Neutral
SoCal,1991-04-01,1.86020408163265,98,0.26,4,Neutral
SoCal,1991-05-01,0.570408163265306,98,0.46,5,Neutral
SoCal,1991-06-01,1.18265306122449,98,0.64,6,ElNino
SoCal,1991-07-01,5.26185567010309,97,0.73,7,ElNino
SoCal,1991-08-01,4.23092783505155,97,0.64,8,ElNino
SoCal,1991-09-01,5.61170212765957,94,0.62,9,ElNino
SoCal,1991-10-01,13.0635416666667,96,0.79,10,ElNino
SoCal,1991-11-01,3.44387755102041,98,1.21,11,ElNino
SoCal,1991-12-01,67.718947368421,95,1.53,12,ElNino
SoCal,1992-01-01,49.0526315789474,95,1.71,1,ElNino
SoCal,1992-02-01,163.36875,96,1.63,2,ElNino
SoCal,1992-03-01,111.258064516129,93,1.48,3,ElNino
SoCal,1992-04-01,6.47157894736842,95,1.29,4,ElNino
SoCal,1992-05-01,5.07083333333333,96,1.06,5,ElNino
SoCal,1992-06-01,0.209782608695652,92,0.73,6,ElNino
SoCal,1992-07-01,5.95869565217391,92,0.37,7,Neutral
SoCal,1992-08-01,9.08085106382979,94,0.09,8,Neutral
SoCal,1992-09-01,0.157731958762887,97,-0.13,9,Neutral
SoCal,1992-10-01,28.1882978723404,94,-0.25,10,Neutral
SoCal,1992-11-01,0.41978021978022,91,-0.28,11,Neutral
SoCal,1992-12-01,102.769565217391,92,-0.13,12,Neutral
SoCal,1993-01-01,272.614432989691,97,0.09,1,Neutral
SoCal,1993-02-01,161.057446808511,94,0.29,2,Neutral
SoCal,1993-03-01,53.7351063829787,94,0.5,3,ElNino
SoCal,1993-04-01,0.972164948453608,97,0.67,4,ElNino
SoCal,1993-05-01,2.04239130434783,92,0.7,5,ElNino
SoCal,1993-06-01,15.1326086956522,92,0.57,6,ElNino
SoCal,1993-07-01,0.0768421052631579,95,0.32,7,Neutral
SoCal,1993-08-01,1.74782608695652,92,0.26,8,Neutral
SoCal,1993-09-01,0.0783505154639175,97,0.15,9,Neutral
SoCal,1993-10-01,4.28020833333333,96,0.11,10,Neutral
SoCal,1993-11-01,25.5385416666667,96,0.04,11,Neutral
SoCal,1993-12-01,24.7721649484536,97,0.06,12,Neutral
SoCal,1994-01-01,21.9329896907216,97,0.06,1,Neutral
SoCal,1994-02-01,89.920618556701,97,0.07,2,Neutral
SoCal,1994-03-01,51.0586956521739,92,0.17,3,Neutral
SoCal,1994-04-01,20.2458333333333,96,0.31,4,Neutral
SoCal,1994-05-01,10.3829787234043,94,0.42,5,Neutral
SoCal,1994-06-01,0.0726315789473684,95,0.41,6,Neutral
SoCal,1994-07-01,0.868478260869565,92,0.44,7,Neutral
SoCal,1994-08-01,3.3258064516129,93,0.43,8,Neutral
SoCal,1994-09-01,4.13617021276596,94,0.55,9,ElNino
SoCal,1994-10-01,11.4347368421053,95,0.74,10,ElNino
SoCal,1994-11-01,24.3063157894737,95,1,11,ElNino
SoCal,1994-12-01,27.4663157894737,95,1.09,12,ElNino
SoCal,1995-01-01,272.553684210526,95,0.96,1,ElNino
SoCal,1995-02-01,43.5526315789474,95,0.72,2,ElNino
SoCal,1995-03-01,170.965957446809,94,0.53,3,ElNino
SoCal,1995-04-01,19.9978723404255,94,0.3,4,Neutral
SoCal,1995-05-01,14.2031914893617,94,0.14,5,Neutral
SoCal,1995-06-01,12.0489583333333,96,-0.03,6,Neutral
SoCal,1995-07-01,1.20104166666667,96,-0.24,7,Neutral
SoCal,1995-08-01,2.0625,96,-0.54,8,LaNina
SoCal,1995-09-01,1.41666666666667,96,-0.81,9,LaNina
SoCal,1995-10-01,0.091578947368421,95,-0.97,10,LaNina
SoCal,1995-11-01,2.46979166666667,96,-1.01,11,LaNina
SoCal,1995-12-01,29.9852631578947,95,-0.99,12,LaNina
SoCal,1996-01-01,42.5521276595745,94,-0.9,1,LaNina
SoCal,1996-02-01,114.91875,96,-0.76,2,LaNina
SoCal,1996-03-01,42.95625,96,-0.59,3,LaNina
SoCal,1996-04-01,13.1208333333333,96,-0.39,4,Neutral
SoCal,1996-05-01,3.15,96,-0.31,5,Neutral
SoCal,1996-06-01,0.02,95,-0.29,6,Neutral
SoCal,1996-07-01,1.459375,96,-0.27,7,Neutral
SoCal,1996-08-01,0.698958333333333,96,-0.32,8,Neutral
SoCal,1996-09-01,1.72446808510638,94,-0.35,9,Neutral
SoCal,1996-10-01,30.9063157894737,95,-0.4,10,Neutral
SoCal,1996-11-01,46.6597826086957,92,-0.45,11,Neutral
SoCal,1996-12-01,83.8073684210526,95,-0.5,12,LaNina
SoCal,1997-01-01,110.970526315789,95,-0.5,1,LaNina
SoCal,1997-02-01,9.81052631578947,95,-0.37,2,Neutral
SoCal,1997-03-01,0.647311827956989,93,-0.1,3,Neutral
SoCal,1997-04-01,2.27553191489362,94,0.28,4,Neutral
SoCal,1997-05-01,0.607608695652174,92,0.75,5,ElNino
SoCal,1997-06-01,0.970967741935484,93,1.22,6,ElNino
SoCal,1997-07-01,5.03548387096774,93,1.6,7,ElNino
SoCal,1997-08-01,0.904255319148936,94,1.9,8,ElNino
SoCal,1997-09-01,30.7478723404255,94,2.14,9,ElNino
SoCal,1997-10-01,2.84301075268817,93,2.33,10,ElNino
SoCal,1997-11-01,53.552688172043,93,2.4,11,ElNino
SoCal,1997-12-01,77.7802197802198,91,2.39,12,ElNino
SoCal,1998-01-01,68.6451612903226,93,2.24,1,ElNino
SoCal,1998-02-01,286.886170212766,94,1.93,2,ElNino
SoCal,1998-03-01,75.9903225806452,93,1.44,3,ElNino
SoCal,1998-04-01,39.0705263157895,95,0.99,4,ElNino
SoCal,1998-05-01,62.3915789473684,95,0.45,5,Neutral
SoCal,1998-06-01,3.81649484536082,97,-0.13,6,Neutral
SoCal,1998-07-01,1.66224489795918,98,-0.78,7,LaNina
SoCal,1998-08-01,5.49285714285714,98,-1.12,8,LaNina
SoCal,1998-09-01,8.84432989690722,97,-1.31,9,LaNina
SoCal,1998-10-01,2.7804347826087,92,-1.35,10,LaNina
SoCal,1998-11-01,26.5125,96,-1.48,11,LaNina
SoCal,1998-12-01,14.8875,96,-1.57,12,LaNina
SoCal,1999-01-01,43.9808988764045,89,-1.55,1,LaNina
SoCal,1999-02-01,21.2153846153846,91,-1.3,2,LaNina
SoCal,1999-03-01,35.8333333333333,93,-1.07,3,LaNina
SoCal,1999-04-01,48.2510638297872,94,-0.97,4,LaNina
SoCal,1999-05-01,1.47978723404255,94,-1.02,5,LaNina
SoCal,1999-06-01,7.58829787234043,94,-1.04,6,LaNina
SoCal,1999-07-01,9.30652173913044,92,-1.1,7,LaNina
SoCal,1999-08-01,1.02688172043011,93,-1.11,8,LaNina
SoCal,1999-09-01,4.2,94,-1.16,9,LaNina
SoCal,1999-10-01,0.0410526315789473,95,-1.26,10,LaNina
SoCal,1999-11-01,9.45652173913044,92,-1.46,11,LaNina
SoCal,1999-12-01,2.66170212765957,94,-1.66,12,LaNina
SoCal,2000-01-01,27.8619565217391,92,-1.67,1,LaNina
SoCal,2000-02-01,131.678947368421,95,-1.41,2,LaNina
SoCal,2000-03-01,45.0178947368421,95,-1.07,3,LaNina
SoCal,2000-04-01,40.8141304347826,92,-0.81,4,LaNina
SoCal,2000-05-01,1.50212765957447,94,-0.71,5,LaNina
SoCal,2000-06-01,1.41612903225806,93,-0.64,6,LaNina
SoCal,2000-07-01,0.0279569892473118,93,-0.55,7,LaNina
SoCal,2000-08-01,6.38191489361702,94,-0.51,8,LaNina
SoCal,2000-09-01,2.83295454545455,88,-0.55,9,LaNina
SoCal,2000-10-01,27.3079545454545,88,-0.63,10,LaNina
SoCal,2000-11-01,2.31363636363636,88,-0.75,11,LaNina
SoCal,2000-12-01,0.907954545454545,88,-0.74,12,LaNina
SoCal,2001-01-01,83.1010416666667,96,-0.68,1,LaNina
SoCal,2001-02-01,112.648421052632,95,-0.52,2,LaNina
SoCal,2001-03-01,45.55,90,-0.44,3,Neutral
SoCal,2001-04-01,28.3684210526316,95,-0.34,4,Neutral
SoCal,2001-05-01,0.76236559139785,93,-0.25,5,Neutral
SoCal,2001-06-01,0.0666666666666666,96,-0.12,6,Neutral
SoCal,2001-07-01,3.34948453608248,97,-0.07,7,Neutral
SoCal,2001-08-01,0.494897959183673,98,-0.13,8,Neutral
SoCal,2001-09-01,0.725510204081632,98,-0.19,9,Neutral
SoCal,2001-10-01,3.98762886597938,97,-0.29,10,Neutral
SoCal,2001-11-01,38.684693877551,98,-0.35,11,Neutral
SoCal,2001-12-01,30.6216494845361,97,-0.31,12,Neutral
SoCal,2002-01-01,14.178125,96,-0.15,1,Neutral
SoCal,2002-02-01,5.40105263157895,95,0.03,2,Neutral
SoCal,2002-03-01,16.4185567010309,97,0.09,3,Neutral
SoCal,2002-04-01,7.0340206185567,97,0.2,4,Neutral
SoCal,2002-05-01,2.18163265306122,98,0.44,5,Neutral
SoCal,2002-06-01,0.2,95,0.65,6,ElNino
SoCal,2002-07-01,0.51734693877551,98,0.79,7,ElNino
SoCal,2002-08-01,0.0408163265306122,98,0.86,8,ElNino
SoCal,2002-09-01,4.59479166666667,96,1.01,9,ElNino
SoCal,2002-10-01,0.731958762886598,97,1.21,10,ElNino
SoCal,2002-11-01,51.0680412371134,97,1.31,11,ElNino
SoCal,2002-12-01,64.0948453608247,97,1.14,12,ElNino
SoCal,2003-01-01,2.79381443298969,97,0.92,1,ElNino
SoCal,2003-02-01,93.1948453608247,97,0.63,2,ElNino
SoCal,2003-03-01,52.8422680412371,97,0.38,3,Neutral
SoCal,2003-04-01,32.4736842105263,95,-0.04,4,Neutral
SoCal,2003-05-01,19.9875,96,-0.26,5,Neutral
SoCal,2003-06-01,0.798924731182796,93,-0.16,6,Neutral
SoCal,2003-07-01,3.50631578947368,95,0.08,7,Neutral
SoCal,2003-08-01,8.3958762886598,97,0.21,8,Neutral
SoCal,2003-09-01,2.409375,96,0.26,9,Neutral
SoCal,2003-10-01,2.43118279569893,93,0.29,10,Neutral
SoCal,2003-11-01,23.5631578947368,95,0.35,11,Neutral
SoCal,2003-12-01,32.0548387096774,93,0.35,12,Neutral
SoCal,2004-01-01,11.2611650485437,103,0.37,1,Neutral
SoCal,2004-02-01,102.832989690722,97,0.31,2,Neutral
SoCal,2004-03-01,13.466,100,0.24,3,Neutral
SoCal,2004-04-01,8.73823529411765,102,0.17,4,Neutral
SoCal,2004-05-01,0.0683673469387755,98,0.17,5,Neutral
SoCal,2004-06-01,0.333673469387755,98,0.28,6,Neutral
SoCal,2004-07-01,0.333663366336634,101,0.47,7,Neutral
SoCal,2004-08-01,1.933,100,0.64,8,ElNino
SoCal,2004-09-01,1.82178217821782,101,0.7,9,ElNino
SoCal,2004-10-01,108.282474226804,97,0.67,10,ElNino
SoCal,2004-11-01,20.4632653061224,98,0.66,11,ElNino
SoCal,2004-12-01,113.335,100,0.69,12,ElNino
SoCal,2005-01-01,169.975,100,0.64,1,ElNino
SoCal,2005-02-01,160.364583333333,96,0.58,2,ElNino
SoCal,2005-03-01,41.572,100,0.45,3,Neutral
SoCal,2005-04-01,19.0204301075269,93,0.42,4,Neutral
SoCal,2005-05-01,11.6540816326531,98,0.29,5,Neutral
SoCal,2005-06-01,0.155208333333333,96,0.11,6,Neutral
SoCal,2005-07-01,7.96161616161616,99,-0.06,7,Neutral
SoCal,2005-08-01,6.82526315789474,95,-0.13,8,Neutral
SoCal,2005-09-01,6.34421052631579,95,-0.1,9,Neutral
SoCal,2005-10-01,30.495652173913,92,-0.28,10,Neutral
SoCal,2005-11-01,6.67032967032967,91,-0.57,11,LaNina
SoCal,2005-12-01,15.6181818181818,99,-0.84,12,LaNina
SoCal,2006-01-01,51.6287234042553,94,-0.85,1,LaNina
SoCal,2006-02-01,43.5277777777778,90,-0.76,2,LaNina
SoCal,2006-03-01,71.1212121212121,66,-0.57,3,LaNina
SoCal,2006-04-01,59.6393258426966,89,-0.37,4,Neutral
SoCal,2006-05-01,12.9021276595745,94,-0.14,5,Neutral
SoCal,2006-06-01,0.997777777777778,90,-0.03,6,Neutral
SoCal,2006-07-01,2.40659340659341,91,0.11,7,Neutral
SoCal,2006-08-01,1.51264367816092,87,0.31,8,Neutral
SoCal,2006-09-01,2.70112359550562,89,0.54,9,ElNino
SoCal,2006-10-01,5.15862068965517,87,0.76,10,ElNino
SoCal,2006-11-01,3.15555555555556,90,0.94,11,ElNino
SoCal,2006-12-01,18.8020833333333,96,0.94,12,ElNino
SoCal,2007-01-01,15.5752577319588,97,0.66,1,ElNino
SoCal,2007-02-01,35.742,100,0.22,2,Neutral
SoCal,2007-03-01,6.85555555555556,99,-0.12,3,Neutral
SoCal,2007-04-01,12.9556701030928,97,-0.32,4,Neutral
SoCal,2007-05-01,0.7,96,-0.38,5,Neutral
SoCal,2007-06-01,0.0371134020618557,97,-0.47,6,Neutral
SoCal,2007-07-01,1.08020833333333,96,-0.56,7,LaNina
SoCal,2007-08-01,2.53125,96,-0.81,8,LaNina
SoCal,2007-09-01,11.271875,96,-1.07,9,LaNina
SoCal,2007-10-01,6.74489795918367,98,-1.34,10,LaNina
SoCal,2007-11-01,13.495,100,-1.5,11,LaNina
SoCal,2007-12-01,40.0427083333333,96,-1.6,12,LaNina
SoCal,2008-01-01,150.512244897959,98,-1.64,1,LaNina
SoCal,2008-02-01,39.497,100,-1.52,2,LaNina
SoCal,2008-03-01,2.36907216494845,97,-1.29,3,LaNina
SoCal,2008-04-01,1.669,100,-1.01,4,LaNina
SoCal,2008-05-01,8.88888888888889,99,-0.84,5,LaNina
SoCal,2008-06-01,0.0567010309278351,97,-0.61,6,LaNina
SoCal,2008-07-01,3.08556701030928,97,-0.37,7,Neutral
SoCal,2008-08-01,3.40909090909091,99,-0.23,8,Neutral
SoCal,2008-09-01,1.088,100,-0.24,9,Neutral
SoCal,2008-10-01,1.53838383838384,99,-0.35,10,Neutral
SoCal,2008-11-01,36.8485148514851,101,-0.56,11,LaNina
SoCal,2008-12-01,61.4051020408163,98,-0.74,12,LaNina
SoCal,2009-01-01,9.21326530612245,98,-0.85,1,LaNina
SoCal,2009-02-01,86.3240384615385,104,-0.79,2,LaNina
SoCal,2009-03-01,9.71782178217822,101,-0.61,3,LaNina
SoCal,2009-04-01,3.58235294117647,102,-0.33,4,Neutral
SoCal,2009-05-01,1.30808080808081,99,0.01,5,Neutral
SoCal,2009-06-01,2.20918367346939,98,0.28,6,Neutral
SoCal,2009-07-01,0.353125,96,0.45,7,Neutral
SoCal,2009-08-01,0.498979591836735,98,0.57,8,ElNino
SoCal,2009-09-01,1.00531914893617,94,0.71,9,ElNino
SoCal,2009-10-01,25.0322580645161,93,1.01,10,ElNino
SoCal,2009-11-01,5.38571428571428,98,1.36,11,ElNino
SoCal,2009-12-01,70.9270833333333,96,1.56,12,ElNino
SoCal,2010-01-01,132.023232323232,99,1.5,1,ElNino
SoCal,2010-02-01,82.8627450980392,102,1.22,2,ElNino
SoCal,2010-03-01,16.1979381443299,97,0.84,3,ElNino
SoCal,2010-04-01,39.790099009901,101,0.35,4,Neutral
SoCal,2010-05-01,1.8989898989899,99,-0.18,5,Neutral
SoCal,2010-06-01,0.20625,96,-0.66,6,LaNina
SoCal,2010-07-01,1.228,100,-1.05,7,LaNina
SoCal,2010-08-01,0.917647058823529,102,-1.35,8,LaNina
SoCal,2010-09-01,0.667010309278351,97,-1.55,9,LaNina
SoCal,2010-10-01,42.111,100,-1.64,10,LaNina
SoCal,2010-11-01,25.0225490196078,102,-1.64,11,LaNina
SoCal,2010-12-01,182.122772277228,101,-1.54,12,LaNina
SoCal,2011-01-01,19.4567307692308,104,-1.31,1,LaNina
SoCal,2011-02-01,64.9855769230769,104,-1.04,2,LaNina
SoCal,2011-03-01,78.5728155339806,103,-0.8,3,LaNina
SoCal,2011-04-01,5.20891089108911,101,-0.62,4,LaNina
SoCal,2011-05-01,12.2460784313725,102,-0.46,5,Neutral
SoCal,2011-06-01,4.14411764705882,102,-0.37,6,Neutral
SoCal,2011-07-01,4.558,100,-0.43,7,Neutral
SoCal,2011-08-01,1.902,100,-0.58,8,LaNina
SoCal,2011-09-01,5.68333333333333,102,-0.79,9,LaNina
SoCal,2011-10-01,16.9803921568627,102,-0.96,10,LaNina
SoCal,2011-11-01,41.2207547169811,106,-1.02,11,LaNina
SoCal,2011-12-01,14.9077669902913,103,-0.92,12,LaNina
SoCal,2012-01-01,21.3371428571429,105,-0.72,1,LaNina
SoCal,2012-02-01,17.275,104,-0.57,2,LaNina
SoCal,2012-03-01,46.0679245283019,106,-0.46,3,Neutral
SoCal,2012-04-01,43.2242990654206,107,-0.36,4,Neutral
SoCal,2012-05-01,0.783018867924528,106,-0.17,5,Neutral
SoCal,2012-06-01,0.0481132075471698,106,0.06,6,Neutral
SoCal,2012-07-01,5.52264150943396,106,0.3,7,Neutral
SoCal,2012-08-01,9.04190476190476,105,0.41,8,Neutral
SoCal,2012-09-01,2.86504854368932,103,0.41,9,Neutral
SoCal,2012-10-01,7.14622641509434,106,0.31,10,Neutral
SoCal,2012-11-01,16.2990476190476,105,0.12,11,Neutral
SoCal,2012-12-01,57.2632075471698,106,-0.1,12,Neutral
SoCal,2013-01-01,29.672641509434,106,-0.29,1,Neutral
SoCal,2013-02-01,14.2691588785047,107,-0.29,2,Neutral
SoCal,2013-03-01,19.1632075471698,106,-0.21,3,Neutral
SoCal,2013-04-01,1.18301886792453,106,-0.19,4,Neutral
SoCal,2013-05-01,8.1411214953271,107,-0.26,5,Neutral
SoCal,2013-06-01,0.423148148148148,108,-0.33,6,Neutral
SoCal,2013-07-01,3.75981308411215,107,-0.35,7,Neutral
SoCal,2013-08-01,7.55140186915888,107,-0.28,8,Neutral
SoCal,2013-09-01,5.34953271028037,107,-0.21,9,Neutral
SoCal,2013-10-01,10.1710280373832,107,-0.13,10,Neutral
SoCal,2013-11-01,17.7439252336449,107,-0.1,11,Neutral
SoCal,2013-12-01,8.37196261682243,107,-0.16,12,Neutral
SoCal,2014-01-01,2.02616822429907,107,-0.28,1,Neutral
SoCal,2014-02-01,46.0148148148148,108,-0.32,2,Neutral
SoCal,2014-03-01,32.2663551401869,107,-0.14,3,Neutral
SoCal,2014-04-01,13.6560747663551,107,0.16,4,Neutral
SoCal,2014-05-01,1.69622641509434,106,0.31,5,Neutral
SoCal,2014-06-01,0.0102803738317757,107,0.24,6,Neutral
SoCal,2014-07-01,2.04905660377358,106,0.1,7,Neutral
SoCal,2014-08-01,8.85283018867925,106,0.11,8,Neutral
SoCal,2014-09-01,3.60192307692308,104,0.28,9,Neutral
SoCal,2014-10-01,2.00096153846154,104,0.54,10,ElNino
SoCal,2014-11-01,13.2163461538462,104,0.71,11,ElNino
SoCal,2014-12-01,87.6009433962264,106,0.77,12,ElNino
SoCal,2015-01-01,20.0588785046729,107,0.69,1,ElNino
SoCal,2015-02-01,19.5148148148148,108,0.61,2,ElNino
SoCal,2015-03-01,15.1710280373832,107,0.65,3,ElNino
SoCal,2015-04-01,7.0981308411215,107,0.81,4,ElNino
SoCal,2015-05-01,19.588679245283,106,1.03,5,ElNino
SoCal,2015-06-01,2.42523364485981,107,1.25,6,ElNino
SoCal,2015-07-01,23.985046728972,107,1.57,7,ElNino
SoCal,2015-08-01,0.331775700934579,107,1.9,8,ElNino
SoCal,2015-09-01,16.6878504672897,107,2.21,9,ElNino
SoCal,2015-10-01,11.9453703703704,108,2.47,10,ElNino
SoCal,2015-11-01,13.8981481481481,108,2.65,11,ElNino
SoCal,2015-12-01,26.3574074074074,108,2.75,12,ElNino
SoCal,2016-01-01,81.9981481481481,108,2.63,1,ElNino
SoCal,2016-02-01,15.6425925925926,108,2.28,2,ElNino
SoCal,2016-03-01,39.0261682242991,107,1.71,3,ElNino
SoCal,2016-04-01,14.9785046728972,107,1.05,4,ElNino
SoCal,2016-05-01,6.98425925925926,108,0.49,5,Neutral
SoCal,2016-06-01,0.0805555555555556,108,0,6,Neutral
SoCal,2016-07-01,0.33425925925926,108,-0.31,7,Neutral
SoCal,2016-08-01,0.399065420560748,107,-0.5,8,LaNina
SoCal,2016-09-01,4.85046728971963,107,-0.58,9,LaNina
SoCal,2016-10-01,14.2301886792453,106,-0.64,10,LaNina
SoCal,2016-11-01,25.0295238095238,105,-0.6,11,LaNina
SoCal,2016-12-01,80.0308411214953,107,-0.45,12,Neutral
SoCal,2017-01-01,156.865094339623,106,-0.2,1,Neutral
SoCal,2017-02-01,110.113333333333,105,-0.02,2,Neutral
SoCal,2017-03-01,9.68155339805825,103,0.18,3,Neutral
SoCal,2017-04-01,5.37358490566038,106,0.31,4,Neutral
SoCal,2017-05-01,10.906,100,0.4,5,Neutral
SoCal,2017-06-01,0.0849056603773585,106,0.38,6,Neutral
SoCal,2017-07-01,0.949523809523809,105,0.19,7,Neutral
SoCal,2017-08-01,4.2,106,-0.07,8,Neutral
SoCal,2017-09-01,5.36571428571429,105,-0.34,9,Neutral
SoCal,2017-10-01,0.967924528301887,106,-0.6,10,LaNina
SoCal,2017-11-01,2.22264150943396,106,-0.76,11,LaNina
SoCal,2017-12-01,0.429245283018868,106,-0.86,12,LaNina
SoCal,2018-01-01,48.6394230769231,104,-0.77,1,LaNina
SoCal,2018-02-01,8.49716981132075,106,-0.71,2,LaNina
SoCal,2018-03-01,75.1085714285714,105,-0.57,3,LaNina
SoCal,2018-04-01,2.31415094339623,106,-0.39,4,Neutral
SoCal,2018-05-01,3.34716981132076,106,-0.13,5,Neutral
SoCal,2018-06-01,0.0377358490566038,106,0.06,6,Neutral
SoCal,2018-07-01,2.96571428571429,105,0.14,7,Neutral
SoCal,2018-08-01,1.19903846153846,104,0.27,8,Neutral
SoCal,2018-09-01,0.421153846153846,104,0.53,9,ElNino
SoCal,2018-10-01,13.0130841121495,107,0.81,10,ElNino
SoCal,2018-11-01,35.0280373831776,107,0.97,11,ElNino
SoCal,2018-12-01,40.3171428571429,105,0.92,12,ElNino
SoCal,2019-01-01,99.0132075471698,106,0.89,1,ElNino
SoCal,2019-02-01,141.279245283019,106,0.86,2,ElNino
SoCal,2019-03-01,51.4047619047619,105,0.84,3,ElNino
SoCal,2019-04-01,4.07714285714286,105,0.77,4,ElNino
SoCal,2019-05-01,28.9067961165049,103,0.64,5,ElNino
SoCal,2019-06-01,0.778846153846154,104,0.52,6,ElNino
SoCal,2019-07-01,1.79811320754717,106,0.33,7,Neutral
SoCal,2019-08-01,0.0273584905660377,106,0.19,8,Neutral
SoCal,2019-09-01,3.61730769230769,104,0.23,9,Neutral
SoCal,2019-10-01,0,103,0.39,10,Neutral
SoCal,2019-11-01,54.6352380952381,105,0.58,11,ElNino
SoCal,2019-12-01,86.2495145631068,103,0.66,12,ElNino
SoCal,2020-01-01,6.90571428571429,105,0.64,1,ElNino
SoCal,2020-02-01,7.13619047619048,105,0.63,2,ElNino
SoCal,2020-03-01,95.0866666666667,105,0.53,3,ElNino
SoCal,2020-04-01,73.1352941176471,102,0.3,4,Neutral
SoCal,2020-05-01,2.94134615384615,104,0.01,5,Neutral
SoCal,2020-06-01,0.902884615384615,104,-0.23,6,Neutral
SoCal,2020-07-01,0.0127450980392157,102,-0.36,7,Neutral
SoCal,2020-08-01,1.03725490196078,102,-0.53,8,LaNina
SoCal,2020-09-01,0.0088235294117647,102,-0.84,9,LaNina
SoCal,2020-10-01,0.57843137254902,102,-1.12,10,LaNina
SoCal,2020-11-01,10.3333333333333,102,-1.2,11,LaNina
SoCal,2020-12-01,24.4313725490196,102,-1.08,12,LaNina
SoCal,2021-01-01,56.7865384615385,104,-0.91,1,LaNina
SoCal,2021-02-01,2.22621359223301,103,-0.79,2,LaNina
SoCal,2021-03-01,30.5166666666667,102,-0.71,3,LaNina
SoCal,2021-04-01,1.955,100,-0.55,4,LaNina
SoCal,2021-05-01,0.422772277227723,101,-0.39,5,Neutral
SoCal,2021-06-01,0.292079207920792,101,-0.3,6,Neutral
SoCal,2021-07-01,5.94563106796117,103,-0.35,7,Neutral
SoCal,2021-08-01,2.78333333333333,102,-0.45,8,Neutral
SoCal,2021-09-01,1.7656862745098,102,-0.63,9,LaNina
SoCal,2021-10-01,22.8264705882353,102,-0.77,10,LaNina
SoCal,2021-11-01,0.61958762886598,97,-0.91,11,LaNina
SoCal,2021-12-01,134.641584158416,101,-0.87,12,LaNina
SoCal,2022-01-01,3.22058823529412,102,-0.82,1,LaNina
SoCal,2022-02-01,8.61650485436893,103,-0.79,2,LaNina
SoCal,2022-03-01,29.9601941747573,103,-0.87,3,LaNina
SoCal,2022-04-01,6.65980392156863,102,-0.95,4,LaNina
SoCal,2022-05-01,0.240816326530612,98,-0.89,5,LaNina
SoCal,2022-06-01,0.941836734693877,98,-0.78,6,LaNina
SoCal,2022-07-01,0.909183673469388,98,-0.76,7,LaNina
SoCal,2022-08-01,6.08247422680412,97,-0.87,8,LaNina
SoCal,2022-09-01,16.9734693877551,98,-0.97,9,LaNina
SoCal,2022-10-01,7.40909090909091,99,-0.94,10,LaNina
SoCal,2022-11-01,37.910101010101,99,-0.85,11,LaNina
SoCal,2022-12-01,64.3673469387755,98,-0.72,12,LaNina
SoCal,2023-01-01,189.431683168317,101,-0.54,1,LaNina
SoCal,2023-02-01,82.6484848484848,99,-0.29,2,Neutral
SoCal,2023-03-01,149.178,100,-0.02,3,Neutral
SoCal,2023-04-01,2.3029702970297,101,0.27,4,Neutral
SoCal,2023-05-01,12.3316831683168,101,0.57,5,ElNino
SoCal,2023-06-01,3.42549019607843,102,0.84,6,ElNino
SoCal,2023-07-01,0.240566037735849,106,1.12,7,ElNino
SoCal,2023-08-01,55.85,106,1.37,8,ElNino
SoCal,2023-09-01,5.20380952380952,105,1.6,9,ElNino
SoCal,2023-10-01,2.08857142857143,105,1.83,10,ElNino
SoCal,2023-11-01,15.1386138613861,101,1.99,11,ElNino
SoCal,2023-12-01,50.7960396039604,101,2.06,12,ElNino
SoCal,2024-01-01,53.0343137254902,102,1.93,1,ElNino
SoCal,2024-02-01,166.710784313725,102,1.62,2,ElNino
SoCal,2024-03-01,78.9509803921569,102,1.26,3,ElNino
SoCal,2024-04-01,23.4893203883495,103,0.82,4,ElNino
SoCal,2024-05-01,3.15980392156863,102,0.49,5,Neutral
SoCal,2024-06-01,0.0596153846153846,104,0.22,6,Neutral
SoCal,2024-07-01,0.61764705882353,102,0.08,7,Neutral
SoCal,2024-08-01,1.05145631067961,103,-0.07,8,Neutral
SoCal,2024-09-01,1.26274509803922,102,-0.17,9,Neutral
SoCal,2024-10-01,0.71747572815534,103,-0.21,10,Neutral
SoCal,2024-11-01,10.1,104,-0.3,11,Neutral
SoCal,2024-12-01,2.92058823529412,102,-0.41,12,Neutral
SoCal,2025-01-01,13.0912621359223,103,-0.44,1,Neutral
SoCal,2025-02-01,64.4990291262136,103,-0.24,2,Neutral
SoCal,2025-03-01,58.2349514563107,103,-0.06,3,Neutral
SoCal,2025-04-01,7.59901960784314,102,0.02,4,Neutral
SoCal,2025-05-01,5.33137254901961,102,-0.02,5,Neutral
SoCal,2025-06-01,1.36372549019608,102,-0.04,6,Neutral
SoCal,2025-07-01,0.584615384615384,104,-0.14,7,Neutral
SoCal,2025-08-01,2.97238095238095,105,-0.28,8,Neutral
SoCal,2025-09-01,13.049504950495,101,-0.4,9,Neutral
SoCal,2025-10-01,27.1392156862745,102,-0.51,10,LaNina
SoCal,2025-11-01,98.3343137254902,102,-0.55,11,LaNina
SoCal,2025-12-01,86.221568627451,102,-0.54,12,LaNina
SoCal,2026-01-01,56.8019607843137,102,-0.37,1,Neutral
SoCal,2026-02-01,71.5267326732673,101,-0.15,2,Neutral
SoCal,2026-03-01,0.624509803921568,102,0.13,3,Neutral
SoCal,2026-04-01,17.5287128712871,101,0.51,4,ElNino
SoCal,2026-05-01,3.874,100,0.98,5,ElNino
SoCal,2026-06-01,0.0544117647058823,68,NA,6,Neutral
SoCal,2026-07-01,0.108771929824561,57,NA,7,Neutral
