"STATION","DATE","LATITUDE","LONGITUDE","ELEVATION","NAME","PRCP","PRCP_ATTRIBUTES","SNOW","SNOW_ATTRIBUTES","SNWD","SNWD_ATTRIBUTES","TMAX","TMAX_ATTRIBUTES","TMIN","TMIN_ATTRIBUTES","DAPR","DAPR_ATTRIBUTES","MDPR","MDPR_ATTRIBUTES","TOBS","TOBS_ATTRIBUTES","WSFG","WSFG_ATTRIBUTES"
"USC00040176","1948-07-02","34.5594","-115.7443","200.6","AMBOY, CA US","    0",",,0,",,,,,,,,,,,,,,,,
"USC00040176","1948-07-03","34.5594","-115.7443","200.6","AMBOY, CA US","    0",",,0,",,,,,,,,,,,,,,,,
"USC00040176","1948-07-04","34.5594","-115.7443","200.6","AMBOY, CA US","    0",",,0,",,,,,,,,,,,,,,,,
"USC00040176","1948-07-05","34.5594","-115.7443","200.6","AMBOY, CA US","    0",",,0,",,,,,,,,,,,,,,,,
"USC00040176","1948-07-06","34.5594","-115.7443","200.6","AMBOY, CA US","    0",",,0,",,,,,,,,,,,,,,,,
"USC00040176","1948-07-07","34.5594","-115.7443","200.6","AMBOY, CA US","    0",",,0,",,,,,,,,,,,,,,,,
"USC00040176","1948-07-08","34.5594","-115.7443","200.6","AMBOY, CA US","    0",",,0,",,,,,,,,,,,,,,,,
"USC00040176","1948-07-09","34.5594","-115.7443","200.6","AMBOY, CA US","    0",",,0,",,,,,,,,,,,,,,,,
"USC00040176","1948-07-10","34.5594","-115.7443","200.6","AMBOY, CA US","    0",",,0,",,,,,,,,,,,,,,,,
"USC00040176","1948-07-11","34.5594","-115.7443","200.6","AMBOY, CA US","    0",",,0,",,,,,,,,,,,,,,,,
"USC00040176","1948-07-12","34.5594","-115.7443","200.6","AMBOY, CA US","    0",",,0,",,,,,,,,,,,,,,,,
"USC00040176","1948-07-13","34.5594","-115.7443","200.6","AMBOY, CA US","    0",",,0,",,,,,,,,,,,,,,,,
"USC00040176","1948-07-14","34.5594","-115.7443","200.6","AMBOY, CA US","    0",",,0,",,,,,,,,,,,,,,,,
"USC00040176","1948-07-15","34.5594","-115.7443","200.6","AMBOY, CA US","    0",",,0,",,,,,,,,,,,,,,,,
"USC00040176","1948-07-16","34.5594","-115.7443","200.6","AMBOY, CA US","    0",",,0,",,,,,,,,,,,,,,,,
"USC00040176","1948-07-17","34.5594","-115.7443","200.6","AMBOY, CA US","    0",",,0,",,,,,,,,,,,,,,,,
"USC00040176","1948-07-18","34.5594","-115.7443","200.6","AMBOY, CA US","    0",",,0,",,,,,,,,,,,,,,,,
"USC00040176","1948-07-19","34.5594","-115.7443","200.6","AMBOY, CA US","    0",",,0,",,,,,,,,,,,,,,,,
"USC00040176","1948-07-20","34.5594","-115.7443","200.6","AMBOY, CA US","    0",",,0,",,,,,,,,,,,,,,,,
"USC00040176","1948-07-21","34.5594","-115.7443","200.6","AMBOY, CA US","    0",",,0,",,,,,,,,,,,,,,,,
"USC00040176","1948-07-22","34.5594","-115.7443","200.6","AMBOY, CA US","    0",",,0,",,,,,,,,,,,,,,,,
"USC00040176","1948-07-23","34.5594","-115.7443","200.6","AMBOY, CA US","    0",",,0,",,,,,,,,,,,,,,,,
"USC00040176","1948-07-24","34.5594","-115.7443","200.6","AMBOY, CA US","    0",",,0,",,,,,,,,,,,,,,,,
"USC00040176","1948-07-25","34.5594","-115.7443","200.6","AMBOY, CA US","    0",",,0,",,,,,,,,,,,,,,,,
"USC00040176","1948-07-26","34.5594","-115.7443","200.6","AMBOY, CA US","    0",",,0,",,,,,,,,,,,,,,,,
"USC00040176","1948-07-27","34.5594","-115.7443","200.6","AMBOY, CA US","    0",",,0,",,,,,,,,,,,,,,,,
"USC00040176","1948-07-28","34.5594","-115.7443","200.6","AMBOY, CA US","    0",",,0,",,,,,,,,,,,,,,,,
"USC00040176","1948-07-29","34.5594","-115.7443","200.6","AMBOY, CA US","    0",",,0,",,,,,,,,,,,,,,,,
"USC00040176","1948-07-30","34.5594","-115.7443","200.6","AMBOY, CA US","    0",",,0,",,,,,,,,,,,,,,,,
"USC00040176","1948-07-31","34.5594","-115.7443","200.6","AMBOY, CA US","    0",",,0,",,,,,,,,,,,,,,,,
"USC00040176","1948-08-01","34.5594","-115.7443","200.6","AMBOY, CA US","    0",",,0,",,,,,,,,,,,,,,,,
"USC00040176","1948-08-02","34.5594","-115.7443","200.6","AMBOY, CA US","    0",",,0,",,,,,,,,,,,,,,,,
"USC00040176","1948-08-03","34.5594","-115.7443","200.6","AMBOY, CA US","   18",",,0,",,,,,,,,,,,,,,,,
"USC00040176","1948-08-04","34.5594","-115.7443","200.6","AMBOY, CA US","    0",",,0,",,,,,,,,,,,,,,,,
"USC00040176","1948-08-05","34.5594","-115.7443","200.6","AMBOY, CA US","    0",",,0,",,,,,,,,,,,,,,,,
"USC00040176","1948-08-06","34.5594","-115.7443","200.6","AMBOY, CA US","    0",",,0,",,,,,,,,,,,,,,,,
"USC00040176","1948-08-07","34.5594","-115.7443","200.6","AMBOY, CA US","    0",",,0,",,,,,,,,,,,,,,,,
"USC00040176","1948-08-08","34.5594","-115.7443","200.6","AMBOY, CA US","    0",",,0,",,,,,,,,,,,,,,,,
"USC00040176","1948-08-09","34.5594","-115.7443","200.6","AMBOY, CA US","    0",",,0,",,,,,,,,,,,,,,,,
"USC00040176","1948-08-10","34.5594","-115.7443","200.6","AMBOY, CA US","    0",",,0,",,,,,,,,,,,,,,,,
"USC00040176","1948-08-11","34.5594","-115.7443","200.6","AMBOY, CA US","    0",",,0,",,,,,,,,,,,,,,,,
"USC00040176","1948-08-12","34.5594","-115.7443","200.6","AMBOY, CA US","    0",",,0,",,,,,,,,,,,,,,,,
"USC00040176","1948-08-13","34.5594","-115.7443","200.6","AMBOY, CA US","    0",",,0,",,,,,,,,,,,,,,,,
"USC00040176","1948-08-14","34.5594","-115.7443","200.6","AMBOY, CA US","    0",",,0,",,,,,,,,,,,,,,,,
"USC00040176","1948-08-15","34.5594","-115.7443","200.6","AMBOY, CA US","    0",",,0,",,,,,,,,,,,,,,,,
"USC00040176","1948-08-16","34.5594","-115.7443","200.6","AMBOY, CA US","    0",",,0,",,,,,,,,,,,,,,,,
"USC00040176","1948-08-17","34.5594","-115.7443","200.6","AMBOY, CA US","    0",",,0,",,,,,,,,,,,,,,,,
"USC00040176","1948-08-18","34.5594","-115.7443","200.6","AMBOY, CA US","    0",",,0,",,,,,,,,,,,,,,,,
"USC00040176","1948-08-19","34.5594","-115.7443","200.6","AMBOY, CA US","    0",",,0,",,,,,,,,,,,,,,,,
"USC00040176","1948-08-20","34.5594","-115.7443","200.6","AMBOY, CA US","    0",",,0,",,,,,,,,,,,,,,,,
"USC00040176","1948-08-21","34.5594","-115.7443","200.6","AMBOY, CA US","    0",",,0,",,,,,,,,,,,,,,,,
"USC00040176","1948-08-22","34.5594","-115.7443","200.6","AMBOY, CA US","    0",",,0,",,,,,,,,,,,,,,,,
"USC00040176","1948-08-23","34.5594","-115.7443","200.6","AMBOY, CA US","    0",",,0,",,,,,,,,,,,,,,,,
"USC00040176","1948-08-24","34.5594","-115.7443","200.6","AMBOY, CA US","    0",",,0,",,,,,,,,,,,,,,,,
"USC00040176","1948-08-25","34.5594","-115.7443","200.6","AMBOY, CA US","    0",",,0,",,,,,,,,,,,,,,,,
"USC00040176","1948-08-26","34.5594","-115.7443","200.6","AMBOY, CA US","    0",",,0,",,,,,,,,,,,,,,,,
"USC00040176","1948-08-27","34.5594","-115.7443","200.6","AMBOY, CA US","    0",",,0,",,,,,,,,,,,,,,,,
"USC00040176","1948-08-28","34.5594","-115.7443","200.6","AMBOY, CA US","    0",",,0,",,,,,,,,,,,,,,,,
"USC00040176","1948-08-29","34.5594","-115.7443","200.6","AMBOY, CA US","    0",",,0,",,,,,,,,,,,,,,,,
"USC00040176","1948-08-30","34.5594","-115.7443","200.6","AMBOY, CA US","    0",",,0,",,,,,,,,,,,,,,,,
"USC00040176","1948-08-31","34.5594","-115.7443","200.6","AMBOY, CA US","    0",",,0,",,,,,,,,,,,,,,,,
"USC00040176","1948-09-01","34.5594","-115.7443","200.6","AMBOY, CA US","    0",",,0,",,,,,,,,,,,,,,,,
"USC00040176","1948-09-02","34.5594","-115.7443","200.6","AMBOY, CA US","    0",",,0,",,,,,,,,,,,,,,,,
"USC00040176","1948-09-03","34.5594","-115.7443","200.6","AMBOY, CA US","    0",",,0,",,,,,,,,,,,,,,,,
"USC00040176","1948-09-04","34.5594","-115.7443","200.6","AMBOY, CA US","    0",",,0,",,,,,,,,,,,,,,,,
"USC00040176","1948-09-05","34.5594","-115.7443","200.6","AMBOY, CA US","    0",",,0,",,,,,,,,,,,,,,,,
"USC00040176","1948-09-06","34.5594","-115.7443","200.6","AMBOY, CA US","    0",",,0,",,,,,,,,,,,,,,,,
"USC00040176","1948-09-07","34.5594","-115.7443","200.6","AMBOY, CA US","    0",",,0,",,,,,,,,,,,,,,,,
"USC00040176","1948-09-08","34.5594","-115.7443","200.6","AMBOY, CA US","    0",",,0,",,,,,,,,,,,,,,,,
"USC00040176","1948-09-09","34.5594","-115.7443","200.6","AMBOY, CA US","    0",",,0,",,,,,,,,,,,,,,,,
"USC00040176","1948-09-10","34.5594","-115.7443","200.6","AMBOY, CA US","    0",",,0,",,,,,,,,,,,,,,,,
"USC00040176","1948-09-11","34.5594","-115.7443","200.6","AMBOY, CA US","    0",",,0,",,,,,,,,,,,,,,,,
"USC00040176","1948-09-12","34.5594","-115.7443","200.6","AMBOY, CA US","    0",",,0,",,,,,,,,,,,,,,,,
"USC00040176","1948-09-13","34.5594","-115.7443","200.6","AMBOY, CA US","    0",",,0,",,,,,,,,,,,,,,,,
"USC00040176","1948-09-14","34.5594","-115.7443","200.6","AMBOY, CA US","    0",",,0,",,,,,,,,,,,,,,,,
"USC00040176","1948-09-15","34.5594","-115.7443","200.6","AMBOY, CA US","    0",",,0,",,,,,,,,,,,,,,,,
"USC00040176","1948-09-16","34.5594","-115.7443","200.6","AMBOY, CA US","    0",",,0,",,,,,,,,,,,,,,,,
"USC00040176","1948-09-17","34.5594","-115.7443","200.6","AMBOY, CA US","    0",",,0,",,,,,,,,,,,,,,,,
"USC00040176","1948-09-18","34.5594","-115.7443","200.6","AMBOY, CA US","    0",",,0,",,,,,,,,,,,,,,,,
"USC00040176","1948-09-19","34.5594","-115.7443","200.6","AMBOY, CA US","    0",",,0,",,,,,,,,,,,,,,,,
"USC00040176","1948-09-20","34.5594","-115.7443","200.6","AMBOY, CA US","    0",",,0,",,,,,,,,,,,,,,,,
"USC00040176","1948-09-21","34.5594","-115.7443","200.6","AMBOY, CA US","    0",",,0,",,,,,,,,,,,,,,,,
"USC00040176","1948-09-22","34.5594","-115.7443","200.6","AMBOY, CA US","    0",",,0,",,,,,,,,,,,,,,,,
"USC00040176","1948-09-23","34.5594","-115.7443","200.6","AMBOY, CA US","    0",",,0,",,,,,,,,,,,,,,,,
"USC00040176","1948-09-24","34.5594","-115.7443","200.6","AMBOY, CA US","    0",",,0,",,,,,,,,,,,,,,,,
"USC00040176","1948-09-25","34.5594","-115.7443","200.6","AMBOY, CA US","    0",",,0,",,,,,,,,,,,,,,,,
"USC00040176","1948-09-26","34.5594","-115.7443","200.6","AMBOY, CA US","    0",",,0,",,,,,,,,,,,,,,,,
"USC00040176","1948-09-27","34.5594","-115.7443","200.6","AMBOY, CA US","    0",",,0,",,,,,,,,,,,,,,,,
"USC00040176","1948-09-28","34.5594","-115.7443","200.6","AMBOY, CA US","    0",",,0,",,,,,,,,,,,,,,,,
"USC00040176","1948-09-29","34.5594","-115.7443","200.6","AMBOY, CA US","    0",",,0,",,,,,,,,,,,,,,,,
"USC00040176","1948-09-30","34.5594","-115.7443","200.6","AMBOY, CA US","    0",",,0,",,,,,,,,,,,,,,,,
"USC00040176","1948-10-01","34.5594","-115.7443","200.6","AMBOY, CA US","    0",",,0,",,,,,,,,,,,,,,,,
"USC00040176","1948-10-02","34.5594","-115.7443","200.6","AMBOY, CA US","    0",",,0,",,,,,,,,,,,,,,,,
"USC00040176","1948-10-03","34.5594","-115.7443","200.6","AMBOY, CA US","    0",",,0,",,,,,,,,,,,,,,,,
"USC00040176","1948-10-04","34.5594","-115.7443","200.6","AMBOY, CA US","    0",",,0,",,,,,,,,,,,,,,,,
"USC00040176","1948-10-05","34.5594","-115.7443","200.6","AMBOY, CA US","    0",",,0,",,,,,,,,,,,,,,,,
"USC00040176","1948-10-06","34.5594","-115.7443","200.6","AMBOY, CA US","    0",",,0,",,,,,,,,,,,,,,,,
"USC00040176","1948-10-07","34.5594","-115.7443","200.6","AMBOY, CA US","    0",",,0,",,,,,,,,,,,,,,,,
"USC00040176","1948-10-08","34.5594","-115.7443","200.6","AMBOY, CA US","    0",",,0,",,,,,,,,,,,,,,,,
"USC00040176","1948-10-09","34.5594","-115.7443","200.6","AMBOY, CA US","    0",",,0,",,,,,,,,,,,,,,,,
"USC00040176","1948-10-10","34.5594","-115.7443","200.6","AMBOY, CA US","    0",",,0,",,,,,,,,,,,,,,,,
"USC00040176","1948-10-11","34.5594","-115.7443","200.6","AMBOY, CA US","    0",",,0,",,,,,,,,,,,,,,,,
"USC00040176","1948-10-12","34.5594","-115.7443","200.6","AMBOY, CA US","    0",",,0,",,,,,,,,,,,,,,,,
"USC00040176","1948-10-13","34.5594","-115.7443","200.6","AMBOY, CA US","    0",",,0,",,,,,,,,,,,,,,,,
"USC00040176","1948-10-14","34.5594","-115.7443","200.6","AMBOY, CA US","    0",",,0,",,,,,,,,,,,,,,,,
"USC00040176","1948-10-15","34.5594","-115.7443","200.6","AMBOY, CA US","    0",",,0,",,,,,,,,,,,,,,,,
"USC00040176","1948-10-16","34.5594","-115.7443","200.6","AMBOY, CA US","    0",",,0,",,,,,,,,,,,,,,,,
"USC00040176","1948-10-17","34.5594","-115.7443","200.6","AMBOY, CA US","  132",",,0,",,,,,,,,,,,,,,,,
"USC00040176","1948-10-18","34.5594","-115.7443","200.6","AMBOY, CA US","   41",",,0,",,,,,,,,,,,,,,,,
"USC00040176","1948-10-19","34.5594","-115.7443","200.6","AMBOY, CA US","    0",",,0,",,,,,,,,,,,,,,,,
"USC00040176","1948-10-20","34.5594","-115.7443","200.6","AMBOY, CA US","    0",",,0,",,,,,,,,,,,,,,,,
"USC00040176","1948-10-21","34.5594","-115.7443","200.6","AMBOY, CA US","    0",",,0,",,,,,,,,,,,,,,,,
"USC00040176","1948-10-22","34.5594","-115.7443","200.6","AMBOY, CA US","    0",",,0,",,,,,,,,,,,,,,,,
"USC00040176","1948-10-23","34.5594","-115.7443","200.6","AMBOY, CA US","    0",",,0,",,,,,,,,,,,,,,,,
"USC00040176","1948-10-24","34.5594","-115.7443","200.6","AMBOY, CA US","    0",",,0,",,,,,,,,,,,,,,,,
"USC00040176","1948-10-25","34.5594","-115.7443","200.6","AMBOY, CA US","    0",",,0,",,,,,,,,,,,,,,,,
"USC00040176","1948-10-26","34.5594","-115.7443","200.6","AMBOY, CA US","    0",",,0,",,,,,,,,,,,,,,,,
"USC00040176","1948-10-27","34.5594","-115.7443","200.6","AMBOY, CA US","    0",",,0,",,,,,,,,,,,,,,,,
"USC00040176","1948-10-28","34.5594","-115.7443","200.6","AMBOY, CA US","    0",",,0,",,,,,,,,,,,,,,,,
"USC00040176","1948-10-29","34.5594","-115.7443","200.6","AMBOY, CA US","    0",",,0,",,,,,,,,,,,,,,,,
"USC00040176","1948-10-30","34.5594","-115.7443","200.6","AMBOY, CA US","    0",",,0,",,,,,,,,,,,,,,,,
"USC00040176","1948-10-31","34.5594","-115.7443","200.6","AMBOY, CA US","    0",",,0,",,,,,,,,,,,,,,,,
"USC00040176","1948-11-01","34.5594","-115.7443","200.6","AMBOY, CA US","    0",",,0,",,,,,,,,,,,,,,,,
"USC00040176","1948-11-02","34.5594","-115.7443","200.6","AMBOY, CA US","    0",",,0,",,,,,,,,,,,,,,,,
"USC00040176","1948-11-03","34.5594","-115.7443","200.6","AMBOY, CA US","    0",",,0,",,,,,,,,,,,,,,,,
"USC00040176","1948-11-04","34.5594","-115.7443","200.6","AMBOY, CA US","    0",",,0,",,,,,,,,,,,,,,,,
"USC00040176","1948-11-05","34.5594","-115.7443","200.6","AMBOY, CA US","    0",",,0,",,,,,,,,,,,,,,,,
"USC00040176","1948-11-06","34.5594","-115.7443","200.6","AMBOY, CA US","    0",",,0,",,,,,,,,,,,,,,,,
"USC00040176","1948-11-07","34.5594","-115.7443","200.6","AMBOY, CA US","    0",",,0,",,,,,,,,,,,,,,,,
"USC00040176","1948-11-08","34.5594","-115.7443","200.6","AMBOY, CA US","    0",",,0,",,,,,,,,,,,,,,,,
"USC00040176","1948-11-09","34.5594","-115.7443","200.6","AMBOY, CA US","    0",",,0,",,,,,,,,,,,,,,,,
"USC00040176","1948-11-10","34.5594","-115.7443","200.6","AMBOY, CA US","    0",",,0,",,,,,,,,,,,,,,,,
"USC00040176","1948-11-11","34.5594","-115.7443","200.6","AMBOY, CA US","    0",",,0,",,,,,,,,,,,,,,,,
"USC00040176","1948-11-12","34.5594","-115.7443","200.6","AMBOY, CA US","    0",",,0,",,,,,,,,,,,,,,,,
"USC00040176","1948-11-13","34.5594","-115.7443","200.6","AMBOY, CA US","    0",",,0,",,,,,,,,,,,,,,,,
"USC00040176","1948-11-14","34.5594","-115.7443","200.6","AMBOY, CA US","    0",",,0,",,,,,,,,,,,,,,,,
"USC00040176","1948-11-15","34.5594","-115.7443","200.6","AMBOY, CA US","    0",",,0,",,,,,,,,,,,,,,,,
"USC00040176","1948-11-16","34.5594","-115.7443","200.6","AMBOY, CA US","    0",",,0,",,,,,,,,,,,,,,,,
"USC00040176","1948-11-17","34.5594","-115.7443","200.6","AMBOY, CA US","    0",",,0,",,,,,,,,,,,,,,,,
"USC00040176","1948-11-18","34.5594","-115.7443","200.6","AMBOY, CA US","    0",",,0,",,,,,,,,,,,,,,,,
"USC00040176","1948-11-19","34.5594","-115.7443","200.6","AMBOY, CA US","    0",",,0,",,,,,,,,,,,,,,,,
"USC00040176","1948-11-20","34.5594","-115.7443","200.6","AMBOY, CA US","    0",",,0,",,,,,,,,,,,,,,,,
"USC00040176","1948-11-21","34.5594","-115.7443","200.6","AMBOY, CA US","    0",",,0,",,,,,,,,,,,,,,,,
"USC00040176","1948-11-22","34.5594","-115.7443","200.6","AMBOY, CA US","    0",",,0,",,,,,,,,,,,,,,,,
"USC00040176","1948-11-23","34.5594","-115.7443","200.6","AMBOY, CA US","    0",",,0,",,,,,,,,,,,,,,,,
"USC00040176","1948-11-24","34.5594","-115.7443","200.6","AMBOY, CA US","    0",",,0,",,,,,,,,,,,,,,,,
"USC00040176","1948-11-25","34.5594","-115.7443","200.6","AMBOY, CA US","    0",",,0,",,,,,,,,,,,,,,,,
"USC00040176","1948-11-26","34.5594","-115.7443","200.6","AMBOY, CA US","    0",",,0,",,,,,,,,,,,,,,,,
"USC00040176","1948-11-27","34.5594","-115.7443","200.6","AMBOY, CA US","    0",",,0,",,,,,,,,,,,,,,,,
"USC00040176","1948-11-28","34.5594","-115.7443","200.6","AMBOY, CA US","    0",",,0,",,,,,,,,,,,,,,,,
"USC00040176","1948-11-29","34.5594","-115.7443","200.6","AMBOY, CA US","    0",",,0,",,,,,,,,,,,,,,,,
"USC00040176","1948-11-30","34.5594","-115.7443","200.6","AMBOY, CA US","    0",",,0,",,,,,,,,,,,,,,,,
"USC00040176","1948-12-01","34.5594","-115.7443","200.6","AMBOY, CA US","    0",",,0,",,,,,,,,,,,,,,,,
"USC00040176","1948-12-02","34.5594","-115.7443","200.6","AMBOY, CA US","    0",",,0,",,,,,,,,,,,,,,,,
"USC00040176","1948-12-03","34.5594","-115.7443","200.6","AMBOY, CA US","    0",",,0,",,,,,,,,,,,,,,,,
"USC00040176","1948-12-04","34.5594","-115.7443","200.6","AMBOY, CA US","    0",",,0,",,,,,,,,,,,,,,,,
"USC00040176","1948-12-05","34.5594","-115.7443","200.6","AMBOY, CA US","    0",",,0,",,,,,,,,,,,,,,,,
"USC00040176","1948-12-06","34.5594","-115.7443","200.6","AMBOY, CA US","    0",",,0,",,,,,,,,,,,,,,,,
"USC00040176","1948-12-07","34.5594","-115.7443","200.6","AMBOY, CA US","    0",",,0,",,,,,,,,,,,,,,,,
"USC00040176","1948-12-08","34.5594","-115.7443","200.6","AMBOY, CA US","    0",",,0,",,,,,,,,,,,,,,,,
"USC00040176","1948-12-09","34.5594","-115.7443","200.6","AMBOY, CA US","    0",",,0,",,,,,,,,,,,,,,,,
"USC00040176","1948-12-10","34.5594","-115.7443","200.6","AMBOY, CA US","    0",",,0,",,,,,,,,,,,,,,,,
"USC00040176","1948-12-11","34.5594","-115.7443","200.6","AMBOY, CA US","    0",",,0,",,,,,,,,,,,,,,,,
"USC00040176","1948-12-12","34.5594","-115.7443","200.6","AMBOY, CA US","    0",",,0,",,,,,,,,,,,,,,,,
"USC00040176","1948-12-13","34.5594","-115.7443","200.6","AMBOY, CA US","    0",",,0,",,,,,,,,,,,,,,,,
"USC00040176","1948-12-14","34.5594","-115.7443","200.6","AMBOY, CA US","    0",",,0,",,,,,,,,,,,,,,,,
"USC00040176","1948-12-15","34.5594","-115.7443","200.6","AMBOY, CA US","    0",",,0,",,,,,,,,,,,,,,,,
"USC00040176","1948-12-16","34.5594","-115.7443","200.6","AMBOY, CA US","   23",",,0,",,,,,,,,,,,,,,,,
"USC00040176","1948-12-17","34.5594","-115.7443","200.6","AMBOY, CA US","    0",",,0,",,,,,,,,,,,,,,,,
"USC00040176","1948-12-18","34.5594","-115.7443","200.6","AMBOY, CA US","    0",",,0,",,,,,,,,,,,,,,,,
"USC00040176","1948-12-19","34.5594","-115.7443","200.6","AMBOY, CA US","    0",",,0,",,,,,,,,,,,,,,,,
"USC00040176","1948-12-20","34.5594","-115.7443","200.6","AMBOY, CA US","    0",",,0,",,,,,,,,,,,,,,,,
"USC00040176","1948-12-21","34.5594","-115.7443","200.6","AMBOY, CA US","    0",",,0,",,,,,,,,,,,,,,,,
"USC00040176","1948-12-22","34.5594","-115.7443","200.6","AMBOY, CA US","    0",",,0,",,,,,,,,,,,,,,,,
"USC00040176","1948-12-23","34.5594","-115.7443","200.6","AMBOY, CA US","    0",",,0,",,,,,,,,,,,,,,,,
"USC00040176","1948-12-24","34.5594","-115.7443","200.6","AMBOY, CA US","    0",",,0,",,,,,,,,,,,,,,,,
"USC00040176","1948-12-25","34.5594","-115.7443","200.6","AMBOY, CA US","    0",",,0,",,,,,,,,,,,,,,,,
"USC00040176","1948-12-26","34.5594","-115.7443","200.6","AMBOY, CA US","   10",",,0,",,,,,,,,,,,,,,,,
"USC00040176","1948-12-27","34.5594","-115.7443","200.6","AMBOY, CA US","    0",",,0,",,,,,,,,,,,,,,,,
"USC00040176","1948-12-28","34.5594","-115.7443","200.6","AMBOY, CA US","    0",",,0,",,,,,,,,,,,,,,,,
"USC00040176","1948-12-29","34.5594","-115.7443","200.6","AMBOY, CA US","    0",",,0,",,,,,,,,,,,,,,,,
"USC00040176","1948-12-30","34.5594","-115.7443","200.6","AMBOY, CA US","    0",",,0,",,,,,,,,,,,,,,,,
"USC00040176","1948-12-31","34.5594","-115.7443","200.6","AMBOY, CA US","    0",",,0,",,,,,,,,,,,,,,,,
"USC00040176","1949-01-01","34.5594","-115.7443","200.6","AMBOY, CA US","    0",",,0,",,,,,,,,,,,,,,,,
"USC00040176","1949-01-02","34.5594","-115.7443","200.6","AMBOY, CA US","    0",",,0,",,,,,,,,,,,,,,,,
"USC00040176","1949-01-03","34.5594","-115.7443","200.6","AMBOY, CA US","    0",",,0,",,,,,,,,,,,,,,,,
"USC00040176","1949-01-04","34.5594","-115.7443","200.6","AMBOY, CA US","    0",",,0,",,,,,,,,,,,,,,,,
"USC00040176","1949-01-05","34.5594","-115.7443","200.6","AMBOY, CA US","    0",",,0,",,,,,,,,,,,,,,,,
"USC00040176","1949-01-06","34.5594","-115.7443","200.6","AMBOY, CA US","    0",",,0,",,,,,,,,,,,,,,,,
"USC00040176","1949-01-07","34.5594","-115.7443","200.6","AMBOY, CA US","    0",",,0,",,,,,,,,,,,,,,,,
"USC00040176","1949-01-08","34.5594","-115.7443","200.6","AMBOY, CA US","    0",",,0,",,,,,,,,,,,,,,,,
"USC00040176","1949-01-09","34.5594","-115.7443","200.6","AMBOY, CA US","    0",",,0,",,,,,,,,,,,,,,,,
"USC00040176","1949-01-11","34.5594","-115.7443","200.6","AMBOY, CA US",,,,,,,,,,,"    2",",,0","  211",",,0",,,,
"USC00040176","1949-01-12","34.5594","-115.7443","200.6","AMBOY, CA US","  175",",,0,",,,,,,,,,,,,,,,,
"USC00040176","1949-01-13","34.5594","-115.7443","200.6","AMBOY, CA US","   23",",,0,",,,,,,,,,,,,,,,,
"USC00040176","1949-01-14","34.5594","-115.7443","200.6","AMBOY, CA US","    0",",,0,",,,,,,,,,,,,,,,,
"USC00040176","1949-01-15","34.5594","-115.7443","200.6","AMBOY, CA US","    0",",,0,",,,,,,,,,,,,,,,,
"USC00040176","1949-01-16","34.5594","-115.7443","200.6","AMBOY, CA US","    0",",,0,",,,,,,,,,,,,,,,,
"USC00040176","1949-01-17","34.5594","-115.7443","200.6","AMBOY, CA US","    0",",,0,",,,,,,,,,,,,,,,,
"USC00040176","1949-01-18","34.5594","-115.7443","200.6","AMBOY, CA US","    0",",,0,",,,,,,,,,,,,,,,,
"USC00040176","1949-01-19","34.5594","-115.7443","200.6","AMBOY, CA US","   18",",,0,",,,,,,,,,,,,,,,,
"USC00040176","1949-01-20","34.5594","-115.7443","200.6","AMBOY, CA US","   74",",,0,",,,,,,,,,,,,,,,,
"USC00040176","1949-01-21","34.5594","-115.7443","200.6","AMBOY, CA US","    0",",,0,",,,,,,,,,,,,,,,,
"USC00040176","1949-01-22","34.5594","-115.7443","200.6","AMBOY, CA US","    0",",,0,",,,,,,,,,,,,,,,,
"USC00040176","1949-01-23","34.5594","-115.7443","200.6","AMBOY, CA US","    0",",,0,",,,,,,,,,,,,,,,,
"USC00040176","1949-01-24","34.5594","-115.7443","200.6","AMBOY, CA US","    0",",,0,",,,,,,,,,,,,,,,,
"USC00040176","1949-01-25","34.5594","-115.7443","200.6","AMBOY, CA US","    0",",,0,",,,,,,,,,,,,,,,,
"USC00040176","1949-01-26","34.5594","-115.7443","200.6","AMBOY, CA US","    0",",,0,",,,,,,,,,,,,,,,,
"USC00040176","1949-01-27","34.5594","-115.7443","200.6","AMBOY, CA US","    0",",,0,",,,,,,,,,,,,,,,,
"USC00040176","1949-01-28","34.5594","-115.7443","200.6","AMBOY, CA US","    0",",,0,",,,,,,,,,,,,,,,,
"USC00040176","1949-01-29","34.5594","-115.7443","200.6","AMBOY, CA US","    0",",,0,",,,,,,,,,,,,,,,,
"USC00040176","1949-01-30","34.5594","-115.7443","200.6","AMBOY, CA US","    0",",,0,",,,,,,,,,,,,,,,,
"USC00040176","1949-01-31","34.5594","-115.7443","200.6","AMBOY, CA US","    0",",,0,",,,,,,,,,,,,,,,,
"USC00040176","1949-02-01","34.5594","-115.7443","200.6","AMBOY, CA US","    0",",,0,",,,,,,,,,,,,,,,,
"USC00040176","1949-02-02","34.5594","-115.7443","200.6","AMBOY, CA US","    0",",,0,",,,,,,,,,,,,,,,,
"USC00040176","1949-02-03","34.5594","-115.7443","200.6","AMBOY, CA US","    0",",,0,",,,,,,,,,,,,,,,,
"USC00040176","1949-02-04","34.5594","-115.7443","200.6","AMBOY, CA US","    0",",,0,",,,,,,,,,,,,,,,,
"USC00040176","1949-02-05","34.5594","-115.7443","200.6","AMBOY, CA US","    0",",,0,",,,,,,,,,,,,,,,,
"USC00040176","1949-02-06","34.5594","-115.7443","200.6","AMBOY, CA US","    0",",,0,",,,,,,,,,,,,,,,,
"USC00040176","1949-02-07","34.5594","-115.7443","200.6","AMBOY, CA US","    0",",,0,",,,,,,,,,,,,,,,,
"USC00040176","1949-02-08","34.5594","-115.7443","200.6","AMBOY, CA US","    0",",,0,",,,,,,,,,,,,,,,,
"USC00040176","1949-02-09","34.5594","-115.7443","200.6","AMBOY, CA US","    0",",,0,",,,,,,,,,,,,,,,,
"USC00040176","1949-02-10","34.5594","-115.7443","200.6","AMBOY, CA US","    0",",,0,",,,,,,,,,,,,,,,,
"USC00040176","1949-02-11","34.5594","-115.7443","200.6","AMBOY, CA US","    0",",,0,",,,,,,,,,,,,,,,,
"USC00040176","1949-02-12","34.5594","-115.7443","200.6","AMBOY, CA US","    0",",,0,",,,,,,,,,,,,,,,,
"USC00040176","1949-02-13","34.5594","-115.7443","200.6","AMBOY, CA US","    0",",,0,",,,,,,,,,,,,,,,,
"USC00040176","1949-02-14","34.5594","-115.7443","200.6","AMBOY, CA US","    0",",,0,",,,,,,,,,,,,,,,,
"USC00040176","1949-02-15","34.5594","-115.7443","200.6","AMBOY, CA US","    0",",,0,",,,,,,,,,,,,,,,,
"USC00040176","1949-02-16","34.5594","-115.7443","200.6","AMBOY, CA US","    0",",,0,",,,,,,,,,,,,,,,,
"USC00040176","1949-02-17","34.5594","-115.7443","200.6","AMBOY, CA US","    0",",,0,",,,,,,,,,,,,,,,,
"USC00040176","1949-02-18","34.5594","-115.7443","200.6","AMBOY, CA US","    0",",,0,",,,,,,,,,,,,,,,,
"USC00040176","1949-02-19","34.5594","-115.7443","200.6","AMBOY, CA US","    0",",,0,",,,,,,,,,,,,,,,,
"USC00040176","1949-02-20","34.5594","-115.7443","200.6","AMBOY, CA US","    0",",,0,",,,,,,,,,,,,,,,,
"USC00040176","1949-02-21","34.5594","-115.7443","200.6","AMBOY, CA US","    0",",,0,",,,,,,,,,,,,,,,,
"USC00040176","1949-02-22","34.5594","-115.7443","200.6","AMBOY, CA US","    0",",,0,",,,,,,,,,,,,,,,,
"USC00040176","1949-02-23","34.5594","-115.7443","200.6","AMBOY, CA US","    0",",,0,",,,,,,,,,,,,,,,,
"USC00040176","1949-02-24","34.5594","-115.7443","200.6","AMBOY, CA US","    0",",,0,",,,,,,,,,,,,,,,,
"USC00040176","1949-02-25","34.5594","-115.7443","200.6","AMBOY, CA US","    0",",,0,",,,,,,,,,,,,,,,,
"USC00040176","1949-02-26","34.5594","-115.7443","200.6","AMBOY, CA US","    0",",,0,",,,,,,,,,,,,,,,,
"USC00040176","1949-02-27","34.5594","-115.7443","200.6","AMBOY, CA US","    0",",,0,",,,,,,,,,,,,,,,,
"USC00040176","1949-02-28","34.5594","-115.7443","200.6","AMBOY, CA US","    0",",,0,",,,,,,,,,,,,,,,,
"USC00040176","1949-03-01","34.5594","-115.7443","200.6","AMBOY, CA US","    0",",,0,",,,,,,,,,,,,,,,,
"USC00040176","1949-03-02","34.5594","-115.7443","200.6","AMBOY, CA US","    0",",,0,",,,,,,,,,,,,,,,,
"USC00040176","1949-03-03","34.5594","-115.7443","200.6","AMBOY, CA US","    0",",,0,",,,,,,,,,,,,,,,,
"USC00040176","1949-03-04","34.5594","-115.7443","200.6","AMBOY, CA US","    0",",,0,",,,,,,,,,,,,,,,,
"USC00040176","1949-03-05","34.5594","-115.7443","200.6","AMBOY, CA US","    0",",,0,",,,,,,,,,,,,,,,,
"USC00040176","1949-03-06","34.5594","-115.7443","200.6","AMBOY, CA US","    0",",,0,",,,,,,,,,,,,,,,,
"USC00040176","1949-03-07","34.5594","-115.7443","200.6","AMBOY, CA US","    0",",,0,",,,,,,,,,,,,,,,,
"USC00040176","1949-03-08","34.5594","-115.7443","200.6","AMBOY, CA US","    0",",,0,",,,,,,,,,,,,,,,,
"USC00040176","1949-03-09","34.5594","-115.7443","200.6","AMBOY, CA US","    0",",,0,",,,,,,,,,,,,,,,,
"USC00040176","1949-03-10","34.5594","-115.7443","200.6","AMBOY, CA US","    0",",,0,",,,,,,,,,,,,,,,,
"USC00040176","1949-03-11","34.5594","-115.7443","200.6","AMBOY, CA US","    0",",,0,",,,,,,,,,,,,,,,,
"USC00040176","1949-03-12","34.5594","-115.7443","200.6","AMBOY, CA US","    0",",,0,",,,,,,,,,,,,,,,,
"USC00040176","1949-03-13","34.5594","-115.7443","200.6","AMBOY, CA US","    0",",,0,",,,,,,,,,,,,,,,,
"USC00040176","1949-03-14","34.5594","-115.7443","200.6","AMBOY, CA US","    0",",,0,",,,,,,,,,,,,,,,,
"USC00040176","1949-03-15","34.5594","-115.7443","200.6","AMBOY, CA US","    0",",,0,",,,,,,,,,,,,,,,,
"USC00040176","1949-03-16","34.5594","-115.7443","200.6","AMBOY, CA US","    0",",,0,",,,,,,,,,,,,,,,,
"USC00040176","1949-03-17","34.5594","-115.7443","200.6","AMBOY, CA US","    0",",,0,",,,,,,,,,,,,,,,,
"USC00040176","1949-03-18","34.5594","-115.7443","200.6","AMBOY, CA US","    0",",,0,",,,,,,,,,,,,,,,,
"USC00040176","1949-03-19","34.5594","-115.7443","200.6","AMBOY, CA US","    0",",,0,",,,,,,,,,,,,,,,,
"USC00040176","1949-03-20","34.5594","-115.7443","200.6","AMBOY, CA US","    0",",,0,",,,,,,,,,,,,,,,,
"USC00040176","1949-03-21","34.5594","-115.7443","200.6","AMBOY, CA US","    0",",,0,",,,,,,,,,,,,,,,,
"USC00040176","1949-03-22","34.5594","-115.7443","200.6","AMBOY, CA US","    0",",,0,",,,,,,,,,,,,,,,,
"USC00040176","1949-03-23","34.5594","-115.7443","200.6","AMBOY, CA US","    0",",,0,",,,,,,,,,,,,,,,,
"USC00040176","1949-03-24","34.5594","-115.7443","200.6","AMBOY, CA US","    0",",,0,",,,,,,,,,,,,,,,,
"USC00040176","1949-03-25","34.5594","-115.7443","200.6","AMBOY, CA US","    0",",,0,",,,,,,,,,,,,,,,,
"USC00040176","1949-03-26","34.5594","-115.7443","200.6","AMBOY, CA US","    0",",,0,",,,,,,,,,,,,,,,,
"USC00040176","1949-03-27","34.5594","-115.7443","200.6","AMBOY, CA US","    0",",,0,",,,,,,,,,,,,,,,,
"USC00040176","1949-03-28","34.5594","-115.7443","200.6","AMBOY, CA US","    0",",,0,",,,,,,,,,,,,,,,,
"USC00040176","1949-03-29","34.5594","-115.7443","200.6","AMBOY, CA US","    0",",,0,",,,,,,,,,,,,,,,,
"USC00040176","1949-03-30","34.5594","-115.7443","200.6","AMBOY, CA US","    0",",,0,",,,,,,,,,,,,,,,,
"USC00040176","1949-03-31","34.5594","-115.7443","200.6","AMBOY, CA US","   15",",,0,",,,,,,,,,,,,,,,,
"USC00040176","1949-04-01","34.5594","-115.7443","200.6","AMBOY, CA US","    0",",,0,",,,,,,,,,,,,,,,,
"USC00040176","1949-04-02","34.5594","-115.7443","200.6","AMBOY, CA US","    0",",,0,",,,,,,,,,,,,,,,,
"USC00040176","1949-04-03","34.5594","-115.7443","200.6","AMBOY, CA US","    0",",,0,",,,,,,,,,,,,,,,,
"USC00040176","1949-04-04","34.5594","-115.7443","200.6","AMBOY, CA US","    0",",,0,",,,,,,,,,,,,,,,,
"USC00040176","1949-04-05","34.5594","-115.7443","200.6","AMBOY, CA US","    0",",,0,",,,,,,,,,,,,,,,,
"USC00040176","1949-04-06","34.5594","-115.7443","200.6","AMBOY, CA US","    0",",,0,",,,,,,,,,,,,,,,,
"USC00040176","1949-04-07","34.5594","-115.7443","200.6","AMBOY, CA US","    0",",,0,",,,,,,,,,,,,,,,,
"USC00040176","1949-04-08","34.5594","-115.7443","200.6","AMBOY, CA US","    0",",,0,",,,,,,,,,,,,,,,,
"USC00040176","1949-04-09","34.5594","-115.7443","200.6","AMBOY, CA US","    0",",,0,",,,,,,,,,,,,,,,,
"USC00040176","1949-04-10","34.5594","-115.7443","200.6","AMBOY, CA US","    0",",,0,",,,,,,,,,,,,,,,,
"USC00040176","1949-04-11","34.5594","-115.7443","200.6","AMBOY, CA US","    0",",,0,",,,,,,,,,,,,,,,,
"USC00040176","1949-04-12","34.5594","-115.7443","200.6","AMBOY, CA US","    0",",,0,",,,,,,,,,,,,,,,,
"USC00040176","1949-04-13","34.5594","-115.7443","200.6","AMBOY, CA US","    0",",,0,",,,,,,,,,,,,,,,,
"USC00040176","1949-04-14","34.5594","-115.7443","200.6","AMBOY, CA US","    0",",,0,",,,,,,,,,,,,,,,,
"USC00040176","1949-04-15","34.5594","-115.7443","200.6","AMBOY, CA US","    0",",,0,",,,,,,,,,,,,,,,,
"USC00040176","1949-04-16","34.5594","-115.7443","200.6","AMBOY, CA US","    0",",,0,",,,,,,,,,,,,,,,,
"USC00040176","1949-04-17","34.5594","-115.7443","200.6","AMBOY, CA US","    0",",,0,",,,,,,,,,,,,,,,,
"USC00040176","1949-04-18","34.5594","-115.7443","200.6","AMBOY, CA US","    0",",,0,",,,,,,,,,,,,,,,,
"USC00040176","1949-04-19","34.5594","-115.7443","200.6","AMBOY, CA US","    0",",,0,",,,,,,,,,,,,,,,,
"USC00040176","1949-04-20","34.5594","-115.7443","200.6","AMBOY, CA US","    0",",,0,",,,,,,,,,,,,,,,,
"USC00040176","1949-04-21","34.5594","-115.7443","200.6","AMBOY, CA US","    0",",,0,",,,,,,,,,,,,,,,,
"USC00040176","1949-04-22","34.5594","-115.7443","200.6","AMBOY, CA US","    0",",,0,",,,,,,,,,,,,,,,,
"USC00040176","1949-04-23","34.5594","-115.7443","200.6","AMBOY, CA US","    0",",,0,",,,,,,,,,,,,,,,,
"USC00040176","1949-04-24","34.5594","-115.7443","200.6","AMBOY, CA US","    0",",,0,",,,,,,,,,,,,,,,,
"USC00040176","1949-04-25","34.5594","-115.7443","200.6","AMBOY, CA US","    0",",,0,",,,,,,,,,,,,,,,,
"USC00040176","1949-04-26","34.5594","-115.7443","200.6","AMBOY, CA US","    0",",,0,",,,,,,,,,,,,,,,,
"USC00040176","1949-04-27","34.5594","-115.7443","200.6","AMBOY, CA US","    0",",,0,",,,,,,,,,,,,,,,,
"USC00040176","1949-04-28","34.5594","-115.7443","200.6","AMBOY, CA US","    0",",,0,",,,,,,,,,,,,,,,,
"USC00040176","1949-04-29","34.5594","-115.7443","200.6","AMBOY, CA US","    0",",,0,",,,,,,,,,,,,,,,,
"USC00040176","1949-04-30","34.5594","-115.7443","200.6","AMBOY, CA US","    0",",,0,",,,,,,,,,,,,,,,,
"USC00040176","1949-05-01","34.5594","-115.7443","200.6","AMBOY, CA US","    0",",,0,",,,,,,,,,,,,,,,,
"USC00040176","1949-05-02","34.5594","-115.7443","200.6","AMBOY, CA US","    0",",,0,",,,,,,,,,,,,,,,,
"USC00040176","1949-05-03","34.5594","-115.7443","200.6","AMBOY, CA US","    0",",,0,",,,,,,,,,,,,,,,,
"USC00040176","1949-05-04","34.5594","-115.7443","200.6","AMBOY, CA US","    0",",,0,",,,,,,,,,,,,,,,,
"USC00040176","1949-05-05","34.5594","-115.7443","200.6","AMBOY, CA US","    0",",,0,",,,,,,,,,,,,,,,,
"USC00040176","1949-05-06","34.5594","-115.7443","200.6","AMBOY, CA US","    0",",,0,",,,,,,,,,,,,,,,,
"USC00040176","1949-05-07","34.5594","-115.7443","200.6","AMBOY, CA US","    0",",,0,",,,,,,,,,,,,,,,,
"USC00040176","1949-05-08","34.5594","-115.7443","200.6","AMBOY, CA US","    0",",,0,",,,,,,,,,,,,,,,,
"USC00040176","1949-05-09","34.5594","-115.7443","200.6","AMBOY, CA US","    0",",,0,",,,,,,,,,,,,,,,,
"USC00040176","1949-05-10","34.5594","-115.7443","200.6","AMBOY, CA US","    0",",,0,",,,,,,,,,,,,,,,,
"USC00040176","1949-05-11","34.5594","-115.7443","200.6","AMBOY, CA US","    0",",,0,",,,,,,,,,,,,,,,,
"USC00040176","1949-05-12","34.5594","-115.7443","200.6","AMBOY, CA US","    0",",,0,",,,,,,,,,,,,,,,,
"USC00040176","1949-05-13","34.5594","-115.7443","200.6","AMBOY, CA US","    0",",,0,",,,,,,,,,,,,,,,,
"USC00040176","1949-05-14","34.5594","-115.7443","200.6","AMBOY, CA US","    0",",,0,",,,,,,,,,,,,,,,,
"USC00040176","1949-05-15","34.5594","-115.7443","200.6","AMBOY, CA US","    0",",,0,",,,,,,,,,,,,,,,,
"USC00040176","1949-05-16","34.5594","-115.7443","200.6","AMBOY, CA US","    0",",,0,",,,,,,,,,,,,,,,,
"USC00040176","1949-05-17","34.5594","-115.7443","200.6","AMBOY, CA US","    0",",,0,",,,,,,,,,,,,,,,,
"USC00040176","1949-05-18","34.5594","-115.7443","200.6","AMBOY, CA US","    0",",,0,",,,,,,,,,,,,,,,,
"USC00040176","1949-05-19","34.5594","-115.7443","200.6","AMBOY, CA US","    0",",,0,",,,,,,,,,,,,,,,,
"USC00040176","1949-05-20","34.5594","-115.7443","200.6","AMBOY, CA US","    0",",,0,",,,,,,,,,,,,,,,,
"USC00040176","1949-05-21","34.5594","-115.7443","200.6","AMBOY, CA US","    0",",,0,",,,,,,,,,,,,,,,,
"USC00040176","1949-05-22","34.5594","-115.7443","200.6","AMBOY, CA US","    0",",,0,",,,,,,,,,,,,,,,,
"USC00040176","1949-05-23","34.5594","-115.7443","200.6","AMBOY, CA US","    0",",,0,",,,,,,,,,,,,,,,,
"USC00040176","1949-05-24","34.5594","-115.7443","200.6","AMBOY, CA US","    0",",,0,",,,,,,,,,,,,,,,,
"USC00040176","1949-05-25","34.5594","-115.7443","200.6","AMBOY, CA US","    0",",,0,",,,,,,,,,,,,,,,,
"USC00040176","1949-05-26","34.5594","-115.7443","200.6","AMBOY, CA US","    0",",,0,",,,,,,,,,,,,,,,,
"USC00040176","1949-05-27","34.5594","-115.7443","200.6","AMBOY, CA US","    0",",,0,",,,,,,,,,,,,,,,,
"USC00040176","1949-05-28","34.5594","-115.7443","200.6","AMBOY, CA US","    0",",,0,",,,,,,,,,,,,,,,,
"USC00040176","1949-05-29","34.5594","-115.7443","200.6","AMBOY, CA US","    0",",,0,",,,,,,,,,,,,,,,,
"USC00040176","1949-05-30","34.5594","-115.7443","200.6","AMBOY, CA US","    0",",,0,",,,,,,,,,,,,,,,,
"USC00040176","1949-05-31","34.5594","-115.7443","200.6","AMBOY, CA US","    0",",,0,",,,,,,,,,,,,,,,,
"USC00040176","1949-06-01","34.5594","-115.7443","200.6","AMBOY, CA US","    0",",,0,",,,,,,,,,,,,,,,,
"USC00040176","1949-06-02","34.5594","-115.7443","200.6","AMBOY, CA US","    0",",,0,",,,,,,,,,,,,,,,,
"USC00040176","1949-06-03","34.5594","-115.7443","200.6","AMBOY, CA US","    0",",,0,",,,,,,,,,,,,,,,,
"USC00040176","1949-06-04","34.5594","-115.7443","200.6","AMBOY, CA US","    0",",,0,",,,,,,,,,,,,,,,,
"USC00040176","1949-06-05","34.5594","-115.7443","200.6","AMBOY, CA US","    0",",,0,",,,,,,,,,,,,,,,,
"USC00040176","1949-06-06","34.5594","-115.7443","200.6","AMBOY, CA US","    0",",,0,",,,,,,,,,,,,,,,,
"USC00040176","1949-06-07","34.5594","-115.7443","200.6","AMBOY, CA US","    0",",,0,",,,,,,,,,,,,,,,,
"USC00040176","1949-06-08","34.5594","-115.7443","200.6","AMBOY, CA US","    0",",,0,",,,,,,,,,,,,,,,,
"USC00040176","1949-06-09","34.5594","-115.7443","200.6","AMBOY, CA US","    0",",,0,",,,,,,,,,,,,,,,,
"USC00040176","1949-06-10","34.5594","-115.7443","200.6","AMBOY, CA US","    0",",,0,",,,,,,,,,,,,,,,,
"USC00040176","1949-06-11","34.5594","-115.7443","200.6","AMBOY, CA US","    0",",,0,",,,,,,,,,,,,,,,,
"USC00040176","1949-06-12","34.5594","-115.7443","200.6","AMBOY, CA US","    0",",,0,",,,,,,,,,,,,,,,,
"USC00040176","1949-06-13","34.5594","-115.7443","200.6","AMBOY, CA US","    0",",,0,",,,,,,,,,,,,,,,,
"USC00040176","1949-06-14","34.5594","-115.7443","200.6","AMBOY, CA US","    0",",,0,",,,,,,,,,,,,,,,,
"USC00040176","1949-06-15","34.5594","-115.7443","200.6","AMBOY, CA US","    0",",,0,",,,,,,,,,,,,,,,,
"USC00040176","1949-06-16","34.5594","-115.7443","200.6","AMBOY, CA US","    0",",,0,",,,,,,,,,,,,,,,,
"USC00040176","1949-06-17","34.5594","-115.7443","200.6","AMBOY, CA US","    0",",,0,",,,,,,,,,,,,,,,,
"USC00040176","1949-06-18","34.5594","-115.7443","200.6","AMBOY, CA US","    0",",,0,",,,,,,,,,,,,,,,,
"USC00040176","1949-06-19","34.5594","-115.7443","200.6","AMBOY, CA US","    0",",,0,",,,,,,,,,,,,,,,,
"USC00040176","1949-06-20","34.5594","-115.7443","200.6","AMBOY, CA US","    0",",,0,",,,,,,,,,,,,,,,,
"USC00040176","1949-06-21","34.5594","-115.7443","200.6","AMBOY, CA US","    0",",,0,",,,,,,,,,,,,,,,,
"USC00040176","1949-06-22","34.5594","-115.7443","200.6","AMBOY, CA US","    0",",,0,",,,,,,,,,,,,,,,,
"USC00040176","1949-06-23","34.5594","-115.7443","200.6","AMBOY, CA US","    0",",,0,",,,,,,,,,,,,,,,,
"USC00040176","1949-06-24","34.5594","-115.7443","200.6","AMBOY, CA US","    0",",,0,",,,,,,,,,,,,,,,,
"USC00040176","1949-06-25","34.5594","-115.7443","200.6","AMBOY, CA US","    0",",,0,",,,,,,,,,,,,,,,,
"USC00040176","1949-06-26","34.5594","-115.7443","200.6","AMBOY, CA US","    0",",,0,",,,,,,,,,,,,,,,,
"USC00040176","1949-06-27","34.5594","-115.7443","200.6","AMBOY, CA US","    0",",,0,",,,,,,,,,,,,,,,,
"USC00040176","1949-06-28","34.5594","-115.7443","200.6","AMBOY, CA US","    0",",,0,",,,,,,,,,,,,,,,,
"USC00040176","1949-06-29","34.5594","-115.7443","200.6","AMBOY, CA US","    0",",,0,",,,,,,,,,,,,,,,,
"USC00040176","1949-06-30","34.5594","-115.7443","200.6","AMBOY, CA US","    0",",,0,",,,,,,,,,,,,,,,,
"USC00040176","1949-07-01","34.5594","-115.7443","200.6","AMBOY, CA US","    0",",,0,",,,,,,,,,,,,,,,,
"USC00040176","1949-07-02","34.5594","-115.7443","200.6","AMBOY, CA US","    0",",,0,",,,,,,,,,,,,,,,,
"USC00040176","1949-07-03","34.5594","-115.7443","200.6","AMBOY, CA US","    0",",,0,",,,,,,,,,,,,,,,,
"USC00040176","1949-07-04","34.5594","-115.7443","200.6","AMBOY, CA US","    0",",,0,",,,,,,,,,,,,,,,,
"USC00040176","1949-07-05","34.5594","-115.7443","200.6","AMBOY, CA US","    0",",,0,",,,,,,,,,,,,,,,,
"USC00040176","1949-07-06","34.5594","-115.7443","200.6","AMBOY, CA US","    0",",,0,",,,,,,,,,,,,,,,,
"USC00040176","1949-07-07","34.5594","-115.7443","200.6","AMBOY, CA US","    0",",,0,",,,,,,,,,,,,,,,,
"USC00040176","1949-07-08","34.5594","-115.7443","200.6","AMBOY, CA US","    0",",,0,",,,,,,,,,,,,,,,,
"USC00040176","1949-07-09","34.5594","-115.7443","200.6","AMBOY, CA US","    0",",,0,",,,,,,,,,,,,,,,,
"USC00040176","1949-07-10","34.5594","-115.7443","200.6","AMBOY, CA US","    0",",,0,",,,,,,,,,,,,,,,,
"USC00040176","1949-07-11","34.5594","-115.7443","200.6","AMBOY, CA US","    0",",,0,",,,,,,,,,,,,,,,,
"USC00040176","1949-07-12","34.5594","-115.7443","200.6","AMBOY, CA US","    0",",,0,",,,,,,,,,,,,,,,,
"USC00040176","1949-07-13","34.5594","-115.7443","200.6","AMBOY, CA US","    0",",,0,",,,,,,,,,,,,,,,,
"USC00040176","1949-07-14","34.5594","-115.7443","200.6","AMBOY, CA US","    0",",,0,",,,,,,,,,,,,,,,,
"USC00040176","1949-07-15","34.5594","-115.7443","200.6","AMBOY, CA US","    0",",,0,",,,,,,,,,,,,,,,,
"USC00040176","1949-07-16","34.5594","-115.7443","200.6","AMBOY, CA US","    0",",,0,",,,,,,,,,,,,,,,,
"USC00040176","1949-07-17","34.5594","-115.7443","200.6","AMBOY, CA US","    0",",,0,",,,,,,,,,,,,,,,,
"USC00040176","1949-07-18","34.5594","-115.7443","200.6","AMBOY, CA US","    0",",,0,",,,,,,,,,,,,,,,,
"USC00040176","1949-07-19","34.5594","-115.7443","200.6","AMBOY, CA US","    0",",,0,",,,,,,,,,,,,,,,,
"USC00040176","1949-07-20","34.5594","-115.7443","200.6","AMBOY, CA US","    0",",,0,",,,,,,,,,,,,,,,,
"USC00040176","1949-07-21","34.5594","-115.7443","200.6","AMBOY, CA US","    0",",,0,",,,,,,,,,,,,,,,,
"USC00040176","1949-07-22","34.5594","-115.7443","200.6","AMBOY, CA US","    0",",,0,",,,,,,,,,,,,,,,,
"USC00040176","1949-07-23","34.5594","-115.7443","200.6","AMBOY, CA US","    0",",,0,",,,,,,,,,,,,,,,,
"USC00040176","1949-07-24","34.5594","-115.7443","200.6","AMBOY, CA US","    0",",,0,",,,,,,,,,,,,,,,,
"USC00040176","1949-07-25","34.5594","-115.7443","200.6","AMBOY, CA US","    0",",,0,",,,,,,,,,,,,,,,,
"USC00040176","1949-07-26","34.5594","-115.7443","200.6","AMBOY, CA US","    0",",,0,",,,,,,,,,,,,,,,,
"USC00040176","1949-07-27","34.5594","-115.7443","200.6","AMBOY, CA US","    0",",,0,",,,,,,,,,,,,,,,,
"USC00040176","1949-07-28","34.5594","-115.7443","200.6","AMBOY, CA US","    0",",,0,",,,,,,,,,,,,,,,,
"USC00040176","1949-07-29","34.5594","-115.7443","200.6","AMBOY, CA US","    0",",,0,",,,,,,,,,,,,,,,,
"USC00040176","1949-07-30","34.5594","-115.7443","200.6","AMBOY, CA US","    0",",,0,",,,,,,,,,,,,,,,,
"USC00040176","1949-07-31","34.5594","-115.7443","200.6","AMBOY, CA US","    0",",,0,",,,,,,,,,,,,,,,,
"USC00040176","1949-08-01","34.5594","-115.7443","200.6","AMBOY, CA US","    0",",,0,",,,,,,,,,,,,,,,,
"USC00040176","1949-08-02","34.5594","-115.7443","200.6","AMBOY, CA US","    0",",,0,",,,,,,,,,,,,,,,,
"USC00040176","1949-08-03","34.5594","-115.7443","200.6","AMBOY, CA US","    0",",,0,",,,,,,,,,,,,,,,,
"USC00040176","1949-08-04","34.5594","-115.7443","200.6","AMBOY, CA US","    0",",,0,",,,,,,,,,,,,,,,,
"USC00040176","1949-08-05","34.5594","-115.7443","200.6","AMBOY, CA US","    0",",,0,",,,,,,,,,,,,,,,,
"USC00040176","1949-08-06","34.5594","-115.7443","200.6","AMBOY, CA US","    0",",,0,",,,,,,,,,,,,,,,,
"USC00040176","1949-08-07","34.5594","-115.7443","200.6","AMBOY, CA US","    0",",,0,",,,,,,,,,,,,,,,,
"USC00040176","1949-08-08","34.5594","-115.7443","200.6","AMBOY, CA US","    0",",,0,",,,,,,,,,,,,,,,,
"USC00040176","1949-08-09","34.5594","-115.7443","200.6","AMBOY, CA US","    0",",,0,",,,,,,,,,,,,,,,,
"USC00040176","1949-08-10","34.5594","-115.7443","200.6","AMBOY, CA US","    0",",,0,",,,,,,,,,,,,,,,,
"USC00040176","1949-08-11","34.5594","-115.7443","200.6","AMBOY, CA US","    0",",,0,",,,,,,,,,,,,,,,,
"USC00040176","1949-08-12","34.5594","-115.7443","200.6","AMBOY, CA US","    0",",,0,",,,,,,,,,,,,,,,,
"USC00040176","1949-08-13","34.5594","-115.7443","200.6","AMBOY, CA US","    0",",,0,",,,,,,,,,,,,,,,,
"USC00040176","1949-08-14","34.5594","-115.7443","200.6","AMBOY, CA US","    0",",,0,",,,,,,,,,,,,,,,,
"USC00040176","1949-08-15","34.5594","-115.7443","200.6","AMBOY, CA US","    0",",,0,",,,,,,,,,,,,,,,,
"USC00040176","1949-08-16","34.5594","-115.7443","200.6","AMBOY, CA US","    0",",,0,",,,,,,,,,,,,,,,,
"USC00040176","1949-08-17","34.5594","-115.7443","200.6","AMBOY, CA US","    0",",,0,",,,,,,,,,,,,,,,,
"USC00040176","1949-08-18","34.5594","-115.7443","200.6","AMBOY, CA US","    0",",,0,",,,,,,,,,,,,,,,,
"USC00040176","1949-08-19","34.5594","-115.7443","200.6","AMBOY, CA US","    0",",,0,",,,,,,,,,,,,,,,,
"USC00040176","1949-08-20","34.5594","-115.7443","200.6","AMBOY, CA US","    0",",,0,",,,,,,,,,,,,,,,,
"USC00040176","1949-08-21","34.5594","-115.7443","200.6","AMBOY, CA US","    0",",,0,",,,,,,,,,,,,,,,,
"USC00040176","1949-08-22","34.5594","-115.7443","200.6","AMBOY, CA US","   97",",,0,",,,,,,,,,,,,,,,,
"USC00040176","1949-08-23","34.5594","-115.7443","200.6","AMBOY, CA US","    0",",,0,",,,,,,,,,,,,,,,,
"USC00040176","1949-08-24","34.5594","-115.7443","200.6","AMBOY, CA US","    0",",,0,",,,,,,,,,,,,,,,,
"USC00040176","1949-08-25","34.5594","-115.7443","200.6","AMBOY, CA US","    0",",,0,",,,,,,,,,,,,,,,,
"USC00040176","1949-08-26","34.5594","-115.7443","200.6","AMBOY, CA US","    0",",,0,",,,,,,,,,,,,,,,,
"USC00040176","1949-08-27","34.5594","-115.7443","200.6","AMBOY, CA US","    0",",,0,",,,,,,,,,,,,,,,,
"USC00040176","1949-08-28","34.5594","-115.7443","200.6","AMBOY, CA US","    0",",,0,",,,,,,,,,,,,,,,,
"USC00040176","1949-08-29","34.5594","-115.7443","200.6","AMBOY, CA US","    0",",,0,",,,,,,,,,,,,,,,,
"USC00040176","1949-08-30","34.5594","-115.7443","200.6","AMBOY, CA US","    0",",,0,",,,,,,,,,,,,,,,,
"USC00040176","1949-08-31","34.5594","-115.7443","200.6","AMBOY, CA US","    0",",,0,",,,,,,,,,,,,,,,,
"USC00040176","1949-09-01","34.5594","-115.7443","200.6","AMBOY, CA US","    0",",,0,",,,,,,,,,,,,,,,,
"USC00040176","1949-09-02","34.5594","-115.7443","200.6","AMBOY, CA US","    0",",,0,",,,,,,,,,,,,,,,,
"USC00040176","1949-09-03","34.5594","-115.7443","200.6","AMBOY, CA US","    0",",,0,",,,,,,,,,,,,,,,,
"USC00040176","1949-09-04","34.5594","-115.7443","200.6","AMBOY, CA US","    0",",,0,",,,,,,,,,,,,,,,,
"USC00040176","1949-09-05","34.5594","-115.7443","200.6","AMBOY, CA US","    0",",,0,",,,,,,,,,,,,,,,,
"USC00040176","1949-09-06","34.5594","-115.7443","200.6","AMBOY, CA US","    0",",,0,",,,,,,,,,,,,,,,,
"USC00040176","1949-09-07","34.5594","-115.7443","200.6","AMBOY, CA US","    0",",,0,",,,,,,,,,,,,,,,,
"USC00040176","1949-09-08","34.5594","-115.7443","200.6","AMBOY, CA US","    0",",,0,",,,,,,,,,,,,,,,,
"USC00040176","1949-09-09","34.5594","-115.7443","200.6","AMBOY, CA US","    0",",,0,",,,,,,,,,,,,,,,,
"USC00040176","1949-09-10","34.5594","-115.7443","200.6","AMBOY, CA US","    0",",,0,",,,,,,,,,,,,,,,,
"USC00040176","1949-09-11","34.5594","-115.7443","200.6","AMBOY, CA US","    0",",,0,",,,,,,,,,,,,,,,,
"USC00040176","1949-09-12","34.5594","-115.7443","200.6","AMBOY, CA US","    0",",,0,",,,,,,,,,,,,,,,,
"USC00040176","1949-09-13","34.5594","-115.7443","200.6","AMBOY, CA US","    0",",,0,",,,,,,,,,,,,,,,,
"USC00040176","1949-09-14","34.5594","-115.7443","200.6","AMBOY, CA US","    0",",,0,",,,,,,,,,,,,,,,,
"USC00040176","1949-09-15","34.5594","-115.7443","200.6","AMBOY, CA US","    0",",,0,",,,,,,,,,,,,,,,,
"USC00040176","1949-09-16","34.5594","-115.7443","200.6","AMBOY, CA US","    0",",,0,",,,,,,,,,,,,,,,,
"USC00040176","1949-09-17","34.5594","-115.7443","200.6","AMBOY, CA US","    0",",,0,",,,,,,,,,,,,,,,,
"USC00040176","1949-09-18","34.5594","-115.7443","200.6","AMBOY, CA US","    0",",,0,",,,,,,,,,,,,,,,,
"USC00040176","1949-09-19","34.5594","-115.7443","200.6","AMBOY, CA US","    0",",,0,",,,,,,,,,,,,,,,,
"USC00040176","1949-09-20","34.5594","-115.7443","200.6","AMBOY, CA US","    0",",,0,",,,,,,,,,,,,,,,,
"USC00040176","1949-09-21","34.5594","-115.7443","200.6","AMBOY, CA US","    0",",,0,",,,,,,,,,,,,,,,,
"USC00040176","1949-09-22","34.5594","-115.7443","200.6","AMBOY, CA US","    0",",,0,",,,,,,,,,,,,,,,,
"USC00040176","1949-09-23","34.5594","-115.7443","200.6","AMBOY, CA US","    0",",,0,",,,,,,,,,,,,,,,,
"USC00040176","1949-09-24","34.5594","-115.7443","200.6","AMBOY, CA US","    0",",,0,",,,,,,,,,,,,,,,,
"USC00040176","1949-09-25","34.5594","-115.7443","200.6","AMBOY, CA US","    0",",,0,",,,,,,,,,,,,,,,,
"USC00040176","1949-09-26","34.5594","-115.7443","200.6","AMBOY, CA US","    3",",,0,",,,,,,,,,,,,,,,,
"USC00040176","1949-09-27","34.5594","-115.7443","200.6","AMBOY, CA US","    0",",,0,",,,,,,,,,,,,,,,,
"USC00040176","1949-09-28","34.5594","-115.7443","200.6","AMBOY, CA US","    0",",,0,",,,,,,,,,,,,,,,,
"USC00040176","1949-09-29","34.5594","-115.7443","200.6","AMBOY, CA US","    0",",,0,",,,,,,,,,,,,,,,,
"USC00040176","1949-09-30","34.5594","-115.7443","200.6","AMBOY, CA US","    0",",,0,",,,,,,,,,,,,,,,,
"USC00040176","1949-10-01","34.5594","-115.7443","200.6","AMBOY, CA US","    0",",,0,",,,,,,,,,,,,,,,,
"USC00040176","1949-10-02","34.5594","-115.7443","200.6","AMBOY, CA US","    0",",,0,",,,,,,,,,,,,,,,,
"USC00040176","1949-10-03","34.5594","-115.7443","200.6","AMBOY, CA US","    0",",,0,",,,,,,,,,,,,,,,,
"USC00040176","1949-10-04","34.5594","-115.7443","200.6","AMBOY, CA US","    0",",,0,",,,,,,,,,,,,,,,,
"USC00040176","1949-10-05","34.5594","-115.7443","200.6","AMBOY, CA US","    0",",,0,",,,,,,,,,,,,,,,,
"USC00040176","1949-10-06","34.5594","-115.7443","200.6","AMBOY, CA US","    0",",,0,",,,,,,,,,,,,,,,,
"USC00040176","1949-10-07","34.5594","-115.7443","200.6","AMBOY, CA US","    0",",,0,",,,,,,,,,,,,,,,,
"USC00040176","1949-10-08","34.5594","-115.7443","200.6","AMBOY, CA US","    0",",,0,",,,,,,,,,,,,,,,,
"USC00040176","1949-10-09","34.5594","-115.7443","200.6","AMBOY, CA US","    0",",,0,",,,,,,,,,,,,,,,,
"USC00040176","1949-10-10","34.5594","-115.7443","200.6","AMBOY, CA US","    0",",,0,",,,,,,,,,,,,,,,,
"USC00040176","1949-10-11","34.5594","-115.7443","200.6","AMBOY, CA US","    0",",,0,",,,,,,,,,,,,,,,,
"USC00040176","1949-10-12","34.5594","-115.7443","200.6","AMBOY, CA US","    0",",,0,",,,,,,,,,,,,,,,,
"USC00040176","1949-10-13","34.5594","-115.7443","200.6","AMBOY, CA US","    0",",,0,",,,,,,,,,,,,,,,,
"USC00040176","1949-10-14","34.5594","-115.7443","200.6","AMBOY, CA US","    0",",,0,",,,,,,,,,,,,,,,,
"USC00040176","1949-10-15","34.5594","-115.7443","200.6","AMBOY, CA US","    0",",,0,",,,,,,,,,,,,,,,,
"USC00040176","1949-10-16","34.5594","-115.7443","200.6","AMBOY, CA US","    0",",,0,",,,,,,,,,,,,,,,,
"USC00040176","1949-10-17","34.5594","-115.7443","200.6","AMBOY, CA US","    0",",,0,",,,,,,,,,,,,,,,,
"USC00040176","1949-10-18","34.5594","-115.7443","200.6","AMBOY, CA US","    0",",,0,",,,,,,,,,,,,,,,,
"USC00040176","1949-10-19","34.5594","-115.7443","200.6","AMBOY, CA US","    0",",,0,",,,,,,,,,,,,,,,,
"USC00040176","1949-10-20","34.5594","-115.7443","200.6","AMBOY, CA US","    0",",,0,",,,,,,,,,,,,,,,,
"USC00040176","1949-10-21","34.5594","-115.7443","200.6","AMBOY, CA US","    0",",,0,",,,,,,,,,,,,,,,,
"USC00040176","1949-10-22","34.5594","-115.7443","200.6","AMBOY, CA US","    0",",,0,",,,,,,,,,,,,,,,,
"USC00040176","1949-10-23","34.5594","-115.7443","200.6","AMBOY, CA US","    0",",,0,",,,,,,,,,,,,,,,,
"USC00040176","1949-10-24","34.5594","-115.7443","200.6","AMBOY, CA US","    0",",,0,",,,,,,,,,,,,,,,,
"USC00040176","1949-10-25","34.5594","-115.7443","200.6","AMBOY, CA US","    0",",,0,",,,,,,,,,,,,,,,,
"USC00040176","1949-10-26","34.5594","-115.7443","200.6","AMBOY, CA US","    0",",,0,",,,,,,,,,,,,,,,,
"USC00040176","1949-10-27","34.5594","-115.7443","200.6","AMBOY, CA US","    0",",,0,",,,,,,,,,,,,,,,,
"USC00040176","1949-10-28","34.5594","-115.7443","200.6","AMBOY, CA US","    0",",,0,",,,,,,,,,,,,,,,,
"USC00040176","1949-10-29","34.5594","-115.7443","200.6","AMBOY, CA US","    0",",,0,",,,,,,,,,,,,,,,,
"USC00040176","1949-10-30","34.5594","-115.7443","200.6","AMBOY, CA US","    0",",,0,",,,,,,,,,,,,,,,,
"USC00040176","1949-10-31","34.5594","-115.7443","200.6","AMBOY, CA US","    0",",,0,",,,,,,,,,,,,,,,,
"USC00040176","1949-11-01","34.5594","-115.7443","200.6","AMBOY, CA US","    0",",,0,",,,,,,,,,,,,,,,,
"USC00040176","1949-11-02","34.5594","-115.7443","200.6","AMBOY, CA US","    0",",,0,",,,,,,,,,,,,,,,,
"USC00040176","1949-11-03","34.5594","-115.7443","200.6","AMBOY, CA US","    0",",,0,",,,,,,,,,,,,,,,,
"USC00040176","1949-11-04","34.5594","-115.7443","200.6","AMBOY, CA US","    0",",,0,",,,,,,,,,,,,,,,,
"USC00040176","1949-11-05","34.5594","-115.7443","200.6","AMBOY, CA US","    0",",,0,",,,,,,,,,,,,,,,,
"USC00040176","1949-11-06","34.5594","-115.7443","200.6","AMBOY, CA US","    0",",,0,",,,,,,,,,,,,,,,,
"USC00040176","1949-11-07","34.5594","-115.7443","200.6","AMBOY, CA US","    0",",,0,",,,,,,,,,,,,,,,,
"USC00040176","1949-11-08","34.5594","-115.7443","200.6","AMBOY, CA US","    0",",,0,",,,,,,,,,,,,,,,,
"USC00040176","1949-11-09","34.5594","-115.7443","200.6","AMBOY, CA US","    0",",,0,",,,,,,,,,,,,,,,,
"USC00040176","1949-11-10","34.5594","-115.7443","200.6","AMBOY, CA US","   23",",,0,",,,,,,,,,,,,,,,,
"USC00040176","1949-11-11","34.5594","-115.7443","200.6","AMBOY, CA US","    0",",,0,",,,,,,,,,,,,,,,,
"USC00040176","1949-11-12","34.5594","-115.7443","200.6","AMBOY, CA US","    0",",,0,",,,,,,,,,,,,,,,,
"USC00040176","1949-11-13","34.5594","-115.7443","200.6","AMBOY, CA US","    0",",,0,",,,,,,,,,,,,,,,,
"USC00040176","1949-11-14","34.5594","-115.7443","200.6","AMBOY, CA US","    0",",,0,",,,,,,,,,,,,,,,,
"USC00040176","1949-11-15","34.5594","-115.7443","200.6","AMBOY, CA US","    0",",,0,",,,,,,,,,,,,,,,,
"USC00040176","1949-11-16","34.5594","-115.7443","200.6","AMBOY, CA US","    0",",,0,",,,,,,,,,,,,,,,,
"USC00040176","1949-11-17","34.5594","-115.7443","200.6","AMBOY, CA US","    0",",,0,",,,,,,,,,,,,,,,,
"USC00040176","1949-11-18","34.5594","-115.7443","200.6","AMBOY, CA US","    0",",,0,",,,,,,,,,,,,,,,,
"USC00040176","1949-11-19","34.5594","-115.7443","200.6","AMBOY, CA US","    0",",,0,",,,,,,,,,,,,,,,,
"USC00040176","1949-11-20","34.5594","-115.7443","200.6","AMBOY, CA US","    0",",,0,",,,,,,,,,,,,,,,,
"USC00040176","1949-11-21","34.5594","-115.7443","200.6","AMBOY, CA US","    0",",,0,",,,,,,,,,,,,,,,,
"USC00040176","1949-11-22","34.5594","-115.7443","200.6","AMBOY, CA US","    0",",,0,",,,,,,,,,,,,,,,,
"USC00040176","1949-11-23","34.5594","-115.7443","200.6","AMBOY, CA US","    0",",,0,",,,,,,,,,,,,,,,,
"USC00040176","1949-11-24","34.5594","-115.7443","200.6","AMBOY, CA US","    0",",,0,",,,,,,,,,,,,,,,,
"USC00040176","1949-11-25","34.5594","-115.7443","200.6","AMBOY, CA US","    0",",,0,",,,,,,,,,,,,,,,,
"USC00040176","1949-11-26","34.5594","-115.7443","200.6","AMBOY, CA US","    0",",,0,",,,,,,,,,,,,,,,,
"USC00040176","1949-11-27","34.5594","-115.7443","200.6","AMBOY, CA US","    0",",,0,",,,,,,,,,,,,,,,,
"USC00040176","1949-11-28","34.5594","-115.7443","200.6","AMBOY, CA US","    0",",,0,",,,,,,,,,,,,,,,,
"USC00040176","1949-11-29","34.5594","-115.7443","200.6","AMBOY, CA US","    0",",,0,",,,,,,,,,,,,,,,,
"USC00040176","1949-11-30","34.5594","-115.7443","200.6","AMBOY, CA US","    0",",,0,",,,,,,,,,,,,,,,,
"USC00040176","1950-04-27","34.5594","-115.7443","200.6","AMBOY, CA US","    0",",,0,",,,,,,,,,,,,,,,,
"USC00040176","1950-04-28","34.5594","-115.7443","200.6","AMBOY, CA US","    0",",,0,",,,,,,,,,,,,,,,,
"USC00040176","1950-04-29","34.5594","-115.7443","200.6","AMBOY, CA US","    0",",,0,",,,,,,,,,,,,,,,,
"USC00040176","1950-04-30","34.5594","-115.7443","200.6","AMBOY, CA US","    0",",,0,",,,,,,,,,,,,,,,,
"USC00040176","1950-05-01","34.5594","-115.7443","200.6","AMBOY, CA US","    0",",,0,",,,,,,,,,,,,,,,,
"USC00040176","1950-05-02","34.5594","-115.7443","200.6","AMBOY, CA US","    0",",,0,",,,,,,,,,,,,,,,,
"USC00040176","1950-05-03","34.5594","-115.7443","200.6","AMBOY, CA US","    0",",,0,",,,,,,,,,,,,,,,,
"USC00040176","1950-05-04","34.5594","-115.7443","200.6","AMBOY, CA US","    0",",,0,",,,,,,,,,,,,,,,,
"USC00040176","1950-05-05","34.5594","-115.7443","200.6","AMBOY, CA US","    0",",,0,",,,,,,,,,,,,,,,,
"USC00040176","1950-05-06","34.5594","-115.7443","200.6","AMBOY, CA US","    0",",,0,",,,,,,,,,,,,,,,,
"USC00040176","1950-05-07","34.5594","-115.7443","200.6","AMBOY, CA US","    0",",,0,",,,,,,,,,,,,,,,,
"USC00040176","1950-05-08","34.5594","-115.7443","200.6","AMBOY, CA US","    0",",,0,",,,,,,,,,,,,,,,,
"USC00040176","1950-05-09","34.5594","-115.7443","200.6","AMBOY, CA US","    0",",,0,",,,,,,,,,,,,,,,,
"USC00040176","1950-05-10","34.5594","-115.7443","200.6","AMBOY, CA US","    0",",,0,",,,,,,,,,,,,,,,,
"USC00040176","1950-05-11","34.5594","-115.7443","200.6","AMBOY, CA US","    0",",,0,",,,,,,,,,,,,,,,,
"USC00040176","1950-05-12","34.5594","-115.7443","200.6","AMBOY, CA US","    0",",,0,",,,,,,,,,,,,,,,,
"USC00040176","1950-05-13","34.5594","-115.7443","200.6","AMBOY, CA US","    0",",,0,",,,,,,,,,,,,,,,,
"USC00040176","1950-05-14","34.5594","-115.7443","200.6","AMBOY, CA US","    0",",,0,",,,,,,,,,,,,,,,,
"USC00040176","1950-05-15","34.5594","-115.7443","200.6","AMBOY, CA US","    0",",,0,",,,,,,,,,,,,,,,,
"USC00040176","1950-05-16","34.5594","-115.7443","200.6","AMBOY, CA US","    0",",,0,",,,,,,,,,,,,,,,,
"USC00040176","1950-05-17","34.5594","-115.7443","200.6","AMBOY, CA US","    0",",,0,",,,,,,,,,,,,,,,,
"USC00040176","1950-05-18","34.5594","-115.7443","200.6","AMBOY, CA US","    0",",,0,",,,,,,,,,,,,,,,,
"USC00040176","1950-05-19","34.5594","-115.7443","200.6","AMBOY, CA US","    0",",,0,",,,,,,,,,,,,,,,,
"USC00040176","1950-05-20","34.5594","-115.7443","200.6","AMBOY, CA US","    0",",,0,",,,,,,,,,,,,,,,,
"USC00040176","1950-05-21","34.5594","-115.7443","200.6","AMBOY, CA US","    0",",,0,",,,,,,,,,,,,,,,,
"USC00040176","1950-05-22","34.5594","-115.7443","200.6","AMBOY, CA US","    0",",,0,",,,,,,,,,,,,,,,,
"USC00040176","1950-05-23","34.5594","-115.7443","200.6","AMBOY, CA US","    0",",,0,",,,,,,,,,,,,,,,,
"USC00040176","1950-05-24","34.5594","-115.7443","200.6","AMBOY, CA US","    0",",,0,",,,,,,,,,,,,,,,,
"USC00040176","1950-05-25","34.5594","-115.7443","200.6","AMBOY, CA US","    0",",,0,",,,,,,,,,,,,,,,,
"USC00040176","1950-05-26","34.5594","-115.7443","200.6","AMBOY, CA US","    0",",,0,",,,,,,,,,,,,,,,,
"USC00040176","1950-05-27","34.5594","-115.7443","200.6","AMBOY, CA US","    0",",,0,",,,,,,,,,,,,,,,,
"USC00040176","1950-05-28","34.5594","-115.7443","200.6","AMBOY, CA US","    0",",,0,",,,,,,,,,,,,,,,,
"USC00040176","1950-05-29","34.5594","-115.7443","200.6","AMBOY, CA US","    0",",,0,",,,,,,,,,,,,,,,,
"USC00040176","1950-05-30","34.5594","-115.7443","200.6","AMBOY, CA US","    0",",,0,",,,,,,,,,,,,,,,,
"USC00040176","1950-05-31","34.5594","-115.7443","200.6","AMBOY, CA US","    0",",,0,",,,,,,,,,,,,,,,,
"USC00040176","1950-06-01","34.5594","-115.7443","200.6","AMBOY, CA US","    0",",,0,",,,,,,,,,,,,,,,,
"USC00040176","1950-06-02","34.5594","-115.7443","200.6","AMBOY, CA US","    0",",,0,",,,,,,,,,,,,,,,,
"USC00040176","1950-06-03","34.5594","-115.7443","200.6","AMBOY, CA US","    0",",,0,",,,,,,,,,,,,,,,,
"USC00040176","1950-06-04","34.5594","-115.7443","200.6","AMBOY, CA US","    0",",,0,",,,,,,,,,,,,,,,,
"USC00040176","1950-06-05","34.5594","-115.7443","200.6","AMBOY, CA US","    0",",,0,",,,,,,,,,,,,,,,,
"USC00040176","1950-06-06","34.5594","-115.7443","200.6","AMBOY, CA US","    0",",,0,",,,,,,,,,,,,,,,,
"USC00040176","1950-06-07","34.5594","-115.7443","200.6","AMBOY, CA US","    0",",,0,",,,,,,,,,,,,,,,,
"USC00040176","1950-06-08","34.5594","-115.7443","200.6","AMBOY, CA US","    0",",,0,",,,,,,,,,,,,,,,,
"USC00040176","1950-06-09","34.5594","-115.7443","200.6","AMBOY, CA US","    0",",,0,",,,,,,,,,,,,,,,,
"USC00040176","1950-06-10","34.5594","-115.7443","200.6","AMBOY, CA US","    0",",,0,",,,,,,,,,,,,,,,,
"USC00040176","1950-06-11","34.5594","-115.7443","200.6","AMBOY, CA US","    0",",,0,",,,,,,,,,,,,,,,,
"USC00040176","1950-06-12","34.5594","-115.7443","200.6","AMBOY, CA US","    0",",,0,",,,,,,,,,,,,,,,,
"USC00040176","1950-06-13","34.5594","-115.7443","200.6","AMBOY, CA US","    0",",,0,",,,,,,,,,,,,,,,,
"USC00040176","1950-06-14","34.5594","-115.7443","200.6","AMBOY, CA US","    0",",,0,",,,,,,,,,,,,,,,,
"USC00040176","1950-06-15","34.5594","-115.7443","200.6","AMBOY, CA US","    0",",,0,",,,,,,,,,,,,,,,,
"USC00040176","1950-06-16","34.5594","-115.7443","200.6","AMBOY, CA US","    0",",,0,",,,,,,,,,,,,,,,,
"USC00040176","1950-06-17","34.5594","-115.7443","200.6","AMBOY, CA US","    0",",,0,",,,,,,,,,,,,,,,,
"USC00040176","1950-06-18","34.5594","-115.7443","200.6","AMBOY, CA US","    0",",,0,",,,,,,,,,,,,,,,,
"USC00040176","1950-06-19","34.5594","-115.7443","200.6","AMBOY, CA US","    0",",,0,",,,,,,,,,,,,,,,,
"USC00040176","1950-06-20","34.5594","-115.7443","200.6","AMBOY, CA US","    0",",,0,",,,,,,,,,,,,,,,,
"USC00040176","1950-06-21","34.5594","-115.7443","200.6","AMBOY, CA US","    0",",,0,",,,,,,,,,,,,,,,,
"USC00040176","1950-06-22","34.5594","-115.7443","200.6","AMBOY, CA US","    0",",,0,",,,,,,,,,,,,,,,,
"USC00040176","1950-06-23","34.5594","-115.7443","200.6","AMBOY, CA US","    0",",,0,",,,,,,,,,,,,,,,,
"USC00040176","1950-06-24","34.5594","-115.7443","200.6","AMBOY, CA US","    0",",,0,",,,,,,,,,,,,,,,,
"USC00040176","1950-06-25","34.5594","-115.7443","200.6","AMBOY, CA US","    0",",,0,",,,,,,,,,,,,,,,,
"USC00040176","1950-06-26","34.5594","-115.7443","200.6","AMBOY, CA US","    0",",,0,",,,,,,,,,,,,,,,,
"USC00040176","1950-06-27","34.5594","-115.7443","200.6","AMBOY, CA US","    0",",,0,",,,,,,,,,,,,,,,,
"USC00040176","1950-06-28","34.5594","-115.7443","200.6","AMBOY, CA US","    0",",,0,",,,,,,,,,,,,,,,,
"USC00040176","1950-06-29","34.5594","-115.7443","200.6","AMBOY, CA US","    0",",,0,",,,,,,,,,,,,,,,,
"USC00040176","1950-06-30","34.5594","-115.7443","200.6","AMBOY, CA US","    0",",,0,",,,,,,,,,,,,,,,,
"USC00040176","1950-07-01","34.5594","-115.7443","200.6","AMBOY, CA US","    0",",,0,",,,,,,,,,,,,,,,,
"USC00040176","1950-07-02","34.5594","-115.7443","200.6","AMBOY, CA US","    0",",,0,",,,,,,,,,,,,,,,,
"USC00040176","1950-07-03","34.5594","-115.7443","200.6","AMBOY, CA US","    0",",,0,",,,,,,,,,,,,,,,,
"USC00040176","1950-07-04","34.5594","-115.7443","200.6","AMBOY, CA US","    0",",,0,",,,,,,,,,,,,,,,,
"USC00040176","1950-07-07","34.5594","-115.7443","200.6","AMBOY, CA US","    0",",,0,",,,,,,,,,,,,,,,,
"USC00040176","1950-07-08","34.5594","-115.7443","200.6","AMBOY, CA US","    0",",,0,",,,,,,,,,,,,,,,,
"USC00040176","1950-07-09","34.5594","-115.7443","200.6","AMBOY, CA US","    0",",,0,",,,,,,,,,,,,,,,,
"USC00040176","1950-07-10","34.5594","-115.7443","200.6","AMBOY, CA US","    0",",,0,",,,,,,,,,,,,,,,,
"USC00040176","1950-07-11","34.5594","-115.7443","200.6","AMBOY, CA US","    0",",,0,",,,,,,,,,,,,,,,,
"USC00040176","1950-07-12","34.5594","-115.7443","200.6","AMBOY, CA US","    0",",,0,",,,,,,,,,,,,,,,,
"USC00040176","1950-07-13","34.5594","-115.7443","200.6","AMBOY, CA US","    0",",,0,",,,,,,,,,,,,,,,,
"USC00040176","1950-07-14","34.5594","-115.7443","200.6","AMBOY, CA US","    0",",,0,",,,,,,,,,,,,,,,,
"USC00040176","1950-07-15","34.5594","-115.7443","200.6","AMBOY, CA US","    0",",,0,",,,,,,,,,,,,,,,,
"USC00040176","1950-07-16","34.5594","-115.7443","200.6","AMBOY, CA US","    0",",,0,",,,,,,,,,,,,,,,,
"USC00040176","1950-07-17","34.5594","-115.7443","200.6","AMBOY, CA US","    0",",,0,",,,,,,,,,,,,,,,,
"USC00040176","1950-07-18","34.5594","-115.7443","200.6","AMBOY, CA US","    0",",,0,",,,,,,,,,,,,,,,,
"USC00040176","1950-07-19","34.5594","-115.7443","200.6","AMBOY, CA US","    0",",,0,",,,,,,,,,,,,,,,,
"USC00040176","1950-07-20","34.5594","-115.7443","200.6","AMBOY, CA US","    0",",,0,",,,,,,,,,,,,,,,,
"USC00040176","1950-07-21","34.5594","-115.7443","200.6","AMBOY, CA US","    0",",,0,",,,,,,,,,,,,,,,,
"USC00040176","1950-07-22","34.5594","-115.7443","200.6","AMBOY, CA US","    0",",,0,",,,,,,,,,,,,,,,,
"USC00040176","1950-07-23","34.5594","-115.7443","200.6","AMBOY, CA US","    0",",,0,",,,,,,,,,,,,,,,,
"USC00040176","1950-07-24","34.5594","-115.7443","200.6","AMBOY, CA US","    0",",,0,",,,,,,,,,,,,,,,,
"USC00040176","1950-07-25","34.5594","-115.7443","200.6","AMBOY, CA US","    0",",,0,",,,,,,,,,,,,,,,,
"USC00040176","1950-07-26","34.5594","-115.7443","200.6","AMBOY, CA US","    0",",,0,",,,,,,,,,,,,,,,,
"USC00040176","1950-07-27","34.5594","-115.7443","200.6","AMBOY, CA US","    0",",,0,",,,,,,,,,,,,,,,,
"USC00040176","1950-07-28","34.5594","-115.7443","200.6","AMBOY, CA US","    0",",,0,",,,,,,,,,,,,,,,,
"USC00040176","1950-07-29","34.5594","-115.7443","200.6","AMBOY, CA US","    0",",,0,",,,,,,,,,,,,,,,,
"USC00040176","1950-07-30","34.5594","-115.7443","200.6","AMBOY, CA US","    0",",,0,",,,,,,,,,,,,,,,,
"USC00040176","1950-07-31","34.5594","-115.7443","200.6","AMBOY, CA US","    0",",,0,",,,,,,,,,,,,,,,,
"USC00040176","1950-08-01","34.5594","-115.7443","200.6","AMBOY, CA US","    0",",,0,",,,,,,,,,,,,,,,,
"USC00040176","1950-08-02","34.5594","-115.7443","200.6","AMBOY, CA US","    0",",,0,",,,,,,,,,,,,,,,,
"USC00040176","1950-08-03","34.5594","-115.7443","200.6","AMBOY, CA US","    0",",,0,",,,,,,,,,,,,,,,,
"USC00040176","1950-08-04","34.5594","-115.7443","200.6","AMBOY, CA US","    0",",,0,",,,,,,,,,,,,,,,,
"USC00040176","1950-08-05","34.5594","-115.7443","200.6","AMBOY, CA US","    0",",,0,",,,,,,,,,,,,,,,,
"USC00040176","1950-08-06","34.5594","-115.7443","200.6","AMBOY, CA US","    0",",,0,",,,,,,,,,,,,,,,,
"USC00040176","1950-08-07","34.5594","-115.7443","200.6","AMBOY, CA US","    0",",,0,",,,,,,,,,,,,,,,,
"USC00040176","1950-08-08","34.5594","-115.7443","200.6","AMBOY, CA US","    0",",,0,",,,,,,,,,,,,,,,,
"USC00040176","1950-08-09","34.5594","-115.7443","200.6","AMBOY, CA US","    0",",,0,",,,,,,,,,,,,,,,,
"USC00040176","1950-08-10","34.5594","-115.7443","200.6","AMBOY, CA US","    0",",,0,",,,,,,,,,,,,,,,,
"USC00040176","1950-08-11","34.5594","-115.7443","200.6","AMBOY, CA US","    0",",,0,",,,,,,,,,,,,,,,,
"USC00040176","1950-08-12","34.5594","-115.7443","200.6","AMBOY, CA US","    0",",,0,",,,,,,,,,,,,,,,,
"USC00040176","1950-08-13","34.5594","-115.7443","200.6","AMBOY, CA US","    0",",,0,",,,,,,,,,,,,,,,,
"USC00040176","1950-08-14","34.5594","-115.7443","200.6","AMBOY, CA US","    0",",,0,",,,,,,,,,,,,,,,,
"USC00040176","1950-08-15","34.5594","-115.7443","200.6","AMBOY, CA US","    0",",,0,",,,,,,,,,,,,,,,,
"USC00040176","1950-08-16","34.5594","-115.7443","200.6","AMBOY, CA US","    0",",,0,",,,,,,,,,,,,,,,,
"USC00040176","1950-08-17","34.5594","-115.7443","200.6","AMBOY, CA US","    0",",,0,",,,,,,,,,,,,,,,,
"USC00040176","1950-08-18","34.5594","-115.7443","200.6","AMBOY, CA US","    0",",,0,",,,,,,,,,,,,,,,,
"USC00040176","1950-08-19","34.5594","-115.7443","200.6","AMBOY, CA US","    0",",,0,",,,,,,,,,,,,,,,,
"USC00040176","1950-08-20","34.5594","-115.7443","200.6","AMBOY, CA US","    0",",,0,",,,,,,,,,,,,,,,,
"USC00040176","1950-08-21","34.5594","-115.7443","200.6","AMBOY, CA US","    0",",,0,",,,,,,,,,,,,,,,,
"USC00040176","1950-08-22","34.5594","-115.7443","200.6","AMBOY, CA US","    0",",,0,",,,,,,,,,,,,,,,,
"USC00040176","1950-08-23","34.5594","-115.7443","200.6","AMBOY, CA US","    0",",,0,",,,,,,,,,,,,,,,,
"USC00040176","1950-08-24","34.5594","-115.7443","200.6","AMBOY, CA US","    0",",,0,",,,,,,,,,,,,,,,,
"USC00040176","1950-08-25","34.5594","-115.7443","200.6","AMBOY, CA US","    0",",,0,",,,,,,,,,,,,,,,,
"USC00040176","1950-08-26","34.5594","-115.7443","200.6","AMBOY, CA US","    0",",,0,",,,,,,,,,,,,,,,,
"USC00040176","1950-08-27","34.5594","-115.7443","200.6","AMBOY, CA US","    0",",,0,",,,,,,,,,,,,,,,,
"USC00040176","1950-08-28","34.5594","-115.7443","200.6","AMBOY, CA US","    0",",,0,",,,,,,,,,,,,,,,,
"USC00040176","1950-08-29","34.5594","-115.7443","200.6","AMBOY, CA US","    0",",,0,",,,,,,,,,,,,,,,,
"USC00040176","1950-08-30","34.5594","-115.7443","200.6","AMBOY, CA US","    0",",,0,",,,,,,,,,,,,,,,,
"USC00040176","1950-08-31","34.5594","-115.7443","200.6","AMBOY, CA US","    0",",,0,",,,,,,,,,,,,,,,,
"USC00040176","1950-09-01","34.5594","-115.7443","200.6","AMBOY, CA US","    0",",,0,",,,,,,,,,,,,,,,,
"USC00040176","1950-09-02","34.5594","-115.7443","200.6","AMBOY, CA US","    0",",,0,",,,,,,,,,,,,,,,,
"USC00040176","1950-09-03","34.5594","-115.7443","200.6","AMBOY, CA US","    0",",,0,",,,,,,,,,,,,,,,,
"USC00040176","1950-09-04","34.5594","-115.7443","200.6","AMBOY, CA US","    0",",,0,",,,,,,,,,,,,,,,,
"USC00040176","1950-09-05","34.5594","-115.7443","200.6","AMBOY, CA US","    0",",,0,",,,,,,,,,,,,,,,,
"USC00040176","1950-09-06","34.5594","-115.7443","200.6","AMBOY, CA US","    0",",,0,",,,,,,,,,,,,,,,,
"USC00040176","1950-09-07","34.5594","-115.7443","200.6","AMBOY, CA US","  107",",,0,",,,,,,,,,,,,,,,,
"USC00040176","1950-09-08","34.5594","-115.7443","200.6","AMBOY, CA US","    0",",,0,",,,,,,,,,,,,,,,,
"USC00040176","1950-09-09","34.5594","-115.7443","200.6","AMBOY, CA US","    0",",,0,",,,,,,,,,,,,,,,,
"USC00040176","1950-09-10","34.5594","-115.7443","200.6","AMBOY, CA US","    0",",,0,",,,,,,,,,,,,,,,,
"USC00040176","1950-09-11","34.5594","-115.7443","200.6","AMBOY, CA US","    0",",,0,",,,,,,,,,,,,,,,,
"USC00040176","1950-09-12","34.5594","-115.7443","200.6","AMBOY, CA US","    0",",,0,",,,,,,,,,,,,,,,,
"USC00040176","1950-09-13","34.5594","-115.7443","200.6","AMBOY, CA US","    0",",,0,",,,,,,,,,,,,,,,,
"USC00040176","1950-09-14","34.5594","-115.7443","200.6","AMBOY, CA US","    0",",,0,",,,,,,,,,,,,,,,,
"USC00040176","1950-09-15","34.5594","-115.7443","200.6","AMBOY, CA US","    0",",,0,",,,,,,,,,,,,,,,,
"USC00040176","1950-09-16","34.5594","-115.7443","200.6","AMBOY, CA US","    0",",,0,",,,,,,,,,,,,,,,,
"USC00040176","1950-09-17","34.5594","-115.7443","200.6","AMBOY, CA US","    0",",,0,",,,,,,,,,,,,,,,,
"USC00040176","1950-09-18","34.5594","-115.7443","200.6","AMBOY, CA US","    0",",,0,",,,,,,,,,,,,,,,,
"USC00040176","1950-09-19","34.5594","-115.7443","200.6","AMBOY, CA US","    0",",,0,",,,,,,,,,,,,,,,,
"USC00040176","1950-09-20","34.5594","-115.7443","200.6","AMBOY, CA US","    0",",,0,",,,,,,,,,,,,,,,,
"USC00040176","1950-09-21","34.5594","-115.7443","200.6","AMBOY, CA US","    0",",,0,",,,,,,,,,,,,,,,,
"USC00040176","1950-09-22","34.5594","-115.7443","200.6","AMBOY, CA US","    0",",,0,",,,,,,,,,,,,,,,,
"USC00040176","1950-09-23","34.5594","-115.7443","200.6","AMBOY, CA US","    0",",,0,",,,,,,,,,,,,,,,,
"USC00040176","1950-09-24","34.5594","-115.7443","200.6","AMBOY, CA US","    0",",,0,",,,,,,,,,,,,,,,,
"USC00040176","1950-09-25","34.5594","-115.7443","200.6","AMBOY, CA US","    0",",,0,",,,,,,,,,,,,,,,,
"USC00040176","1950-09-26","34.5594","-115.7443","200.6","AMBOY, CA US","    0",",,0,",,,,,,,,,,,,,,,,
"USC00040176","1950-09-27","34.5594","-115.7443","200.6","AMBOY, CA US","    0",",,0,",,,,,,,,,,,,,,,,
"USC00040176","1950-09-28","34.5594","-115.7443","200.6","AMBOY, CA US","    0",",,0,",,,,,,,,,,,,,,,,
"USC00040176","1950-09-29","34.5594","-115.7443","200.6","AMBOY, CA US","    0",",,0,",,,,,,,,,,,,,,,,
"USC00040176","1950-09-30","34.5594","-115.7443","200.6","AMBOY, CA US","    0",",,0,",,,,,,,,,,,,,,,,
"USC00040176","1950-10-01","34.5594","-115.7443","200.6","AMBOY, CA US","    0",",,0,",,,,,,,,,,,,,,,,
"USC00040176","1950-10-02","34.5594","-115.7443","200.6","AMBOY, CA US","    0",",,0,",,,,,,,,,,,,,,,,
"USC00040176","1950-10-03","34.5594","-115.7443","200.6","AMBOY, CA US","    0",",,0,",,,,,,,,,,,,,,,,
"USC00040176","1950-10-04","34.5594","-115.7443","200.6","AMBOY, CA US","    0",",,0,",,,,,,,,,,,,,,,,
"USC00040176","1950-10-05","34.5594","-115.7443","200.6","AMBOY, CA US","    0",",,0,",,,,,,,,,,,,,,,,
"USC00040176","1950-10-06","34.5594","-115.7443","200.6","AMBOY, CA US","    0",",,0,",,,,,,,,,,,,,,,,
"USC00040176","1950-10-07","34.5594","-115.7443","200.6","AMBOY, CA US","    0",",,0,",,,,,,,,,,,,,,,,
"USC00040176","1950-10-08","34.5594","-115.7443","200.6","AMBOY, CA US","    0",",,0,",,,,,,,,,,,,,,,,
"USC00040176","1950-10-09","34.5594","-115.7443","200.6","AMBOY, CA US","    0",",,0,",,,,,,,,,,,,,,,,
"USC00040176","1950-10-10","34.5594","-115.7443","200.6","AMBOY, CA US","    0",",,0,",,,,,,,,,,,,,,,,
"USC00040176","1950-10-11","34.5594","-115.7443","200.6","AMBOY, CA US","    0",",,0,",,,,,,,,,,,,,,,,
"USC00040176","1950-10-12","34.5594","-115.7443","200.6","AMBOY, CA US","    0",",,0,",,,,,,,,,,,,,,,,
"USC00040176","1950-10-13","34.5594","-115.7443","200.6","AMBOY, CA US","    0",",,0,",,,,,,,,,,,,,,,,
"USC00040176","1950-10-14","34.5594","-115.7443","200.6","AMBOY, CA US","    0",",,0,",,,,,,,,,,,,,,,,
"USC00040176","1950-10-15","34.5594","-115.7443","200.6","AMBOY, CA US","    0",",,0,",,,,,,,,,,,,,,,,
"USC00040176","1950-10-16","34.5594","-115.7443","200.6","AMBOY, CA US","    0",",,0,",,,,,,,,,,,,,,,,
"USC00040176","1950-10-17","34.5594","-115.7443","200.6","AMBOY, CA US","    0",",,0,",,,,,,,,,,,,,,,,
"USC00040176","1950-10-18","34.5594","-115.7443","200.6","AMBOY, CA US","    0",",,0,",,,,,,,,,,,,,,,,
"USC00040176","1950-10-19","34.5594","-115.7443","200.6","AMBOY, CA US","    0",",,0,",,,,,,,,,,,,,,,,
"USC00040176","1950-10-20","34.5594","-115.7443","200.6","AMBOY, CA US","    0",",,0,",,,,,,,,,,,,,,,,
"USC00040176","1950-10-21","34.5594","-115.7443","200.6","AMBOY, CA US","    0",",,0,",,,,,,,,,,,,,,,,
"USC00040176","1950-10-22","34.5594","-115.7443","200.6","AMBOY, CA US","    0",",,0,",,,,,,,,,,,,,,,,
"USC00040176","1950-10-23","34.5594","-115.7443","200.6","AMBOY, CA US","    0",",,0,",,,,,,,,,,,,,,,,
"USC00040176","1950-10-24","34.5594","-115.7443","200.6","AMBOY, CA US","    0",",,0,",,,,,,,,,,,,,,,,
"USC00040176","1950-10-25","34.5594","-115.7443","200.6","AMBOY, CA US","    0",",,0,",,,,,,,,,,,,,,,,
"USC00040176","1950-10-26","34.5594","-115.7443","200.6","AMBOY, CA US","    0",",,0,",,,,,,,,,,,,,,,,
"USC00040176","1950-10-27","34.5594","-115.7443","200.6","AMBOY, CA US","    0",",,0,",,,,,,,,,,,,,,,,
"USC00040176","1950-10-28","34.5594","-115.7443","200.6","AMBOY, CA US","    0",",,0,",,,,,,,,,,,,,,,,
"USC00040176","1950-10-29","34.5594","-115.7443","200.6","AMBOY, CA US","    0",",,0,",,,,,,,,,,,,,,,,
"USC00040176","1950-10-30","34.5594","-115.7443","200.6","AMBOY, CA US","    0",",,0,",,,,,,,,,,,,,,,,
"USC00040176","1950-10-31","34.5594","-115.7443","200.6","AMBOY, CA US","    0",",,0,",,,,,,,,,,,,,,,,
"USC00040176","1950-11-01","34.5594","-115.7443","200.6","AMBOY, CA US","    0",",,0,",,,,,,,,,,,,,,,,
"USC00040176","1950-11-02","34.5594","-115.7443","200.6","AMBOY, CA US","    0",",,0,",,,,,,,,,,,,,,,,
"USC00040176","1950-11-03","34.5594","-115.7443","200.6","AMBOY, CA US","    0",",,0,",,,,,,,,,,,,,,,,
"USC00040176","1950-11-04","34.5594","-115.7443","200.6","AMBOY, CA US","    0",",,0,",,,,,,,,,,,,,,,,
"USC00040176","1950-11-05","34.5594","-115.7443","200.6","AMBOY, CA US","    0",",,0,",,,,,,,,,,,,,,,,
"USC00040176","1950-11-06","34.5594","-115.7443","200.6","AMBOY, CA US","    0",",,0,",,,,,,,,,,,,,,,,
"USC00040176","1950-11-07","34.5594","-115.7443","200.6","AMBOY, CA US","    0",",,0,",,,,,,,,,,,,,,,,
"USC00040176","1950-11-08","34.5594","-115.7443","200.6","AMBOY, CA US","    0",",,0,",,,,,,,,,,,,,,,,
"USC00040176","1950-11-09","34.5594","-115.7443","200.6","AMBOY, CA US","    0",",,0,",,,,,,,,,,,,,,,,
"USC00040176","1950-11-10","34.5594","-115.7443","200.6","AMBOY, CA US","    0",",,0,",,,,,,,,,,,,,,,,
"USC00040176","1950-11-11","34.5594","-115.7443","200.6","AMBOY, CA US","    0",",,0,",,,,,,,,,,,,,,,,
"USC00040176","1950-11-12","34.5594","-115.7443","200.6","AMBOY, CA US","    0",",,0,",,,,,,,,,,,,,,,,
"USC00040176","1950-11-13","34.5594","-115.7443","200.6","AMBOY, CA US","    0",",,0,",,,,,,,,,,,,,,,,
"USC00040176","1950-11-14","34.5594","-115.7443","200.6","AMBOY, CA US","    0",",,0,",,,,,,,,,,,,,,,,
"USC00040176","1950-11-15","34.5594","-115.7443","200.6","AMBOY, CA US","    0",",,0,",,,,,,,,,,,,,,,,
"USC00040176","1950-11-16","34.5594","-115.7443","200.6","AMBOY, CA US","    0",",,0,",,,,,,,,,,,,,,,,
"USC00040176","1950-11-17","34.5594","-115.7443","200.6","AMBOY, CA US","    0",",,0,",,,,,,,,,,,,,,,,
"USC00040176","1950-11-18","34.5594","-115.7443","200.6","AMBOY, CA US","    0",",,0,",,,,,,,,,,,,,,,,
"USC00040176","1950-11-19","34.5594","-115.7443","200.6","AMBOY, CA US","    0",",,0,",,,,,,,,,,,,,,,,
"USC00040176","1950-11-20","34.5594","-115.7443","200.6","AMBOY, CA US","    0",",,0,",,,,,,,,,,,,,,,,
"USC00040176","1950-11-21","34.5594","-115.7443","200.6","AMBOY, CA US","    0",",,0,",,,,,,,,,,,,,,,,
"USC00040176","1950-11-22","34.5594","-115.7443","200.6","AMBOY, CA US","    0",",,0,",,,,,,,,,,,,,,,,
"USC00040176","1950-11-23","34.5594","-115.7443","200.6","AMBOY, CA US","    0",",,0,",,,,,,,,,,,,,,,,
"USC00040176","1950-11-24","34.5594","-115.7443","200.6","AMBOY, CA US","    0",",,0,",,,,,,,,,,,,,,,,
"USC00040176","1950-11-25","34.5594","-115.7443","200.6","AMBOY, CA US","    0",",,0,",,,,,,,,,,,,,,,,
"USC00040176","1950-11-26","34.5594","-115.7443","200.6","AMBOY, CA US","    0",",,0,",,,,,,,,,,,,,,,,
"USC00040176","1950-11-27","34.5594","-115.7443","200.6","AMBOY, CA US","    0",",,0,",,,,,,,,,,,,,,,,
"USC00040176","1950-11-28","34.5594","-115.7443","200.6","AMBOY, CA US","    0",",,0,",,,,,,,,,,,,,,,,
"USC00040176","1950-11-29","34.5594","-115.7443","200.6","AMBOY, CA US","    0",",,0,",,,,,,,,,,,,,,,,
"USC00040176","1950-11-30","34.5594","-115.7443","200.6","AMBOY, CA US","    0",",,0,",,,,,,,,,,,,,,,,
"USC00040176","1950-12-01","34.5594","-115.7443","200.6","AMBOY, CA US","    0",",,0,",,,,,,,,,,,,,,,,
"USC00040176","1950-12-02","34.5594","-115.7443","200.6","AMBOY, CA US","    0",",,0,",,,,,,,,,,,,,,,,
"USC00040176","1950-12-03","34.5594","-115.7443","200.6","AMBOY, CA US","    0",",,0,",,,,,,,,,,,,,,,,
"USC00040176","1950-12-04","34.5594","-115.7443","200.6","AMBOY, CA US","    0",",,0,",,,,,,,,,,,,,,,,
"USC00040176","1950-12-05","34.5594","-115.7443","200.6","AMBOY, CA US","    0",",,0,",,,,,,,,,,,,,,,,
"USC00040176","1950-12-06","34.5594","-115.7443","200.6","AMBOY, CA US","    0",",,0,",,,,,,,,,,,,,,,,
"USC00040176","1950-12-07","34.5594","-115.7443","200.6","AMBOY, CA US","    0",",,0,",,,,,,,,,,,,,,,,
"USC00040176","1950-12-11","34.5594","-115.7443","200.6","AMBOY, CA US",,,,,,,,,,,"    4",",,0","    8",",,0",,,,
"USC00040176","1950-12-12","34.5594","-115.7443","200.6","AMBOY, CA US","    0",",,0,",,,,,,,,,,,,,,,,
"USC00040176","1950-12-13","34.5594","-115.7443","200.6","AMBOY, CA US","    0",",,0,",,,,,,,,,,,,,,,,
"USC00040176","1950-12-14","34.5594","-115.7443","200.6","AMBOY, CA US","    0",",,0,",,,,,,,,,,,,,,,,
"USC00040176","1950-12-15","34.5594","-115.7443","200.6","AMBOY, CA US","    0",",,0,",,,,,,,,,,,,,,,,
"USC00040176","1950-12-16","34.5594","-115.7443","200.6","AMBOY, CA US","    0",",,0,",,,,,,,,,,,,,,,,
"USC00040176","1950-12-17","34.5594","-115.7443","200.6","AMBOY, CA US","    0",",,0,",,,,,,,,,,,,,,,,
"USC00040176","1951-01-01","34.5594","-115.7443","200.6","AMBOY, CA US","    0",",,0,",,,,,,,,,,,,,,,,
"USC00040176","1951-01-02","34.5594","-115.7443","200.6","AMBOY, CA US","    0",",,0,",,,,,,,,,,,,,,,,
"USC00040176","1951-01-03","34.5594","-115.7443","200.6","AMBOY, CA US","    0",",,0,",,,,,,,,,,,,,,,,
"USC00040176","1951-01-04","34.5594","-115.7443","200.6","AMBOY, CA US","    0",",,0,",,,,,,,,,,,,,,,,
"USC00040176","1951-01-05","34.5594","-115.7443","200.6","AMBOY, CA US","    0",",,0,",,,,,,,,,,,,,,,,
"USC00040176","1951-01-06","34.5594","-115.7443","200.6","AMBOY, CA US","    0",",,0,",,,,,,,,,,,,,,,,
"USC00040176","1951-01-07","34.5594","-115.7443","200.6","AMBOY, CA US","    0",",,0,",,,,,,,,,,,,,,,,
"USC00040176","1951-01-08","34.5594","-115.7443","200.6","AMBOY, CA US","    0",",,0,",,,,,,,,,,,,,,,,
"USC00040176","1951-01-09","34.5594","-115.7443","200.6","AMBOY, CA US","    0",",,0,",,,,,,,,,,,,,,,,
"USC00040176","1951-01-10","34.5594","-115.7443","200.6","AMBOY, CA US","    0",",,0,",,,,,,,,,,,,,,,,
"USC00040176","1951-01-11","34.5594","-115.7443","200.6","AMBOY, CA US","   81",",,0,",,,,,,,,,,,,,,,,
"USC00040176","1951-01-12","34.5594","-115.7443","200.6","AMBOY, CA US","    5",",,0,",,,,,,,,,,,,,,,,
"USC00040176","1951-01-13","34.5594","-115.7443","200.6","AMBOY, CA US","    0",",,0,",,,,,,,,,,,,,,,,
"USC00040176","1951-01-14","34.5594","-115.7443","200.6","AMBOY, CA US","    0",",,0,",,,,,,,,,,,,,,,,
"USC00040176","1951-01-15","34.5594","-115.7443","200.6","AMBOY, CA US","    0",",,0,",,,,,,,,,,,,,,,,
"USC00040176","1951-01-16","34.5594","-115.7443","200.6","AMBOY, CA US","    0",",,0,",,,,,,,,,,,,,,,,
"USC00040176","1951-01-17","34.5594","-115.7443","200.6","AMBOY, CA US","    0",",,0,",,,,,,,,,,,,,,,,
"USC00040176","1951-01-18","34.5594","-115.7443","200.6","AMBOY, CA US","    0",",,0,",,,,,,,,,,,,,,,,
"USC00040176","1951-01-19","34.5594","-115.7443","200.6","AMBOY, CA US","    0",",,0,",,,,,,,,,,,,,,,,
"USC00040176","1951-01-20","34.5594","-115.7443","200.6","AMBOY, CA US","    0",",,0,",,,,,,,,,,,,,,,,
"USC00040176","1951-01-21","34.5594","-115.7443","200.6","AMBOY, CA US","    0",",,0,",,,,,,,,,,,,,,,,
"USC00040176","1951-01-22","34.5594","-115.7443","200.6","AMBOY, CA US","    0",",,0,",,,,,,,,,,,,,,,,
"USC00040176","1951-01-23","34.5594","-115.7443","200.6","AMBOY, CA US","    0",",,0,",,,,,,,,,,,,,,,,
"USC00040176","1951-01-24","34.5594","-115.7443","200.6","AMBOY, CA US","    0",",,0,",,,,,,,,,,,,,,,,
"USC00040176","1951-01-25","34.5594","-115.7443","200.6","AMBOY, CA US","    0",",,0,",,,,,,,,,,,,,,,,
"USC00040176","1951-01-26","34.5594","-115.7443","200.6","AMBOY, CA US","    0",",,0,",,,,,,,,,,,,,,,,
"USC00040176","1951-01-27","34.5594","-115.7443","200.6","AMBOY, CA US","    0",",,0,",,,,,,,,,,,,,,,,
"USC00040176","1951-01-28","34.5594","-115.7443","200.6","AMBOY, CA US","    0",",,0,",,,,,,,,,,,,,,,,
"USC00040176","1951-01-29","34.5594","-115.7443","200.6","AMBOY, CA US","   38",",,0,",,,,,,,,,,,,,,,,
"USC00040176","1951-01-30","34.5594","-115.7443","200.6","AMBOY, CA US","   10",",,0,",,,,,,,,,,,,,,,,
"USC00040176","1951-01-31","34.5594","-115.7443","200.6","AMBOY, CA US","    0",",,0,",,,,,,,,,,,,,,,,
"USC00040176","1951-02-01","34.5594","-115.7443","200.6","AMBOY, CA US","    0",",,0,",,,,,,,,,,,,,,,,
"USC00040176","1951-02-02","34.5594","-115.7443","200.6","AMBOY, CA US","    0",",,0,",,,,,,,,,,,,,,,,
"USC00040176","1951-02-03","34.5594","-115.7443","200.6","AMBOY, CA US","    0",",,0,",,,,,,,,,,,,,,,,
"USC00040176","1951-02-04","34.5594","-115.7443","200.6","AMBOY, CA US","    0",",,0,",,,,,,,,,,,,,,,,
"USC00040176","1951-02-05","34.5594","-115.7443","200.6","AMBOY, CA US","    0",",,0,",,,,,,,,,,,,,,,,
"USC00040176","1951-02-06","34.5594","-115.7443","200.6","AMBOY, CA US","    0",",,0,",,,,,,,,,,,,,,,,
"USC00040176","1951-02-07","34.5594","-115.7443","200.6","AMBOY, CA US","    0",",,0,",,,,,,,,,,,,,,,,
"USC00040176","1951-02-08","34.5594","-115.7443","200.6","AMBOY, CA US","    0",",,0,",,,,,,,,,,,,,,,,
"USC00040176","1951-02-09","34.5594","-115.7443","200.6","AMBOY, CA US","    0",",,0,",,,,,,,,,,,,,,,,
"USC00040176","1951-02-10","34.5594","-115.7443","200.6","AMBOY, CA US","    0",",,0,",,,,,,,,,,,,,,,,
"USC00040176","1951-02-11","34.5594","-115.7443","200.6","AMBOY, CA US","    0",",,0,",,,,,,,,,,,,,,,,
"USC00040176","1951-02-12","34.5594","-115.7443","200.6","AMBOY, CA US","    0",",,0,",,,,,,,,,,,,,,,,
"USC00040176","1951-02-13","34.5594","-115.7443","200.6","AMBOY, CA US","    0",",,0,",,,,,,,,,,,,,,,,
"USC00040176","1951-02-14","34.5594","-115.7443","200.6","AMBOY, CA US","    0",",,0,",,,,,,,,,,,,,,,,
"USC00040176","1951-02-15","34.5594","-115.7443","200.6","AMBOY, CA US","    0",",,0,",,,,,,,,,,,,,,,,
"USC00040176","1951-02-16","34.5594","-115.7443","200.6","AMBOY, CA US","    0",",,0,",,,,,,,,,,,,,,,,
"USC00040176","1951-02-17","34.5594","-115.7443","200.6","AMBOY, CA US","    0",",,0,",,,,,,,,,,,,,,,,
"USC00040176","1951-02-18","34.5594","-115.7443","200.6","AMBOY, CA US","    0",",,0,",,,,,,,,,,,,,,,,
"USC00040176","1951-02-19","34.5594","-115.7443","200.6","AMBOY, CA US","    0",",,0,",,,,,,,,,,,,,,,,
"USC00040176","1951-02-20","34.5594","-115.7443","200.6","AMBOY, CA US","    0",",,0,",,,,,,,,,,,,,,,,
"USC00040176","1951-02-21","34.5594","-115.7443","200.6","AMBOY, CA US","    0",",,0,",,,,,,,,,,,,,,,,
"USC00040176","1951-02-22","34.5594","-115.7443","200.6","AMBOY, CA US","    0",",,0,",,,,,,,,,,,,,,,,
"USC00040176","1951-02-23","34.5594","-115.7443","200.6","AMBOY, CA US","    0",",,0,",,,,,,,,,,,,,,,,
"USC00040176","1951-02-24","34.5594","-115.7443","200.6","AMBOY, CA US","    0",",,0,",,,,,,,,,,,,,,,,
"USC00040176","1951-02-25","34.5594","-115.7443","200.6","AMBOY, CA US","    0",",,0,",,,,,,,,,,,,,,,,
"USC00040176","1951-02-26","34.5594","-115.7443","200.6","AMBOY, CA US","    0",",,0,",,,,,,,,,,,,,,,,
"USC00040176","1951-02-27","34.5594","-115.7443","200.6","AMBOY, CA US","    0",",,0,",,,,,,,,,,,,,,,,
"USC00040176","1951-02-28","34.5594","-115.7443","200.6","AMBOY, CA US","    0",",,0,",,,,,,,,,,,,,,,,
"USC00040176","1951-03-01","34.5594","-115.7443","200.6","AMBOY, CA US","    0",",,0,",,,,,,,,,,,,,,,,
"USC00040176","1951-03-02","34.5594","-115.7443","200.6","AMBOY, CA US","    0",",,0,",,,,,,,,,,,,,,,,
"USC00040176","1951-03-03","34.5594","-115.7443","200.6","AMBOY, CA US","    0",",,0,",,,,,,,,,,,,,,,,
"USC00040176","1951-03-04","34.5594","-115.7443","200.6","AMBOY, CA US","    0",",,0,",,,,,,,,,,,,,,,,
"USC00040176","1951-03-05","34.5594","-115.7443","200.6","AMBOY, CA US","    0",",,0,",,,,,,,,,,,,,,,,
"USC00040176","1951-03-06","34.5594","-115.7443","200.6","AMBOY, CA US","    0",",,0,",,,,,,,,,,,,,,,,
"USC00040176","1951-03-07","34.5594","-115.7443","200.6","AMBOY, CA US","    0",",,0,",,,,,,,,,,,,,,,,
"USC00040176","1951-03-08","34.5594","-115.7443","200.6","AMBOY, CA US","    0",",,0,",,,,,,,,,,,,,,,,
"USC00040176","1951-03-09","34.5594","-115.7443","200.6","AMBOY, CA US","    0",",,0,",,,,,,,,,,,,,,,,
"USC00040176","1951-03-10","34.5594","-115.7443","200.6","AMBOY, CA US","    0",",,0,",,,,,,,,,,,,,,,,
"USC00040176","1951-03-11","34.5594","-115.7443","200.6","AMBOY, CA US","    0",",,0,",,,,,,,,,,,,,,,,
"USC00040176","1951-03-12","34.5594","-115.7443","200.6","AMBOY, CA US","    0",",,0,",,,,,,,,,,,,,,,,
"USC00040176","1951-03-13","34.5594","-115.7443","200.6","AMBOY, CA US","    0",",,0,",,,,,,,,,,,,,,,,
"USC00040176","1951-03-14","34.5594","-115.7443","200.6","AMBOY, CA US","    0",",,0,",,,,,,,,,,,,,,,,
"USC00040176","1951-03-15","34.5594","-115.7443","200.6","AMBOY, CA US","    0",",,0,",,,,,,,,,,,,,,,,
"USC00040176","1951-03-16","34.5594","-115.7443","200.6","AMBOY, CA US","    0",",,0,",,,,,,,,,,,,,,,,
"USC00040176","1951-03-17","34.5594","-115.7443","200.6","AMBOY, CA US","    0",",,0,",,,,,,,,,,,,,,,,
"USC00040176","1951-03-18","34.5594","-115.7443","200.6","AMBOY, CA US","    0",",,0,",,,,,,,,,,,,,,,,
"USC00040176","1951-03-19","34.5594","-115.7443","200.6","AMBOY, CA US","    0",",,0,",,,,,,,,,,,,,,,,
"USC00040176","1951-03-20","34.5594","-115.7443","200.6","AMBOY, CA US","    0",",,0,",,,,,,,,,,,,,,,,
"USC00040176","1951-03-21","34.5594","-115.7443","200.6","AMBOY, CA US","    0",",,0,",,,,,,,,,,,,,,,,
"USC00040176","1951-03-22","34.5594","-115.7443","200.6","AMBOY, CA US","    0",",,0,",,,,,,,,,,,,,,,,
"USC00040176","1951-03-23","34.5594","-115.7443","200.6","AMBOY, CA US","    0",",,0,",,,,,,,,,,,,,,,,
"USC00040176","1951-03-24","34.5594","-115.7443","200.6","AMBOY, CA US","    0",",,0,",,,,,,,,,,,,,,,,
"USC00040176","1951-03-25","34.5594","-115.7443","200.6","AMBOY, CA US","    0",",,0,",,,,,,,,,,,,,,,,
"USC00040176","1951-03-26","34.5594","-115.7443","200.6","AMBOY, CA US","    0",",,0,",,,,,,,,,,,,,,,,
"USC00040176","1951-03-27","34.5594","-115.7443","200.6","AMBOY, CA US","    0",",,0,",,,,,,,,,,,,,,,,
"USC00040176","1951-03-28","34.5594","-115.7443","200.6","AMBOY, CA US","    0",",,0,",,,,,,,,,,,,,,,,
"USC00040176","1951-03-29","34.5594","-115.7443","200.6","AMBOY, CA US","    0",",,0,",,,,,,,,,,,,,,,,
"USC00040176","1951-03-30","34.5594","-115.7443","200.6","AMBOY, CA US","    0",",,0,",,,,,,,,,,,,,,,,
"USC00040176","1951-03-31","34.5594","-115.7443","200.6","AMBOY, CA US","    0",",,0,",,,,,,,,,,,,,,,,
"USC00040176","1951-04-01","34.5594","-115.7443","200.6","AMBOY, CA US","    0",",,0,",,,,,,,,,,,,,,,,
"USC00040176","1951-04-02","34.5594","-115.7443","200.6","AMBOY, CA US","    0",",,0,",,,,,,,,,,,,,,,,
"USC00040176","1951-04-03","34.5594","-115.7443","200.6","AMBOY, CA US","    0",",,0,",,,,,,,,,,,,,,,,
"USC00040176","1951-04-04","34.5594","-115.7443","200.6","AMBOY, CA US","    0",",,0,",,,,,,,,,,,,,,,,
"USC00040176","1951-04-05","34.5594","-115.7443","200.6","AMBOY, CA US","    0",",,0,",,,,,,,,,,,,,,,,
"USC00040176","1951-04-06","34.5594","-115.7443","200.6","AMBOY, CA US","    0",",,0,",,,,,,,,,,,,,,,,
"USC00040176","1951-04-07","34.5594","-115.7443","200.6","AMBOY, CA US","    0",",,0,",,,,,,,,,,,,,,,,
"USC00040176","1951-04-08","34.5594","-115.7443","200.6","AMBOY, CA US","    0",",,0,",,,,,,,,,,,,,,,,
"USC00040176","1951-04-09","34.5594","-115.7443","200.6","AMBOY, CA US","    0",",,0,",,,,,,,,,,,,,,,,
"USC00040176","1951-04-10","34.5594","-115.7443","200.6","AMBOY, CA US","    0",",,0,",,,,,,,,,,,,,,,,
"USC00040176","1951-04-11","34.5594","-115.7443","200.6","AMBOY, CA US","    0",",,0,",,,,,,,,,,,,,,,,
"USC00040176","1951-04-12","34.5594","-115.7443","200.6","AMBOY, CA US","    0",",,0,",,,,,,,,,,,,,,,,
"USC00040176","1951-04-13","34.5594","-115.7443","200.6","AMBOY, CA US","    0",",,0,",,,,,,,,,,,,,,,,
"USC00040176","1951-04-14","34.5594","-115.7443","200.6","AMBOY, CA US","    0",",,0,",,,,,,,,,,,,,,,,
"USC00040176","1951-04-15","34.5594","-115.7443","200.6","AMBOY, CA US","    0",",,0,",,,,,,,,,,,,,,,,
"USC00040176","1951-04-16","34.5594","-115.7443","200.6","AMBOY, CA US","    0",",,0,",,,,,,,,,,,,,,,,
"USC00040176","1951-04-17","34.5594","-115.7443","200.6","AMBOY, CA US","    0",",,0,",,,,,,,,,,,,,,,,
"USC00040176","1951-04-18","34.5594","-115.7443","200.6","AMBOY, CA US","    0",",,0,",,,,,,,,,,,,,,,,
"USC00040176","1951-04-19","34.5594","-115.7443","200.6","AMBOY, CA US","    0",",,0,",,,,,,,,,,,,,,,,
"USC00040176","1951-04-20","34.5594","-115.7443","200.6","AMBOY, CA US","    0",",,0,",,,,,,,,,,,,,,,,
"USC00040176","1951-04-21","34.5594","-115.7443","200.6","AMBOY, CA US","    0",",,0,",,,,,,,,,,,,,,,,
"USC00040176","1951-04-22","34.5594","-115.7443","200.6","AMBOY, CA US","    0",",,0,",,,,,,,,,,,,,,,,
"USC00040176","1951-04-23","34.5594","-115.7443","200.6","AMBOY, CA US","    0",",,0,",,,,,,,,,,,,,,,,
"USC00040176","1951-04-24","34.5594","-115.7443","200.6","AMBOY, CA US","    0",",,0,",,,,,,,,,,,,,,,,
"USC00040176","1951-04-25","34.5594","-115.7443","200.6","AMBOY, CA US","    0",",,0,",,,,,,,,,,,,,,,,
"USC00040176","1951-04-26","34.5594","-115.7443","200.6","AMBOY, CA US","    0",",,0,",,,,,,,,,,,,,,,,
"USC00040176","1951-04-27","34.5594","-115.7443","200.6","AMBOY, CA US","    0",",,0,",,,,,,,,,,,,,,,,
"USC00040176","1951-04-28","34.5594","-115.7443","200.6","AMBOY, CA US","    0",",,0,",,,,,,,,,,,,,,,,
"USC00040176","1951-04-29","34.5594","-115.7443","200.6","AMBOY, CA US","    0",",,0,",,,,,,,,,,,,,,,,
"USC00040176","1951-04-30","34.5594","-115.7443","200.6","AMBOY, CA US","    0",",,0,",,,,,,,,,,,,,,,,
"USC00040176","1951-05-01","34.5594","-115.7443","200.6","AMBOY, CA US","    0",",,0,",,,,,,,,,,,,,,,,
"USC00040176","1951-05-02","34.5594","-115.7443","200.6","AMBOY, CA US","    0",",,0,",,,,,,,,,,,,,,,,
"USC00040176","1951-05-03","34.5594","-115.7443","200.6","AMBOY, CA US","    0",",,0,",,,,,,,,,,,,,,,,
"USC00040176","1951-05-04","34.5594","-115.7443","200.6","AMBOY, CA US","    0",",,0,",,,,,,,,,,,,,,,,
"USC00040176","1951-05-05","34.5594","-115.7443","200.6","AMBOY, CA US","    0",",,0,",,,,,,,,,,,,,,,,
"USC00040176","1951-05-06","34.5594","-115.7443","200.6","AMBOY, CA US","    0",",,0,",,,,,,,,,,,,,,,,
"USC00040176","1951-05-07","34.5594","-115.7443","200.6","AMBOY, CA US","    0",",,0,",,,,,,,,,,,,,,,,
"USC00040176","1951-05-08","34.5594","-115.7443","200.6","AMBOY, CA US","    0",",,0,",,,,,,,,,,,,,,,,
"USC00040176","1951-05-09","34.5594","-115.7443","200.6","AMBOY, CA US","    0",",,0,",,,,,,,,,,,,,,,,
"USC00040176","1951-05-10","34.5594","-115.7443","200.6","AMBOY, CA US","    0",",,0,",,,,,,,,,,,,,,,,
"USC00040176","1951-05-11","34.5594","-115.7443","200.6","AMBOY, CA US","    0",",,0,",,,,,,,,,,,,,,,,
"USC00040176","1951-05-12","34.5594","-115.7443","200.6","AMBOY, CA US","    0",",,0,",,,,,,,,,,,,,,,,
"USC00040176","1951-05-13","34.5594","-115.7443","200.6","AMBOY, CA US","    0",",,0,",,,,,,,,,,,,,,,,
"USC00040176","1951-05-14","34.5594","-115.7443","200.6","AMBOY, CA US","   58",",,0,",,,,,,,,,,,,,,,,
"USC00040176","1951-05-15","34.5594","-115.7443","200.6","AMBOY, CA US","    0",",,0,",,,,,,,,,,,,,,,,
"USC00040176","1951-05-16","34.5594","-115.7443","200.6","AMBOY, CA US","    0",",,0,",,,,,,,,,,,,,,,,
"USC00040176","1951-05-17","34.5594","-115.7443","200.6","AMBOY, CA US","    0",",,0,",,,,,,,,,,,,,,,,
"USC00040176","1951-05-18","34.5594","-115.7443","200.6","AMBOY, CA US","    0",",,0,",,,,,,,,,,,,,,,,
"USC00040176","1951-05-19","34.5594","-115.7443","200.6","AMBOY, CA US","    0",",,0,",,,,,,,,,,,,,,,,
"USC00040176","1951-05-20","34.5594","-115.7443","200.6","AMBOY, CA US","    0",",,0,",,,,,,,,,,,,,,,,
"USC00040176","1951-05-21","34.5594","-115.7443","200.6","AMBOY, CA US","    0",",,0,",,,,,,,,,,,,,,,,
"USC00040176","1951-05-22","34.5594","-115.7443","200.6","AMBOY, CA US","    0",",,0,",,,,,,,,,,,,,,,,
"USC00040176","1951-05-23","34.5594","-115.7443","200.6","AMBOY, CA US","    0",",,0,",,,,,,,,,,,,,,,,
"USC00040176","1951-05-24","34.5594","-115.7443","200.6","AMBOY, CA US","    0",",,0,",,,,,,,,,,,,,,,,
"USC00040176","1951-05-25","34.5594","-115.7443","200.6","AMBOY, CA US","    0",",,0,",,,,,,,,,,,,,,,,
"USC00040176","1951-05-26","34.5594","-115.7443","200.6","AMBOY, CA US","    0",",,0,",,,,,,,,,,,,,,,,
"USC00040176","1951-05-27","34.5594","-115.7443","200.6","AMBOY, CA US","    0",",,0,",,,,,,,,,,,,,,,,
"USC00040176","1951-05-28","34.5594","-115.7443","200.6","AMBOY, CA US","    0",",,0,",,,,,,,,,,,,,,,,
"USC00040176","1951-05-29","34.5594","-115.7443","200.6","AMBOY, CA US","    0",",,0,",,,,,,,,,,,,,,,,
"USC00040176","1951-05-30","34.5594","-115.7443","200.6","AMBOY, CA US","    0",",,0,",,,,,,,,,,,,,,,,
"USC00040176","1951-05-31","34.5594","-115.7443","200.6","AMBOY, CA US","    0",",,0,",,,,,,,,,,,,,,,,
"USC00040176","1951-06-01","34.5594","-115.7443","200.6","AMBOY, CA US","    0",",,0,",,,,,,,,,,,,,,,,
"USC00040176","1951-06-02","34.5594","-115.7443","200.6","AMBOY, CA US","    0",",,0,",,,,,,,,,,,,,,,,
"USC00040176","1951-06-03","34.5594","-115.7443","200.6","AMBOY, CA US","    0",",,0,",,,,,,,,,,,,,,,,
"USC00040176","1951-06-04","34.5594","-115.7443","200.6","AMBOY, CA US","    0",",,0,",,,,,,,,,,,,,,,,
"USC00040176","1951-06-05","34.5594","-115.7443","200.6","AMBOY, CA US","    0",",,0,",,,,,,,,,,,,,,,,
"USC00040176","1951-06-06","34.5594","-115.7443","200.6","AMBOY, CA US","    0",",,0,",,,,,,,,,,,,,,,,
"USC00040176","1951-06-07","34.5594","-115.7443","200.6","AMBOY, CA US","    0",",,0,",,,,,,,,,,,,,,,,
"USC00040176","1951-06-08","34.5594","-115.7443","200.6","AMBOY, CA US","    0",",,0,",,,,,,,,,,,,,,,,
"USC00040176","1951-06-09","34.5594","-115.7443","200.6","AMBOY, CA US","    0",",,0,",,,,,,,,,,,,,,,,
"USC00040176","1951-06-10","34.5594","-115.7443","200.6","AMBOY, CA US","    0",",,0,",,,,,,,,,,,,,,,,
"USC00040176","1951-06-11","34.5594","-115.7443","200.6","AMBOY, CA US","    0",",,0,",,,,,,,,,,,,,,,,
"USC00040176","1951-06-12","34.5594","-115.7443","200.6","AMBOY, CA US","    0",",,0,",,,,,,,,,,,,,,,,
"USC00040176","1951-06-13","34.5594","-115.7443","200.6","AMBOY, CA US","    0",",,0,",,,,,,,,,,,,,,,,
"USC00040176","1951-06-14","34.5594","-115.7443","200.6","AMBOY, CA US","    0",",,0,",,,,,,,,,,,,,,,,
"USC00040176","1951-06-15","34.5594","-115.7443","200.6","AMBOY, CA US","    0",",,0,",,,,,,,,,,,,,,,,
"USC00040176","1951-06-16","34.5594","-115.7443","200.6","AMBOY, CA US","    0",",,0,",,,,,,,,,,,,,,,,
"USC00040176","1951-06-17","34.5594","-115.7443","200.6","AMBOY, CA US","    0",",,0,",,,,,,,,,,,,,,,,
"USC00040176","1951-06-18","34.5594","-115.7443","200.6","AMBOY, CA US","    0",",,0,",,,,,,,,,,,,,,,,
"USC00040176","1951-06-19","34.5594","-115.7443","200.6","AMBOY, CA US","    0",",,0,",,,,,,,,,,,,,,,,
"USC00040176","1951-06-20","34.5594","-115.7443","200.6","AMBOY, CA US","    0",",,0,",,,,,,,,,,,,,,,,
"USC00040176","1951-06-21","34.5594","-115.7443","200.6","AMBOY, CA US","    0",",,0,",,,,,,,,,,,,,,,,
"USC00040176","1951-06-22","34.5594","-115.7443","200.6","AMBOY, CA US","    0",",,0,",,,,,,,,,,,,,,,,
"USC00040176","1951-06-23","34.5594","-115.7443","200.6","AMBOY, CA US","    0",",,0,",,,,,,,,,,,,,,,,
"USC00040176","1951-06-24","34.5594","-115.7443","200.6","AMBOY, CA US","    0",",,0,",,,,,,,,,,,,,,,,
"USC00040176","1951-06-25","34.5594","-115.7443","200.6","AMBOY, CA US","    0",",,0,",,,,,,,,,,,,,,,,
"USC00040176","1951-06-26","34.5594","-115.7443","200.6","AMBOY, CA US","    0",",,0,",,,,,,,,,,,,,,,,
"USC00040176","1951-06-27","34.5594","-115.7443","200.6","AMBOY, CA US","    0",",,0,",,,,,,,,,,,,,,,,
"USC00040176","1951-06-28","34.5594","-115.7443","200.6","AMBOY, CA US","    0",",,0,",,,,,,,,,,,,,,,,
"USC00040176","1951-06-29","34.5594","-115.7443","200.6","AMBOY, CA US","    0",",,0,",,,,,,,,,,,,,,,,
"USC00040176","1951-06-30","34.5594","-115.7443","200.6","AMBOY, CA US","    0",",,0,",,,,,,,,,,,,,,,,
"USC00040176","1951-07-01","34.5594","-115.7443","200.6","AMBOY, CA US","    0",",,0,",,,,,,,,,,,,,,,,
"USC00040176","1951-07-02","34.5594","-115.7443","200.6","AMBOY, CA US","    0",",,0,",,,,,,,,,,,,,,,,
"USC00040176","1951-07-03","34.5594","-115.7443","200.6","AMBOY, CA US","    0",",,0,",,,,,,,,,,,,,,,,
"USC00040176","1951-07-04","34.5594","-115.7443","200.6","AMBOY, CA US","    0",",,0,",,,,,,,,,,,,,,,,
"USC00040176","1951-07-05","34.5594","-115.7443","200.6","AMBOY, CA US","    0",",,0,",,,,,,,,,,,,,,,,
"USC00040176","1951-07-06","34.5594","-115.7443","200.6","AMBOY, CA US","    0",",,0,",,,,,,,,,,,,,,,,
"USC00040176","1951-07-07","34.5594","-115.7443","200.6","AMBOY, CA US","    0",",,0,",,,,,,,,,,,,,,,,
"USC00040176","1951-07-08","34.5594","-115.7443","200.6","AMBOY, CA US","    0",",,0,",,,,,,,,,,,,,,,,
"USC00040176","1951-07-09","34.5594","-115.7443","200.6","AMBOY, CA US","    0",",,0,",,,,,,,,,,,,,,,,
"USC00040176","1951-07-10","34.5594","-115.7443","200.6","AMBOY, CA US","    0",",,0,",,,,,,,,,,,,,,,,
"USC00040176","1951-07-11","34.5594","-115.7443","200.6","AMBOY, CA US","    0",",,0,",,,,,,,,,,,,,,,,
"USC00040176","1951-07-12","34.5594","-115.7443","200.6","AMBOY, CA US","    0",",,0,",,,,,,,,,,,,,,,,
"USC00040176","1951-07-13","34.5594","-115.7443","200.6","AMBOY, CA US","    0",",,0,",,,,,,,,,,,,,,,,
"USC00040176","1951-07-14","34.5594","-115.7443","200.6","AMBOY, CA US","    0",",,0,",,,,,,,,,,,,,,,,
"USC00040176","1951-07-15","34.5594","-115.7443","200.6","AMBOY, CA US","    0",",,0,",,,,,,,,,,,,,,,,
"USC00040176","1951-07-16","34.5594","-115.7443","200.6","AMBOY, CA US","    0",",,0,",,,,,,,,,,,,,,,,
"USC00040176","1951-07-17","34.5594","-115.7443","200.6","AMBOY, CA US","    0",",,0,",,,,,,,,,,,,,,,,
"USC00040176","1951-07-18","34.5594","-115.7443","200.6","AMBOY, CA US","    0",",,0,",,,,,,,,,,,,,,,,
"USC00040176","1951-07-19","34.5594","-115.7443","200.6","AMBOY, CA US","    0",",,0,",,,,,,,,,,,,,,,,
"USC00040176","1951-07-20","34.5594","-115.7443","200.6","AMBOY, CA US","    0",",,0,",,,,,,,,,,,,,,,,
"USC00040176","1951-07-21","34.5594","-115.7443","200.6","AMBOY, CA US","    0",",,0,",,,,,,,,,,,,,,,,
"USC00040176","1951-07-22","34.5594","-115.7443","200.6","AMBOY, CA US","   25",",,0,",,,,,,,,,,,,,,,,
"USC00040176","1951-07-23","34.5594","-115.7443","200.6","AMBOY, CA US","    0",",,0,",,,,,,,,,,,,,,,,
"USC00040176","1951-07-24","34.5594","-115.7443","200.6","AMBOY, CA US","    0",",,0,",,,,,,,,,,,,,,,,
"USC00040176","1951-07-25","34.5594","-115.7443","200.6","AMBOY, CA US","    0",",,0,",,,,,,,,,,,,,,,,
"USC00040176","1951-07-26","34.5594","-115.7443","200.6","AMBOY, CA US","    0",",,0,",,,,,,,,,,,,,,,,
"USC00040176","1951-07-27","34.5594","-115.7443","200.6","AMBOY, CA US","    0",",,0,",,,,,,,,,,,,,,,,
"USC00040176","1951-07-28","34.5594","-115.7443","200.6","AMBOY, CA US","    0",",,0,",,,,,,,,,,,,,,,,
"USC00040176","1951-07-29","34.5594","-115.7443","200.6","AMBOY, CA US","    0",",,0,",,,,,,,,,,,,,,,,
"USC00040176","1951-07-30","34.5594","-115.7443","200.6","AMBOY, CA US","    0",",,0,",,,,,,,,,,,,,,,,
"USC00040176","1951-07-31","34.5594","-115.7443","200.6","AMBOY, CA US","    0",",,0,",,,,,,,,,,,,,,,,
"USC00040176","1951-08-01","34.5594","-115.7443","200.6","AMBOY, CA US","   76",",,0,",,,,,,,,,,,,,,,,
"USC00040176","1951-08-02","34.5594","-115.7443","200.6","AMBOY, CA US","    0",",,0,",,,,,,,,,,,,,,,,
"USC00040176","1951-08-03","34.5594","-115.7443","200.6","AMBOY, CA US","    0",",,0,",,,,,,,,,,,,,,,,
"USC00040176","1951-08-04","34.5594","-115.7443","200.6","AMBOY, CA US","    0",",,0,",,,,,,,,,,,,,,,,
"USC00040176","1951-08-05","34.5594","-115.7443","200.6","AMBOY, CA US","    0",",,0,",,,,,,,,,,,,,,,,
"USC00040176","1951-08-06","34.5594","-115.7443","200.6","AMBOY, CA US","    0",",,0,",,,,,,,,,,,,,,,,
"USC00040176","1951-08-07","34.5594","-115.7443","200.6","AMBOY, CA US","    0",",,0,",,,,,,,,,,,,,,,,
"USC00040176","1951-08-08","34.5594","-115.7443","200.6","AMBOY, CA US","    0",",,0,",,,,,,,,,,,,,,,,
"USC00040176","1951-08-09","34.5594","-115.7443","200.6","AMBOY, CA US","    0",",,0,",,,,,,,,,,,,,,,,
"USC00040176","1951-08-10","34.5594","-115.7443","200.6","AMBOY, CA US","    0",",,0,",,,,,,,,,,,,,,,,
"USC00040176","1951-08-11","34.5594","-115.7443","200.6","AMBOY, CA US","    0",",,0,",,,,,,,,,,,,,,,,
"USC00040176","1951-08-12","34.5594","-115.7443","200.6","AMBOY, CA US","    0",",,0,",,,,,,,,,,,,,,,,
"USC00040176","1951-08-13","34.5594","-115.7443","200.6","AMBOY, CA US","    0",",,0,",,,,,,,,,,,,,,,,
"USC00040176","1951-08-14","34.5594","-115.7443","200.6","AMBOY, CA US","    0",",,0,",,,,,,,,,,,,,,,,
"USC00040176","1951-08-15","34.5594","-115.7443","200.6","AMBOY, CA US","    0",",,0,",,,,,,,,,,,,,,,,
"USC00040176","1951-08-16","34.5594","-115.7443","200.6","AMBOY, CA US","    0",",,0,",,,,,,,,,,,,,,,,
"USC00040176","1951-08-17","34.5594","-115.7443","200.6","AMBOY, CA US","    0",",,0,",,,,,,,,,,,,,,,,
"USC00040176","1951-08-18","34.5594","-115.7443","200.6","AMBOY, CA US","    0",",,0,",,,,,,,,,,,,,,,,
"USC00040176","1951-08-19","34.5594","-115.7443","200.6","AMBOY, CA US","    0",",,0,",,,,,,,,,,,,,,,,
"USC00040176","1951-08-20","34.5594","-115.7443","200.6","AMBOY, CA US","  112",",,0,",,,,,,,,,,,,,,,,
"USC00040176","1951-08-21","34.5594","-115.7443","200.6","AMBOY, CA US","    0",",,0,",,,,,,,,,,,,,,,,
"USC00040176","1951-08-22","34.5594","-115.7443","200.6","AMBOY, CA US","    0",",,0,",,,,,,,,,,,,,,,,
"USC00040176","1951-08-23","34.5594","-115.7443","200.6","AMBOY, CA US","    0",",,0,",,,,,,,,,,,,,,,,
"USC00040176","1951-08-24","34.5594","-115.7443","200.6","AMBOY, CA US","    0",",,0,",,,,,,,,,,,,,,,,
"USC00040176","1951-08-25","34.5594","-115.7443","200.6","AMBOY, CA US","    0",",,0,",,,,,,,,,,,,,,,,
"USC00040176","1951-08-26","34.5594","-115.7443","200.6","AMBOY, CA US","    0",",,0,",,,,,,,,,,,,,,,,
"USC00040176","1951-08-27","34.5594","-115.7443","200.6","AMBOY, CA US","    0",",,0,",,,,,,,,,,,,,,,,
"USC00040176","1951-08-28","34.5594","-115.7443","200.6","AMBOY, CA US","   43",",,0,",,,,,,,,,,,,,,,,
"USC00040176","1951-08-29","34.5594","-115.7443","200.6","AMBOY, CA US","    0",",,0,",,,,,,,,,,,,,,,,
"USC00040176","1951-08-30","34.5594","-115.7443","200.6","AMBOY, CA US","    0",",,0,",,,,,,,,,,,,,,,,
"USC00040176","1951-08-31","34.5594","-115.7443","200.6","AMBOY, CA US","    0",",,0,",,,,,,,,,,,,,,,,
"USC00040176","1951-09-01","34.5594","-115.7443","200.6","AMBOY, CA US","    0",",,0,",,,,,,,,,,,,,,,,
"USC00040176","1951-09-02","34.5594","-115.7443","200.6","AMBOY, CA US","    0",",,0,",,,,,,,,,,,,,,,,
"USC00040176","1951-09-03","34.5594","-115.7443","200.6","AMBOY, CA US","    0",",,0,",,,,,,,,,,,,,,,,
"USC00040176","1951-09-04","34.5594","-115.7443","200.6","AMBOY, CA US","    0",",,0,",,,,,,,,,,,,,,,,
"USC00040176","1951-09-05","34.5594","-115.7443","200.6","AMBOY, CA US","    0",",,0,",,,,,,,,,,,,,,,,
"USC00040176","1951-09-06","34.5594","-115.7443","200.6","AMBOY, CA US","    0",",,0,",,,,,,,,,,,,,,,,
"USC00040176","1951-09-07","34.5594","-115.7443","200.6","AMBOY, CA US","    0",",,0,",,,,,,,,,,,,,,,,
"USC00040176","1951-09-08","34.5594","-115.7443","200.6","AMBOY, CA US","    0",",,0,",,,,,,,,,,,,,,,,
"USC00040176","1951-09-09","34.5594","-115.7443","200.6","AMBOY, CA US","    0",",,0,",,,,,,,,,,,,,,,,
"USC00040176","1951-09-10","34.5594","-115.7443","200.6","AMBOY, CA US","    0",",,0,",,,,,,,,,,,,,,,,
"USC00040176","1951-09-11","34.5594","-115.7443","200.6","AMBOY, CA US","    0",",,0,",,,,,,,,,,,,,,,,
"USC00040176","1951-09-12","34.5594","-115.7443","200.6","AMBOY, CA US","    0",",,0,",,,,,,,,,,,,,,,,
"USC00040176","1951-09-13","34.5594","-115.7443","200.6","AMBOY, CA US","    0",",,0,",,,,,,,,,,,,,,,,
"USC00040176","1951-09-14","34.5594","-115.7443","200.6","AMBOY, CA US","    0",",,0,",,,,,,,,,,,,,,,,
"USC00040176","1951-09-15","34.5594","-115.7443","200.6","AMBOY, CA US","    0",",,0,",,,,,,,,,,,,,,,,
"USC00040176","1951-09-16","34.5594","-115.7443","200.6","AMBOY, CA US","    0",",,0,",,,,,,,,,,,,,,,,
"USC00040176","1951-09-17","34.5594","-115.7443","200.6","AMBOY, CA US","    0",",,0,",,,,,,,,,,,,,,,,
"USC00040176","1951-09-18","34.5594","-115.7443","200.6","AMBOY, CA US","    0",",,0,",,,,,,,,,,,,,,,,
"USC00040176","1951-09-19","34.5594","-115.7443","200.6","AMBOY, CA US","    0",",,0,",,,,,,,,,,,,,,,,
"USC00040176","1951-09-20","34.5594","-115.7443","200.6","AMBOY, CA US","    0",",,0,",,,,,,,,,,,,,,,,
"USC00040176","1951-09-21","34.5594","-115.7443","200.6","AMBOY, CA US","    0",",,0,",,,,,,,,,,,,,,,,
"USC00040176","1951-09-22","34.5594","-115.7443","200.6","AMBOY, CA US","    0",",,0,",,,,,,,,,,,,,,,,
"USC00040176","1951-09-23","34.5594","-115.7443","200.6","AMBOY, CA US","    0",",,0,",,,,,,,,,,,,,,,,
"USC00040176","1951-09-24","34.5594","-115.7443","200.6","AMBOY, CA US","    0",",,0,",,,,,,,,,,,,,,,,
"USC00040176","1951-09-25","34.5594","-115.7443","200.6","AMBOY, CA US","    0",",,0,",,,,,,,,,,,,,,,,
"USC00040176","1951-09-26","34.5594","-115.7443","200.6","AMBOY, CA US","    0",",,0,",,,,,,,,,,,,,,,,
"USC00040176","1951-09-27","34.5594","-115.7443","200.6","AMBOY, CA US","    0",",,0,",,,,,,,,,,,,,,,,
"USC00040176","1951-09-28","34.5594","-115.7443","200.6","AMBOY, CA US","   84",",,0,",,,,,,,,,,,,,,,,
"USC00040176","1951-09-29","34.5594","-115.7443","200.6","AMBOY, CA US","    0",",,0,",,,,,,,,,,,,,,,,
"USC00040176","1951-09-30","34.5594","-115.7443","200.6","AMBOY, CA US","    0",",,0,",,,,,,,,,,,,,,,,
"USC00040176","2010-02-01","34.5594","-115.7443","200.6","AMBOY, CA US","    0",",,0,0800",,,,,"  206",",,0","   44",",,0",,,,,"   78",",,0,0800",,
"USC00040176","2010-02-02","34.5594","-115.7443","200.6","AMBOY, CA US","    0",",,0,0800",,,,,"  178",",,0","   44",",,0",,,,,"   83",",,0,0800",,
"USC00040176","2010-02-03","34.5594","-115.7443","200.6","AMBOY, CA US","    0",",,0,0800",,,,,"  194",",,0","   56",",,0",,,,,"   89",",,0,0800",,
"USC00040176","2010-02-04","34.5594","-115.7443","200.6","AMBOY, CA US","    0",",,0,0800",,,,,"  200",",,0","   56",",,0",,,,,"   83",",,0,0800",,
"USC00040176","2010-02-05","34.5594","-115.7443","200.6","AMBOY, CA US","    0",",,0,0800",,,,,"  194",",,0","   56",",,0",,,,,"   94",",,0,0800",,
"USC00040176","2010-02-06","34.5594","-115.7443","200.6","AMBOY, CA US","   36",",,0,0800",,,,,"  172",",,0","   89",",,0",,,,,"  100",",,0,0800",,
"USC00040176","2010-02-07","34.5594","-115.7443","200.6","AMBOY, CA US","   33",",,0,0800",,,,,"  150",",,0","   83",",,0",,,,,,,,
"USC00040176","2010-02-08","34.5594","-115.7443","200.6","AMBOY, CA US","    0",",,0,0800",,,,,"  161",",,0","   56",",,0",,,,,"   83",",,0,0800",,
"USC00040176","2010-02-09","34.5594","-115.7443","200.6","AMBOY, CA US","    0",",,0,0800",,,,,"  189",",,0","   39",",,0",,,,,"   78",",,0,0800",,
"USC00040176","2010-02-10","34.5594","-115.7443","200.6","AMBOY, CA US","  122",",,0,0800",,,,,"  172",",,0","   67",",,0",,,,,"   89",",,0,0800",,
"USC00040176","2010-02-11","34.5594","-115.7443","200.6","AMBOY, CA US","    0",",,0,0800",,,,,"  189",",,0","   78",",,0",,,,,"   94",",,0,0800",,
"USC00040176","2010-02-12","34.5594","-115.7443","200.6","AMBOY, CA US","    0",",,0,0800",,,,,"  200",",,0","   56",",,0",,,,,"   83",",,0,0800",,
"USC00040176","2010-02-13","34.5594","-115.7443","200.6","AMBOY, CA US","    0",",,0,0800",,,,,"  211",",,0","   44",",,0",,,,,"   89",",,0,0800",,
"USC00040176","2010-02-14","34.5594","-115.7443","200.6","AMBOY, CA US","    0",",,0,0800",,,,,"  233",",,0","   61",",,0",,,,,"  111",",,0,0800",,
"USC00040176","2010-02-15","34.5594","-115.7443","200.6","AMBOY, CA US","    0",",,0,0800",,,,,"  256",",,0","   72",",,0",,,,,"  117",",,0,0800",,
"USC00040176","2010-02-16","34.5594","-115.7443","200.6","AMBOY, CA US","    0",",,0,0800",,,,,"  256",",,0","   72",",,0",,,,,"  128",",,0,0800",,
"USC00040176","2010-02-17","34.5594","-115.7443","200.6","AMBOY, CA US","    0",",,0,0800",,,,,"  256",",,0","   78",",,0",,,,,"  111",",,0,0800",,
"USC00040176","2010-02-18","34.5594","-115.7443","200.6","AMBOY, CA US","    0",",,0,0800",,,,,"  256",",,0","   83",",,0",,,,,"  122",",,0,0800",,
"USC00040176","2010-02-19","34.5594","-115.7443","200.6","AMBOY, CA US","    0",",,0,0800",,,,,"  244",",,0","   83",",,0",,,,,"  122",",,0,0800",,
"USC00040176","2010-02-20","34.5594","-115.7443","200.6","AMBOY, CA US","    0",",,0,0800",,,,,"  211",",,0","  100",",,0",,,,,"  128",",,0,0800",,
"USC00040176","2010-02-21","34.5594","-115.7443","200.6","AMBOY, CA US","    0",",,0,0800",,,,,"  211",",,0","  122",",,0",,,,,"  139",",,0,0800",,
"USC00040176","2010-02-22","34.5594","-115.7443","200.6","AMBOY, CA US","    0",",,0,0800",,,,,"  222",",,0","  100",",,0",,,,,"  100",",,0,0800",,
"USC00040176","2010-02-23","34.5594","-115.7443","200.6","AMBOY, CA US","    0",",,0,0800",,,,,"  167",",,0","   72",",,0",,,,,"   94",",,0,0800",,
"USC00040176","2010-02-24","34.5594","-115.7443","200.6","AMBOY, CA US","    0",",,0,0800",,,,,"  194",",,0","   33",",,0",,,,,"  111",",,0,0800",,
"USC00040176","2010-02-25","34.5594","-115.7443","200.6","AMBOY, CA US","    0",",,0,0800",,,,,"  200",",,0","   89",",,0",,,,,"  156",",,0,0800",,
"USC00040176","2010-02-26","34.5594","-115.7443","200.6","AMBOY, CA US","    0",",,0,0800",,,,,"  233",",,0","  111",",,0",,,,,"  111",",,0,0800",,
"USC00040176","2010-02-27","34.5594","-115.7443","200.6","AMBOY, CA US","    0",",,0,0800",,,,,"  217",",,0","   78",",,0",,,,,"  150",",,0,0800",,
"USC00040176","2010-02-28","34.5594","-115.7443","200.6","AMBOY, CA US","   15",",,0,0800",,,,,"  200",",,0","  100",",,0",,,,,"  128",",,0,0800",,
"USC00040176","2010-03-01","34.5594","-115.7443","200.6","AMBOY, CA US","    0",",,0,0800",,,,,"  217",",,0","   94",",,0",,,,,"  139",",,0,0800",,
"USC00040176","2010-03-02","34.5594","-115.7443","200.6","AMBOY, CA US","    0",",,0,0800",,,,,"  233",",,0","   78",",,0",,,,,"  106",",,0,0800",,
"USC00040176","2010-03-03","34.5594","-115.7443","200.6","AMBOY, CA US","    0",",,0,0800",,,,,"  239",",,0","   89",",,0",,,,,"  144",",,0,0800",,
"USC00040176","2010-03-04","34.5594","-115.7443","200.6","AMBOY, CA US","    0",",,0,0800",,,,,"  222",",,0","   94",",,0",,,,,"  139",",,0,0800",,
"USC00040176","2010-03-05","34.5594","-115.7443","200.6","AMBOY, CA US","    0",",,0,0800",,,,,"  139",",,0","   44",",,0",,,,,"   94",",,0,0800",,
"USC00040176","2010-03-06","34.5594","-115.7443","200.6","AMBOY, CA US","    0",",,0,0800",,,,,"  206",",,0","   44",",,0",,,,,"  106",",,0,0800",,
"USC00040176","2010-03-07","34.5594","-115.7443","200.6","AMBOY, CA US","    0",",,0,0800",,,,,"  222",",,0","   83",",,0",,,,,"  117",",,0,0800",,
"USC00040176","2010-03-08","34.5594","-115.7443","200.6","AMBOY, CA US","  157",",,0,0800",,,,,"  139",",,0","   83",",,0",,,,,"  100",",,0,0800",,
"USC00040176","2010-03-09","34.5594","-115.7443","200.6","AMBOY, CA US","    0",",,0,0800",,,,,"  178",",,0","   72",",,0",,,,,"  106",",,0,0800",,
"USC00040176","2010-03-10","34.5594","-115.7443","200.6","AMBOY, CA US","    0",",,0,0800",,,,,"  178",",,0","   83",",,0",,,,,"  106",",,0,0800",,
"USC00040176","2010-03-11","34.5594","-115.7443","200.6","AMBOY, CA US","    0",",,0,0800",,,,,"  194",",,0","   83",",,0",,,,,"  122",",,0,0800",,
"USC00040176","2010-03-12","34.5594","-115.7443","200.6","AMBOY, CA US","    0",",,0,0800",,,,,"  200",",,0","   67",",,0",,,,,"   89",",,0,0800",,
"USC00040176","2010-03-13","34.5594","-115.7443","200.6","AMBOY, CA US","    0",",,0,0800",,,,,"  211",",,0","   39",",,0",,,,,"  111",",,0,0800",,
"USC00040176","2010-03-14","34.5594","-115.7443","200.6","AMBOY, CA US","    0",",,0,0800",,,,,"  250",",,0","   67",",,0",,,,,"  111",",,0,0800",,
"USC00040176","2010-03-15","34.5594","-115.7443","200.6","AMBOY, CA US","    0",",,0,0800",,,,,"  217",",,0","   94",",,0",,,,,"  111",",,0,0800",,
"USC00040176","2010-03-16","34.5594","-115.7443","200.6","AMBOY, CA US","    0",",,0,0800",,,,,"  256",",,0","   78",",,0",,,,,"  111",",,0,0800",,
"USC00040176","2010-03-17","34.5594","-115.7443","200.6","AMBOY, CA US","    0",",,0,0800",,,,,"  267",",,0","   78",",,0",,,,,"  128",",,0,0800",,
"USC00040176","2010-03-18","34.5594","-115.7443","200.6","AMBOY, CA US","    0",",,0,0800",,,,,"  283",",,0","   89",",,0",,,,,"  117",",,0,0800",,
"USC00040176","2010-03-19","34.5594","-115.7443","200.6","AMBOY, CA US","    0",",,0,0800",,,,,"  306",",,0","  106",",,0",,,,,"  172",",,0,0800",,
"USC00040176","2010-03-20","34.5594","-115.7443","200.6","AMBOY, CA US","    0",",,0,0800",,,,,"  272",",,0","  128",",,0",,,,,"  128",",,0,0800",,
"USC00040176","2010-03-21","34.5594","-115.7443","200.6","AMBOY, CA US","    0",",,0,0800",,,,,"  256",",,0","   83",",,0",,,,,"  117",",,0,0800",,
"USC00040176","2010-03-22","34.5594","-115.7443","200.6","AMBOY, CA US","    0",",,0,0800",,,,,"  256",",,0","   89",",,0",,,,,"  133",",,0,0800",,
"USC00040176","2010-03-23","34.5594","-115.7443","200.6","AMBOY, CA US","    0",",,0,0800",,,,,"  278",",,0","   89",",,0",,,,,"  172",",,0,0800",,
"USC00040176","2010-03-24","34.5594","-115.7443","200.6","AMBOY, CA US","    0",",,0,0800",,,,,"  267",",,0","  128",",,0",,,,,"  128",",,0,0800",,
"USC00040176","2010-03-25","34.5594","-115.7443","200.6","AMBOY, CA US","    0",",,0,0800",,,,,"  250",",,0","   78",",,0",,,,,"  122",",,0,0800",,
"USC00040176","2010-03-26","34.5594","-115.7443","200.6","AMBOY, CA US","    0",",,0,0800",,,,,"  161",",,0","  122",",,0",,,,,"  150",",,0,0800",,
"USC00040176","2010-03-27","34.5594","-115.7443","200.6","AMBOY, CA US","    0",",,0,0800",,,,,"  167",",,0","  111",",,0",,,,,"  111",",,0,0800",,
"USC00040176","2010-03-28","34.5594","-115.7443","200.6","AMBOY, CA US","    0",",,0,0800",,,,,"  256",",,0","  111",",,0",,,,,"  111",",,0,0800",,
"USC00040176","2010-03-29","34.5594","-115.7443","200.6","AMBOY, CA US","    0",",,0,0800",,,,,"  261",",,0","   67",",,0",,,,,"  117",",,0,0800",,
"USC00040176","2010-03-30","34.5594","-115.7443","200.6","AMBOY, CA US","    0","P,,0,0800",,,,,,,,,,,,,,,,
"USC00040176","2010-03-31","34.5594","-115.7443","200.6","AMBOY, CA US","    0",",,0,0800",,,,,"  322",",,0","  111",",,0",,,,,"  178",",,0,0800",,
"USC00040176","2010-04-01","34.5594","-115.7443","200.6","AMBOY, CA US","    0",",,0,0800",,,,,"  239",",,0","  106",",,0",,,,,"  106",",,0,0800",,
"USC00040176","2010-04-02","34.5594","-115.7443","200.6","AMBOY, CA US","    0",",,0,0800",,,,,"  222",",,0","   72",",,0",,,,,"  122",",,0,0800",,
"USC00040176","2010-04-03","34.5594","-115.7443","200.6","AMBOY, CA US","    0",",,0,0800",,,,,"  222",",,0","  100",",,0",,,,,"  128",",,0,0800",,
"USC00040176","2010-04-04","34.5594","-115.7443","200.6","AMBOY, CA US","    0",",,0,0800",,,,,"  256",",,0","   94",",,0",,,,,"  122",",,0,0800",,
"USC00040176","2010-04-05","34.5594","-115.7443","200.6","AMBOY, CA US","    0",",,0,0800",,,,,"  267",",,0","  111",",,0",,,,,"  133",",,0,0800",,
"USC00040176","2010-04-06","34.5594","-115.7443","200.6","AMBOY, CA US","    0",",,0,0800",,,,,"  250",",,0","  100",",,0",,,,,"  128",",,0,0800",,
"USC00040176","2010-04-07","34.5594","-115.7443","200.6","AMBOY, CA US","    0",",,0,0800",,,,,"  239",",,0","   78",",,0",,,,,"  117",",,0,0800",,
"USC00040176","2010-04-08","34.5594","-115.7443","200.6","AMBOY, CA US","    0",",,0,0800",,,,,"  267",",,0","   78",",,0",,,,,"  133",",,0,0800",,
"USC00040176","2010-04-09","34.5594","-115.7443","200.6","AMBOY, CA US","    0",",,0,0800",,,,,"  289",",,0","   78",",,0",,,,,"  150",",,0,0800",,
"USC00040176","2010-04-10","34.5594","-115.7443","200.6","AMBOY, CA US","    0",",,0,0800",,,,,"  306",",,0","  106",",,0",,,,,"  161",",,0,0800",,
"USC00040176","2010-04-11","34.5594","-115.7443","200.6","AMBOY, CA US","    0",",,0,0800",,,,,"  306",",,0","  144",",,0",,,,,"  144",",,0,0800",,
"USC00040176","2010-04-12","34.5594","-115.7443","200.6","AMBOY, CA US","    0",",,0,0800",,,,,"  294",",,0","  128",",,0",,,,,"  133",",,0,0800",,
"USC00040176","2010-04-13","34.5594","-115.7443","200.6","AMBOY, CA US","    0",",,0,0800",,,,,"  228",",,0","  122",",,0",,,,,"  133",",,0,0800",,
"USC00040176","2010-04-14","34.5594","-115.7443","200.6","AMBOY, CA US","    0",",,0,0800",,,,,"  233",",,0","   83",",,0",,,,,"  133",",,0,0800",,
"USC00040176","2010-04-15","34.5594","-115.7443","200.6","AMBOY, CA US","    0",",,0,0800",,,,,"  267",",,0","   83",",,0",,,,,,,,
"USC00040176","2010-04-16","34.5594","-115.7443","200.6","AMBOY, CA US","    0",",,0,0800",,,,,"  289",",,0","  100",",,0",,,,,"  183",",,0,0800",,
"USC00040176","2010-04-17","34.5594","-115.7443","200.6","AMBOY, CA US","    0",",,0,0800",,,,,"  328",",,0","  144",",,0",,,,,"  183",",,0,0800",,
"USC00040176","2010-04-18","34.5594","-115.7443","200.6","AMBOY, CA US","    0",",,0,0800",,,,,"  322",",,0","  144",",,0",,,,,"  189",",,0,0800",,
"USC00040176","2010-04-19","34.5594","-115.7443","200.6","AMBOY, CA US","    0",",,0,0800",,,,,"  339",",,0","  144",",,0",,,,,"  217",",,0,0800",,
"USC00040176","2010-04-20","34.5594","-115.7443","200.6","AMBOY, CA US","    0",",,0,0800",,,,,"  322",",,0","  172",",,0",,,,,"  211",",,0,0800",,
"USC00040176","2010-04-21","34.5594","-115.7443","200.6","AMBOY, CA US","    0",",,0,0800",,,,,"  322",",,0","  161",",,0",,,,,"  161",",,0,0800",,
"USC00040176","2010-04-22","34.5594","-115.7443","200.6","AMBOY, CA US","    0",",,0,0800",,,,,"  217",",,0","  111",",,0",,,,,"  139",",,0,0800",,
"USC00040176","2010-04-23","34.5594","-115.7443","200.6","AMBOY, CA US","    0",",,0,0800",,,,,"  194",",,0","   94",",,0",,,,,"  117",",,0,0800",,
"USC00040176","2010-04-24","34.5594","-115.7443","200.6","AMBOY, CA US","    0",",,0,0800",,,,,"  278",",,0","   72",",,0",,,,,"  172",",,0,0800",,
"USC00040176","2010-04-25","34.5594","-115.7443","200.6","AMBOY, CA US","    0",",,0,0800",,,,,"  328",",,0","  144",",,0",,,,,"  200",",,0,0800",,
"USC00040176","2010-04-26","34.5594","-115.7443","200.6","AMBOY, CA US","    0",",,0,0800",,,,,"  344",",,0","  150",",,0",,,,,"  217",",,0,0800",,
"USC00040176","2010-04-27","34.5594","-115.7443","200.6","AMBOY, CA US","    0",",,0,0800",,,,,"  350",",,0","  156",",,0",,,,,"  250",",,0,0800",,
"USC00040176","2010-04-28","34.5594","-115.7443","200.6","AMBOY, CA US","    0",",,0,0800",,,,,"  367",",,0","  200",",,0",,,,,"  211",",,0,0800",,
"USC00040176","2010-04-29","34.5594","-115.7443","200.6","AMBOY, CA US","    0",",,0,0800",,,,,"  328",",,0","   89",",,0",,,,,"   89",",,0,0800",,
"USC00040176","2010-04-30","34.5594","-115.7443","200.6","AMBOY, CA US","    0",",,0,0800",,,,,"  233",",,0","   89",",,0",,,,,"  161",",,0,0800",,
"USC00040176","2010-05-01","34.5594","-115.7443","200.6","AMBOY, CA US","    0",",,0,0800",,,,,"  233",",,0","  122",",,0",,,,,"  178",",,0,0800",,
"USC00040176","2010-05-02","34.5594","-115.7443","200.6","AMBOY, CA US","    0",",,0,0800",,,,,"  272",",,0","  133",",,0",,,,,"  150",",,0,0800",,
"USC00040176","2010-05-03","34.5594","-115.7443","200.6","AMBOY, CA US","    0",",,0,0800",,,,,"  294",",,0","  122",",,0",,,,,"  150",",,0,0800",,
"USC00040176","2010-05-04","34.5594","-115.7443","200.6","AMBOY, CA US","    0",",,0,0800",,,,,"  300",",,0","  144",",,0",,,,,"  206",",,0,0800",,
"USC00040176","2010-05-05","34.5594","-115.7443","200.6","AMBOY, CA US","    0",",,0,0800",,,,,"  361",",,0","  150",",,0",,,,,"  250",",,0,0800",,
"USC00040176","2010-05-06","34.5594","-115.7443","200.6","AMBOY, CA US","    0",",,0,0800",,,,,"  378",",,0","  206",",,0",,,,,"  222",",,0,0800",,
"USC00040176","2010-05-07","34.5594","-115.7443","200.6","AMBOY, CA US","    0",",,0,0800",,,,,"  328",",,0","  200",",,0",,,,,"  206",",,0,0800",,
"USC00040176","2010-05-08","34.5594","-115.7443","200.6","AMBOY, CA US","    0",",,0,0800",,,,,"  306",",,0","  178",",,0",,,,,"  250",",,0,0800",,
"USC00040176","2010-05-09","34.5594","-115.7443","200.6","AMBOY, CA US","    0",",,0,0800",,,,,"  361",",,0","  178",",,0",,,,,"  228",",,0,0800",,
"USC00040176","2010-05-10","34.5594","-115.7443","200.6","AMBOY, CA US","    0",",,0,0800",,,,,"  333",",,0","  150",",,0",,,,,"  183",",,0,0800",,
"USC00040176","2010-05-11","34.5594","-115.7443","200.6","AMBOY, CA US","    0",",,0,0800",,,,,"  300",",,0","  122",",,0",,,,,"  156",",,0,0800",,
"USC00040176","2010-05-12","34.5594","-115.7443","200.6","AMBOY, CA US","    0",",,0,0800",,,,,"  300",",,0","  128",",,0",,,,,"  189",",,0,0800",,
"USC00040176","2010-05-13","34.5594","-115.7443","200.6","AMBOY, CA US","    0",",,0,0800",,,,,"  306",",,0","  128",",,0",,,,,"  211",",,0,0800",,
"USC00040176","2010-05-14","34.5594","-115.7443","200.6","AMBOY, CA US","    0",",,0,0800",,,,,"  317",",,0","  156",",,0",,,,,"  228",",,0,0800",,
"USC00040176","2010-05-15","34.5594","-115.7443","200.6","AMBOY, CA US","    0",",,0,0800",,,,,"  350",",,0","  133",",,0",,,,,"  228",",,0,0800",,
"USC00040176","2010-05-16","34.5594","-115.7443","200.6","AMBOY, CA US","    0",",,0,0800",,,,,"  361",",,0","  150",",,0",,,,,"  244",",,0,0800",,
"USC00040176","2010-05-17","34.5594","-115.7443","200.6","AMBOY, CA US","    0",",,0,0800",,,,,"  367",",,0","  200",",,0",,,,,"  233",",,0,0800",,
"USC00040176","2010-05-18","34.5594","-115.7443","200.6","AMBOY, CA US","    0",",,0,0800",,,,,,,"  189",",,0",,,,,"  211",",,0,0800",,
"USC00040176","2010-05-19","34.5594","-115.7443","200.6","AMBOY, CA US","    0",",,0,0800",,,,,,,"  183",",,0",,,,,"  228",",,0,0800",,
"USC00040176","2010-05-20","34.5594","-115.7443","200.6","AMBOY, CA US","    0",",,0,0800",,,,,"  361",",,0","  172",",,0",,,,,"  261",",,0,0800",,
"USC00040176","2010-05-21","34.5594","-115.7443","200.6","AMBOY, CA US","    0",",,0,0800",,,,,"  372",",,0","   78",",,0",,,,,"  239",",,0,0800",,
"USC00040176","2010-05-22","34.5594","-115.7443","200.6","AMBOY, CA US","    0",",,0,0800",,,,,"  378",",,0","   94",",,0",,,,,"  189",",,0,0800",,
"USC00040176","2010-05-23","34.5594","-115.7443","200.6","AMBOY, CA US","    0",",,0,0800",,,,,"  306",",,0","   56",",,0",,,,,"  156",",,0,0800",,
"USC00040176","2010-05-24","34.5594","-115.7443","200.6","AMBOY, CA US","    0",",,0,0800",,,,,,,"   50",",,0",,,,,"  161",",,0,0800",,
"USC00040176","2010-05-25","34.5594","-115.7443","200.6","AMBOY, CA US","    0",",,0,0800",,,,,"  267",",,0","  139",",,0",,,,,"  217",",,0,0800",,
"USC00040176","2010-05-26","34.5594","-115.7443","200.6","AMBOY, CA US","    0",",,0,0800",,,,,"  306",",,0","  139",",,0",,,,,"  233",",,0,0800",,
"USC00040176","2010-05-27","34.5594","-115.7443","200.6","AMBOY, CA US","    0",",,0,0800",,,,,"  328",",,0","   89",",,0",,,,,"  233",",,0,0800",,
"USC00040176","2010-05-28","34.5594","-115.7443","200.6","AMBOY, CA US","    0",",,0,0800",,,,,"  300",",,0","   89",",,0",,,,,"  189",",,0,0800",,
"USC00040176","2010-05-29","34.5594","-115.7443","200.6","AMBOY, CA US","    0",",,0,0800",,,,,"  294",",,0","  183",",,0",,,,,"  228",",,0,0800",,
"USC00040176","2010-05-30","34.5594","-115.7443","200.6","AMBOY, CA US","    0",",,0,0800",,,,,"  350",",,0","  128",",,0",,,,,"  250",",,0,0800",,
"USC00040176","2010-05-31","34.5594","-115.7443","200.6","AMBOY, CA US","    0",",,0,0800",,,,,"  378",",,0","  178",",,0",,,,,"  239",",,0,0800",,
"USC00040176","2010-06-01","34.5594","-115.7443","200.6","AMBOY, CA US","    0",",,0,0800",,,,,"  389",",,0","  211",",,0",,,,,"  239",",,0,0800",,
"USC00040176","2010-06-02","34.5594","-115.7443","200.6","AMBOY, CA US","    0",",,0,0800",,,,,"  389",",,0","  194",",,0",,,,,"  267",",,0,0800",,
"USC00040176","2010-06-03","34.5594","-115.7443","200.6","AMBOY, CA US","    0",",,0,0800",,,,,"  367",",,0","  206",",,0",,,,,"  278",",,0,0800",,
"USC00040176","2010-06-04","34.5594","-115.7443","200.6","AMBOY, CA US","    0",",,0,0800",,,,,"  389",",,0","  217",",,0",,,,,"  300",",,0,0800",,
"USC00040176","2010-06-05","34.5594","-115.7443","200.6","AMBOY, CA US","    0",",,0,0800",,,,,"  406",",,0",,,,,,,"  306",",,0,0800",,
"USC00040176","2010-06-06","34.5594","-115.7443","200.6","AMBOY, CA US","    0",",,0,0800",,,,,"  433",",,0","  272",",,0",,,,,"  328",",,0,0800",,
"USC00040176","2010-06-07","34.5594","-115.7443","200.6","AMBOY, CA US","    0",",,0,0800",,,,,"  439",",,0","  289",",,0",,,,,"  344",",,0,0800",,
"USC00040176","2010-06-08","34.5594","-115.7443","200.6","AMBOY, CA US","    0",",,0,0800",,,,,"  439",",,0","  278",",,0",,,,,"  328",",,0,0800",,
"USC00040176","2010-06-09","34.5594","-115.7443","200.6","AMBOY, CA US","    0",",,0,0800",,,,,"  433",",,0","  267",",,0",,,,,"  311",",,0,0800",,
"USC00040176","2010-06-10","34.5594","-115.7443","200.6","AMBOY, CA US","    0",",,0,0800",,,,,"  406",",,0","  250",",,0",,,,,"  278",",,0,0800",,
"USC00040176","2010-06-11","34.5594","-115.7443","200.6","AMBOY, CA US","    0",",,0,0800",,,,,"  400",",,0","  211",",,0",,,,,"  239",",,0,0800",,
"USC00040176","2010-06-12","34.5594","-115.7443","200.6","AMBOY, CA US","    0",",,0,0800",,,,,"  356",",,0","  211",",,0",,,,,"  261",",,0,0800",,
"USC00040176","2010-06-13","34.5594","-115.7443","200.6","AMBOY, CA US","    0",",,0,0800",,,,,"  356",",,0","  228",",,0",,,,,"  272",",,0,0800",,
"USC00040176","2010-06-14","34.5594","-115.7443","200.6","AMBOY, CA US","    0",",,0,0800",,,,,"  372",",,0","  206",",,0",,,,,"  250",",,0,0800",,
"USC00040176","2010-06-15","34.5594","-115.7443","200.6","AMBOY, CA US","    0",",,0,0800",,,,,"  411",",,0","  206",",,0",,,,,,,,
"USC00040176","2010-06-16","34.5594","-115.7443","200.6","AMBOY, CA US","    0",",,0,0800",,,,,"  417",",,0","  206",",,0",,,,,,,,
"USC00040176","2010-06-17","34.5594","-115.7443","200.6","AMBOY, CA US","    0",",,0,0800",,,,,"  406",",,0","  222",",,0",,,,,"  267",",,0,0800",,
"USC00040176","2010-06-18","34.5594","-115.7443","200.6","AMBOY, CA US","    0",",,0,0800",,,,,"  383",",,0","  211",",,0",,,,,"  278",",,0,0800",,
"USC00040176","2010-06-19","34.5594","-115.7443","200.6","AMBOY, CA US","    0",",,0,0800",,,,,"  406",",,0","  233",",,0",,,,,"  267",",,0,0800",,
"USC00040176","2010-06-20","34.5594","-115.7443","200.6","AMBOY, CA US","    0",",,0,0800",,,,,"  406",",,0",,,,,,,"  267",",,0,0800",,
"USC00040176","2010-06-21","34.5594","-115.7443","200.6","AMBOY, CA US","    0",",,0,0800",,,,,"  400",",,0","  233",",,0",,,,,"  256",",,0,0800",,
"USC00040176","2010-06-22","34.5594","-115.7443","200.6","AMBOY, CA US","    0",",,0,0800",,,,,"  400",",,0","  256",",,0",,,,,"  267",",,0,0800",,
"USC00040176","2010-06-23","34.5594","-115.7443","200.6","AMBOY, CA US","    0",",,0,0800",,,,,"  400",",,0",,,,,,,"  267",",,0,0800",,
"USC00040176","2010-06-24","34.5594","-115.7443","200.6","AMBOY, CA US","    0",",,0,0800",,,,,"  417",",,0",,,,,,,"  289",",,0,0800",,
"USC00040176","2010-06-25","34.5594","-115.7443","200.6","AMBOY, CA US","    0",",,0,0800",,,,,"  433",",,0",,,,,,,"  272",",,0,0800",,
"USC00040176","2010-06-26","34.5594","-115.7443","200.6","AMBOY, CA US","    0",",,0,0800",,,,,"  433",",,0",,,,,,,"  306",",,0,0800",,
"USC00040176","2010-06-27","34.5594","-115.7443","200.6","AMBOY, CA US","    0",",,0,0800",,,,,"  406",",,0","  239",",,0",,,,,"  300",",,0,0800",,
"USC00040176","2010-06-28","34.5594","-115.7443","200.6","AMBOY, CA US","    0",",,0,0800",,,,,"  428",",,0","  178",",,0",,,,,"  306",",,0,0800",,
"USC00040176","2010-06-29","34.5594","-115.7443","200.6","AMBOY, CA US","    0",",,0,0800",,,,,"  450",",,0","  183",",,0",,,,,"  294",",,0,0800",,
"USC00040176","2010-06-30","34.5594","-115.7443","200.6","AMBOY, CA US","    0",",,0,0800",,,,,"  439",",,0","  250",",,0",,,,,"  294",",,0,0800",,
"USC00040176","2010-07-01","34.5594","-115.7443","200.6","AMBOY, CA US","    0",",,0,0800",,,,,"  450",",,0","  294",",,0",,,,,"  306",",,0,0800",,
"USC00040176","2010-07-02","34.5594","-115.7443","200.6","AMBOY, CA US","    0",",,0,0800",,,,,"  450",",,0",,,,,,,"  311",",,0,0800",,
"USC00040176","2010-07-03","34.5594","-115.7443","200.6","AMBOY, CA US","    0",",,0,0800",,,,,"  450",",,0",,,,,,,"  306",",,0,0800",,
"USC00040176","2010-07-04","34.5594","-115.7443","200.6","AMBOY, CA US","    0",",,0,0800",,,,,"  450",",,0","  244",",,0",,,,,,,,
"USC00040176","2010-07-05","34.5594","-115.7443","200.6","AMBOY, CA US","    0",",,0,0800",,,,,"  444",",,0","  289",",,0",,,,,"  289",",,0,0800",,
"USC00040176","2010-07-06","34.5594","-115.7443","200.6","AMBOY, CA US","    0",",,0,0800",,,,,,,"  250",",,0",,,,,"  317",",,0,0800",,
"USC00040176","2010-07-07","34.5594","-115.7443","200.6","AMBOY, CA US","    0",",,0,0800",,,,,"  417",",,0","  250",",,0",,,,,"  328",",,0,0800",,
"USC00040176","2010-07-08","34.5594","-115.7443","200.6","AMBOY, CA US","    0",",,0,0800",,,,,"  422",",,0","  306",",,0",,,,,"  317",",,0,0800",,
"USC00040176","2010-07-09","34.5594","-115.7443","200.6","AMBOY, CA US","    0",",,0,0800",,,,,"  439",",,0",,,,,,,"  311",",,0,0800",,
"USC00040176","2010-07-10","34.5594","-115.7443","200.6","AMBOY, CA US","    0",",,0,0800",,,,,"  450",",,0",,,,,,,"  356",",,0,0800",,
"USC00040176","2010-07-11","34.5594","-115.7443","200.6","AMBOY, CA US","    0",",,0,0800",,,,,"  461",",,0",,,,,,,"  344",",,0,0800",,
"USC00040176","2010-07-12","34.5594","-115.7443","200.6","AMBOY, CA US","    0",",,0,0800",,,,,"  433",",,0","  322",",,0",,,,,"  367",",,0,0800",,
"USC00040176","2010-07-13","34.5594","-115.7443","200.6","AMBOY, CA US","    0",",,0,0800",,,,,"  450",",,0","  328",",,0",,,,,"  361",",,0,0800",,
"USC00040176","2010-07-14","34.5594","-115.7443","200.6","AMBOY, CA US","    0",",,0,0800",,,,,"  456",",,0","  311",",,0",,,,,"  333",",,0,0800",,
"USC00040176","2010-07-15","34.5594","-115.7443","200.6","AMBOY, CA US","    0",",,0,0800",,,,,"  461",",,0",,,,,,,"  372",",,0,0800",,
"USC00040176","2010-07-16","34.5594","-115.7443","200.6","AMBOY, CA US","    0",",,0,0800",,,,,"  444",",,0","  306",",,0",,,,,"  361",",,0,0800",,
"USC00040176","2010-07-17","34.5594","-115.7443","200.6","AMBOY, CA US","    0",",,0,0800",,,,,"  472",",,0",,,,,,,"  378",",,0,0800",,
"USC00040176","2010-07-18","34.5594","-115.7443","200.6","AMBOY, CA US","    0","P,,0,0800",,,,,,,,,,,,,,,,
"USC00040176","2010-07-19","34.5594","-115.7443","200.6","AMBOY, CA US","    0",",,0,0800",,,,,"  467",",,0","  250",",,0",,,,,"  372",",,0,0800",,
"USC00040176","2010-07-20","34.5594","-115.7443","200.6","AMBOY, CA US","    0","P,,0,0800",,,,,,,,,,,,,,,,
"USC00040176","2010-07-21","34.5594","-115.7443","200.6","AMBOY, CA US","    0",",,0,0800",,,,,"  472",",,0",,,,,,,,,,
"USC00040176","2010-07-22","34.5594","-115.7443","200.6","AMBOY, CA US","    0",",,0,0800",,,,,"  450",",,0","  283",",,0",,,,,"  317",",,0,0800",,
"USC00040176","2010-07-23","34.5594","-115.7443","200.6","AMBOY, CA US","    0",",,0,0800",,,,,"  450",",,0","  283",",,0",,,,,"  339",",,0,0800",,
"USC00040176","2010-07-24","34.5594","-115.7443","200.6","AMBOY, CA US","    0",",,0,0800",,,,,"  456",",,0","  283",",,0",,,,,"  339",",,0,0800",,
"USC00040176","2010-07-25","34.5594","-115.7443","200.6","AMBOY, CA US","    0",",,0,0800",,,,,"  456",",,0","  283",",,0",,,,,"  361",",,0,0800",,
"USC00040176","2010-07-26","34.5594","-115.7443","200.6","AMBOY, CA US","    0",",,0,0800",,,,,"  467",",,0","  317",",,0",,,,,"  350",",,0,0800",,
"USC00040176","2010-07-27","34.5594","-115.7443","200.6","AMBOY, CA US","    0",",,0,0800",,,,,"  428",",,0","  328",",,0",,,,,"  339",",,0,0800",,
"USC00040176","2010-07-28","34.5594","-115.7443","200.6","AMBOY, CA US","    0",",,0,0800",,,,,"  428",",,0","  289",",,0",,,,,"  333",",,0,0800",,
"USC00040176","2010-07-29","34.5594","-115.7443","200.6","AMBOY, CA US","    0",",,0,0800",,,,,"  422",",,0","  283",",,0",,,,,"  333",",,0,0800",,
"USC00040176","2010-07-30","34.5594","-115.7443","200.6","AMBOY, CA US","    0",",,0,0800",,,,,"  428",",,0","  289",",,0",,,,,"  344",",,0,0800",,
"USC00040176","2010-07-31","34.5594","-115.7443","200.6","AMBOY, CA US","    0",",,0,0800",,,,,"  428",",,0","  289",",,0",,,,,"  317",",,0,0800",,
"USC00040176","2010-08-01","34.5594","-115.7443","200.6","AMBOY, CA US","    0",",,0,0800",,,,,"  406",",,0","  294",",,0",,,,,"  311",",,0,0800",,
"USC00040176","2010-08-02","34.5594","-115.7443","200.6","AMBOY, CA US","    0",",,0,0800",,,,,"  406",",,0","  261",",,0",,,,,"  300",",,0,0800",,
"USC00040176","2010-08-03","34.5594","-115.7443","200.6","AMBOY, CA US","    0",",,0,0800",,,,,"  406",",,0","  267",",,0",,,,,"  306",",,0,0800",,
"USC00040176","2010-08-04","34.5594","-115.7443","200.6","AMBOY, CA US","    0",",,0,0800",,,,,"  428",",,0","  272",",,0",,,,,"  322",",,0,0800",,
"USC00040176","2010-08-05","34.5594","-115.7443","200.6","AMBOY, CA US","    0",",,0,0800",,,,,"  444",",,0","  278",",,0",,,,,"  317",",,0,0800",,
"USC00040176","2010-08-06","34.5594","-115.7443","200.6","AMBOY, CA US","    0",",,0,0800",,,,,"  439",",,0","  267",",,0",,,,,"  306",",,0,0800",,
"USC00040176","2010-08-07","34.5594","-115.7443","200.6","AMBOY, CA US","    0",",,0,0800",,,,,"  444",",,0","  256",",,0",,,,,"  289",",,0,0800",,
"USC00040176","2010-08-08","34.5594","-115.7443","200.6","AMBOY, CA US","    0",",,0,0800",,,,,"  400",",,0","  250",",,0",,,,,"  289",",,0,0800",,
"USC00040176","2010-08-09","34.5594","-115.7443","200.6","AMBOY, CA US","    0",",,0,0800",,,,,"  389",",,0","  222",",,0",,,,,"  261",",,0,0800",,
"USC00040176","2010-08-10","34.5594","-115.7443","200.6","AMBOY, CA US","    0",",,0,0800",,,,,"  400",",,0","  211",",,0",,,,,"  300",",,0,0800",,
"USC00040176","2010-08-11","34.5594","-115.7443","200.6","AMBOY, CA US","    0",",,0,0800",,,,,"  417",",,0","  233",",,0",,,,,"  283",",,0,0800",,
"USC00040176","2010-08-12","34.5594","-115.7443","200.6","AMBOY, CA US","    0",",,0,0800",,,,,"  417",",,0","  228",",,0",,,,,"  267",",,0,0800",,
"USC00040176","2010-08-13","34.5594","-115.7443","200.6","AMBOY, CA US","    0",",,0,0800",,,,,"  417",",,0","  233",",,0",,,,,"  272",",,0,0800",,
"USC00040176","2010-08-14","34.5594","-115.7443","200.6","AMBOY, CA US","    0",",,0,0800",,,,,"  433",",,0","  261",",,0",,,,,"  294",",,0,0800",,
"USC00040176","2010-08-15","34.5594","-115.7443","200.6","AMBOY, CA US","    0",",,0,0800",,,,,"  428",",,0","  239",",,0",,,,,"  294",",,0,0800",,
"USC00040176","2010-08-16","34.5594","-115.7443","200.6","AMBOY, CA US","    0",",,0,0800",,,,,"  450",",,0","  267",",,0",,,,,"  339",",,0,0800",,
"USC00040176","2010-08-17","34.5594","-115.7443","200.6","AMBOY, CA US","    0",",,0,0800",,,,,"  433",",,0","  322",",,0",,,,,"  361",",,0,0800",,
"USC00040176","2010-08-18","34.5594","-115.7443","200.6","AMBOY, CA US","    0",",,0,0800",,,,,"  439",",,0","  300",",,0",,,,,"  322",",,0,0800",,
"USC00040176","2010-08-19","34.5594","-115.7443","200.6","AMBOY, CA US","    0",",,0,0800",,,,,"  428",",,0","  300",",,0",,,,,"  339",",,0,0800",,
"USC00040176","2010-08-20","34.5594","-115.7443","200.6","AMBOY, CA US","    0",",,0,0800",,,,,"  450",",,0","  300",",,0",,,,,"  328",",,0,0800",,
"USC00040176","2010-08-21","34.5594","-115.7443","200.6","AMBOY, CA US","    0",",,0,0800",,,,,"  439",",,0","  278",",,0",,,,,"  317",",,0,0800",,
"USC00040176","2010-08-22","34.5594","-115.7443","200.6","AMBOY, CA US","    0",",,0,0800",,,,,"  439",",,0","  289",",,0",,,,,"  333",",,0,0800",,
"USC00040176","2010-08-23","34.5594","-115.7443","200.6","AMBOY, CA US","    0",",,0,0800",,,,,"  417",",,0","  278",",,0",,,,,"  306",",,0,0800",,
"USC00040176","2010-08-24","34.5594","-115.7443","200.6","AMBOY, CA US","    0",",,0,0800",,,,,"  444",",,0","  283",",,0",,,,,"  322",",,0,0800",,
"USC00040176","2010-08-25","34.5594","-115.7443","200.6","AMBOY, CA US","    0",",,0,0800",,,,,"  461",",,0","  322",",,0",,,,,"  350",",,0,0800",,
"USC00040176","2010-08-26","34.5594","-115.7443","200.6","AMBOY, CA US","    0",",,0,0800",,,,,"  444",",,0","  300",",,0",,,,,"  350",",,0,0800",,
"USC00040176","2010-08-27","34.5594","-115.7443","200.6","AMBOY, CA US","    0",",,0,0800",,,,,"  444",",,0","  272",",,0",,,,,"  283",",,0,0800",,
"USC00040176","2010-08-28","34.5594","-115.7443","200.6","AMBOY, CA US","    0",",,0,0800",,,,,"  417",",,0","  267",",,0",,,,,"  283",",,0,0800",,
"USC00040176","2010-08-29","34.5594","-115.7443","200.6","AMBOY, CA US","    0",",,0,0800",,,,,"  411",",,0","  206",",,0",,,,,"  244",",,0,0800",,
"USC00040176","2010-08-30","34.5594","-115.7443","200.6","AMBOY, CA US","    0",",,0,0800",,,,,"  350",",,0","  194",",,0",,,,,"  239",",,0,0800",,
"USC00040176","2010-08-31","34.5594","-115.7443","200.6","AMBOY, CA US","    0",",,0,0800",,,,,"  350",",,0","  200",",,0",,,,,"  222",",,0,0800",,
"USC00040176","2010-09-01","34.5594","-115.7443","200.6","AMBOY, CA US","    0",",,0,0800",,,,,"  361",",,0","  194",",,0",,,,,"  244",",,0,0800",,
"USC00040176","2010-09-02","34.5594","-115.7443","200.6","AMBOY, CA US","    0",",,0,0800",,,,,"  406",",,0","  194",",,0",,,,,"  244",",,0,0800",,
"USC00040176","2010-09-03","34.5594","-115.7443","200.6","AMBOY, CA US","    0",",,0,0800",,,,,"  433",",,0","  194",",,0",,,,,"  267",",,0,0800",,
"USC00040176","2010-09-04","34.5594","-115.7443","200.6","AMBOY, CA US","    0",",,0,0800",,,,,"  433",",,0","  194",",,0",,,,,"  272",",,0,0800",,
"USC00040176","2010-09-05","34.5594","-115.7443","200.6","AMBOY, CA US","    0",",,0,0800",,,,,"  456",",,0","  194",",,0",,,,,"  283",",,0,0800",,
"USC00040176","2010-09-06","34.5594","-115.7443","200.6","AMBOY, CA US","    0",",,0,0800",,,,,"  456",",,0","  194",",,0",,,,,"  272",",,0,0800",,
"USC00040176","2010-09-07","34.5594","-115.7443","200.6","AMBOY, CA US","    0","P,,0,0800",,,,,,,,,,,,,,,,
"USC00040176","2010-09-08","34.5594","-115.7443","200.6","AMBOY, CA US","    0",",,0,0800",,,,,"  400",",,0","  222",",,0",,,,,"  256",",,0,0800",,
"USC00040176","2010-09-09","34.5594","-115.7443","200.6","AMBOY, CA US","    0",",,0,0800",,,,,"  356",",,0","  194",",,0",,,,,"  217",",,0,0800",,
"USC00040176","2010-09-10","34.5594","-115.7443","200.6","AMBOY, CA US","    0",",,0,0800",,,,,"  306",",,0","  178",",,0",,,,,"  211",",,0,0800",,
"USC00040176","2010-09-11","34.5594","-115.7443","200.6","AMBOY, CA US","    0",",,0,0800",,,,,"  344",",,0","  183",",,0",,,,,"  200",",,0,0800",,
"USC00040176","2010-09-12","34.5594","-115.7443","200.6","AMBOY, CA US","    0",",,0,0800",,,,,"  372",",,0","  183",",,0",,,,,"  250",",,0,0800",,
"USC00040176","2010-09-13","34.5594","-115.7443","200.6","AMBOY, CA US","    0",",,0,0800",,,,,"  389",",,0","  222",",,0",,,,,"  250",",,0,0800",,
"USC00040176","2010-09-14","34.5594","-115.7443","200.6","AMBOY, CA US","    0",",,0,0800",,,,,"  406",",,0","  217",",,0",,,,,"  289",",,0,0800",,
"USC00040176","2010-09-15","34.5594","-115.7443","200.6","AMBOY, CA US","    0",",,0,0800",,,,,"  411",",,0","  217",",,0",,,,,"  256",",,0,0800",,
"USC00040176","2010-09-16","34.5594","-115.7443","200.6","AMBOY, CA US","    0",",,0,0800",,,,,"  400",",,0","  189",",,0",,,,,"  233",",,0,0800",,
"USC00040176","2010-09-17","34.5594","-115.7443","200.6","AMBOY, CA US","    0",",,0,0800",,,,,"  400",",,0","  183",",,0",,,,,"  228",",,0,0800",,
"USC00040176","2010-09-18","34.5594","-115.7443","200.6","AMBOY, CA US","    0",",,0,0800",,,,,"  406",",,0","  183",",,0",,,,,"  239",",,0,0800",,
"USC00040176","2010-09-19","34.5594","-115.7443","200.6","AMBOY, CA US","    0",",,0,0800",,,,,"  394",",,0","  161",",,0",,,,,"  222",",,0,0800",,
"USC00040176","2010-09-20","34.5594","-115.7443","200.6","AMBOY, CA US","    0","P,,0,0800",,,,,,,,,,,,,,,,
"USC00040176","2010-09-21","34.5594","-115.7443","200.6","AMBOY, CA US","    0","P,,0,0800",,,,,,,,,,,,,,,,
"USC00040176","2010-09-22","34.5594","-115.7443","200.6","AMBOY, CA US","    0",",,0,0800",,,,,"  400",",,0","  194",",,0",,,,,"  206",",,0,0800",,
"USC00040176","2010-09-23","34.5594","-115.7443","200.6","AMBOY, CA US","    0",",,0,0800",,,,,"  339",",,0","  189",",,0",,,,,"  200",",,0,0800",,
"USC00040176","2010-09-24","34.5594","-115.7443","200.6","AMBOY, CA US","    0",",,0,0800",,,,,"  356",",,0","  178",",,0",,,,,"  200",",,0,0800",,
"USC00040176","2010-09-25","34.5594","-115.7443","200.6","AMBOY, CA US","    0",",,0,0800",,,,,"  389",",,0","  178",",,0",,,,,"  239",",,0,0800",,
"USC00040176","2010-09-26","34.5594","-115.7443","200.6","AMBOY, CA US","    0",",,0,0800",,,,,"  428",",,0","  189",",,0",,,,,"  228",",,0,0800",,
"USC00040176","2010-09-27","34.5594","-115.7443","200.6","AMBOY, CA US","    0",",,0,0800",,,,,"  422",",,0",,,,,,,"  261",",,0,0800",,
"USC00040176","2010-09-28","34.5594","-115.7443","200.6","AMBOY, CA US","    0",",,0,0800",,,,,"  428",",,0","  228",",,0",,,,,"  256",",,0,0800",,
"USC00040176","2010-09-29","34.5594","-115.7443","200.6","AMBOY, CA US","    0",",,0,0800",,,,,"  411",",,0","  233",",,0",,,,,"  233",",,0,0800",,
"USC00040176","2010-09-30","34.5594","-115.7443","200.6","AMBOY, CA US","    0",",,0,0800",,,,,"  411",",,0","  228",",,0",,,,,"  317",",,0,0800",,
"USC00040176","2010-10-01","34.5594","-115.7443","200.6","AMBOY, CA US","    0",",,0,0800",,,,,"  417",",,0","  289",",,0",,,,,"  289",",,0,0800",,
"USC00040176","2010-10-02","34.5594","-115.7443","200.6","AMBOY, CA US","    0",",,0,0800",,,,,"  378",",,0","  233",",,0",,,,,"  278",",,0,0800",,
"USC00040176","2010-10-03","34.5594","-115.7443","200.6","AMBOY, CA US","    0",",,0,0800",,,,,"  333",",,0","  211",",,0",,,,,"  211",",,0,0800",,
"USC00040176","2010-10-04","34.5594","-115.7443","200.6","AMBOY, CA US","    0",",,0,0800",,,,,"  333",",,0","  200",",,0",,,,,"  211",",,0,0800",,
"USC00040176","2010-10-05","34.5594","-115.7443","200.6","AMBOY, CA US","    0",",,0,0800",,,,,"  344",",,0","  156",",,0",,,,,"  172",",,0,0800",,
"USC00040176","2010-10-06","34.5594","-115.7443","200.6","AMBOY, CA US","    0",",,0,0800",,,,,"  272",",,0","  139",",,0",,,,,"  150",",,0,0800",,
"USC00040176","2010-10-07","34.5594","-115.7443","200.6","AMBOY, CA US","    0",",,0,0800",,,,,"  267",",,0","  133",",,0",,,,,"  161",",,0,0800",,
"USC00040176","2010-10-08","34.5594","-115.7443","200.6","AMBOY, CA US","    0",",,0,0800",,,,,"  272",",,0","  133",",,0",,,,,"  156",",,0,0800",,
"USC00040176","2010-10-09","34.5594","-115.7443","200.6","AMBOY, CA US","    0",",,0,0800",,,,,"  311",",,0","  128",",,0",,,,,"  172",",,0,0800",,
"USC00040176","2010-10-10","34.5594","-115.7443","200.6","AMBOY, CA US","    0",",,0,0800",,,,,"  350",",,0","  128",",,0",,,,,"  211",",,0,0800",,
"USC00040176","2010-10-11","34.5594","-115.7443","200.6","AMBOY, CA US","    0",",,0,0800",,,,,"  356",",,0","  167",",,0",,,,,"  206",",,0,0800",,
"USC00040176","2010-10-12","34.5594","-115.7443","200.6","AMBOY, CA US","    0",",,0,0800",,,,,"  350",",,0","  189",",,0",,,,,"  200",",,0,0800",,
"USC00040176","2010-10-13","34.5594","-115.7443","200.6","AMBOY, CA US","    0",",,0,0800",,,,,"  378",",,0","  167",",,0",,,,,"  189",",,0,0800",,
"USC00040176","2010-10-14","34.5594","-115.7443","200.6","AMBOY, CA US","    0",",,0,0800",,,,,"  378",",,0","  167",",,0",,,,,"  194",",,0,0800",,
"USC00040176","2010-10-15","34.5594","-115.7443","200.6","AMBOY, CA US","    0",",,0,0800",,,,,"  372",",,0","  178",",,0",,,,,"  211",",,0,0800",,
"USC00040176","2010-10-16","34.5594","-115.7443","200.6","AMBOY, CA US","    0",",,0,0800",,,,,"  356",",,0","  183",",,0",,,,,"  211",",,0,0800",,
"USC00040176","2010-10-17","34.5594","-115.7443","200.6","AMBOY, CA US","    0",",,0,0800",,,,,"  361",",,0","  200",",,0",,,,,"  222",",,0,0800",,
"USC00040176","2010-10-18","34.5594","-115.7443","200.6","AMBOY, CA US","    0","T,,0,0800",,,,,"  339",",,0","  172",",,0",,,,,"  183",",,0,0800",,
"USC00040176","2010-10-19","34.5594","-115.7443","200.6","AMBOY, CA US","    0",",,0,0800",,,,,"  339",",,0","  167",",,0",,,,,"  200",",,0,0800",,
"USC00040176","2010-10-20","34.5594","-115.7443","200.6","AMBOY, CA US","   66",",,0,0800",,,,,"  311",",,0","  167",",,0",,,,,"  172",",,0,0800",,
"USC00040176","2010-10-21","34.5594","-115.7443","200.6","AMBOY, CA US","   69",",,0,0800",,,,,"  233",",,0","  139",",,0",,,,,"  167",",,0,0800",,
"USC00040176","2010-10-22","34.5594","-115.7443","200.6","AMBOY, CA US","    0",",,0,0800",,,,,"  250",",,0","  139",",,0",,,,,"  178",",,0,0800",,
"USC00040176","2010-10-23","34.5594","-115.7443","200.6","AMBOY, CA US","    0",",,0,0800",,,,,"  272",",,0","  150",",,0",,,,,"  156",",,0,0800",,
"USC00040176","2010-10-24","34.5594","-115.7443","200.6","AMBOY, CA US","    0",",,0,0800",,,,,"  267",",,0","  150",",,0",,,,,"  150",",,0,0800",,
"USC00040176","2010-10-25","34.5594","-115.7443","200.6","AMBOY, CA US","    0",",,0,0800",,,,,"  261",",,0","  144",",,0",,,,,"  228",",,0,0800",,
"USC00040176","2010-10-26","34.5594","-115.7443","200.6","AMBOY, CA US","    0",",,0,0800",,,,,"  261",",,0","  139",",,0",,,,,"  150",",,0,0800",,
"USC00040176","2010-10-27","34.5594","-115.7443","200.6","AMBOY, CA US","    0",",,0,0800",,,,,"  244",",,0","  122",",,0",,,,,"  144",",,0,0800",,
"USC00040176","2010-10-28","34.5594","-115.7443","200.6","AMBOY, CA US","    0",",,0,0800",,,,,"  239",",,0","   78",",,0",,,,,"  117",",,0,0800",,
"USC00040176","2010-10-29","34.5594","-115.7443","200.6","AMBOY, CA US","    0",",,0,0800",,,,,"  267",",,0","  100",",,0",,,,,"  128",",,0,0800",,
"USC00040176","2010-10-30","34.5594","-115.7443","200.6","AMBOY, CA US","    0",",,0,0800",,,,,"  283",",,0","  106",",,0",,,,,"  167",",,0,0800",,
"USC00040176","2010-10-31","34.5594","-115.7443","200.6","AMBOY, CA US","    0",",,0,0800",,,,,"  267",",,0","  128",",,0",,,,,"  139",",,0,0800",,
"USC00040176","2010-11-01","34.5594","-115.7443","200.6","AMBOY, CA US","    0",",,0,0800",,,,,"  256",",,0","  122",",,0",,,,,"  144",",,0,0800",,
"USC00040176","2010-11-02","34.5594","-115.7443","200.6","AMBOY, CA US","    0",",,0,0800",,,,,"  256",",,0","  122",",,0",,,,,"  161",",,0,0800",,
"USC00040176","2010-11-03","34.5594","-115.7443","200.6","AMBOY, CA US","    0",",,0,0800",,,,,"  328",",,0","  139",",,0",,,,,"  167",",,0,0800",,
"USC00040176","2010-11-04","34.5594","-115.7443","200.6","AMBOY, CA US","    0",",,0,0800",,,,,"  339",",,0","  133",",,0",,,,,"  156",",,0,0800",,
"USC00040176","2010-11-05","34.5594","-115.7443","200.6","AMBOY, CA US","    0",",,0,0800",,,,,"  339",",,0","  133",",,0",,,,,"  150",",,0,0800",,
"USC00040176","2010-11-06","34.5594","-115.7443","200.6","AMBOY, CA US","    0",",,0,0800",,,,,"  311",",,0","  122",",,0",,,,,"  156",",,0,0800",,
"USC00040176","2010-11-07","34.5594","-115.7443","200.6","AMBOY, CA US","    0",",,0,0800",,,,,"  306",",,0","  111",",,0",,,,,"  167",",,0,0800",,
"USC00040176","2010-11-08","34.5594","-115.7443","200.6","AMBOY, CA US","    0",",,0,0800",,,,,"  261",",,0","  133",",,0",,,,,"  178",",,0,0800",,
"USC00040176","2010-11-09","34.5594","-115.7443","200.6","AMBOY, CA US","    0",",,0,0800",,,,,"  261",",,0","   94",",,0",,,,,"  144",",,0,0800",,
"USC00040176","2010-11-10","34.5594","-115.7443","200.6","AMBOY, CA US","    0",",,0,0800",,,,,"  256",",,0","   44",",,0",,,,,"   94",",,0,0800",,
"USC00040176","2010-11-11","34.5594","-115.7443","200.6","AMBOY, CA US","    0",",,0,0800",,,,,"  261",",,0","   44",",,0",,,,,"  150",",,0,0800",,
"USC00040176","2010-11-12","34.5594","-115.7443","200.6","AMBOY, CA US","    0",",,0,0800",,,,,"  233",",,0","   50",",,0",,,,,"   89",",,0,0800",,
"USC00040176","2010-11-13","34.5594","-115.7443","200.6","AMBOY, CA US","    0",",,0,0800",,,,,"  228",",,0","   67",",,0",,,,,"  133",",,0,0800",,
"USC00040176","2010-11-14","34.5594","-115.7443","200.6","AMBOY, CA US","    0",",,0,0800",,,,,"  250",",,0","   83",",,0",,,,,"  178",",,0,0800",,
"USC00040176","2010-11-15","34.5594","-115.7443","200.6","AMBOY, CA US","    0",",,0,0800",,,,,"  244",",,0","  156",",,0",,,,,"  206",",,0,0800",,
"USC00040176","2010-11-16","34.5594","-115.7443","200.6","AMBOY, CA US","    0",",,0,0800",,,,,"  283",",,0","   94",",,0",,,,,"  128",",,0,0800",,
"USC00040176","2010-11-17","34.5594","-115.7443","200.6","AMBOY, CA US","    0",",,0,0800",,,,,"  283",",,0","  100",",,0",,,,,"  128",",,0,0800",,
"USC00040176","2010-11-18","34.5594","-115.7443","200.6","AMBOY, CA US","    0",",,0,0800",,,,,"  267",",,0","   78",",,0",,,,,"  111",",,0,0800",,
"USC00040176","2010-11-19","34.5594","-115.7443","200.6","AMBOY, CA US","    0",",,0,0800",,,,,"  250",",,0","   78",",,0",,,,,"  122",",,0,0800",,
"USC00040176","2010-11-20","34.5594","-115.7443","200.6","AMBOY, CA US","    0",",,0,0800",,,,,"  239",",,0","  111",",,0",,,,,"  150",",,0,0800",,
"USC00040176","2010-11-21","34.5594","-115.7443","200.6","AMBOY, CA US","    0","P,,0,0800",,,,,,,,,,,,,,,,
"USC00040176","2010-11-22","34.5594","-115.7443","200.6","AMBOY, CA US","    0",",,0,0800",,,,,"  194",",,0","   78",",,0",,,,,"  106",",,0,0800",,
"USC00040176","2010-11-23","34.5594","-115.7443","200.6","AMBOY, CA US","    0",",,0,0800",,,,,"  183",",,0","   17",",,0",,,,,"   33",",,0,0800",,
"USC00040176","2010-11-24","34.5594","-115.7443","200.6","AMBOY, CA US","    0",",,0,0800",,,,,"  178",",,0","   17",",,0",,,,,"  106",",,0,0800",,
"USC00040176","2010-11-25","34.5594","-115.7443","200.6","AMBOY, CA US","    0",",,0,0800",,,,,"  183",",,0","    6",",,0",,,,,"   56",",,0,0800",,
"USC00040176","2010-11-26","34.5594","-115.7443","200.6","AMBOY, CA US","    0",",,0,0800",,,,,"  144",",,0","  -33",",,0",,,,,"   17",",,0,0800",,
"USC00040176","2010-11-27","34.5594","-115.7443","200.6","AMBOY, CA US","    0",",,0,0800",,,,,"  172",",,0","  -33",",,0",,,,,"   28",",,0,0800",,
"USC00040176","2010-11-28","34.5594","-115.7443","200.6","AMBOY, CA US","    0",",,0,0800",,,,,"  150",",,0","   11",",,0",,,,,"  100",",,0,0800",,
"USC00040176","2010-11-29","34.5594","-115.7443","200.6","AMBOY, CA US","    0",",,0,0800",,,,,"  161",",,0","   44",",,0",,,,,"   72",",,0,0800",,
"USC00040176","2010-11-30","34.5594","-115.7443","200.6","AMBOY, CA US","    0",",,0,0800",,,,,"  139",",,0","  -50",",,0",,,,,"   39",",,0,0800",,
"USC00040176","2010-12-01","34.5594","-115.7443","200.6","AMBOY, CA US","    0",",,0,0800",,,,,"  133",",,0","  -17",",,0",,,,,"   28",",,0,0800",,
"USC00040176","2010-12-02","34.5594","-115.7443","200.6","AMBOY, CA US","    0",",,0,0800",,,,,"  189",",,0","  -17",",,0",,,,,"   50",",,0,0800",,
"USC00040176","2010-12-03","34.5594","-115.7443","200.6","AMBOY, CA US","    0",",,0,0800",,,,,"  189",",,0","  -17",",,0",,,,,"   72",",,0,0800",,
"USC00040176","2010-12-04","34.5594","-115.7443","200.6","AMBOY, CA US","    0",",,0,0800",,,,,"  156",",,0","  -22",",,0",,,,,"   72",",,0,0800",,
"USC00040176","2010-12-05","34.5594","-115.7443","200.6","AMBOY, CA US","    0",",,0,0800",,,,,"  189",",,0","   44",",,0",,,,,"   78",",,0,0800",,
"USC00040176","2010-12-06","34.5594","-115.7443","200.6","AMBOY, CA US","    3",",,0,0800",,,,,"  183",",,0","   56",",,0",,,,,"  122",",,0,0800",,
"USC00040176","2010-12-07","34.5594","-115.7443","200.6","AMBOY, CA US","    0",",,0,0800",,,,,"  228",",,0","   50",",,0",,,,,"   78",",,0,0800",,
"USC00040176","2010-12-08","34.5594","-115.7443","200.6","AMBOY, CA US","    0",",,0,0800",,,,,"  228",",,0","   33",",,0",,,,,"   78",",,0,0800",,
"USC00040176","2010-12-09","34.5594","-115.7443","200.6","AMBOY, CA US","    0",",,0,0800",,,,,"  217",",,0","   50",",,0",,,,,"   94",",,0,0800",,
"USC00040176","2010-12-10","34.5594","-115.7443","200.6","AMBOY, CA US","    0",",,0,0800",,,,,"  233",",,0","   50",",,0",,,,,"  122",",,0,0800",,
"USC00040176","2010-12-11","34.5594","-115.7443","200.6","AMBOY, CA US","    0",",,0,0800",,,,,"  244",",,0","   89",",,0",,,,,"  122",",,0,0800",,
"USC00040176","2010-12-12","34.5594","-115.7443","200.6","AMBOY, CA US","    0",",,0,0800",,,,,"  256",",,0","   89",",,0",,,,,"  117",",,0,0800",,
"USC00040176","2010-12-13","34.5594","-115.7443","200.6","AMBOY, CA US","    0",",,0,0800",,,,,"  267",",,0","   67",",,0",,,,,"  100",",,0,0800",,
"USC00040176","2010-12-14","34.5594","-115.7443","200.6","AMBOY, CA US","    0",",,0,0800",,,,,"  256",",,0","   50",",,0",,,,,"   89",",,0,0800",,
"USC00040176","2010-12-15","34.5594","-115.7443","200.6","AMBOY, CA US","    0",",,0,0800",,,,,"  250",",,0","   50",",,0",,,,,,,,
"USC00040176","2010-12-16","34.5594","-115.7443","200.6","AMBOY, CA US","    0",",,0,0800",,,,,"  211",",,0","  117",",,0",,,,,"  122",",,0,0800",,
"USC00040176","2010-12-17","34.5594","-115.7443","200.6","AMBOY, CA US","    0",",,0,0800",,,,,"  211",",,0","   56",",,0",,,,,"   78",",,0,0800",,
"USC00040176","2010-12-18","34.5594","-115.7443","200.6","AMBOY, CA US","    0",",,0,0800",,,,,"  144",",,0","   78",",,0",,,,,"  144",",,0,0800",,
"USC00040176","2010-12-20","34.5594","-115.7443","200.6","AMBOY, CA US",,,,,,,"  222",",,0","  122",",,0",,,"   51",",,0","  128",",,0,0800",,
"USC00040176","2010-12-21","34.5594","-115.7443","200.6","AMBOY, CA US","   76",",,0,0800",,,,,"  222",",,0","  117",",,0",,,,,"  117",",,0,0800",,
"USC00040176","2010-12-22","34.5594","-115.7443","200.6","AMBOY, CA US","  203",",,0,0800",,,,,"  222",",,0","  106",",,0",,,,,"  156",",,0,0800",,
"USC00040176","2010-12-23","34.5594","-115.7443","200.6","AMBOY, CA US","  112",",,0,0800",,,,,,,"   83",",,0",,,,,"   94",",,0,0800",,
"USC00040176","2010-12-24","34.5594","-115.7443","200.6","AMBOY, CA US","    0",",,0,0800",,,,,,,"   61",",,0",,,,,"   83",",,0,0800",,
"USC00040176","2010-12-25","34.5594","-115.7443","200.6","AMBOY, CA US","    0",",,0,0800",,,,,,,"   50",",,0",,,,,"   67",",,0,0800",,
"USC00040176","2010-12-26","34.5594","-115.7443","200.6","AMBOY, CA US","    5",",,0,0800",,,,,"  167",",,0","   67",",,0",,,,,"  111",",,0,0800",,
"USC00040176","2010-12-27","34.5594","-115.7443","200.6","AMBOY, CA US","    0",",,0,0800",,,,,"  167",",,0","   78",",,0",,,,,"   89",",,0,0800",,
"USC00040176","2010-12-28","34.5594","-115.7443","200.6","AMBOY, CA US","    0",",,0,0800",,,,,"  172",",,0","   33",",,0",,,,,"   56",",,0,0800",,
"USC00040176","2010-12-29","34.5594","-115.7443","200.6","AMBOY, CA US","    0","T,,0,0800",,,,,"  161",",,0","   56",",,0",,,,,"  100",",,0,0800",,
"USC00040176","2010-12-30","34.5594","-115.7443","200.6","AMBOY, CA US","    0",",,0,0800",,,,,"  167",",,0","   44",",,0",,,,,"   61",",,0,0800",,
"USC00040176","2010-12-31","34.5594","-115.7443","200.6","AMBOY, CA US","    0",",,0,0800",,,,,"  111",",,0","    6",",,0",,,,,"   17",",,0,0800",,
"USC00040176","2011-01-01","34.5594","-115.7443","200.6","AMBOY, CA US","    0",",,7,0800",,,,,"  172",",,7","  -28",",,7",,,,,"   83",",,7,0800","    0",",,7"
"USC00040176","2011-01-02","34.5594","-115.7443","200.6","AMBOY, CA US","    0",",,7,0800",,,,,"  161",",,7","   33",",,7",,,,,"   56",",,7,0800","    0",",,7"
"USC00040176","2011-01-03","34.5594","-115.7443","200.6","AMBOY, CA US","    0",",,7,0800",,,,,"   67",",,7","   28",",,7",,,,,"   39",",,7,0800","   27",",,7"
"USC00040176","2011-01-04","34.5594","-115.7443","200.6","AMBOY, CA US","    0",",,7,0800",,,,,"  111",",,7","    6",",,7",,,,,"   22",",,7,0800","   85",",,7"
"USC00040176","2011-01-05","34.5594","-115.7443","200.6","AMBOY, CA US","    0",",,7,0800",,,,,"  133",",,7","    0",",,7",,,,,"   22",",,7,0800","   94",",,7"
"USC00040176","2011-01-06","34.5594","-115.7443","200.6","AMBOY, CA US","    0",",,7,0800",,,,,"  161",",,7","    6",",,7",,,,,"   28",",,7,0800","   63",",,7"
"USC00040176","2011-01-07","34.5594","-115.7443","200.6","AMBOY, CA US","    0",",,7,0800",,,,,"  167",",,7","   22",",,7",,,,,"   72",",,7,0800","   49",",,7"
"USC00040176","2011-01-08","34.5594","-115.7443","200.6","AMBOY, CA US","    0",",,7,0800",,,,,"  167",",,7","    0",",,7",,,,,"   78",",,7,0800","    0",",,7"
"USC00040176","2011-01-09","34.5594","-115.7443","200.6","AMBOY, CA US","    0",",,7,0800",,,,,"  194",",,7","   28",",,7",,,,,"   33",",,7,0800","   63",",,7"
"USC00040176","2011-01-11","34.5594","-115.7443","200.6","AMBOY, CA US","    0",",,7,0800",,,,,"  167",",,7","   33",",,7",,,,,"   44",",,7,0800","  112",",,7"
"USC00040176","2011-01-12","34.5594","-115.7443","200.6","AMBOY, CA US","    0",",,7,0800",,,,,"  150",",,7","   33",",,7",,,,,"   39",",,7,0800","   58",",,7"
"USC00040176","2011-01-13","34.5594","-115.7443","200.6","AMBOY, CA US","    0",",,7,0800",,,,,"  183",",,7","   28",",,7",,,,,"   83",",,7,0800","   67",",,7"
"USC00040176","2011-01-14","34.5594","-115.7443","200.6","AMBOY, CA US","    0",",,7,0800",,,,,"  211",",,7","   28",",,7",,,,,"  100",",,7,0800","   67",",,7"
"USC00040176","2011-01-15","34.5594","-115.7443","200.6","AMBOY, CA US","    0",",,7,0800",,,,,"  233",",,7","   56",",,7",,,,,"   83",",,7,0800","    0",",,7"
"USC00040176","2011-01-16","34.5594","-115.7443","200.6","AMBOY, CA US","    0",",,7,0800",,,,,"  244",",,7","   56",",,7",,,,,"   94",",,7,0800","   80",",,7"
"USC00040176","2011-01-17","34.5594","-115.7443","200.6","AMBOY, CA US","    0",",,7,0800",,,,,"  244",",,7","   89",",,7",,,,,"  144",",,7,0800","  130",",,7"
"USC00040176","2011-01-18","34.5594","-115.7443","200.6","AMBOY, CA US","    0",",,7,0800",,,,,"  272",",,7","  111",",,7",,,,,"  128",",,7,0800","  165",",,7"
"USC00040176","2011-01-19","34.5594","-115.7443","200.6","AMBOY, CA US","    0",",,7,0800",,,,,"  272",",,7","   67",",,7",,,,,"   78",",,7,0800","  103",",,7"
"USC00040176","2011-01-20","34.5594","-115.7443","200.6","AMBOY, CA US","    0",",,7,0800",,,,,,,"   72",",,7",,,,,"  106",",,7,0800","  125",",,7"
"USC00040176","2011-01-21","34.5594","-115.7443","200.6","AMBOY, CA US","    0",",,7,0800",,,,,,,"   61",",,7",,,,,"   61",",,7,0800","    0",",,7"
"USC00040176","2011-01-22","34.5594","-115.7443","200.6","AMBOY, CA US","    0",",,7,0800",,,,,"  233",",,7","   56",",,7",,,,,"   56",",,7,0800","    0",",,7"
"USC00040176","2011-01-23","34.5594","-115.7443","200.6","AMBOY, CA US","    0",",,7,0800",,,,,"  256",",,7","   56",",,7",,,,,"   89",",,7,0800","    0",",,7"
"USC00040176","2011-01-24","34.5594","-115.7443","200.6","AMBOY, CA US","    0",",,7,0800",,,,,"  217",",,7","   28",",,7",,,,,"   44",",,7,0800",,
"USC00040176","2011-01-25","34.5594","-115.7443","200.6","AMBOY, CA US","    0",",,7,0800",,,,,"  228",",,7","   28",",,7",,,,,"   72",",,7,0800","   67",",,7"
"USC00040176","2011-01-26","34.5594","-115.7443","200.6","AMBOY, CA US","    0",",,7,0800",,,,,"  228",",,7","   22",",,7",,,,,"   78",",,7,0800","   58",",,7"
"USC00040176","2011-01-27","34.5594","-115.7443","200.6","AMBOY, CA US","    0",",,7,0800",,,,,"  233",",,7","   33",",,7",,,,,"   78",",,7,0800","   80",",,7"
"USC00040176","2011-01-28","34.5594","-115.7443","200.6","AMBOY, CA US","    0",",,7,0800",,,,,"  228",",,7","   28",",,7",,,,,"   44",",,7,0800","    0",",,7"
"USC00040176","2011-01-29","34.5594","-115.7443","200.6","AMBOY, CA US","    0",",,7,0800",,,,,"  228",",,7","   44",",,7",,,,,"   50",",,7,0800","    0",",,7"
"USC00040176","2011-01-31","34.5594","-115.7443","200.6","AMBOY, CA US","    0",",,7,0800",,,,,"  217",",,7","   61",",,7",,,,,"  111",",,7,0800",,
"USC00040176","2011-02-01","34.5594","-115.7443","200.6","AMBOY, CA US","    0",",,7,0800",,,,,"  217",",,7","   67",",,7",,,,,"   94",",,7,0800","  179",",,7"
"USC00040176","2011-02-02","34.5594","-115.7443","200.6","AMBOY, CA US","    0",",,7,0800",,,,,"  194",",,7","  -17",",,7",,,,,"   11",",,7,0800","  170",",,7"
"USC00040176","2011-02-03","34.5594","-115.7443","200.6","AMBOY, CA US","    0",",,7,0800",,,,,"  206",",,7","  -44",",,7",,,,,"    0",",,7,0800","   40",",,7"
"USC00040176","2011-02-04","34.5594","-115.7443","200.6","AMBOY, CA US","    0",",,7,0800",,,,,"  189",",,7","  -17",",,7",,,,,"  189",",,7,0800","    0",",,7"
"USC00040176","2011-02-05","34.5594","-115.7443","200.6","AMBOY, CA US","    0",",,7,0800",,,,,"  222",",,7","  -11",",,7",,,,,"  156",",,7,0800","    0",",,7"
"USC00040176","2011-02-06","34.5594","-115.7443","200.6","AMBOY, CA US","    0",",,7,0800",,,,,"  244",",,7","  122",",,7",,,,,"  122",",,7,0800","  165",",,7"
"USC00040176","2011-02-07","34.5594","-115.7443","200.6","AMBOY, CA US","    0",",,7,0800",,,,,"  256",",,7","   67",",,7",,,,,"   78",",,7,0800","  125",",,7"
"USC00040176","2011-02-09","34.5594","-115.7443","200.6","AMBOY, CA US","    0",",,7,0800",,,,,"  200",",,7","   39",",,7",,,,,"   61",",,7,0800","   49",",,7"
"USC00040176","2011-02-10","34.5594","-115.7443","200.6","AMBOY, CA US","    0",",,7,0800",,,,,"  200",",,7","   50",",,7",,,,,"   67",",,7,0800","   40",",,7"
"USC00040176","2011-02-11","34.5594","-115.7443","200.6","AMBOY, CA US","    0",",,7,0800",,,,,"  194",",,7","   28",",,7",,,,,"   28",",,7,0800","   85",",,7"
"USC00040176","2011-02-12","34.5594","-115.7443","200.6","AMBOY, CA US","    0",",,7,0800",,,,,"  228",",,7","   22",",,7",,,,,"   61",",,7,0800","   67",",,7"
"USC00040176","2011-02-13","34.5594","-115.7443","200.6","AMBOY, CA US","    0",",,7,0800",,,,,"  233",",,7","   56",",,7",,,,,"   67",",,7,0800",,
"USC00040176","2011-02-14","34.5594","-115.7443","200.6","AMBOY, CA US","    0",",,7,0800",,,,,"  233",",,7","   50",",,7",,,,,"  111",",,7,0800","   31",",,7"
"USC00040176","2011-02-15","34.5594","-115.7443","200.6","AMBOY, CA US","    0",",,7,0800",,,,,"  239",",,7","   56",",,7",,,,,"  111",",,7,0800","   31",",,7"
"USC00040176","2011-02-16","34.5594","-115.7443","200.6","AMBOY, CA US","    0",",,7,0800",,,,,"  239",",,7","   89",",,7",,,,,"   89",",,7,0800","   76",",,7"
"USC00040176","2011-02-17","34.5594","-115.7443","200.6","AMBOY, CA US","    0",",,7,0800",,,,,"  244",",,7","   72",",,7",,,,,"   89",",,7,0800","  161",",,7"
"USC00040176","2011-02-18","34.5594","-115.7443","200.6","AMBOY, CA US","    0",",,7,0800",,,,,"  172",",,7","   78",",,7",,,,,"  100",",,7,0800",,
"USC00040176","2011-02-19","34.5594","-115.7443","200.6","AMBOY, CA US","   30",",,7,0800",,,,,"  194",",,7","  100",",,7",,,,,"  106",",,7,0800","  139",",,7"
"USC00040176","2011-02-20","34.5594","-115.7443","200.6","AMBOY, CA US","    0",",,7,0800",,,,,"  183",",,7","   67",",,7",,,,,"   83",",,7,0800","    0",",,7"
"USC00040176","2011-02-21","34.5594","-115.7443","200.6","AMBOY, CA US","    0",",,7,0800",,,,,"  161",",,7","   28",",,7",,,,,"   50",",,7,0800","   13",",,7"
"USC00040176","2011-02-22","34.5594","-115.7443","200.6","AMBOY, CA US","    0",",,7,0800",,,,,"  167",",,7","   28",",,7",,,,,"   78",",,7,0800","   80",",,7"
"USC00040176","2011-02-23","34.5594","-115.7443","200.6","AMBOY, CA US","    0",",,7,0800",,,,,"  189",",,7","   22",",,7",,,,,"   78",",,7,0800","   49",",,7"
"USC00040176","2011-02-24","34.5594","-115.7443","200.6","AMBOY, CA US","    0",",,7,0800",,,,,"  200",",,7","   28",",,7",,,,,"  100",",,7,0800","   89",",,7"
"USC00040176","2011-02-25","34.5594","-115.7443","200.6","AMBOY, CA US","    0",",,7,0800",,,,,"  194",",,7","   67",",,7",,,,,"   72",",,7,0800","   94",",,7"
"USC00040176","2011-02-26","34.5594","-115.7443","200.6","AMBOY, CA US","    5",",,7,0800",,,,,,,,,,,,,,,"  116",",,7"
"USC00040176","2011-02-27","34.5594","-115.7443","200.6","AMBOY, CA US","    0",",,7,0800",,,,,"  150",",,7","   67",",,7",,,,,"   78",",,7,0800","  156",",,7"
"USC00040176","2011-02-28","34.5594","-115.7443","200.6","AMBOY, CA US","    0",",,7,0800",,,,,"  161",",,7","   11",",,7",,,,,"   56",",,7,0800","   58",",,7"
"USC00040176","2011-03-02","34.5594","-115.7443","200.6","AMBOY, CA US","    0",",,7,0800",,,,,"  206",",,7","   67",",,7",,,,,"   94",",,7,0800","   31",",,7"
"USC00040176","2011-03-03","34.5594","-115.7443","200.6","AMBOY, CA US","    0",",,7,0800",,,,,"  239",",,7","   67",",,7",,,,,"  144",",,7,0800",,
"USC00040176","2011-03-04","34.5594","-115.7443","200.6","AMBOY, CA US","    0",",,7,0800",,,,,"  206",",,7","  122",",,7",,,,,"  122",",,7,0800",,
"USC00040176","2011-03-05","34.5594","-115.7443","200.6","AMBOY, CA US","    0",",,7,0800",,,,,"  256",",,7","  106",",,7",,,,,"  106",",,7,0800","   85",",,7"
"USC00040176","2011-03-06","34.5594","-115.7443","200.6","AMBOY, CA US","    0",",,7,0800",,,,,"  250",",,7","   94",",,7",,,,,"  133",",,7,0800","   63",",,7"
"USC00040176","2011-03-07","34.5594","-115.7443","200.6","AMBOY, CA US","    0",",,7,0800",,,,,"  272",",,7","  133",",,7",,,,,"  178",",,7,0800","  121",",,7"
"USC00040176","2011-03-08","34.5594","-115.7443","200.6","AMBOY, CA US","    0",",,7,0800",,,,,"  272",",,7","  106",",,7",,,,,"  139",",,7,0800","  232",",,7"
"USC00040176","2011-03-09","34.5594","-115.7443","200.6","AMBOY, CA US","    0",",,7,0800",,,,,"  239",",,7","   72",",,7",,,,,"  128",",,7,0800","   27",",,7"
"USC00040176","2011-03-10","34.5594","-115.7443","200.6","AMBOY, CA US","    0",",,7,0800",,,,,"  289",",,7","   72",",,7",,,,,"  150",",,7,0800","   54",",,7"
"USC00040176","2011-03-11","34.5594","-115.7443","200.6","AMBOY, CA US","    0",",,7,0800",,,,,"  289",",,7","  150",",,7",,,,,"  150",",,7,0800","   63",",,7"
"USC00040176","2011-03-12","34.5594","-115.7443","200.6","AMBOY, CA US","    0",",,7,0800",,,,,"  289",",,7","  144",",,7",,,,,"  161",",,7,0800","    0",",,7"
"USC00040176","2011-03-13","34.5594","-115.7443","200.6","AMBOY, CA US","    0",",,7,0800",,,,,"  161",",S,7","  111",",,7",,,,,"  144",",,7,0800","  134",",,7"
"USC00040176","2011-03-14","34.5594","-115.7443","200.6","AMBOY, CA US","    0",",,7,0800",,,,,"  300",",,7","  106",",,7",,,,,"  172",",,7,0800","   80",",,7"
"USC00040176","2011-03-15","34.5594","-115.7443","200.6","AMBOY, CA US","    0",",,7,0800",,,,,"  300",",,7","  167",",,7",,,,,"  167",",,7,0800","   58",",,7"
"USC00040176","2011-03-16","34.5594","-115.7443","200.6","AMBOY, CA US","    0",",,7,0800",,,,,"  317",",,7","  161",",,7",,,,,"  183",",,7,0800","   80",",,7"
"USC00040176","2011-03-17","34.5594","-115.7443","200.6","AMBOY, CA US","    0",",,7,0800",,,,,"  317",",,7","  144",",,7",,,,,"  150",",,7,0800","  139",",,7"
"USC00040176","2011-03-18","34.5594","-115.7443","200.6","AMBOY, CA US","    0",",,7,0800",,,,,"  250",",,7","   94",",,7",,,,,"   94",",,7,0800","  125",",,7"
"USC00040176","2011-03-19","34.5594","-115.7443","200.6","AMBOY, CA US","    0",",,7,0800",,,,,"  267",",,7","   72",",,7",,,,,"  144",",,7,0800","   49",",,7"
"USC00040176","2011-03-20","34.5594","-115.7443","200.6","AMBOY, CA US","    0",",,7,0800",,,,,"  256",",,7","   72",",,7",,,,,"  150",",,7,0800","   98",",,7"
"USC00040176","2011-03-21","34.5594","-115.7443","200.6","AMBOY, CA US","    0","T,,7,0800",,,,,"  211",",,7","  100",",,7",,,,,"  106",",,7,0800","  134",",,7"
"USC00040176","2011-03-22","34.5594","-115.7443","200.6","AMBOY, CA US","    0",",,7,0800",,,,,"  194",",,7","   67",",,7",,,,,"   72",",,7,0800","  125",",,7"
"USC00040176","2011-03-23","34.5594","-115.7443","200.6","AMBOY, CA US","    0",",,7,0800",,,,,"  194",",,7","   61",",,7",,,,,"   72",",,7,0800","   80",",,7"
"USC00040176","2011-03-24","34.5594","-115.7443","200.6","AMBOY, CA US","    0",",,7,0800",,,,,"  228",",,7","   72",",,7",,,,,"  100",",,7,0800","  139",",,7"
"USC00040176","2011-03-25","34.5594","-115.7443","200.6","AMBOY, CA US","    0",",,7,0800",,,,,"  211",",,7","   72",",,7",,,,,"  100",",,7,0800","  121",",,7"
"USC00040176","2011-03-26","34.5594","-115.7443","200.6","AMBOY, CA US","    0",",,7,0800",,,,,"  228",",,7","  100",",,7",,,,,"  122",",,7,0800","  107",",,7"
"USC00040176","2011-03-27","34.5594","-115.7443","200.6","AMBOY, CA US","    0",",,7,0800",,,,,"  250",",,7","  117",",,7",,,,,"  150",",,7,0800","  139",",,7"
"USC00040176","2011-03-28","34.5594","-115.7443","200.6","AMBOY, CA US","    0",",,7,0800",,,,,"  256",",,7","  122",",,7",,,,,"  156",",,7,0800","  107",",,7"
"USC00040176","2011-03-29","34.5594","-115.7443","200.6","AMBOY, CA US","    0",",,7,0800",,,,,"  278",",,7","  117",",,7",,,,,"  150",",,7,0800","  121",",,7"
"USC00040176","2011-03-30","34.5594","-115.7443","200.6","AMBOY, CA US","    0",",,7,0800",,,,,"  294",",,7","  117",",,7",,,,,"  189",",,7,0800","   85",",,7"
"USC00040176","2011-03-31","34.5594","-115.7443","200.6","AMBOY, CA US","    0",",,7,0800",,,,,"  322",",,7","  156",",,7",,,,,"  222",",,7,0800","  121",",,7"
"USC00040176","2011-04-01","34.5594","-115.7443","200.6","AMBOY, CA US","    0",",,7,0800",,,,,"  378",",,7","  167",",,7",,,,,"  167",",,7,0800","  112",",,7"
"USC00040176","2011-04-02","34.5594","-115.7443","200.6","AMBOY, CA US","    0",",,7,0800",,,,,"  372",",,7","  156",",,7",,,,,"  206",",,7,0800","   76",",,7"
"USC00040176","2011-04-03","34.5594","-115.7443","200.6","AMBOY, CA US","    0",",,7,0800",,,,,"  350",",,7","  200",",,7",,,,,"  206",",,7,0800","  125",",,7"
"USC00040176","2011-04-04","34.5594","-115.7443","200.6","AMBOY, CA US","    0",",,7,0800",,,,,"  300",",,7","  139",",,7",,,,,"  172",",,7,0800","   85",",,7"
"USC00040176","2011-04-05","34.5594","-115.7443","200.6","AMBOY, CA US","    0",",,7,0800",,,,,"  278",",,7","  111",",,7",,,,,"  133",",,7,0800","   22",",,7"
"USC00040176","2011-04-06","34.5594","-115.7443","200.6","AMBOY, CA US","    0",",,7,0800",,,,,"  311",",,7","  133",",,7",,,,,"  206",",,7,0800","   94",",,7"
"USC00040176","2011-04-07","34.5594","-115.7443","200.6","AMBOY, CA US","   10",",,7,0800",,,,,,,"   78",",,7",,,,,,,"  112",",,7"
"USC00040176","2011-04-08","34.5594","-115.7443","200.6","AMBOY, CA US","    0",",,7,0800",,,,,"  261",",,7","  100",",,7",,,,,"  106",",,7,0800","   63",",,7"
"USC00040176","2011-04-09","34.5594","-115.7443","200.6","AMBOY, CA US","    0",",,7,0800",,,,,"  261",",,7","   72",",,7",,,,,"   83",",,7,0800","   49",",,7"
"USC00040176","2011-04-10","34.5594","-115.7443","200.6","AMBOY, CA US","    0",",,7,0800",,,,,"  194",",,7","   78",",,7",,,,,"   89",",,7,0800","   49",",,7"
"USC00040176","2011-04-11","34.5594","-115.7443","200.6","AMBOY, CA US","    0",",,7,0800",,,,,"  244",",,7","   78",",,7",,,,,"  106",",,7,0800","   49",",,7"
"USC00040176","2011-04-12","34.5594","-115.7443","200.6","AMBOY, CA US","    0",",,7,0800",,,,,"  267",",,7","   78",",,7",,,,,"  150",",,7,0800","   22",",,7"
"USC00040176","2011-04-14","34.5594","-115.7443","200.6","AMBOY, CA US","    0",",,7,0800",,,,,"  267",",,7","  133",",,7",,,,,"  144",",,7,0800","   89",",,7"
"USC00040176","2011-04-15","34.5594","-115.7443","200.6","AMBOY, CA US","    0",",,7,0800",,,,,"  283",",,7","  139",",,7",,,,,"  144",",,7,0800","   49",",,7"
"USC00040176","2011-04-16","34.5594","-115.7443","200.6","AMBOY, CA US","    0",",,7,0800",,,,,"  317",",,7","  144",",,7",,,,,"  172",",,7,0800","   36",",,7"
"USC00040176","2011-04-17","34.5594","-115.7443","200.6","AMBOY, CA US","    0",",,7,0800",,,,,"  333",",,7","  167",",,7",,,,,"  183",",,7,0800","   36",",,7"
"USC00040176","2011-04-18","34.5594","-115.7443","200.6","AMBOY, CA US","    0",",,7,0800",,,,,"  378",",,7",,,,,,,,,,
"USC00040176","2011-04-21","34.5594","-115.7443","200.6","AMBOY, CA US","    0",",,7,0800",,,,,,,,,,,,,,,"   85",",,7"
"USC00040176","2011-04-22","34.5594","-115.7443","200.6","AMBOY, CA US","    0",",,7,0800",,,,,,,"  194",",,7",,,,,"  194",",,7,0800","   63",",,7"
"USC00040176","2011-04-23","34.5594","-115.7443","200.6","AMBOY, CA US","    0",",,7,0800",,,,,"  311",",,7","  194",",,7",,,,,"  200",",,7,0800","  148",",,7"
"USC00040176","2011-04-24","34.5594","-115.7443","200.6","AMBOY, CA US","    0",",,7,0800",,,,,"  311",",,7","  200",",,7",,,,,"  200",",,7,0800","  139",",,7"
"USC00040176","2011-04-25","34.5594","-115.7443","200.6","AMBOY, CA US","    0",",,7,0800",,,,,"  311",",,7","  172",",,7",,,,,"  206",",,7,0800","  156",",,7"
"USC00040176","2011-04-26","34.5594","-115.7443","200.6","AMBOY, CA US","    0",",,7,0800",,,,,"  333",",,7","  194",",,7",,,,,"  200",",,7,0800","  165",",,7"
"USC00040176","2011-04-27","34.5594","-115.7443","200.6","AMBOY, CA US","    0",",,7,0800",,,,,"  333",",,7","  139",",,7",,,,,"  189",",,7,0800","  174",",,7"
"USC00040176","2011-04-28","34.5594","-115.7443","200.6","AMBOY, CA US","    0",",,7,0800",,,,,"  311",",,7","  139",",,7",,,,,"  183",",,7,0800","   63",",,7"
"USC00040176","2011-04-29","34.5594","-115.7443","200.6","AMBOY, CA US","    0",",,7,0800",,,,,"  361",",,7","  139",",,7",,,,,"  206",",,7,0800","  156",",,7"
"USC00040176","2011-04-30","34.5594","-115.7443","200.6","AMBOY, CA US","    0",",,7,0800",,,,,,,"  100",",,7",,,,,"  144",",,7,0800","  165",",,7"
"USC00040176","2011-05-02","34.5594","-115.7443","200.6","AMBOY, CA US","    0",",,7,0800",,,,,,,"  139",",,7",,,,,"  150",",,7,0800",,
"USC00040176","2011-05-03","34.5594","-115.7443","200.6","AMBOY, CA US","    0",",,7,0800",,,,,"  311",",,7","  122",",,7",,,,,"  178",",,7,0800","   76",",,7"
"USC00040176","2011-05-04","34.5594","-115.7443","200.6","AMBOY, CA US","    0",",,7,0800",,,,,"  339",",,7","  133",",,7",,,,,"  211",",,7,0800","   85",",,7"
"USC00040176","2011-05-05","34.5594","-115.7443","200.6","AMBOY, CA US","    0",",,7,0800",,,,,"  378",",,7","  178",",,7",,,,,"  244",",,7,0800","   80",",,7"
"USC00040176","2011-05-06","34.5594","-115.7443","200.6","AMBOY, CA US","    0",",,7,0800",,,,,"  389",",,7","  244",",,7",,,,,"  244",",,7,0800","   85",",,7"
"USC00040176","2011-05-07","34.5594","-115.7443","200.6","AMBOY, CA US","    0",",,7,0800",,,,,"  400",",,7","  244",",,7",,,,,"  244",",,7,0800","  116",",,7"
"USC00040176","2011-05-08","34.5594","-115.7443","200.6","AMBOY, CA US","    0",",,7,0800",,,,,"  389",",,7","  244",",,7",,,,,"  250",",,7,0800","  107",",,7"
"USC00040176","2011-05-09","34.5594","-115.7443","200.6","AMBOY, CA US","    0",",,7,0800",,,,,,,"  156",",,7",,,,,"  172",",,7,0800","  170",",,7"
"USC00040176","2011-05-10","34.5594","-115.7443","200.6","AMBOY, CA US","    0",",,7,0800",,,,,"  272",",,7","  150",",,7",,,,,"  167",",,7,0800","  179",",,7"
"USC00040176","2011-05-11","34.5594","-115.7443","200.6","AMBOY, CA US","    0",",,7,0800",,,,,"  283",",,7","  161",",,7",,,,,"  217",",,7,0800","  143",",,7"
"USC00040176","2011-05-12","34.5594","-115.7443","200.6","AMBOY, CA US","    0",",,7,0800",,,,,"  328",",,7","  172",",,7",,,,,"  228",",,7,0800","  116",",,7"
"USC00040176","2011-05-13","34.5594","-115.7443","200.6","AMBOY, CA US","    0",",,7,0800",,,,,"  356",",,7","  222",",,7",,,,,"  222",",,7,0800","   89",",,7"
"USC00040176","2011-05-14","34.5594","-115.7443","200.6","AMBOY, CA US","    0",",,7,0800",,,,,"  378",",,7","  222",",,7",,,,,"  250",",,7,0800","   98",",,7"
"USC00040176","2011-05-15","34.5594","-115.7443","200.6","AMBOY, CA US","    0",",,7,0800",,,,,"  367",",,7","  200",",,7",,,,,"  200",",,7,0800","  130",",,7"
"USC00040176","2011-05-16","34.5594","-115.7443","200.6","AMBOY, CA US","    0",",,7,0800",,,,,"  294",",,7","  139",",,7",,,,,"  161",",,7,0800","  152",",,7"
"USC00040176","2011-05-17","34.5594","-115.7443","200.6","AMBOY, CA US","    0",",,7,0800",,,,,"  267",",,7","  161",",,7",,,,,"  189",",,7,0800","  121",",,7"
"USC00040176","2011-05-18","34.5594","-115.7443","200.6","AMBOY, CA US","    0",",,7,0800",,,,,"  289",",,7","  167",",,7",,,,,"  194",",,7,0800","  130",",,7"
"USC00040176","2011-05-19","34.5594","-115.7443","200.6","AMBOY, CA US","    0",",,7,0800",,,,,"  267",",,7","  156",",,7",,,,,"  183",",,7,0800","  165",",,7"
"USC00040176","2011-05-20","34.5594","-115.7443","200.6","AMBOY, CA US","    0",",,7,0800",,,,,"  300",",,7","  183",",,7",,,,,"  233",",,7,0800","   89",",,7"
"USC00040176","2011-05-21","34.5594","-115.7443","200.6","AMBOY, CA US","    0",",,7,0800",,,,,"  339",",,7","  183",",,7",,,,,"  239",",,7,0800","  112",",,7"
"USC00040176","2011-05-22","34.5594","-115.7443","200.6","AMBOY, CA US","    0",",,7,0800",,,,,"  356",",,7","  239",",,7",,,,,"  250",",,7,0800","  112",",,7"
"USC00040176","2011-05-23","34.5594","-115.7443","200.6","AMBOY, CA US","    0",",,7,0800",,,,,"  361",",,7","  194",",,7",,,,,"  239",",,7,0800","  125",",,7"
"USC00040176","2011-05-24","34.5594","-115.7443","200.6","AMBOY, CA US","    0",",,7,0800",,,,,"  339",",,7","  189",",,7",,,,,"  217",",,7,0800","  156",",,7"
"USC00040176","2011-05-25","34.5594","-115.7443","200.6","AMBOY, CA US","    0",",,7,0800",,,,,"  339",",,7","  183",",,7",,,,,"  228",",,7,0800","  143",",,7"
"USC00040176","2011-05-26","34.5594","-115.7443","200.6","AMBOY, CA US","    0",",,7,0800",,,,,"  389",",,7","  183",",,7",,,,,"  233",",,7,0800","  139",",,7"
"USC00040176","2011-05-27","34.5594","-115.7443","200.6","AMBOY, CA US","    0",",,7,0800",,,,,"  383",",,7","  233",",,7",,,,,"  239",",,7,0800","  121",",,7"
"USC00040176","2011-05-28","34.5594","-115.7443","200.6","AMBOY, CA US","    0",",,7,0800",,,,,"  400",",,7","  239",",,7",,,,,"  239",",,7,0800","  156",",,7"
"USC00040176","2011-05-29","34.5594","-115.7443","200.6","AMBOY, CA US","    0",",,7,0800",,,,,"  400",",,7","  194",",,7",,,,,"  194",",,7,0800","  156",",,7"
"USC00040176","2011-05-30","34.5594","-115.7443","200.6","AMBOY, CA US","    0",",,7,0800",,,,,"  250",",,7","  150",",,7",,,,,"  189",",,7,0800","  179",",,7"
"USC00040176","2011-05-31","34.5594","-115.7443","200.6","AMBOY, CA US","    0",",,7,0800",,,,,"  317",",,7","  144",",,7",,,,,"  200",",,7,0800","  130",",,7"
"USC00040176","2011-06-01","34.5594","-115.7443","200.6","AMBOY, CA US","    0",",,7,0800",,,,,"  367",",,7","  144",",,7",,,,,"  217",",,7,0800","  116",",,7"
"USC00040176","2011-06-02","34.5594","-115.7443","200.6","AMBOY, CA US","    0",",,7,0800",,,,,"  350",",,7","  183",",,7",,,,,"  217",",,7,0800","  143",",,7"
"USC00040176","2011-06-03","34.5594","-115.7443","200.6","AMBOY, CA US","    0",",,7,0800",,,,,"  322",",,7","  217",",,7",,,,,"  217",",,7,0800","  152",",,7"
"USC00040176","2011-06-04","34.5594","-115.7443","200.6","AMBOY, CA US","    0",",,7,0800",,,,,"  339",",,7","  217",",,7",,,,,"  217",",,7,0800","  107",",,7"
"USC00040176","2011-06-05","34.5594","-115.7443","200.6","AMBOY, CA US","    0",",,7,0800",,,,,"  361",",,7","  217",",,7",,,,,"  228",",,7,0800","   40",",,7"
"USC00040176","2011-06-06","34.5594","-115.7443","200.6","AMBOY, CA US","    0",",,7,0800",,,,,"  378",",,7","  156",",,7",,,,,"  211",",,7,0800","  130",",,7"
"USC00040176","2011-06-07","34.5594","-115.7443","200.6","AMBOY, CA US","    0",",,7,0800",,,,,"  322",",,7","  194",",,7",,,,,"  228",",,7,0800","  139",",,7"
"USC00040176","2011-06-08","34.5594","-115.7443","200.6","AMBOY, CA US","    0",",,7,0800",,,,,"  344",",,7","  194",",,7",,,,,"  239",",,7,0800","  116",",,7"
"USC00040176","2011-06-09","34.5594","-115.7443","200.6","AMBOY, CA US","    0",",,7,0800",,,,,"  367",",,7","  228",",,7",,,,,"  272",",,7,0800","  125",",,7"
"USC00040176","2011-06-10","34.5594","-115.7443","200.6","AMBOY, CA US","    0",",,7,0800",,,,,"  389",",,7","  272",",,7",,,,,"  278",",,7,0800","   76",",,7"
"USC00040176","2011-06-13","34.5594","-115.7443","200.6","AMBOY, CA US","    0",",,7,0800",,,,,"  378",",,7","  244",",,7",,,,,"  272",",,7,0800","   89",",,7"
"USC00040176","2011-06-14","34.5594","-115.7443","200.6","AMBOY, CA US","    0",",,7,0800",,,,,"  394",",,7","  239",",,7",,,,,"  300",",,7,0800","   85",",,7"
"USC00040176","2011-06-15","34.5594","-115.7443","200.6","AMBOY, CA US","    0",",,7,0800",,,,,"  422",",,7","  239",",,7",,,,,"  333",",,7,0800","   80",",,7"
"USC00040176","2011-06-16","34.5594","-115.7443","200.6","AMBOY, CA US","    0",",,7,0800",,,,,"  444",",,7","  278",",,7",,,,,"  339",",,7,0800","  116",",,7"
"USC00040176","2011-06-17","34.5594","-115.7443","200.6","AMBOY, CA US","    0",",,7,0800",,,,,"  439",",,7","  289",",,7",,,,,"  333",",,7,0800","  148",",,7"
"USC00040176","2011-06-18","34.5594","-115.7443","200.6","AMBOY, CA US","    0",",,7,0800",,,,,"  389",",,7","  294",",,7",,,,,"  333",",,7,0800","   89",",,7"
"USC00040176","2011-06-19","34.5594","-115.7443","200.6","AMBOY, CA US","    0",",,7,0800",,,,,"  400",",,7","  272",",,7",,,,,"  317",",,7,0800","  107",",,7"
"USC00040176","2011-06-20","34.5594","-115.7443","200.6","AMBOY, CA US","    0",",,7,0800",,,,,"  411",",,7","  256",",,7",,,,,"  294",",,7,0800","  170",",,7"
"USC00040176","2011-06-21","34.5594","-115.7443","200.6","AMBOY, CA US","    0",",,7,0800",,,,,"  417",",,7","  239",",,7",,,,,"  289",",,7,0800","  130",",,7"
"USC00040176","2011-06-22","34.5594","-115.7443","200.6","AMBOY, CA US","    0",",,7,0800",,,,,"  450",",,7","  217",",,7",,,,,"  344",",,7,0800","   76",",,7"
"USC00040176","2011-06-23","34.5594","-115.7443","200.6","AMBOY, CA US","    0",",,7,0800",,,,,"  472",",,7","  278",",,7",,,,,"  339",",,7,0800","   85",",,7"
"USC00040176","2011-06-24","34.5594","-115.7443","200.6","AMBOY, CA US","    0",",,7,0800",,,,,"  472",",,7","  339",",,7",,,,,"  339",",,7,0800","  116",",,7"
"USC00040176","2011-06-25","34.5594","-115.7443","200.6","AMBOY, CA US","    0",",,7,0800",,,,,"  472",",,7","  300",",,7",,,,,"  300",",,7,0800","  112",",,7"
"USC00040176","2011-06-26","34.5594","-115.7443","200.6","AMBOY, CA US","    0",",,7,0800",,,,,"  428",",,7","  300",",,7",,,,,"  306",",,7,0800","   94",",,7"
"USC00040176","2011-06-27","34.5594","-115.7443","200.6","AMBOY, CA US","    0",",,7,0800",,,,,"  433",",,7","  267",",,7",,,,,"  306",",,7,0800","   80",",,7"
"USC00040176","2011-06-28","34.5594","-115.7443","200.6","AMBOY, CA US","    0",",,7,0800",,,,,"  456",",,7","  267",",,7",,,,,"  322",",,7,0800","   49",",,7"
"USC00040176","2011-06-29","34.5594","-115.7443","200.6","AMBOY, CA US","    0",",,7,0800",,,,,"  456",",,7","  261",",,7",,,,,"  311",",,7,0800","  143",",,7"
"USC00040176","2011-06-30","34.5594","-115.7443","200.6","AMBOY, CA US","    0",",,7,0800",,,,,"  456",",,7","  217",",,7",,,,,"  267",",,7,0800","  201",",,7"
"USC00040176","2011-07-01","34.5594","-115.7443","200.6","AMBOY, CA US","    0",",,7,0800",,,,,"  456",",,7","  267",",,7",,,,,"  289",",,7,0800","    0",",,7"
"USC00040176","2011-07-02","34.5594","-115.7443","200.6","AMBOY, CA US","    0",",,7,0800",,,,,"  444",",,7","  289",",,7",,,,,"  300",",,7,0800","   76",",,7"
"USC00040176","2011-07-03","34.5594","-115.7443","200.6","AMBOY, CA US","    0",",,7,0800",,,,,"  472",",,7","  300",",,7",,,,,"  333",",,7,0800","  103",",,7"
"USC00040176","2011-07-04","34.5594","-115.7443","200.6","AMBOY, CA US","    0",",,7,0800",,,,,"  444",",,7","  300",",,7",,,,,"  306",",,7,0800","  139",",,7"
"USC00040176","2011-07-05","34.5594","-115.7443","200.6","AMBOY, CA US","    0",",,7,0800",,,,,"  439",",,7","  294",",,7",,,,,"  350",",,7,0800",,
"USC00040176","2011-07-06","34.5594","-115.7443","200.6","AMBOY, CA US","    0",",,7,0800",,,,,"  439",",,7","  256",",,7",,,,,"  300",",,7,0800","  206",",,7"
"USC00040176","2011-07-07","34.5594","-115.7443","200.6","AMBOY, CA US","    0",",,7,0800",,,,,"  383",",,7","  272",",,7",,,,,"  328",",,7,0800","  201",",,7"
"USC00040176","2011-07-08","34.5594","-115.7443","200.6","AMBOY, CA US","    0",",,7,0800",,,,,"  428",",,7","  328",",,7",,,,,"  356",",,7,0800",,
"USC00040176","2011-07-09","34.5594","-115.7443","200.6","AMBOY, CA US","   56",",,7,0800",,,,,"  450",",,7","  256",",,7",,,,,"  294",",,7,0800","  148",",,7"
"USC00040176","2011-07-11","34.5594","-115.7443","200.6","AMBOY, CA US","    0",",,7,0800",,,,,"  444",",,7","  261",",,7",,,,,"  294",",,7,0800","  161",",,7"
"USC00040176","2011-07-12","34.5594","-115.7443","200.6","AMBOY, CA US","    0",",,7,0800",,,,,"  422",",,7","  250",",,7",,,,,"  311",",,7,0800","  210",",,7"
"USC00040176","2011-07-13","34.5594","-115.7443","200.6","AMBOY, CA US","    0",",,7,0800",,,,,"  422",",,7","  244",",,7",,,,,"  300",",,7,0800","  116",",,7"
"USC00040176","2011-07-14","34.5594","-115.7443","200.6","AMBOY, CA US","    0",",,7,0800",,,,,,,"  261",",,7",,,,,"  294",",,7,0800","  103",",,7"
"USC00040176","2011-07-15","34.5594","-115.7443","200.6","AMBOY, CA US","    0",",,7,0800",,,,,"  394",",,7","  278",",,7",,,,,"  278",",,7,0800","  116",",,7"
"USC00040176","2011-07-16","34.5594","-115.7443","200.6","AMBOY, CA US","    0",",,7,0800",,,,,"  361",",,7","  278",",,7",,,,,"  283",",,7,0800","  107",",,7"
"USC00040176","2011-07-17","34.5594","-115.7443","200.6","AMBOY, CA US","    0",",,7,0800",,,,,"  394",",,7","  278",",,7",,,,,"  278",",,7,0800","   85",",,7"
"USC00040176","2011-07-18","34.5594","-115.7443","200.6","AMBOY, CA US","    0",",,7,0800",,,,,"  422",",,7","  239",",,7",,,,,"  306",",,7,0800","   85",",,7"
"USC00040176","2011-07-19","34.5594","-115.7443","200.6","AMBOY, CA US","    0",",,7,0800",,,,,"  450",",,7","  256",",,7",,,,,"  333",",,7,0800","  125",",,7"
"USC00040176","2011-07-20","34.5594","-115.7443","200.6","AMBOY, CA US","    0",",,7,0800",,,,,"  461",",,7","  289",",,7",,,,,"  322",",,7,0800","  107",",,7"
"USC00040176","2011-07-21","34.5594","-115.7443","200.6","AMBOY, CA US","    0",",,7,0800",,,,,"  450",",,7","  289",",,7",,,,,"  322",",,7,0800","  130",",,7"
"USC00040176","2011-07-22","34.5594","-115.7443","200.6","AMBOY, CA US","    0",",,7,0800",,,,,"  456",",,7","  289",",,7",,,,,"  317",",,7,0800","   80",",,7"
"USC00040176","2011-07-23","34.5594","-115.7443","200.6","AMBOY, CA US","    0",",,7,0800",,,,,"  433",",,7","  311",",,7",,,,,"  311",",,7,0800","  112",",,7"
"USC00040176","2011-07-24","34.5594","-115.7443","200.6","AMBOY, CA US","    0",",,7,0800",,,,,"  433",",,7","  311",",,7",,,,,"  317",",,7,0800","  116",",,7"
"USC00040176","2011-07-25","34.5594","-115.7443","200.6","AMBOY, CA US","    0",",,7,0800",,,,,"  417",",,7","  317",",,7",,,,,"  322",",,7,0800","   98",",,7"
"USC00040176","2011-07-26","34.5594","-115.7443","200.6","AMBOY, CA US","    0",",,7,0800",,,,,"  422",",,7","  317",",,7",,,,,"  344",",,7,0800","  112",",,7"
"USC00040176","2011-07-27","34.5594","-115.7443","200.6","AMBOY, CA US","    0",",,7,0800",,,,,"  444",",,7","  289",",,7",,,,,"  322",",,7,0800","  107",",,7"
"USC00040176","2011-07-28","34.5594","-115.7443","200.6","AMBOY, CA US","    0",",,7,0800",,,,,"  428",",,7","  278",",,7",,,,,"  322",",,7,0800","  112",",,7"
"USC00040176","2011-07-29","34.5594","-115.7443","200.6","AMBOY, CA US","    0",",,7,0800",,,,,"  444",",,7","  322",",,7",,,,,"  367",",,7,0800","  107",",,7"
"USC00040176","2011-07-30","34.5594","-115.7443","200.6","AMBOY, CA US","    8",",,7,0800",,,,,"  461",",,7","  283",",,7",,,,,"  283",",,7,0800","  148",",,7"
"USC00040176","2011-07-31","34.5594","-115.7443","200.6","AMBOY, CA US","    0",",,7,0800",,,,,"  428",",,7","  272",",,7",,,,,"  311",",,7,0800","  139",",,7"
"USC00040176","2011-08-01","34.5594","-115.7443","200.6","AMBOY, CA US","    0",",,7,0800",,,,,"  372",",,7","  278",",,7",,,,,"  311",",,7,0800","  139",",,7"
"USC00040176","2011-08-02","34.5594","-115.7443","200.6","AMBOY, CA US","   63",",,7,0800",,,,,"  428",",,7","  278",",,7",,,,,"  328",",,7,0800","  197",",,7"
"USC00040176","2011-08-03","34.5594","-115.7443","200.6","AMBOY, CA US",,,,,,,,,,,,,,,,,"   94",",,7"
"USC00040176","2011-08-04","34.5594","-115.7443","200.6","AMBOY, CA US","    0",",,7,0800",,,,,"  456",",,7","  289",",,7",,,,,"  322",",,7,0800","   98",",,7"
"USC00040176","2011-08-05","34.5594","-115.7443","200.6","AMBOY, CA US","    0",",,7,0800",,,,,"  456",",,7","  283",",,7",,,,,"  322",",,7,0800","   76",",,7"
"USC00040176","2011-08-07","34.5594","-115.7443","200.6","AMBOY, CA US","    0",",,7,0800",,,,,"  422",",,7","  283",",,7",,,,,"  322",",,7,0800","   80",",,7"
"USC00040176","2011-08-08","34.5594","-115.7443","200.6","AMBOY, CA US","    0",",,7,0800",,,,,"  428",",,7","  289",",,7",,,,,"  300",",,7,0800","   54",",,7"
"USC00040176","2011-08-09","34.5594","-115.7443","200.6","AMBOY, CA US","    0",",,7,0800",,,,,"  444",",,7","  278",",,7",,,,,"  300",",,7,0800","   94",",,7"
"USC00040176","2011-08-10","34.5594","-115.7443","200.6","AMBOY, CA US","    0",",,7,0800",,,,,"  450",",,7","  272",",,7",,,,,"  306",",,7,0800","   80",",,7"
"USC00040176","2011-08-11","34.5594","-115.7443","200.6","AMBOY, CA US","    0",",,7,0800",,,,,"  433",",,7","  239",",,7",,,,,"  306",",,7,0800","   98",",,7"
"USC00040176","2011-08-12","34.5594","-115.7443","200.6","AMBOY, CA US","    0",",,7,0800",,,,,"  411",",,7","  272",",,7",,,,,"  272",",,7,0800","  103",",,7"
"USC00040176","2011-08-13","34.5594","-115.7443","200.6","AMBOY, CA US","    0",",,7,0800",,,,,"  422",",,7","  272",",,7",,,,,"  339",",,7,0800","   85",",,7"
"USC00040176","2011-08-14","34.5594","-115.7443","200.6","AMBOY, CA US","    0",",,7,0800",,,,,"  439",",,7","  322",",,7",,,,,"  328",",,7,0800","  116",",,7"
"USC00040176","2011-08-15","34.5594","-115.7443","200.6","AMBOY, CA US","    0",",,7,0800",,,,,"  450",",,7","  300",",,7",,,,,"  328",",,7,0800","   89",",,7"
"USC00040176","2011-08-16","34.5594","-115.7443","200.6","AMBOY, CA US","    0",",,7,0800",,,,,"  450",",,7","  272",",,7",,,,,"  294",",,7,0800","  116",",,7"
"USC00040176","2011-08-17","34.5594","-115.7443","200.6","AMBOY, CA US","    0",",,7,0800",,,,,"  450",",,7","  267",",,7",,,,,"  289",",,7,0800","   72",",,7"
"USC00040176","2011-08-18","34.5594","-115.7443","200.6","AMBOY, CA US","    0",",,7,0800",,,,,"  444",",,7","  278",",,7",,,,,"  317",",,7,0800","   63",",,7"
"USC00040176","2011-08-19","34.5594","-115.7443","200.6","AMBOY, CA US","    0",",,7,0800",,,,,"  456",",,7","  306",",,7",,,,,"  311",",,7,0800","  107",",,7"
"USC00040176","2011-08-20","34.5594","-115.7443","200.6","AMBOY, CA US","    0",",,7,0800",,,,,"  428",",,7","  272",",,7",,,,,"  311",",,7,0800","  134",",,7"
"USC00040176","2011-08-21","34.5594","-115.7443","200.6","AMBOY, CA US","    0",",,7,0800",,,,,"  433",",,7","  272",",,7",,,,,"  278",",,7,0800","  112",",,7"
"USC00040176","2011-08-22","34.5594","-115.7443","200.6","AMBOY, CA US","    0",",L,7,0800",,,,,"  433",",,7","  272",",,7",,,,,"  311",",,7,0800","   98",",,7"
"USC00040176","2011-08-23","34.5594","-115.7443","200.6","AMBOY, CA US","    0",",L,7,0800",,,,,"  450",",,7","  267",",,7",,,,,"  317",",,7,0800","  112",",,7"
"USC00040176","2011-08-24","34.5594","-115.7443","200.6","AMBOY, CA US","    0",",L,7,0800",,,,,"  461",",,7","  278",",,7",,,,,"  344",",,7,0800","   89",",,7"
"USC00040176","2011-08-25","34.5594","-115.7443","200.6","AMBOY, CA US",,,,,,,"  478",",,7","  328",",,7","    4",",L,7","    0",",L,7","  356",",,7,0800","  116",",,7"
"USC00040176","2011-08-26","34.5594","-115.7443","200.6","AMBOY, CA US","    0",",,7,0800",,,,,"  478",",,7","  322",",,7",,,,,"  367",",,7,0800","   89",",,7"
"USC00040176","2011-08-27","34.5594","-115.7443","200.6","AMBOY, CA US","    0",",,7,0800",,,,,"  472",",,7","  317",",,7",,,,,"  350",",,7,0800","  103",",,7"
"USC00040176","2011-08-28","34.5594","-115.7443","200.6","AMBOY, CA US","    3",",,7,0800",,,,,,,,,,,,,,,,
"USC00040176","2011-08-29","34.5594","-115.7443","200.6","AMBOY, CA US","    0",",,7,0800",,,,,"  450",",,7","  267",",,7",,,,,"  322",",,7,0800","   80",",,7"
"USC00040176","2011-08-30","34.5594","-115.7443","200.6","AMBOY, CA US","    0",",,7,0800",,,,,"  467",",,7","  306",",,7",,,,,"  322",",,7,0800","   89",",,7"
"USC00040176","2011-08-31","34.5594","-115.7443","200.6","AMBOY, CA US","    0",",,7,0800",,,,,"  461",",,7","  261",",,7",,,,,"  294",",,7,0800","   45",",,7"
"USC00040176","2011-09-01","34.5594","-115.7443","200.6","AMBOY, CA US","    0",",,7,0800",,,,,,,,,,,,,"  261",",,7,0800","   54",",,7"
"USC00040176","2011-09-02","34.5594","-115.7443","200.6","AMBOY, CA US","    0",",,7,0800",,,,,"  444",",,7","  233",",,7",,,,,"  344",",,7,0800",,
"USC00040176","2011-09-03","34.5594","-115.7443","200.6","AMBOY, CA US","    0",",,7,0800",,,,,"  439",",,7","  278",",,7",,,,,"  289",",,7,0800","   80",",,7"
"USC00040176","2011-09-04","34.5594","-115.7443","200.6","AMBOY, CA US","    0",",,7,0800",,,,,,,,,,,,,,,"   89",",,7"
"USC00040176","2011-09-05","34.5594","-115.7443","200.6","AMBOY, CA US","    0",",,7,0800",,,,,"  400",",,7","  294",",,7",,,,,"  339",",,7,0800","  107",",,7"
"USC00040176","2011-09-06","34.5594","-115.7443","200.6","AMBOY, CA US","    3",",,7,0800",,,,,,,,,,,,,,,"   63",",,7"
"USC00040176","2011-09-07","34.5594","-115.7443","200.6","AMBOY, CA US","    0",",,7,0800",,,,,,,,,,,,,,,"   27",",,7"
"USC00040176","2011-09-08","34.5594","-115.7443","200.6","AMBOY, CA US","    0",",,7,0800",,,,,,,,,,,,,,,"   80",",,7"
"USC00040176","2011-09-09","34.5594","-115.7443","200.6","AMBOY, CA US","    0",",,7,0800",,,,,,,,,,,,,,,"  121",",,7"
"USC00040176","2011-09-10","34.5594","-115.7443","200.6","AMBOY, CA US","    0",",,7,0800",,,,,,,,,,,,,,,"  130",",,7"
"USC00040176","2011-09-11","34.5594","-115.7443","200.6","AMBOY, CA US","  107",",,7,0800",,,,,,,,,,,,,,,"  179",",,7"
"USC00040176","2011-09-12","34.5594","-115.7443","200.6","AMBOY, CA US","    0",",,7,0800",,,,,"  372",",,7","  206",",,7",,,,,"  217",",,7,0800","  112",",,7"
"USC00040176","2011-09-13","34.5594","-115.7443","200.6","AMBOY, CA US","    0",",,7,0800",,,,,"  383",",,7","  217",",,7",,,,,"  283",",,7,0800","   94",",,7"
"USC00040176","2011-09-14","34.5594","-115.7443","200.6","AMBOY, CA US","   25",",,7,0800",,,,,"  283",",,7","  189",",,7",,,,,"  217",",,7,0800","  130",",,7"
"USC00040176","2011-09-15","34.5594","-115.7443","200.6","AMBOY, CA US","    0",",,7,0800",,,,,"  328",",,7","  217",",,7",,,,,"  239",",,7,0800","   72",",,7"
"USC00040176","2011-09-16","34.5594","-115.7443","200.6","AMBOY, CA US","    0",",,7,0800",,,,,"  350",",,7","  217",",,7",,,,,"  256",",,7,0800","   76",",,7"
"USC00040176","2011-09-17","34.5594","-115.7443","200.6","AMBOY, CA US","    0",",,7,0800",,,,,"  378",",,7","  217",",,7",,,,,"  239",",,7,0800","  121",",,7"
"USC00040176","2011-09-18","34.5594","-115.7443","200.6","AMBOY, CA US","    0",",,7,0800",,,,,"  361",",,7","  217",",,7",,,,,"  239",",,7,0800","  116",",,7"
"USC00040176","2011-09-19","34.5594","-115.7443","200.6","AMBOY, CA US","    0",",,7,0800",,,,,"  372",",,7","  217",",,7",,,,,"  222",",,7,0800","   80",",,7"
"USC00040176","2011-09-20","34.5594","-115.7443","200.6","AMBOY, CA US","    0",",,7,0800",,,,,"  400",",,7","  178",",,7",,,,,"  239",",,7,0800","   89",",,7"
"USC00040176","2011-09-21","34.5594","-115.7443","200.6","AMBOY, CA US","    0",",,7,0800",,,,,"  406",",,7","  211",",,7",,,,,"  228",",,7,0800","  103",",,7"
"USC00040176","2011-09-22","34.5594","-115.7443","200.6","AMBOY, CA US","    0",",,7,0800",,,,,"  411",",,7","  206",",,7",,,,,"  256",",,7,0800","  103",",,7"
"USC00040176","2011-09-23","34.5594","-115.7443","200.6","AMBOY, CA US","    0",",,7,0800",,,,,"  422",",,7","  206",",,7",,,,,"  256",",,7,0800","   58",",,7"
"USC00040176","2011-09-24","34.5594","-115.7443","200.6","AMBOY, CA US","    0",",,7,0800",,,,,"  422",",,7","  256",",,7",,,,,"  256",",,7,0800","   80",",,7"
"USC00040176","2011-09-25","34.5594","-115.7443","200.6","AMBOY, CA US","    0",",,7,0800",,,,,"  411",",,7","  250",",,7",,,,,"  294",",,7,0800","   98",",,7"
"USC00040176","2011-09-26","34.5594","-115.7443","200.6","AMBOY, CA US","    0",",,7,0800",,,,,"  411",",,7","  233",",,7",,,,,"  233",",,7,0800","  121",",,7"
"USC00040176","2011-09-27","34.5594","-115.7443","200.6","AMBOY, CA US","    0",",,7,0800",,,,,"  378",",,7","  211",",,7",,,,,"  222",",,7,0800","   80",",,7"
"USC00040176","2011-09-28","34.5594","-115.7443","200.6","AMBOY, CA US","    0",",,7,0800",,,,,"  394",",,7","  222",",,7",,,,,"  239",",,7,0800","   63",",,7"
"USC00040176","2011-09-29","34.5594","-115.7443","200.6","AMBOY, CA US","    0",",,7,0800",,,,,"  406",",,7","  239",",,7",,,,,"  272",",,7,0800","   58",",,7"
"USC00040176","2011-09-30","34.5594","-115.7443","200.6","AMBOY, CA US","    0",",,7,0800",,,,,"  406",",,7","  244",",,7",,,,,"  272",",,7,0800","   63",",,7"
"USC00040176","2011-10-01","34.5594","-115.7443","200.6","AMBOY, CA US","    0",",,7,0800",,,,,"  406",",,7","  272",",,7",,,,,"  278",",,7,0800","   98",",,7"
"USC00040176","2011-10-02","34.5594","-115.7443","200.6","AMBOY, CA US","    0",",,7,0800",,,,,"  383",",,7","  256",",,7",,,,,"  256",",,7,0800","   89",",,7"
"USC00040176","2011-10-03","34.5594","-115.7443","200.6","AMBOY, CA US","    0",",,7,0800",,,,,"  389",",,7","  244",",,7",,,,,"  261",",,7,0800","   72",",,7"
"USC00040176","2011-10-04","34.5594","-115.7443","200.6","AMBOY, CA US","    0",",,7,0800",,,,,"  389",",,7","  228",",,7",,,,,"  239",",,7,0800","   89",",,7"
"USC00040176","2011-10-05","34.5594","-115.7443","200.6","AMBOY, CA US","    0",",,7,0800",,,,,"  300",",,7","  178",",,7",,,,,"  200",",,7,0800","  152",",,7"
"USC00040176","2011-10-06","34.5594","-115.7443","200.6","AMBOY, CA US","    0",",,7,0800",,,,,"  294",",,7","  178",",,7",,,,,"  200",",,7,0800","  125",",,7"
"USC00040176","2011-10-07","34.5594","-115.7443","200.6","AMBOY, CA US","    0",",,7,0800",,,,,"  294",",,7","  178",",,7",,,,,"  200",",,7,0800","  125",",,7"
"USC00040176","2011-10-08","34.5594","-115.7443","200.6","AMBOY, CA US","    0",",,7,0800",,,,,"  250",",,7","  133",",,7",,,,,"  200",",,7,0800","  130",",,7"
"USC00040176","2011-10-09","34.5594","-115.7443","200.6","AMBOY, CA US","    0",",,7,0800",,,,,"  294",",,7","  150",",,7",,,,,"  200",",,7,0800","  134",",,7"
"USC00040176","2011-10-10","34.5594","-115.7443","200.6","AMBOY, CA US","    0",",,7,0800",,,,,"  294",",,7","  111",",,7",,,,,"  139",",,7,0800","   72",",,7"
"USC00040176","2011-10-11","34.5594","-115.7443","200.6","AMBOY, CA US","    0",",,7,0800",,,,,"  311",",,7","  133",",,7",,,,,"  161",",,7,0800","   54",",,7"
"USC00040176","2011-10-12","34.5594","-115.7443","200.6","AMBOY, CA US","    0",",,7,0800",,,,,"  344",",,7","  133",",,7",,,,,"  211",",,7,0800","   49",",,7"
"USC00040176","2011-10-13","34.5594","-115.7443","200.6","AMBOY, CA US","    0",",,7,0800",,,,,"  372",",,7","  122",",,7",,,,,"  133",",,7,0800","   67",",,7"
"USC00040176","2011-10-14","34.5594","-115.7443","200.6","AMBOY, CA US","    0",",,7,0800",,,,,"  389",",,7","  133",",,7",,,,,"  183",",,7,0800","   54",",,7"
"USC00040176","2011-10-15","34.5594","-115.7443","200.6","AMBOY, CA US","    0",",,7,0800",,,,,"  372",",,7","  183",",,7",,,,,"  189",",,7,0800","   67",",,7"
"USC00040176","2011-10-16","34.5594","-115.7443","200.6","AMBOY, CA US","    0",",,7,0800",,,,,"  372",",,7","  189",",,7",,,,,"  206",",,7,0800","   63",",,7"
"USC00040176","2011-10-17","34.5594","-115.7443","200.6","AMBOY, CA US","    0",",,7,0800",,,,,"  389",",,7","  194",",,7",,,,,"  228",",,7,0800","   85",",,7"
"USC00040176","2011-10-18","34.5594","-115.7443","200.6","AMBOY, CA US","    0",",,7,0800",,,,,"  383",",,7","  178",",,7",,,,,"  194",",,7,0800","   76",",,7"
"USC00040176","2011-10-19","34.5594","-115.7443","200.6","AMBOY, CA US","    0",",,7,0800",,,,,"  356",",,7","  156",",,7",,,,,"  167",",,7,0800","   58",",,7"
"USC00040176","2011-10-20","34.5594","-115.7443","200.6","AMBOY, CA US","    0",",,7,0800",,,,,"  350",",,7","  161",",,7",,,,,"  167",",,7,0800","   58",",,7"
"USC00040176","2011-10-22","34.5594","-115.7443","200.6","AMBOY, CA US","    0",",,7,0800",,,,,"  339",",,7","  161",",,7",,,,,"  167",",,7,0800","   76",",,7"
"USC00040176","2011-10-23","34.5594","-115.7443","200.6","AMBOY, CA US","    0",",,7,0800",,,,,"  356",",,7","  167",",,7",,,,,"  178",",,7,0800","   63",",,7"
"USC00040176","2011-10-24","34.5594","-115.7443","200.6","AMBOY, CA US","    0",",,7,0800",,,,,"  350",",,7","  156",",,7",,,,,"  183",",,7,0800","   54",",,7"
"USC00040176","2011-10-25","34.5594","-115.7443","200.6","AMBOY, CA US","    0",",,7,0800",,,,,"  317",",,7","  167",",,7",,,,,"  200",",,7,0800","   54",",,7"
"USC00040176","2011-10-26","34.5594","-115.7443","200.6","AMBOY, CA US","    0",",,7,0800",,,,,"  328",",,7","  156",",,7",,,,,"  194",",,7,0800","  125",",,7"
"USC00040176","2011-10-27","34.5594","-115.7443","200.6","AMBOY, CA US","    0",",,7,0800",,,,,"  256",",,7","  106",",,7",,,,,"  194",",,7,0800","  179",",,7"
"USC00040176","2011-10-28","34.5594","-115.7443","200.6","AMBOY, CA US","    0",",,7,0800",,,,,"  256",",,7","   83",",,7",,,,,"  194",",,7,0800","   80",",,7"
"USC00040176","2011-10-29","34.5594","-115.7443","200.6","AMBOY, CA US","    0",",,7,0800",,,,,"  289",",,7","   94",",,7",,,,,"  194",",,7,0800","   49",",,7"
"USC00040176","2011-10-30","34.5594","-115.7443","200.6","AMBOY, CA US","    0",",,7,0800",,,,,"  306",",,7","   94",",,7",,,,,"  194",",,7,0800","   63",",,7"
"USC00040176","2011-10-31","34.5594","-115.7443","200.6","AMBOY, CA US","    0",",,7,0800",,,,,"  333",",,7","  100",",,7",,,,,"  111",",,7,0800","   54",",,7"
"USC00040176","2011-11-01","34.5594","-115.7443","200.6","AMBOY, CA US","    0",",,7,0800",,,,,"  322",",,7","   94",",,7",,,,,"  111",",,7,0800","   45",",,7"
"USC00040176","2011-11-02","34.5594","-115.7443","200.6","AMBOY, CA US","    0",",,7,0800",,,,,"  317",",,7","  106",",,7",,,,,"  122",",,7,0800","  156",",,7"
"USC00040176","2011-11-03","34.5594","-115.7443","200.6","AMBOY, CA US","    0",",,7,0800",,,,,"  311",",,7","   61",",,7",,,,,"  122",",,7,0800","   80",",,7"
"USC00040176","2011-11-04","34.5594","-115.7443","200.6","AMBOY, CA US","    0",",,7,0800",,,,,"  228",",,7","   61",",,7",,,,,"  122",",,7,0800","   89",",,7"
"USC00040176","2011-11-05","34.5594","-115.7443","200.6","AMBOY, CA US","   13",",,7,0800",,,,,"  211",",,7","   89",",,7",,,,,"  100",",,7,0800","  152",",,7"
"USC00040176","2011-11-06","34.5594","-115.7443","200.6","AMBOY, CA US","    0",",,7,0800",,,,,"  183",",,7","   83",",,7",,,,,"  100",",,7,0800","  103",",,7"
"USC00040176","2011-11-07","34.5594","-115.7443","200.6","AMBOY, CA US","    0","T,,7,0800",,,,,"  156",",,7","   50",",,7",,,,,"  117",",,7,0800","   54",",,7"
"USC00040176","2011-11-08","34.5594","-115.7443","200.6","AMBOY, CA US","    0",",,7,0800",,,,,"  189",",,7","   39",",,7",,,,,"   72",",,7,0800","  156",",,7"
"USC00040176","2011-11-09","34.5594","-115.7443","200.6","AMBOY, CA US","    0",",,7,0800",,,,,"  200",",,7","   22",",,7",,,,,"   67",",,7,0800","   63",",,7"
"USC00040176","2011-11-10","34.5594","-115.7443","200.6","AMBOY, CA US","    0",",,7,0800",,,,,"  222",",,7","   61",",,7",,,,,"   72",",,7,0800","   45",",,7"
"USC00040176","2011-11-11","34.5594","-115.7443","200.6","AMBOY, CA US","    0",",,7,0800",,,,,"  217",",,7","   72",",,7",,,,,"  133",",,7,0800","   45",",,7"
"USC00040176","2011-11-12","34.5594","-115.7443","200.6","AMBOY, CA US","    0",",,7,0800",,,,,"  206",",,7","  133",",,7",,,,,"  133",",,7,0800","   63",",,7"
"USC00040176","2011-11-13","34.5594","-115.7443","200.6","AMBOY, CA US","    0",",,7,0800",,,,,"  206",",,7","  117",",,7",,,,,"  117",",,7,0800",,
"USC00040176","2011-11-14","34.5594","-115.7443","200.6","AMBOY, CA US","    0",",,7,0800",,,,,"  233",",,7","   78",",,7",,,,,"  111",",,7,0800","   63",",,7"
"USC00040176","2011-11-15","34.5594","-115.7443","200.6","AMBOY, CA US","    0",",,7,0800",,,,,"  261",",,7","   78",",,7",,,,,"  106",",,7,0800","   67",",,7"
"USC00040176","2011-11-16","34.5594","-115.7443","200.6","AMBOY, CA US","    0",",,7,0800",,,,,"  250",",,7","   78",",,7",,,,,"  133",",,7,0800","   49",",,7"
"USC00040176","2011-11-17","34.5594","-115.7443","200.6","AMBOY, CA US","    0",",,7,0800",,,,,"  250",",,7","  122",",,7",,,,,"  133",",,7,0800","   72",",,7"
"USC00040176","2011-11-18","34.5594","-115.7443","200.6","AMBOY, CA US","    0",",,7,0800",,,,,"  244",",,7","  106",",,7",,,,,"  133",",,7,0800","   40",",,7"
"USC00040176","2011-11-19","34.5594","-115.7443","200.6","AMBOY, CA US","    0",",,7,0800",,,,,"  244",",,7","  106",",,7",,,,,"  133",",,7,0800","   94",",,7"
"USC00040176","2011-11-20","34.5594","-115.7443","200.6","AMBOY, CA US","    0",",,7,0800",,,,,"  206",",,7","   94",",,7",,,,,"  133",",,7,0800","   67",",,7"
"USC00040176","2011-11-21","34.5594","-115.7443","200.6","AMBOY, CA US","    3",",,7,0800",,,,,"  189",",,7","   94",",,7",,,,,"  122",",,7,0800","   85",",,7"
"USC00040176","2011-11-22","34.5594","-115.7443","200.6","AMBOY, CA US","    0",",,7,0800",,,,,"  194",",,7","   39",",,7",,,,,"   78",",,7,0800","   98",",,7"
"USC00040176","2011-11-23","34.5594","-115.7443","200.6","AMBOY, CA US","    0",",,7,0800",,,,,"  217",",,7","   39",",,7",,,,,"   78",",,7,0800","   40",",,7"
"USC00040176","2011-11-24","34.5594","-115.7443","200.6","AMBOY, CA US","    0",",,7,0800",,,,,"  217",",,7","   39",",,7",,,,,"   78",",,7,0800","   45",",,7"
"USC00040176","2011-11-25","34.5594","-115.7443","200.6","AMBOY, CA US","    0",",,7,0800",,,,,"  211",",,7","   39",",,7",,,,,"  122",",,7,0800","   89",",,7"
"USC00040176","2011-11-26","34.5594","-115.7443","200.6","AMBOY, CA US","    0",",,7,0800",,,,,"  228",",,7","   39",",,7",,,,,"  122",",,7,0800","  161",",,7"
"USC00040176","2011-11-28","34.5594","-115.7443","200.6","AMBOY, CA US","    0",",,7,0800",,,,,"  239",",,7","   39",",,7",,,,,"   72",",,7,0800","   54",",,7"
"USC00040176","2011-11-29","34.5594","-115.7443","200.6","AMBOY, CA US","    0",",,7,0800",,,,,"  250",",,7","   39",",,7",,,,,"  128",",,7,0800","   72",",,7"
"USC00040176","2011-11-30","34.5594","-115.7443","200.6","AMBOY, CA US","    0",",,7,0800",,,,,"  272",",,7","   44",",,7",,,,,"  100",",,7,0800","   49",",,7"
"USC00040176","2011-12-02","34.5594","-115.7443","200.6","AMBOY, CA US","    0",",,7,0800",,,,,"  128",",,7","   83",",,7",,,,,"  128",",,7,0800","  152",",,7"
"USC00040176","2011-12-03","34.5594","-115.7443","200.6","AMBOY, CA US","    0",",,7,0800",,,,,"  150",",,7","   89",",,7",,,,,"  128",",,7,0800","   63",",,7"
"USC00040176","2011-12-04","34.5594","-115.7443","200.6","AMBOY, CA US","    0",",,7,0800",,,,,"  139",",,7","   61",",,7",,,,,"  128",",,7,0800","  165",",,7"
"USC00040176","2011-12-05","34.5594","-115.7443","200.6","AMBOY, CA US","    0",",,7,0800",,,,,"  150",",,7","   39",",,7",,,,,"   89",",,7,0800","  125",",,7"
"USC00040176","2011-12-06","34.5594","-115.7443","200.6","AMBOY, CA US","    0",",,7,0800",,,,,"  156",",,7","  -28",",,7",,,,,"   -6",",,7,0800","  130",",,7"
"USC00040176","2011-12-07","34.5594","-115.7443","200.6","AMBOY, CA US","    0",",,7,0800",,,,,"  144",",,7","  -39",",,7",,,,,"  -17",",,7,0800","   49",",,7"
"USC00040176","2011-12-08","34.5594","-115.7443","200.6","AMBOY, CA US","    0",",,7,0800",,,,,"  172",",,7","  -39",",,7",,,,,"  -17",",,7,0800","   40",",,7"
"USC00040176","2011-12-11","34.5594","-115.7443","200.6","AMBOY, CA US","    0",",,7,0800",,,,,"  211",",,7","   17",",,7",,,,,"  111",",,7,0800","   36",",,7"
"USC00040176","2011-12-12","34.5594","-115.7443","200.6","AMBOY, CA US","    0",",,7,0800",,,,,"  178",",,7","   17",",,7",,,,,"   78",",,7,0800","   63",",,7"
"USC00040176","2011-12-13","34.5594","-115.7443","200.6","AMBOY, CA US","   20",",,7,0800",,,,,"  150",",,7","   61",",,7",,,,,"   83",",,7,0800","  125",",,7"
"USC00040176","2011-12-14","34.5594","-115.7443","200.6","AMBOY, CA US","    8",",,7,0800",,,,,"  133",",,7","   17",",,7",,,,,"   28",",,7,0800","   72",",,7"
"USC00040176","2011-12-15","34.5594","-115.7443","200.6","AMBOY, CA US","    0",",,7,0800",,,,,"  167",",,7","   22",",,7",,,,,"   28",",,7,0800","   85",",,7"
"USC00040176","2011-12-16","34.5594","-115.7443","200.6","AMBOY, CA US","    0",",,7,0800",,,,,"  150",",,7","   28",",,7",,,,,"   56",",,7,0800","   58",",,7"
"USC00040176","2011-12-17","34.5594","-115.7443","200.6","AMBOY, CA US","    0",",,7,0800",,,,,"  206",",,7","   56",",,7",,,,,"  122",",,7,0800","  165",",,7"
"USC00040176","2011-12-18","34.5594","-115.7443","200.6","AMBOY, CA US","    0",",,7,0800",,,,,"  178",",,7","   61",",,7",,,,,"   67",",,7,0800","   72",",,7"
"USC00040176","2011-12-19","34.5594","-115.7443","200.6","AMBOY, CA US","    0",",,7,0800",,,,,"  178",",,7","   28",",,7",,,,,"   44",",,7,0800","   94",",,7"
"USC00040176","2011-12-20","34.5594","-115.7443","200.6","AMBOY, CA US","    0",",,7,0800",,,,,"  183",",,7","    6",",,7",,,,,"   33",",,7,0800","   49",",,7"
"USC00040176","2011-12-21","34.5594","-115.7443","200.6","AMBOY, CA US","    0",",,7,0800",,,,,"  189",",,7","    0",",,7",,,,,"   39",",,7,0800","   80",",,7"
"USC00040176","2011-12-22","34.5594","-115.7443","200.6","AMBOY, CA US","    0",",,7,0800",,,,,"  194",",,7","   39",",,7",,,,,"   83",",,7,0800","  134",",,7"
"USC00040176","2011-12-29","34.5594","-115.7443","200.6","AMBOY, CA US","    0",",,7,0800",,,,,"  222",",,7","   78",",,7",,,,,"   78",",,7,0800","   58",",,7"
"USC00040176","2011-12-30","34.5594","-115.7443","200.6","AMBOY, CA US","    0",",,7,0800",,,,,"  233",",,7","   78",",,7",,,,,"   78",",,7,0800","   72",",,7"
"USC00040176","2011-12-31","34.5594","-115.7443","200.6","AMBOY, CA US","    0",",,7,0800",,,,,"  217",",,7","   56",",,7",,,,,"   78",",,7,0800","   36",",,7"
"USC00040176","2012-01-02","34.5594","-115.7443","200.6","AMBOY, CA US","    0",",,7,0800",,,,,"  261",",,7","   17",",,7",,,,,"   39",",,7,0800","   63",",,7"
"USC00040176","2012-01-03","34.5594","-115.7443","200.6","AMBOY, CA US","    0",",,7,0800",,,,,"  261",",,7","   22",",,7",,,,,"   67",",,7,0800","   31",",,7"
"USC00040176","2012-01-04","34.5594","-115.7443","200.6","AMBOY, CA US","    0",",,7,0800",,,,,"  250",",,7","   39",",,7",,,,,"   67",",,7,0800","   36",",,7"
"USC00040176","2012-01-05","34.5594","-115.7443","200.6","AMBOY, CA US","    0",",,7,0800",,,,,"  272",",,7","   39",",,7",,,,,"   67",",,7,0800","   58",",,7"
"USC00040176","2012-01-06","34.5594","-115.7443","200.6","AMBOY, CA US","    0",",,7,0800",,,,,"  228",",,7","   39",",,7",,,,,"   67",",,7,0800","   40",",,7"
"USC00040176","2012-01-07","34.5594","-115.7443","200.6","AMBOY, CA US","    0",",,7,0800",,,,,"  228",",,7","   50",",,7",,,,,"   56",",,7,0800","   40",",,7"
"USC00040176","2012-01-08","34.5594","-115.7443","200.6","AMBOY, CA US","    0",",,7,0800",,,,,"  239",",,7","   56",",,7",,,,,"   67",",,7,0800","  156",",,7"
"USC00040176","2012-01-09","34.5594","-115.7443","200.6","AMBOY, CA US","    0",",,7,0800",,,,,"  200",",,7","   33",",,7",,,,,"   61",",,7,0800","  148",",,7"
"USC00040176","2012-01-10","34.5594","-115.7443","200.6","AMBOY, CA US","    0",",,7,0800",,,,,"  217",",,7","    6",",,7",,,,,"   33",",,7,0800","   67",",,7"
"USC00040176","2012-01-11","34.5594","-115.7443","200.6","AMBOY, CA US","    0",",,7,0800",,,,,"  217",",,7","   -6",",,7",,,,,"   61",",,7,0800","    0",",,7"
"USC00040176","2012-01-12","34.5594","-115.7443","200.6","AMBOY, CA US","    0",",,7,0800",,,,,"  206",",,7","   39",",,7",,,,,"   61",",,7,0800",,
"USC00040176","2012-01-13","34.5594","-115.7443","200.6","AMBOY, CA US","    0",",,7,0800",,,,,"  206",",,7","   22",",,7",,,,,"   67",",,7,0800",,
"USC00040176","2012-01-16","34.5594","-115.7443","200.6","AMBOY, CA US","    0","T,,7,0800",,,,,"  178",",,7","   33",",,7",,,,,"   72",",,7,0800","    0",",,7"
"USC00040176","2012-01-17","34.5594","-115.7443","200.6","AMBOY, CA US","    0",",,7,0800",,,,,"  156",",,7","   28",",,7",,,,,"   78",",,7,0800",,
"USC00040176","2012-01-18","34.5594","-115.7443","200.6","AMBOY, CA US","    0",",,7,0800",,,,,"  178",",,7","   11",",,7",,,,,"   39",",,7,0800","   36",",,7"
"USC00040176","2012-01-19","34.5594","-115.7443","200.6","AMBOY, CA US","    0",",,7,0800",,,,,"  178",",,7","   11",",,7",,,,,"   39",",,7,0800","   36",",,7"
"USC00040176","2012-01-20","34.5594","-115.7443","200.6","AMBOY, CA US","    0",",,7,0800",,,,,"  189",",,7","   39",",,7",,,,,"   67",",,7,0800","   31",",,7"
"USC00040176","2012-01-21","34.5594","-115.7443","200.6","AMBOY, CA US","    0",",,7,0800",,,,,"  211",",,7","   67",",,7",,,,,"  122",",,7,0800","   40",",,7"
"USC00040176","2012-01-22","34.5594","-115.7443","200.6","AMBOY, CA US","    0",",,7,0800",,,,,"  250",",,7","   61",",,7",,,,,"   78",",,7,0800","  264",",,7"
"USC00040176","2012-01-23","34.5594","-115.7443","200.6","AMBOY, CA US","    0",",,7,0800",,,,,"  178",",,7","   50",",,7",,,,,"   72",",,7,0800","   13",",,7"
"USC00040176","2012-01-24","34.5594","-115.7443","200.6","AMBOY, CA US","    5",",,7,0800",,,,,"  178",",,7","   72",",,7",,,,,"  117",",,7,0800","   94",",,7"
"USC00040176","2012-01-25","34.5594","-115.7443","200.6","AMBOY, CA US","    0",",,7,0800",,,,,"  194",",,7","   72",",,7",,,,,"  111",",,7,0800","  125",",,7"
"USC00040176","2012-01-26","34.5594","-115.7443","200.6","AMBOY, CA US","    0",",,7,0800",,,,,"  250",",,7","   72",",,7",,,,,"  111",",,7,0800","  121",",,7"
"USC00040176","2012-01-27","34.5594","-115.7443","200.6","AMBOY, CA US","    0",",,7,0800",,,,,"  267",",,7","   72",",,7",,,,,"  150",",,7,0800","  125",",,7"
"USC00040176","2012-01-29","34.5594","-115.7443","200.6","AMBOY, CA US","    0",",,7,0800",,,,,,,"   11",",,7",,,,,"   78",",,7,0800",,
"USC00040176","2012-01-30","34.5594","-115.7443","200.6","AMBOY, CA US","    0",",,7,0800",,,,,"  272",",,7","    6",",,7",,,,,"   28",",,7,0800","   40",",,7"
"USC00040176","2012-01-31","34.5594","-115.7443","200.6","AMBOY, CA US","    0",",,7,0800",,,,,"  267",",,7","   17",",,7",,,,,"   50",",,7,0800","   31",",,7"
"USC00040176","2012-02-01","34.5594","-115.7443","200.6","AMBOY, CA US","    0",",,7,0800",,,,,"  217",",,7","   44",",,7",,,,,"   78",",,7,0800","   63",",,7"
"USC00040176","2012-02-02","34.5594","-115.7443","200.6","AMBOY, CA US","    0",",,7,0800",,,,,"  228",",,7","   78",",,7",,,,,"  117",",,7,0800","  264",",,7"
"USC00040176","2012-02-03","34.5594","-115.7443","200.6","AMBOY, CA US","    0",",,7,0800",,,,,"  206",",,7","   67",",,7",,,,,"  117",",,7,0800","   54",",,7"
"USC00040176","2012-02-04","34.5594","-115.7443","200.6","AMBOY, CA US","    0",",,7,0800",,,,,"  194",",,7","   44",",,7",,,,,"   56",",,7,0800","    0",",,7"
"USC00040176","2012-02-05","34.5594","-115.7443","200.6","AMBOY, CA US","    0",",,7,0800",,,,,"  206",",,7","   39",",,7",,,,,"   56",",,7,0800","   45",",,7"
"USC00040176","2012-02-06","34.5594","-115.7443","200.6","AMBOY, CA US","    0",",,7,0800",,,,,"  217",",,7","   28",",,7",,,,,"   61",",,7,0800","   94",",,7"
"USC00040176","2012-02-07","34.5594","-115.7443","200.6","AMBOY, CA US","    0",",,7,0800",,,,,"  222",",,7","   39",",,7",,,,,"  100",",,7,0800","   45",",,7"
"USC00040176","2012-02-08","34.5594","-115.7443","200.6","AMBOY, CA US","    0",",,7,0800",,,,,"  189",",,7","   94",",,7",,,,,"  111",",,7,0800","   72",",,7"
"USC00040176","2012-02-09","34.5594","-115.7443","200.6","AMBOY, CA US","    0",",,7,0800",,,,,"  250",",,7","   67",",,7",,,,,"  117",",,7,0800","   45",",,7"
"USC00040176","2012-02-10","34.5594","-115.7443","200.6","AMBOY, CA US","    0",",,7,0800",,,,,"  267",",,7","   61",",,7",,,,,"  122",",,7,0800",,
"USC00040176","2012-02-11","34.5594","-115.7443","200.6","AMBOY, CA US","    0",",,7,0800",,,,,"  267",",,7","   78",",,7",,,,,"  122",",,7,0800",,
"USC00040176","2012-02-12","34.5594","-115.7443","200.6","AMBOY, CA US","    0",",,7,0800",,,,,"  244",",,7","  117",",,7",,,,,"  144",",,7,0800","  103",",,7"
"USC00040176","2012-02-13","34.5594","-115.7443","200.6","AMBOY, CA US","    0",",,7,0800",,,,,"  250",",,7","   83",",,7",,,,,"  106",",,7,0800","  121",",,7"
"USC00040176","2012-02-14","34.5594","-115.7443","200.6","AMBOY, CA US","    0",",,7,0800",,,,,"  217",",,7","   61",",,7",,,,,"  100",",,7,0800","  174",",,7"
"USC00040176","2012-02-15","34.5594","-115.7443","200.6","AMBOY, CA US","    0",",,7,0800",,,,,"  217",",,7","   28",",,7",,,,,"   67",",,7,0800","  112",",,7"
"USC00040176","2012-02-17","34.5594","-115.7443","200.6","AMBOY, CA US","    0",",,7,0800",,,,,"  222",",,7","   94",",,7",,,,,"  111",",,7,0800","   31",",,7"
"USC00040176","2012-02-18","34.5594","-115.7443","200.6","AMBOY, CA US","    0",",,7,0800",,,,,"  222",",,7","   61",",,7",,,,,"  122",",,7,0800","   45",",,7"
"USC00040176","2012-02-19","34.5594","-115.7443","200.6","AMBOY, CA US","    0",",,7,0800",,,,,"  217",",,7","  122",",,7",,,,,"  144",",,7,0800","   22",",,7"
"USC00040176","2012-02-20","34.5594","-115.7443","200.6","AMBOY, CA US","    0",",,7,0800",,,,,"  200",",,7","   28",",,7",,,,,"   50",",,7,0800","  165",",,7"
"USC00040176","2012-02-21","34.5594","-115.7443","200.6","AMBOY, CA US","    0",",,7,0800",,,,,"  194",",,7","   22",",,7",,,,,"   78",",,7,0800","   31",",,7"
"USC00040176","2012-02-22","34.5594","-115.7443","200.6","AMBOY, CA US","    0",",,7,0800",,,,,"  244",",,7","   22",",,7",,,,,"  117",",,7,0800","   89",",,7"
"USC00040176","2012-02-23","34.5594","-115.7443","200.6","AMBOY, CA US","    0",",,7,0800",,,,,"  278",",,7","   78",",,7",,,,,"  122",",,7,0800","   58",",,7"
"USC00040176","2012-02-24","34.5594","-115.7443","200.6","AMBOY, CA US","    0",",,7,0800",,,,,"  300",",,7","  117",",,7",,,,,"  133",",,7,0800","   72",",,7"
"USC00040176","2012-02-25","34.5594","-115.7443","200.6","AMBOY, CA US","    0",",,7,0800",,,,,"  261",",,7","   94",",,7",,,,,"  133",",,7,0800","   94",",,7"
"USC00040176","2012-02-26","34.5594","-115.7443","200.6","AMBOY, CA US","    0",",,7,0800",,,,,"  283",",,7","  111",",,7",,,,,"  144",",,7,0800","   22",",,7"
"USC00040176","2012-02-27","34.5594","-115.7443","200.6","AMBOY, CA US","    0",",,7,0800",,,,,"  283",",,7","   72",",,7",,,,,"  117",",,7,0800","  121",",,7"
"USC00040176","2012-02-28","34.5594","-115.7443","200.6","AMBOY, CA US","   10",",,7,0800",,,,,"  217",",,7","   39",",,7",,,,,"   89",",,7,0800","   63",",,7"
"USC00040176","2012-02-29","34.5594","-115.7443","200.6","AMBOY, CA US","    0",",,7,0800","    0",",,7","    0",",,7","  178",",,7","   39",",,7",,,,,"   72",",,7,0800","  112",",,7"
"USC00040176","2012-03-01","34.5594","-115.7443","200.6","AMBOY, CA US","    0",",,7,0800",,,,,"  200",",,7","   33",",,7",,,,,"  139",",,7,0800","  121",",,7"
"USC00040176","2012-03-02","34.5594","-115.7443","200.6","AMBOY, CA US","    0",",,7,0800",,,,,"  244",",,7","   83",",,7",,,,,"  106",",,7,0800","  170",",,7"
"USC00040176","2012-03-03","34.5594","-115.7443","200.6","AMBOY, CA US","    0",",,7,0800",,,,,"  189",",,7","   11",",,7",,,,,"   50",",,7,0800","  161",",,7"
"USC00040176","2012-03-04","34.5594","-115.7443","200.6","AMBOY, CA US","    0",",,7,0800",,,,,"  239",",,7","   50",",,7",,,,,"   94",",,7,0800","  103",",,7"
"USC00040176","2012-03-05","34.5594","-115.7443","200.6","AMBOY, CA US","    0",",,7,0800",,,,,"  289",",,7","   94",",,7",,,,,"  122",",,7,0800","   49",",,7"
"USC00040176","2012-03-06","34.5594","-115.7443","200.6","AMBOY, CA US","    0",",,7,0800",,,,,"  272",",,7","   72",",,7",,,,,"  128",",,7,0800","   67",",,7"
"USC00040176","2012-03-07","34.5594","-115.7443","200.6","AMBOY, CA US","    0",",,7,0800",,,,,"  300",",,7","   67",",,7",,,,,"   89",",,7,0800","  241",",,7"
"USC00040176","2012-03-08","34.5594","-115.7443","200.6","AMBOY, CA US","    0",",,7,0800",,,,,"  294",",,7","   56",",,7",,,,,"  106",",,7,0800","  161",",,7"
"USC00040176","2012-03-09","34.5594","-115.7443","200.6","AMBOY, CA US","    0",",,7,0800",,,,,"  294",",,7","   39",",,7",,,,,"   89",",,7,0800","   54",",,7"
"USC00040176","2012-03-10","34.5594","-115.7443","200.6","AMBOY, CA US","    0",",,7,0800",,,,,"  272",",,7","   61",",,7",,,,,"  111",",,7,0800","   45",",,7"
"USC00040176","2012-03-11","34.5594","-115.7443","200.6","AMBOY, CA US","    0",",,7,0800",,,,,"  272",",,7","   56",",,7",,,,,"  122",",,7,0800","  112",",,7"
"USC00040176","2012-03-12","34.5594","-115.7443","200.6","AMBOY, CA US","    0",",,7,0800",,,,,"  272",",,7","  100",",,7",,,,,"  122",",,7,0800","   80",",,7"
"USC00040176","2012-03-13","34.5594","-115.7443","200.6","AMBOY, CA US","    0",",,7,0800",,,,,"  267",",,7","  111",",,7",,,,,,,"   89",",,7"
"USC00040176","2012-03-14","34.5594","-115.7443","200.6","AMBOY, CA US","    0",",,7,0800",,,,,"  278",",,7","  111",",,7",,,,,"  144",",,7,0800","   85",",,7"
"USC00040176","2012-03-15","34.5594","-115.7443","200.6","AMBOY, CA US","    0",",,7,0800",,,,,"  283",",,7","  106",",,7",,,,,"  117",",,7,0800","   85",",,7"
"USC00040176","2012-03-16","34.5594","-115.7443","200.6","AMBOY, CA US","    0",",,7,0800",,,,,"  289",",,7","  106",",,7",,,,,"  150",",,7,0800","   76",",,7"
"USC00040176","2012-03-17","34.5594","-115.7443","200.6","AMBOY, CA US","    0",",,7,0800",,,,,"  289",",,7","  150",",,7",,,,,"  161",",,7,0800","  116",",,7"
"USC00040176","2012-03-18","34.5594","-115.7443","200.6","AMBOY, CA US","    3",",,7,0800",,,,,"  233",",,7","   39",",,7",,,,,"   44",",,7,0800","  161",",,7"
"USC00040176","2012-03-19","34.5594","-115.7443","200.6","AMBOY, CA US","    0",",,7,0800",,,,,"  161",",,7","   44",",,7",,,,,"   83",",,7,0800","  179",",,7"
"USC00040176","2012-03-20","34.5594","-115.7443","200.6","AMBOY, CA US","    0",",,7,0800",,,,,"  183",",,7","   39",",,7",,,,,"   72",",,7,0800","  121",",,7"
"USC00040176","2012-03-21","34.5594","-115.7443","200.6","AMBOY, CA US","    0",",,7,0800",,,,,"  228",",,7","   72",",,7",,,,,"  100",",,7,0800","   67",",,7"
"USC00040176","2012-03-22","34.5594","-115.7443","200.6","AMBOY, CA US","    0",",,7,0800",,,,,"  283",",,7","   67",",,7",,,,,"  178",",,7,0800","   63",",,7"
"USC00040176","2012-03-23","34.5594","-115.7443","200.6","AMBOY, CA US","    0",",,7,0800",,,,,"  317",",,7","   67",",,7",,,,,"  172",",,7,0800","   49",",,7"
"USC00040176","2012-03-24","34.5594","-115.7443","200.6","AMBOY, CA US","    0",",,7,0800",,,,,"  294",",,7","  139",",,7",,,,,"  150",",,7,0800","   89",",,7"
"USC00040176","2012-03-25","34.5594","-115.7443","200.6","AMBOY, CA US","    0",",,7,0800",,,,,"  294",",,7","  150",",,7",,,,,"  172",",,7,0800","  107",",,7"
"USC00040176","2012-03-26","34.5594","-115.7443","200.6","AMBOY, CA US","    0",",,7,0800",,,,,"  289",",,7","   83",",,7",,,,,"   94",",,7,0800","  130",",,7"
"USC00040176","2012-03-27","34.5594","-115.7443","200.6","AMBOY, CA US","    0",",,7,0800",,,,,"  233",",,7","   89",",,7",,,,,"  117",",,7,0800","   36",",,7"
"USC00040176","2012-03-28","34.5594","-115.7443","200.6","AMBOY, CA US","    0",",,7,0800",,,,,"  261",",,7","   78",",,7",,,,,"  144",",,7,0800","   76",",,7"
"USC00040176","2012-03-29","34.5594","-115.7443","200.6","AMBOY, CA US","    0",",,7,0800",,,,,"  294",",,7","   78",",,7",,,,,"  172",",,7,0800"," 1305",",X,7"
"USC00040176","2012-03-30","34.5594","-115.7443","200.6","AMBOY, CA US","    0",",,7,0800",,,,,"  294",",,7","  150",",,7",,,,,"  167",",,7,0800","  116",",,7"
"USC00040176","2012-03-31","34.5594","-115.7443","200.6","AMBOY, CA US","    0",",,7,0800",,,,,"  322",",,7","  139",",,7",,,,,"  172",",,7,0800","   76",",,7"
"USC00040176","2012-04-01","34.5594","-115.7443","200.6","AMBOY, CA US","    0",",,7,0800",,,,,"  339",",,7","  117",",,7",,,,,"  133",",,7,0800","  152",",,7"
"USC00040176","2012-04-02","34.5594","-115.7443","200.6","AMBOY, CA US","    0",",,7,0800",,,,,"  244",",,7","  133",",,7",,,,,"  156",",,7,0800","  232",",,7"
"USC00040176","2012-04-03","34.5594","-115.7443","200.6","AMBOY, CA US","    0",",,7,0800",,,,,"  250",",,7","   89",",,7",,,,,"  117",",,7,0800","  165",",,7"
"USC00040176","2012-04-04","34.5594","-115.7443","200.6","AMBOY, CA US","    0",",,7,0800",,,,,"  294",",,7","  117",",,7",,,,,"  139",",,7,0800","  107",",,7"
"USC00040176","2012-04-05","34.5594","-115.7443","200.6","AMBOY, CA US","    0",",,7,0800",,,,,"  311",",,7","  139",",,7",,,,,"  161",",,7,0800","  125",",,7"
"USC00040176","2012-04-06","34.5594","-115.7443","200.6","AMBOY, CA US","    0",",,7,0800",,,,,"  272",",,7","   94",",,7",,,,,"  117",",,7,0800","  192",",,7"
"USC00040176","2012-04-07","34.5594","-115.7443","200.6","AMBOY, CA US","    0",",,7,0800",,,,,"  272",",,7","   78",",,7",,,,,"   89",",,7,0800","  179",",,7"
"USC00040176","2012-04-08","34.5594","-115.7443","200.6","AMBOY, CA US","    0",",,7,0800",,,,,"  294",",,7","   67",",,7",,,,,"  156",",,7,0800","   54",",,7"
"USC00040176","2012-04-09","34.5594","-115.7443","200.6","AMBOY, CA US","    0",",,7,0800",,,,,"  311",",,7","   72",",,7",,,,,"  139",",,7,0800","   80",",,7"
"USC00040176","2012-04-10","34.5594","-115.7443","200.6","AMBOY, CA US","    0",",,7,0800",,,,,"  317",",,7","  139",",,7",,,,,"  172",",,7,0800","  112",",,7"
"USC00040176","2012-04-11","34.5594","-115.7443","200.6","AMBOY, CA US","    0",",,7,0800",,,,,"  339",",,7","  150",",,7",,,,,"  178",",,7,0800","  139",",,7"
"USC00040176","2012-04-12","34.5594","-115.7443","200.6","AMBOY, CA US","    0",",,7,0800",,,,,"  250",",,7","  122",",,7",,,,,"  144",",,7,0800","  130",",,7"
"USC00040176","2012-04-13","34.5594","-115.7443","200.6","AMBOY, CA US","    0",",,7,0800",,,,,"  256",",,7","  122",",,7",,,,,"  150",",,7,0800","  148",",,7"
"USC00040176","2012-04-14","34.5594","-115.7443","200.6","AMBOY, CA US","    0",",,7,0800",,,,,"  228",",,7","   94",",,7",,,,,"  117",",,7,0800"," 1305",",X,7"
"USC00040176","2012-04-15","34.5594","-115.7443","200.6","AMBOY, CA US","    0",",,7,0800",,,,,"  206",",,7","  106",",,7",,,,,"  128",",,7,0800","   80",",,7"
"USC00040176","2012-04-16","34.5594","-115.7443","200.6","AMBOY, CA US","    0",",,7,0800",,,,,"  267",",,7","  128",",,7",,,,,"  156",",,7,0800","   89",",,7"
"USC00040176","2012-04-17","34.5594","-115.7443","200.6","AMBOY, CA US","    0",",,7,0800",,,,,"  311",",,7","  128",",,7",,,,,"  167",",,7,0800","   67",",,7"
"USC00040176","2012-04-18","34.5594","-115.7443","200.6","AMBOY, CA US","    0",",,7,0800",,,,,"  344",",,7","  128",",,7",,,,,"  211",",,7,0800","   76",",,7"
"USC00040176","2012-04-19","34.5594","-115.7443","200.6","AMBOY, CA US","    0",",,7,0800",,,,,"  356",",,7","  122",",,7",,,,,"  233",",,7,0800","  107",",,7"
"USC00040176","2012-04-20","34.5594","-115.7443","200.6","AMBOY, CA US","    0",",,7,0800",,,,,"  378",",,7","  189",",,7",,,,,"  228",",,7,0800","  139",",,7"
"USC00040176","2012-04-21","34.5594","-115.7443","200.6","AMBOY, CA US","    0",",,7,0800",,,,,"  389",",,7","  189",",,7",,,,,"  222",",,7,0800","   85",",,7"
"USC00040176","2012-04-22","34.5594","-115.7443","200.6","AMBOY, CA US","    0",",,7,0800",,,,,"  406",",,7","  211",",,7",,,,,"  233",",,7,0800","   76",",,7"
"USC00040176","2012-04-23","34.5594","-115.7443","200.6","AMBOY, CA US","    0",",,7,0800",,,,,"  417",",,7","  194",",,7",,,,,"  250",",,7,0800","  121",",,7"
"USC00040176","2012-04-24","34.5594","-115.7443","200.6","AMBOY, CA US","    0",",,7,0800",,,,,"  389",",,7","  206",",,7",,,,,"  228",",,7,0800","  179",",,7"
"USC00040176","2012-04-25","34.5594","-115.7443","200.6","AMBOY, CA US","    0",",,7,0800",,,,,"  356",",,7","  206",",,7",,,,,"  278",",,7,0800","   76",",,7"
"USC00040176","2012-04-26","34.5594","-115.7443","200.6","AMBOY, CA US","   76",",,7,0800",,,,,"  356",",,7","  156",",,7",,,,,"  167",",,7,0800","  121",",,7"
"USC00040176","2012-04-28","34.5594","-115.7443","200.6","AMBOY, CA US","    0",",,7,0800",,,,,"  350",",,7","  156",",,7",,,,,"  250",",,7,0800","  112",",,7"
"USC00040176","2012-04-29","34.5594","-115.7443","200.6","AMBOY, CA US","    0",",,7,0800",,,,,"  339",",,7","  200",",,7",,,,,"  206",",,7,0800",,
"USC00040176","2012-04-30","34.5594","-115.7443","200.6","AMBOY, CA US","    0",",,7,0800",,,,,"  356",",,7","  161",",,7",,,,,"  233",",,7,0800","   80",",,7"
"USC00040176","2012-05-01","34.5594","-115.7443","200.6","AMBOY, CA US","    0",",,7,0800",,,,,"  367",",,7","  206",",,7",,,,,"  250",",,7,0800","  116",",,7"
"USC00040176","2012-05-02","34.5594","-115.7443","200.6","AMBOY, CA US","    0",",,7,0800",,,,,"  361",",,7","  183",",,7",,,,,"  228",",,7,0800","  125",",,7"
"USC00040176","2012-05-03","34.5594","-115.7443","200.6","AMBOY, CA US","    0",",,7,0800",,,,,"  322",",,7","  178",",,7",,,,,"  206",",,7,0800","   85",",,7"
"USC00040176","2012-05-04","34.5594","-115.7443","200.6","AMBOY, CA US","    0",",,7,0800",,,,,"  339",",,7","  189",",,7",,,,,"  217",",,7,0800","  107",",,7"
"USC00040176","2012-05-05","34.5594","-115.7443","200.6","AMBOY, CA US","    0",",,7,0800",,,,,"  344",",,7","  194",",,7",,,,,"  217",",,7,0800","  112",",,7"
"USC00040176","2012-05-06","34.5594","-115.7443","200.6","AMBOY, CA US","    0",",,7,0800",,,,,"  300",",,7","  178",",,7",,,,,"  222",",,7,0800","  103",",,7"
"USC00040176","2012-05-07","34.5594","-115.7443","200.6","AMBOY, CA US","    0",",,7,0800",,,,,"  350",",,7","  172",",,7",,,,,"  233",",,7,0800","  112",",,7"
"USC00040176","2012-05-08","34.5594","-115.7443","200.6","AMBOY, CA US","    0",",,7,0800",,,,,"  339",",,7","  200",",,7",,,,,"  256",",,7,0800","  201",",,7"
"USC00040176","2012-05-09","34.5594","-115.7443","200.6","AMBOY, CA US","    0",",,7,0800",,,,,,,,,,,,,,,,
"USC00040176","2012-05-10","34.5594","-115.7443","200.6","AMBOY, CA US","    0",",,7,0800",,,,,,,,,,,,,,,,
"USC00040176","2012-05-11","34.5594","-115.7443","200.6","AMBOY, CA US","    0",",,7,0800",,,,,,,,,,,,,,,,
"USC00040176","2012-05-12","34.5594","-115.7443","200.6","AMBOY, CA US","    0",",,7,0800",,,,,,,,,,,,,,,,
"USC00040176","2012-05-13","34.5594","-115.7443","200.6","AMBOY, CA US","    0",",,7,0800",,,,,,,,,,,,,,,,
"USC00040176","2012-05-14","34.5594","-115.7443","200.6","AMBOY, CA US","    0",",,7,0800",,,,,,,,,,,,,,,,
"USC00040176","2012-05-15","34.5594","-115.7443","200.6","AMBOY, CA US","    0",",,7,0800",,,,,,,,,,,,,,,,
"USC00040176","2012-05-16","34.5594","-115.7443","200.6","AMBOY, CA US","    0",",,7,0800",,,,,,,,,,,,,,,,
"USC00040176","2012-05-17","34.5594","-115.7443","200.6","AMBOY, CA US","    0",",,7,0800",,,,,,,,,,,,,,,,
"USC00040176","2012-05-18","34.5594","-115.7443","200.6","AMBOY, CA US","    0",",,7,0800",,,,,,,,,,,,,,,,
"USC00040176","2012-05-19","34.5594","-115.7443","200.6","AMBOY, CA US","    0",",,7,0800",,,,,,,,,,,,,,,,
"USC00040176","2012-05-20","34.5594","-115.7443","200.6","AMBOY, CA US","    0",",,7,0800",,,,,,,,,,,,,,,,
"USC00040176","2012-05-21","34.5594","-115.7443","200.6","AMBOY, CA US","    0",",,7,0800",,,,,,,,,,,,,,,,
"USC00040176","2012-05-22","34.5594","-115.7443","200.6","AMBOY, CA US","    0",",,7,0800",,,,,,,,,,,,,,,,
"USC00040176","2012-05-23","34.5594","-115.7443","200.6","AMBOY, CA US","    0",",,7,0800",,,,,,,,,,,,,,,,
"USC00040176","2012-05-24","34.5594","-115.7443","200.6","AMBOY, CA US","    0",",,7,0800",,,,,"  383",",,7","  244",",,7",,,,,"  272",",,7,0800",,
"USC00040176","2012-05-25","34.5594","-115.7443","200.6","AMBOY, CA US","    0",",,7,0800",,,,,,,,,,,,,,,,
"USC00040176","2012-05-26","34.5594","-115.7443","200.6","AMBOY, CA US","    0",",,7,0800",,,,,,,,,,,,,,,,
"USC00040176","2012-05-27","34.5594","-115.7443","200.6","AMBOY, CA US","    0",",,7,0800",,,,,"  283",",,7","  167",",,7",,,,,"  217",",,7,0800",,
"USC00040176","2012-05-28","34.5594","-115.7443","200.6","AMBOY, CA US","    0",",,7,0800",,,,,"  322",",,7","  156",",,7",,,,,"  211",",,7,0800","  107",",,7"
"USC00040176","2012-05-29","34.5594","-115.7443","200.6","AMBOY, CA US","    0",",,7,0800",,,,,"  361",",,7","  211",",,7",,,,,"  261",",,7,0800","   89",",,7"
"USC00040176","2012-05-30","34.5594","-115.7443","200.6","AMBOY, CA US","    0",",,7,0800",,,,,"  389",",,7","  211",",,7",,,,,"  294",",,7,0800","   85",",,7"
"USC00040176","2012-05-31","34.5594","-115.7443","200.6","AMBOY, CA US","    0",",,7,0800",,,,,"  400",",,7","  244",",,7",,,,,"  311",",,7,0800","  112",",,7"
"USC00040176","2012-06-01","34.5594","-115.7443","200.6","AMBOY, CA US","    0",",,7,0800",,,,,"  444",",,7","  289",",,7",,,,,"  328",",,7,0800","  112",",,7"
"USC00040176","2012-06-02","34.5594","-115.7443","200.6","AMBOY, CA US","    0",",,7,0800",,,,,"  461",",,7","  283",",,7",,,,,"  339",",,7,0800","  107",",,7"
"USC00040176","2012-06-03","34.5594","-115.7443","200.6","AMBOY, CA US","    0",",,7,0800",,,,,"  461",",,7","  250",",,7",,,,,"  294",",,7,0800","  107",",,7"
"USC00040176","2012-06-04","34.5594","-115.7443","200.6","AMBOY, CA US","    0",",,7,0800",,,,,"  411",",,7","  222",",,7",,,,,"  294",",,7,0800","  116",",,7"
"USC00040176","2012-06-05","34.5594","-115.7443","200.6","AMBOY, CA US","    0",",,7,0800",,,,,"  411",",,7","  206",",,7",,,,,"  222",",,7,0800","  116",",,7"
"USC00040176","2012-06-06","34.5594","-115.7443","200.6","AMBOY, CA US","    0",",,7,0800",,,,,"  344",",,7","  194",",,7",,,,,"  239",",,7,0800","  170",",,7"
"USC00040176","2012-06-07","34.5594","-115.7443","200.6","AMBOY, CA US","    0",",,7,0800",,,,,"  361",",,7","  211",",,7",,,,,"  256",",,7,0800","  134",",,7"
"USC00040176","2012-06-08","34.5594","-115.7443","200.6","AMBOY, CA US","    0",",,7,0800",,,,,"  394",",,7","  228",",,7",,,,,"  272",",,7,0800","   80",",,7"
"USC00040176","2012-06-09","34.5594","-115.7443","200.6","AMBOY, CA US","    0",",,7,0800",,,,,"  417",",,7","  244",",,7",,,,,"  289",",,7,0800","  121",",,7"
"USC00040176","2012-06-10","34.5594","-115.7443","200.6","AMBOY, CA US","    0",",,7,0800",,,,,"  400",",,7","  233",",,7",,,,,"  278",",,7,0800","  134",",,7"
"USC00040176","2012-06-11","34.5594","-115.7443","200.6","AMBOY, CA US","    0",",,7,0800",,,,,"  389",",,7","  194",",,7",,,,,"  256",",,7,0800","  139",",,7"
"USC00040176","2012-06-12","34.5594","-115.7443","200.6","AMBOY, CA US","    0",",,7,0800",,,,,"  411",",,7","  211",",,7",,,,,"  294",",,7,0800","   58",",,7"
"USC00040176","2012-06-13","34.5594","-115.7443","200.6","AMBOY, CA US","    0",",,7,0800",,,,,"  428",",,7","  228",",,7",,,,,"  322",",,7,0800","   67",",,7"
"USC00040176","2012-06-14","34.5594","-115.7443","200.6","AMBOY, CA US","    0",",,7,0800",,,,,"  428",",,7","  250",",,7",,,,,"  294",",,7,0800","   76",",,7"
"USC00040176","2012-06-15","34.5594","-115.7443","200.6","AMBOY, CA US","    0",",,7,0800",,,,,"  428",",,7","  222",",,7",,,,,"  289",",,7,0800",,
"USC00040176","2012-06-16","34.5594","-115.7443","200.6","AMBOY, CA US","    0",",,7,0800",,,,,"  428",",,7","  222",",,7",,,,,"  283",",,7,0800","  107",",,7"
"USC00040176","2012-06-17","34.5594","-115.7443","200.6","AMBOY, CA US","    0",",,7,0800",,,,,"  428",",,7","  222",",,7",,,,,"  322",",,7,0800",,
"USC00040176","2012-06-18","34.5594","-115.7443","200.6","AMBOY, CA US","    0",",,7,0800",,,,,"  444",",,7","  222",",,7",,,,,"  322",",,7,0800","  112",",,7"
"USC00040176","2012-06-19","34.5594","-115.7443","200.6","AMBOY, CA US","    0",",,7,0800",,,,,"  456",",,7","  278",",,7",,,,,"  339",",,7,0800","   80",",,7"
"USC00040176","2012-06-20","34.5594","-115.7443","200.6","AMBOY, CA US","    0",",,7,0800",,,,,"  450",",,7","  267",",,7",,,,,"  317",",,7,0800","  179",",,7"
"USC00040176","2012-06-21","34.5594","-115.7443","200.6","AMBOY, CA US","    0",",,7,0800",,,,,"  439",",,7","  239",",,7",,,,,"  311",",,7,0800","  143",",,7"
"USC00040176","2012-06-22","34.5594","-115.7443","200.6","AMBOY, CA US","    0",",,7,0800",,,,,"  439",",,7","  267",",,7",,,,,"  306",",,7,0800","   98",",,7"
"USC00040176","2012-06-23","34.5594","-115.7443","200.6","AMBOY, CA US","    0",",,7,0800",,,,,"  417",",,7","  244",",,7",,,,,"  272",",,7,0800","  134",",,7"
"USC00040176","2012-06-24","34.5594","-115.7443","200.6","AMBOY, CA US","    0",",,7,0800",,,,,"  411",",,7","  244",",,7",,,,,"  278",",,7,0800","  116",",,7"
"USC00040176","2012-06-25","34.5594","-115.7443","200.6","AMBOY, CA US","    0",",,7,0800",,,,,"  428",",,7","  250",",,7",,,,,"  283",",,7,0800","  107",",,7"
"USC00040176","2012-06-26","34.5594","-115.7443","200.6","AMBOY, CA US","    0",",,7,0800",,,,,"  422",",,7","  239",",,7",,,,,"  283",",,7,0800","  116",",,7"
"USC00040176","2012-06-27","34.5594","-115.7443","200.6","AMBOY, CA US","    0",",,7,0800",,,,,"  411",",,7","  244",",,7",,,,,"  289",",,7,0800","  112",",,7"
"USC00040176","2012-07-02","34.5594","-115.7443","200.6","AMBOY, CA US","    0",",,7,0800",,,,,"  428",",,7","  267",",,7",,,,,"  317",",,7,0800",,
"USC00040176","2012-07-03","34.5594","-115.7443","200.6","AMBOY, CA US","    0",",,7,0800",,,,,"  422",",,7","  250",",,7",,,,,"  306",",,7,0800",,
"USC00040176","2012-07-04","34.5594","-115.7443","200.6","AMBOY, CA US","    0",",,7,0800",,,,,"  417",",,7","  278",",,7",,,,,"  306",",,7,0800","  148",",,7"
"USC00040176","2012-07-09","34.5594","-115.7443","200.6","AMBOY, CA US","    0",",,7,0800",,,,,"  461",",,7","  294",",,7",,,,,"  350",",,7,0800","   80",",,7"
"USC00040176","2012-07-10","34.5594","-115.7443","200.6","AMBOY, CA US","    0",",,7,0800",,,,,"  478",",,7","  294",",,7",,,,,"  378",",,7,0800","   94",",,7"
"USC00040176","2012-07-11","34.5594","-115.7443","200.6","AMBOY, CA US","    0",",,7,0800",,,,,"  489",",,7","  344",",,7",,,,,"  367",",,7,0800","  130",",,7"
"USC00040176","2012-07-16","34.5594","-115.7443","200.6","AMBOY, CA US","    0",",,7,0800",,,,,"  400",",,7","  261",",,7",,,,,"  300",",,7,0800","  107",",,7"
"USC00040176","2012-07-17","34.5594","-115.7443","200.6","AMBOY, CA US","    0",",,7,0800",,,,,"  417",",,7","  233",",,7",,,,,"  272",",,7,0800","  165",",,7"
"USC00040176","2012-07-18","34.5594","-115.7443","200.6","AMBOY, CA US","    0",",,7,0800",,,,,"  400",",,7","  239",",,7",,,,,"  283",",,7,0800","  116",",,7"
"USC00040176","2012-07-19","34.5594","-115.7443","200.6","AMBOY, CA US","    0",",,7,0800",,,,,"  411",",,7","  250",",,7",,,,,"  294",",,7,0800","   80",",,7"
"USC00040176","2012-07-20","34.5594","-115.7443","200.6","AMBOY, CA US","    0",",,7,0800",,,,,"  428",",,7","  294",",,7",,,,,"  333",",,7,0800","   58",",,7"
"USC00040176","2012-07-21","34.5594","-115.7443","200.6","AMBOY, CA US","    0",",,7,0800",,,,,"  439",",,7","  306",",,7",,,,,"  339",",,7,0800",,
"USC00040176","2012-07-23","34.5594","-115.7443","200.6","AMBOY, CA US","    0",",,7,0800",,,,,"  433",",,7","  333",",,7",,,,,"  350",",,7,0800","  156",",,7"
"USC00040176","2012-07-24","34.5594","-115.7443","200.6","AMBOY, CA US","    0",",,7,0800",,,,,"  428",",,7","  311",",,7",,,,,"  339",",,7,0800","  125",",,7"
"USC00040176","2012-07-25","34.5594","-115.7443","200.6","AMBOY, CA US","    0",",,7,0800",,,,,"  444",",,7","  294",",,7",,,,,"  328",",,7,0800","  156",",,7"
"USC00040176","2012-07-26","34.5594","-115.7443","200.6","AMBOY, CA US","    0",",,7,0800",,,,,"  444",",,7","  267",",,7",,,,,"  328",",,7,0800","   45",",,7"
"USC00040176","2012-07-27","34.5594","-115.7443","200.6","AMBOY, CA US","    0",",,7,0800",,,,,"  433",",,7","  256",",,7",,,,,"  289",",,7,0800","   58",",,7"
"USC00040176","2012-07-30","34.5594","-115.7443","200.6","AMBOY, CA US","    0",",,7,0800",,,,,"  439",",,7","  278",",,7",,,,,"  311",",,7,0800","   40",",,7"
"USC00040176","2012-07-31","34.5594","-115.7443","200.6","AMBOY, CA US","  310",",,7,0800",,,,,"  367",",,7","  239",",,7",,,,,"  244",",,7,0800","   49",",,7"
"USC00040176","2012-08-01","34.5594","-115.7443","200.6","AMBOY, CA US","   91",",,7,0800",,,,,"  283",",O,7","  239",",,7",,,,,"  267",",,7,0800","   36",",,7"
"USC00040176","2012-08-02","34.5594","-115.7443","200.6","AMBOY, CA US","    0",",,7,0800",,,,,"  344",",,7","  244",",,7",,,,,"  283",",,7,0800",,
"USC00040176","2012-08-03","34.5594","-115.7443","200.6","AMBOY, CA US","    0",",,7,0800",,,,,"  400",",,7","  283",",,7",,,,,"  317",",,7,0800",,
"USC00040176","2012-08-05","34.5594","-115.7443","200.6","AMBOY, CA US","    0",",,7,0800",,,,,"  439",",,7","  272",",,7",,,,,"  322",",,7,0800","   49",",,7"
"USC00040176","2012-08-06","34.5594","-115.7443","200.6","AMBOY, CA US","    0",",,7,0800",,,,,"  444",",,7","  306",",,7",,,,,"  328",",,7,0800","   49",",,7"
"USC00040176","2012-08-07","34.5594","-115.7443","200.6","AMBOY, CA US","    0",",,7,0800",,,,,"  450",",,7","  317",",,7",,,,,"  361",",,7,0800","   31",",,7"
"USC00040176","2012-08-08","34.5594","-115.7443","200.6","AMBOY, CA US","    0",",,7,0800",,,,,"  472",",,7","  317",",,7",,,,,"  356",",,7,0800","   40",",,7"
"USC00040176","2012-08-09","34.5594","-115.7443","200.6","AMBOY, CA US","    0",",,7,0800",,,,,"  472",",,7","  328",",,7",,,,,"  361",",,7,0800","  107",",,7"
"USC00040176","2012-08-10","34.5594","-115.7443","200.6","AMBOY, CA US","    0",",,7,0800",,,,,"  461",",,7","  311",",,7",,,,,"  328",",,7,0800","   89",",,7"
"USC00040176","2012-08-11","34.5594","-115.7443","200.6","AMBOY, CA US","    0",",,7,0800",,,,,"  467",",,7","  311",",,7",,,,,"  361",",,7,0800","  130",",,7"
"USC00040176","2012-08-12","34.5594","-115.7443","200.6","AMBOY, CA US","    0",",,7,0800",,,,,"  450",",,7","  294",",,7",,,,,"  339",",,7,0800","   49",",,7"
"USC00040176","2012-08-13","34.5594","-115.7443","200.6","AMBOY, CA US","    0",",,7,0800",,,,,"  467",",,7","  300",",,7",,,,,"  344",",,7,0800","  130",",,7"
"USC00040176","2012-08-14","34.5594","-115.7443","200.6","AMBOY, CA US","    0",",,7,0800",,,,,"  467",",,7","  289",",,7",,,,,"  339",",,7,0800","  121",",,7"
"USC00040176","2012-08-15","34.5594","-115.7443","200.6","AMBOY, CA US","    0",",,7,0800",,,,,"  467",",,7","  311",",,7",,,,,"  339",",,7,0800","  143",",,7"
"USC00040176","2012-08-18","34.5594","-115.7443","200.6","AMBOY, CA US","    0",",,7,0800",,,,,"  400",",,7","  294",",,7",,,,,"  317",",,7,0800","  116",",,7"
"USC00040176","2012-08-19","34.5594","-115.7443","200.6","AMBOY, CA US","    0",",,7,0800",,,,,"  411",",,7","  294",",,7",,,,,"  333",",,7,0800","  125",",,7"
"USC00040176","2012-08-20","34.5594","-115.7443","200.6","AMBOY, CA US","    0",",,7,0800",,,,,"  433",",,7","  322",",,7",,,,,"  333",",,7,0800","   89",",,7"
"USC00040176","2012-08-21","34.5594","-115.7443","200.6","AMBOY, CA US","    0",",,7,0800",,,,,"  433",",,7","  328",",,7",,,,,"  344",",,7,0800","   85",",,7"
"USC00040176","2012-08-22","34.5594","-115.7443","200.6","AMBOY, CA US","    0",",,7,0800",,,,,"  428",",,7","  306",",,7",,,,,"  311",",,7,0800","  116",",,7"
"USC00040176","2012-08-23","34.5594","-115.7443","200.6","AMBOY, CA US","  216",",,7,0800",,,,,"  311",",,7","  250",",,7",,,,,"  261",",,7,0800","   89",",,7"
"USC00040176","2012-08-27","34.5594","-115.7443","200.6","AMBOY, CA US","    0",",,7,0800",,,,,"  428",",,7","  250",",,7",,,,,"  283",",,7,0800","   94",",,7"
"USC00040176","2012-08-28","34.5594","-115.7443","200.6","AMBOY, CA US","    0",",,7,0800",,,,,"  428",",,7","  261",",,7",,,,,"  317",",,7,0800","  103",",,7"
"USC00040176","2012-08-29","34.5594","-115.7443","200.6","AMBOY, CA US","    0",",,7,0800",,,,,"  450",",,7","  261",",,7",,,,,"  322",",,7,0800","   80",",,7"
"USC00040176","2012-09-02","34.5594","-115.7443","200.6","AMBOY, CA US","    0",",,7,0800",,,,,"  411",",,7","  239",",,7",,,,,"  294",",,7,0800","   80",",,7"
"USC00040176","2012-09-03","34.5594","-115.7443","200.6","AMBOY, CA US","    0",",,7,0800",,,,,"  411",",,7","  272",",,7",,,,,"  294",",,7,0800","   58",",,7"
"USC00040176","2012-09-04","34.5594","-115.7443","200.6","AMBOY, CA US","    0","T,,7,0800",,,,,"  428",",,7","  272",",,7",,,,,"  322",",,7,0800","   54",",,7"
"USC00040176","2012-09-05","34.5594","-115.7443","200.6","AMBOY, CA US","    0",",,7,0800",,,,,"  422",",,7","  294",",,7",,,,,"  311",",,7,0800","  103",",,7"
"USC00040176","2012-09-08","34.5594","-115.7443","200.6","AMBOY, CA US","    0",",,7,0800",,,,,"  417",",,7","  289",",,7",,,,,"  322",",,7,0800","   40",",,7"
"USC00040176","2012-09-09","34.5594","-115.7443","200.6","AMBOY, CA US","    0",",,7,0800",,,,,"  422",",,7","  289",",,7",,,,,"  328",",,7,0800","   54",",,7"
"USC00040176","2012-09-10","34.5594","-115.7443","200.6","AMBOY, CA US","    0",",,7,0800",,,,,"  428",",,7","  272",",,7",,,,,"  289",",,7,0800","   89",",,7"
"USC00040176","2012-09-11","34.5594","-115.7443","200.6","AMBOY, CA US","    0",",,7,0800",,,,,"  378",",,7","  261",",,7",,,,,"  267",",,7,0800","  112",",,7"
"USC00040176","2012-09-12","34.5594","-115.7443","200.6","AMBOY, CA US","    0",",,7,0800",,,,,"  378",",,7","  256",",,7",,,,,,,,
"USC00040176","2012-09-13","34.5594","-115.7443","200.6","AMBOY, CA US","    0",",,7,0800",,,,,"  378",",,7","  228",",,7",,,,,"  261",",,7,0800","   63",",,7"
"USC00040176","2012-09-14","34.5594","-115.7443","200.6","AMBOY, CA US","    0",",,7,0800",,,,,"  417",",,7","  228",",,7",,,,,"  283",",,7,0800",,
"USC00040176","2012-09-15","34.5594","-115.7443","200.6","AMBOY, CA US","    0",",,7,0800",,,,,"  394",",,7","  228",",,7",,,,,"  244",",,7,0800","   31",",,7"
"USC00040176","2012-09-16","34.5594","-115.7443","200.6","AMBOY, CA US","    0",",,7,0800",,,,,"  389",",,7","  211",",,7",,,,,"  250",",,7,0800","   89",",,7"
"USC00040176","2012-09-17","34.5594","-115.7443","200.6","AMBOY, CA US","    0",",,7,0800",,,,,"  400",",,7","  211",",,7",,,,,"  256",",,7,0800","   80",",,7"
"USC00040176","2012-09-18","34.5594","-115.7443","200.6","AMBOY, CA US","    0",",,7,0800",,,,,"  406",",,7","  194",",,7",,,,,"  272",",,7,0800","  107",",,7"
"USC00040176","2012-09-19","34.5594","-115.7443","200.6","AMBOY, CA US","    0",",,7,0800",,,,,"  406",",,7","  228",",,7",,,,,"  250",",,7,0800","   80",",,7"
"USC00040176","2012-09-20","34.5594","-115.7443","200.6","AMBOY, CA US","    0",",,7,0800",,,,,"  411",",,7","  228",",,7",,,,,"  244",",,7,0800","    0",",,7"
"USC00040176","2012-09-21","34.5594","-115.7443","200.6","AMBOY, CA US","    0",",,7,0800",,,,,"  411",",,7","  222",",,7",,,,,"  244",",,7,0800","   72",",,7"
"USC00040176","2012-09-22","34.5594","-115.7443","200.6","AMBOY, CA US","    0",",,7,0800",,,,,"  417",",,7","  228",",,7",,,,,"  250",",,7,0800","   54",",,7"
"USC00040176","2012-09-23","34.5594","-115.7443","200.6","AMBOY, CA US","    0",",,7,0800",,,,,"  417",",,7","  233",",,7",,,,,"  272",",,7,0800","  121",",,7"
"USC00040176","2012-09-24","34.5594","-115.7443","200.6","AMBOY, CA US","    0",",,7,0800",,,,,"  411",",,7","  233",",,7",,,,,"  267",",,7,0800","  112",",,7"
"USC00040176","2012-09-25","34.5594","-115.7443","200.6","AMBOY, CA US","    0",",,7,0800",,,,,"  406",",,7","  239",",,7",,,,,"  256",",,7,0800","  156",",,7"
"USC00040176","2012-09-26","34.5594","-115.7443","200.6","AMBOY, CA US","    0",",,7,0800",,,,,"  372",",,7","  206",",,7",,,,,"  233",",,7,0800","  143",",,7"
"USC00040176","2012-09-27","34.5594","-115.7443","200.6","AMBOY, CA US","    0",",,7,0800",,,,,"  372",",,7","  200",",,7",,,,,"  244",",,7,0800","   89",",,7"
"USC00040176","2012-09-28","34.5594","-115.7443","200.6","AMBOY, CA US","    0",",,7,0800",,,,,"  383",",,7","  217",",,7",,,,,"  217",",,7,0800","  130",",,7"
"USC00040176","2012-09-29","34.5594","-115.7443","200.6","AMBOY, CA US","    0",",,7,0800",,,,,"  383",",,7","  206",",,7",,,,,"  222",",,7,0800","  107",",,7"
"USC00040176","2012-09-30","34.5594","-115.7443","200.6","AMBOY, CA US","    0",",,7,0800",,,,,"  394",",,7","  206",",,7",,,,,"  239",",,7,0800","  112",",,7"
"USC00040176","2012-10-01","34.5594","-115.7443","200.6","AMBOY, CA US","    0",",,7,0800",,,,,"  417",",,7","  211",",,7",,,,,"  256",",,7,0800","  103",",,7"
"USC00040176","2012-10-02","34.5594","-115.7443","200.6","AMBOY, CA US","    0",",,7,0800",,,,,"  417",",,7","  200",",,7",,,,,"  233",",,7,0800",,
"USC00040176","2012-10-03","34.5594","-115.7443","200.6","AMBOY, CA US","    0",",,7,0800",,,,,"  428",",,7","  206",",,7",,,,,"  217",",,7,0800","  130",",,7"
"USC00040176","2012-10-04","34.5594","-115.7443","200.6","AMBOY, CA US","    0",",,7,0800",,,,,"  406",",,7","  211",",,7",,,,,"  222",",,7,0800",,
"USC00040176","2012-10-05","34.5594","-115.7443","200.6","AMBOY, CA US","    0",",,7,0800",,,,,"  378",",,7","  211",",,7",,,,,"  233",",,7,0800",,
"USC00040176","2012-10-06","34.5594","-115.7443","200.6","AMBOY, CA US","    0",",,7,0800",,,,,"  361",",,7","  200",",,7",,,,,"  228",",,7,0800",,
"USC00040176","2012-10-07","34.5594","-115.7443","200.6","AMBOY, CA US","    0",",,7,0800",,,,,"  367",",,7","  194",",,7",,,,,"  217",",,7,0800","   36",",,7"
"USC00040176","2012-10-08","34.5594","-115.7443","200.6","AMBOY, CA US","    0",",,7,0800",,,,,"  350",",,7","  189",",,7",,,,,"  211",",,7,0800",,
"USC00040176","2012-10-09","34.5594","-115.7443","200.6","AMBOY, CA US","    0",",,7,0800",,,,,"  350",",,7","  194",",,7",,,,,"  217",",,7,0800","   31",",,7"
"USC00040176","2012-10-10","34.5594","-115.7443","200.6","AMBOY, CA US","    0",",,7,0800",,,,,"  333",",,7","  194",",,7",,,,,"  200",",,7,0800","   36",",,7"
"USC00040176","2012-10-11","34.5594","-115.7443","200.6","AMBOY, CA US","   33",",,7,0800",,,,,"  317",",,7","  161",",,7",,,,,"  161",",,7,0800","   22",",,7"
"USC00040176","2012-10-12","34.5594","-115.7443","200.6","AMBOY, CA US","    5",",,7,0800",,,,,"  267",",,7","  139",",,7",,,,,"  150",",,7,0800","   85",",,7"
"USC00040176","2012-10-13","34.5594","-115.7443","200.6","AMBOY, CA US","    0",",,7,0800",,,,,"  239",",,7","  133",",,7",,,,,"  156",",,7,0800",,
"USC00040176","2012-10-14","34.5594","-115.7443","200.6","AMBOY, CA US","    0",",,7,0800",,,,,,,"  139",",,7",,,,,"  183",",,7,0800",,
"USC00040176","2012-10-15","34.5594","-115.7443","200.6","AMBOY, CA US","    0",",,7,0800",,,,,"  344",",,7","  156",",,7",,,,,"  178",",,7,0800"," 1408",",X,7"
"USC00040176","2012-10-16","34.5594","-115.7443","200.6","AMBOY, CA US","    0",",,7,0800",,,,,"  356",",,7","  156",",,7",,,,,"  172",",,7,0800","   58",",,7"
"USC00040176","2012-10-17","34.5594","-115.7443","200.6","AMBOY, CA US","    0",",,7,0800",,,,,"  367",",,7","  161",",,7",,,,,"  194",",,7,0800","   72",",,7"
"USC00040176","2012-10-18","34.5594","-115.7443","200.6","AMBOY, CA US","    0",",,7,0800",,,,,"  367",",,7","  161",",,7",,,,,"  161",",,7,0800","   80",",,7"
"USC00040176","2012-10-19","34.5594","-115.7443","200.6","AMBOY, CA US","    0",",,7,0800",,,,,"  344",",,7","  133",",,7",,,,,"  139",",,7,0800","   63",",,7"
"USC00040176","2012-10-20","34.5594","-115.7443","200.6","AMBOY, CA US","    0",",,7,0800",,,,,"  356",",,7","  139",",,7",,,,,"  156",",,7,0800",,
"USC00040176","2012-10-21","34.5594","-115.7443","200.6","AMBOY, CA US","    0",",,7,0800",,,,,"  333",",,7","  156",",,7",,,,,"  183",",,7,0800","   49",",,7"
"USC00040176","2012-10-22","34.5594","-115.7443","200.6","AMBOY, CA US","    0",",,7,0800",,,,,"  311",",,7","  139",",,7",,,,,"  156",",,7,0800","   76",",,7"
"USC00040176","2012-10-23","34.5594","-115.7443","200.6","AMBOY, CA US","    0",",,7,0800",,,,,"  300",",,7","  133",",,7",,,,,"  167",",,7,0800",,
"USC00040176","2012-10-27","34.5594","-115.7443","200.6","AMBOY, CA US","    0",",,7,0800",,,,,"  272",",,7","   89",",,7",,,,,"  111",",,7,0800","  112",",,7"
"USC00040176","2012-10-28","34.5594","-115.7443","200.6","AMBOY, CA US","    0",",,7,0800",,,,,"  300",",,7","   94",",,7",,,,,"  128",",,7,0800","   72",",,7"
"USC00040176","2012-10-29","34.5594","-115.7443","200.6","AMBOY, CA US","    0",",,7,0800",,,,,"  322",",,7","   94",",,7",,,,,"  128",",,7,0800","    0",",,7"
"USC00040176","2012-10-30","34.5594","-115.7443","200.6","AMBOY, CA US","    0",",,7,0800",,,,,"  322",",,7","  100",",,7",,,,,"  139",",,7,0800","    0",",,7"
"USC00040176","2012-10-31","34.5594","-115.7443","200.6","AMBOY, CA US","    0",",,7,0800",,,,,"  322",",,7","   94",",,7",,,,,"  111",",,7,0800","    0",",,7"
"USC00040176","2012-11-01","34.5594","-115.7443","200.6","AMBOY, CA US","    0",",,7,0800",,,,,"  322",",,7","   89",",,7",,,,,"  111",",,7,0800","   31",",,7"
"USC00040176","2012-11-02","34.5594","-115.7443","200.6","AMBOY, CA US","    0",",,7,0800",,,,,"  294",",,7","  111",",,7",,,,,"  139",",,7,0800","   22",",,7"
"USC00040176","2012-11-03","34.5594","-115.7443","200.6","AMBOY, CA US","    0",",,7,0800",,,,,"  306",",,7","   94",",,7",,,,,"  128",",,7,0800",,
"USC00040176","2012-11-04","34.5594","-115.7443","200.6","AMBOY, CA US","    0",",,7,0800",,,,,"  311",",,7","  106",",,7",,,,,"  172",",,7,0800",,
"USC00040176","2012-11-05","34.5594","-115.7443","200.6","AMBOY, CA US","    0",",,7,0800",,,,,"  328",",,7","  111",",,7",,,,,"  206",",,7,0800","   67",",,7"
"USC00040176","2012-11-06","34.5594","-115.7443","200.6","AMBOY, CA US","    0",",,7,0800",,,,,"  339",",,7","  122",",,7",,,,,"  194",",,7,0800",,
"USC00040176","2012-11-07","34.5594","-115.7443","200.6","AMBOY, CA US","    0",",,7,0800",,,,,"  344",",,7","  122",",,7",,,,,"  139",",,7,0800",,
"USC00040176","2012-11-08","34.5594","-115.7443","200.6","AMBOY, CA US","    0",",,7,0800",,,,,"  311",",,7","  106",",,7",,,,,"  139",",,7,0800","   54",",,7"
"USC00040176","2012-11-09","34.5594","-115.7443","200.6","AMBOY, CA US","    0",",,7,0800",,,,,"  278",",,7","  133",",,7",,,,,"  172",",,7,0800",,
"USC00040176","2012-11-10","34.5594","-115.7443","200.6","AMBOY, CA US","    0",",,7,0800",,,,,"  217",",,7","   83",",,7",,,,,"  111",",,7,0800","  139",",,7"
"USC00040176","2012-11-11","34.5594","-115.7443","200.6","AMBOY, CA US","    0",",,7,0800",,,,,"  172",",,7","   44",",,7",,,,,"   83",",,7,0800","  143",",,7"
"USC00040176","2012-11-12","34.5594","-115.7443","200.6","AMBOY, CA US","    0",",,7,0800",,,,,"  183",",,7","   17",",,7",,,,,"   67",",,7,0800","   94",",,7"
"USC00040176","2012-11-13","34.5594","-115.7443","200.6","AMBOY, CA US","    0",",,7,0800",,,,,"  200",",,7","   11",",,7",,,,,"   72",",,7,0800","   22",",,7"
"USC00040176","2012-11-15","34.5594","-115.7443","200.6","AMBOY, CA US","    0",",,7,0800",,,,,"  256",",,7","   78",",,7",,,,,"   89",",,7,0800","   18",",,7"
"USC00040176","2012-11-16","34.5594","-115.7443","200.6","AMBOY, CA US","    0",",,7,0800",,,,,"  194",",,7","   67",",,7",,,,,"   89",",,7,0800","   63",",,7"
"USC00040176","2012-11-17","34.5594","-115.7443","200.6","AMBOY, CA US","    0",",,7,0800",,,,,"  239",",,7","   89",",,7",,,,,"  117",",,7,0800"," 1207",",X,7"
"USC00040176","2012-11-18","34.5594","-115.7443","200.6","AMBOY, CA US","    0",",,7,0800",,,,,"  250",",,7","   94",",,7",,,,,"  139",",,7,0800","   13",",,7"
"USC00040176","2012-11-19","34.5594","-115.7443","200.6","AMBOY, CA US","    0",",,7,0800",,,,,"  244",",,7","   83",",,7",,,,,"  128",",,7,0800","   27",",,7"
"USC00040176","2012-11-20","34.5594","-115.7443","200.6","AMBOY, CA US","    0",",,7,0800",,,,,"  244",",,7","   78",",,7",,,,,"  106",",,7,0800","   22",",,7"
"USC00040176","2012-11-22","34.5594","-115.7443","200.6","AMBOY, CA US","    0",",,7,0800",,,,,"  256",",,7","   89",",,7",,,,,"  122",",,7,0800","   18",",,7"
"USC00040176","2012-11-23","34.5594","-115.7443","200.6","AMBOY, CA US","    0",",,7,0800",,,,,"  267",",,7","   83",",,7",,,,,"  106",",,7,0800","   18",",,7"
"USC00040176","2012-11-24","34.5594","-115.7443","200.6","AMBOY, CA US","    0",",,7,0800",,,,,"  278",",,7","   61",",,7",,,,,"   78",",,7,0800","   27",",,7"
"USC00040176","2012-11-25","34.5594","-115.7443","200.6","AMBOY, CA US","    0",",,7,0800",,,,,"  289",",,7","   78",",,7",,,,,"  100",",,7,0800",,
"USC00040176","2012-11-26","34.5594","-115.7443","200.6","AMBOY, CA US","    0",",,7,0800",,,,,"  289",",,7","   67",",,7",,,,,"  122",",,7,0800","    9",",,7"
"USC00040176","2012-11-27","34.5594","-115.7443","200.6","AMBOY, CA US","    0",",,7,0800",,,,,"  256",",,7","   67",",,7",,,,,"  100",",,7,0800","    0",",,7"
"USC00040176","2012-11-30","34.5594","-115.7443","200.6","AMBOY, CA US","    0",",,7,0800",,,,,"  256",",,7","   83",",,7",,,,,"  106",",,7,0800",,
"USC00040176","2012-12-01","34.5594","-115.7443","200.6","AMBOY, CA US","    0",",,7,0800",,,,,"  217",",,7","   72",",,7",,,,,"  111",",,7,0800","   36",",,7"
"USC00040176","2012-12-02","34.5594","-115.7443","200.6","AMBOY, CA US","    0",",,7,0800",,,,,"  250",",,7","   89",",,7",,,,,"  111",",,7,0800","    0",",,7"
"USC00040176","2012-12-03","34.5594","-115.7443","200.6","AMBOY, CA US","    0",",,7,0800",,,,,"  244",",,7","  111",",,7",,,,,"  133",",,7,0800","   22",",,7"
"USC00040176","2012-12-04","34.5594","-115.7443","200.6","AMBOY, CA US","    0",",,7,0800",,,,,"  256",",,7","   94",",,7",,,,,"  128",",,7,0800","    0",",,7"
"USC00040176","2012-12-05","34.5594","-115.7443","200.6","AMBOY, CA US","    0",",,7,0800",,,,,"  250",",,7","   89",",,7",,,,,"  106",",,7,0800","    0",",,7"
"USC00040176","2012-12-06","34.5594","-115.7443","200.6","AMBOY, CA US","    0",",,7,0800",,,,,"  250",",,7","  106",",,7",,,,,"  122",",,7,0800",,
"USC00040176","2012-12-07","34.5594","-115.7443","200.6","AMBOY, CA US","    0",",,7,0800",,,,,"  256",",,7","  117",",,7",,,,,"  144",",,7,0800",,
"USC00040176","2012-12-08","34.5594","-115.7443","200.6","AMBOY, CA US","    0",",,7,0800",,,,,"  244",",,7","   50",",,7",,,,,"   67",",,7,0800",,
"USC00040176","2012-12-09","34.5594","-115.7443","200.6","AMBOY, CA US","    0",",,7,0800",,,,,"  250",",,7","   61",",,7",,,,,"  106",",,7,0800","   98",",,7"
"USC00040176","2012-12-10","34.5594","-115.7443","200.6","AMBOY, CA US","    0",",,7,0800",,,,,"  233",",,7","   44",",,7",,,,,"   78",",,7,0800","  143",",,7"
"USC00040176","2012-12-11","34.5594","-115.7443","200.6","AMBOY, CA US","    0",",,7,0800",,,,,"  211",",,7","   39",",,7",,,,,"   89",",,7,0800","  116",",,7"
"USC00040176","2012-12-12","34.5594","-115.7443","200.6","AMBOY, CA US","    0",",,7,0800",,,,,"  200",",,7","   44",",,7",,,,,"   72",",,7,0800","    0",",,7"
"USC00040176","2012-12-13","34.5594","-115.7443","200.6","AMBOY, CA US","    0",",,7,0800",,,,,"  206",",,7","   44",",,7",,,,,"   67",",,7,0800","   80",",,7"
"USC00040176","2012-12-14","34.5594","-115.7443","200.6","AMBOY, CA US","  178",",,7,0800",,,,,"  189",",,7","   67",",,7",,,,,"   94",",,7,0800",,
"USC00040176","2012-12-16","34.5594","-115.7443","200.6","AMBOY, CA US","    0",",,7,0800",,,,,"  194",",,7","   44",",,7",,,,,"   56",",,7,0800","  112",",,7"
"USC00040176","2012-12-17","34.5594","-115.7443","200.6","AMBOY, CA US","    0",",,7,0800",,,,,"  189",",,7","   44",",,7",,,,,"   72",",,7,0800","   72",",,7"
"USC00040176","2012-12-18","34.5594","-115.7443","200.6","AMBOY, CA US","    0",",,7,0800",,,,,"  172",",,7","   61",",,7",,,,,"   83",",,7,0800","   80",",,7"
"USC00040176","2012-12-19","34.5594","-115.7443","200.6","AMBOY, CA US","   64",",,7,0800",,,,,"  167",",,7","   44",",,7",,,,,"  150",",,7,0800","  188",",,7"
"USC00040176","2012-12-20","34.5594","-115.7443","200.6","AMBOY, CA US","    0",",,7,0800",,,,,"  167",",,7","   44",",,7",,,,,"   72",",,7,0800","   85",",,7"
"USC00040176","2012-12-21","34.5594","-115.7443","200.6","AMBOY, CA US","    0",",,7,0800",,,,,"  194",",,7","   61",",,7",,,,,,,"  103",",,7"
"USC00040176","2012-12-22","34.5594","-115.7443","200.6","AMBOY, CA US","    0",",,7,0800",,,,,"  167",",,7","   61",",,7",,,,,"   83",",,7,0800","   67",",,7"
"USC00040176","2012-12-23","34.5594","-115.7443","200.6","AMBOY, CA US","    0",",,7,0800",,,,,"  144",",,7","   17",",,7",,,,,"   44",",,7,0800","    0",",,7"
"USC00040176","2012-12-24","34.5594","-115.7443","200.6","AMBOY, CA US","    0",",,7,0800",,,,,"  167",",,7","   17",",,7",,,,,"   39",",,7,0800","   22",",,7"
"USC00040176","2012-12-25","34.5594","-115.7443","200.6","AMBOY, CA US","    0",",,7,0800",,,,,"  211",",,7","   39",",,7",,,,,"   78",",,7,0800","  107",",,7"
"USC00040176","2012-12-27","34.5594","-115.7443","200.6","AMBOY, CA US","    0",",,7,0800",,,,,"  133",",,7","    0",",,7",,,,,"  100",",,7,0800","   58",",,7"
"USC00040176","2012-12-28","34.5594","-115.7443","200.6","AMBOY, CA US","    0",",,7,0800",,,,,"  100",",,7","   -6",",,7",,,,,"   11",",,7,0800","   27",",,7"
"USC00040176","2012-12-29","34.5594","-115.7443","200.6","AMBOY, CA US","    0",",,7,0800",,,,,"  156",",,7","   -6",",,7",,,,,"   22",",,7,0800","   36",",,7"
"USC00040176","2012-12-30","34.5594","-115.7443","200.6","AMBOY, CA US","    0",",,7,0800",,,,,"  150",",,7","   11",",,7",,,,,"   61",",,7,0800","   31",",,7"
"USC00040176","2012-12-31","34.5594","-115.7443","200.6","AMBOY, CA US","    0",",,7,0800",,,,,"  156",",,7","   50",",,7",,,,,"   67",",,7,0800","   27",",,7"
"USC00040176","2013-01-01","34.5594","-115.7443","200.6","AMBOY, CA US","    0",",,7,0800",,,,,"  128",",,7","  -11",",,7",,,,,"   17",",,7,0800","  152",",,7"
"USC00040176","2013-01-02","34.5594","-115.7443","200.6","AMBOY, CA US","    0",",,7,0800",,,,,,,,,,,,,,,,
"USC00040176","2013-01-03","34.5594","-115.7443","200.6","AMBOY, CA US","    0",",,7,0800",,,,,"  161",",,7","  -22",",,7",,,,,"   56",",,7,0800","   67",",,7"
"USC00040176","2013-01-04","34.5594","-115.7443","200.6","AMBOY, CA US","    0",",,7,0800",,,,,"  172",",,7","  -22",",,7",,,,,"   -6",",,7,0800","   22",",,7"
"USC00040176","2013-01-05","34.5594","-115.7443","200.6","AMBOY, CA US","    0",",,7,0800",,,,,"  156",",,7","  -33",",,7",,,,,"  -22",",,7,0800","   13",",,7"
"USC00040176","2013-01-06","34.5594","-115.7443","200.6","AMBOY, CA US","    0",",,7,0800",,,,,"  144",",,7","  -22",",,7",,,,,"   33",",,7,0800","    0",",,7"
"USC00040176","2013-01-07","34.5594","-115.7443","200.6","AMBOY, CA US","    0",",,7,0800",,,,,"  156",",,7","   33",",,7",,,,,"  100",",,7,0800","   45",",,7"
"USC00040176","2013-01-08","34.5594","-115.7443","200.6","AMBOY, CA US","    0",",,7,0800",,,,,"  194",",,7","   -6",",,7",,,,,"  111",",,7,0800","  152",",,7"
"USC00040176","2013-01-09","34.5594","-115.7443","200.6","AMBOY, CA US","    0",",,7,0800",,,,,"  228",",,7","   50",",,7",,,,,"   83",",,7,0800","   22",",,7"
"USC00040176","2013-01-10","34.5594","-115.7443","200.6","AMBOY, CA US","    0",",,7,0800",,,,,"  206",",,7","   72",",,7",,,,,"  100",",,7,0800","   76",",,7"
"USC00040176","2013-01-11","34.5594","-115.7443","200.6","AMBOY, CA US","    0",",,7,0800",,,,,"  150",",,7","  -78",",,7",,,,,"   50",",,7,0800",,
"USC00040176","2013-01-12","34.5594","-115.7443","200.6","AMBOY, CA US","    0",",,7,0800",,,,,"  122",",,7","    6",",,7",,,,,"   56",",,7,0800","   76",",,7"
"USC00040176","2013-01-13","34.5594","-115.7443","200.6","AMBOY, CA US","    0",",,7,0800",,,,,"  122",",,7","  -61",",,7",,,,,"  -33",",,7,0800","  134",",,7"
"USC00040176","2013-01-14","34.5594","-115.7443","200.6","AMBOY, CA US","    0",",,7,0800",,,,,"  106",",,7","  -72",",,7",,,,,"  -11",",,7,0800","   85",",,7"
"USC00040176","2013-01-15","34.5594","-115.7443","200.6","AMBOY, CA US","    0",",,7,0800",,,,,"   78",",,7"," -133",",,7",,,,,"  -33",",,7,0800","  143",",,7"
"USC00040176","2013-01-17","34.5594","-115.7443","200.6","AMBOY, CA US","    0",",,7,0800",,,,,"  178",",,7","    0",",,7",,,,,"   11",",,7,0800","   40",",,7"
"USC00040176","2013-01-18","34.5594","-115.7443","200.6","AMBOY, CA US","    0",",,7,0800",,,,,"  211",",,7","    6",",,7",,,,,"   33",",,7,0800","   45",",,7"
"USC00040176","2013-01-19","34.5594","-115.7443","200.6","AMBOY, CA US","    0",",,7,0800",,,,,"  211",",,7","    0",",,7",,,,,"   11",",,7,0800","   72",",,7"
"USC00040176","2013-01-20","34.5594","-115.7443","200.6","AMBOY, CA US","    0",",,7,0800",,,,,"  222",",,7","    6",",,7",,,,,"   33",",,7,0800",,
"USC00040176","2013-01-21","34.5594","-115.7443","200.6","AMBOY, CA US","    0",",,7,0800",,,,,"  228",",,7","   22",",,7",,,,,"   72",",,7,0800","   13",",,7"
"USC00040176","2013-01-22","34.5594","-115.7443","200.6","AMBOY, CA US","    0",",,7,0800",,,,,"  239",",,7","   11",",,7",,,,,"   50",",,7,0800","   72",",,7"
"USC00040176","2013-01-23","34.5594","-115.7443","200.6","AMBOY, CA US","    0",",,7,0800",,,,,"  244",",,7","   11",",,7",,,,,"   72",",,7,0800","    0",",,7"
"USC00040176","2013-01-24","34.5594","-115.7443","200.6","AMBOY, CA US","    3",",,7,0800",,,,,"  194",",,7","   72",",,7",,,,,"  117",",,7,0800","   27",",,7"
"USC00040176","2013-01-25","34.5594","-115.7443","200.6","AMBOY, CA US","    0",",,7,0800",,,,,"  206",",,7","  106",",,7",,,,,"  117",",,7,0800","   58",",,7"
"USC00040176","2013-01-26","34.5594","-115.7443","200.6","AMBOY, CA US","  102",",,7,0800",,,,,"  183",",,7","  117",",,7",,,,,"  144",",,7,0800","   67",",,7"
"USC00040176","2013-01-27","34.5594","-115.7443","200.6","AMBOY, CA US","    0",",,7,0800",,,,,"  194",",,7","  111",",,7",,,,,"  128",",,7,0800","   94",",,7"
"USC00040176","2013-01-28","34.5594","-115.7443","200.6","AMBOY, CA US","    0",",,7,0800",,,,,"  200",",,7",,,,,,,"   94",",,7,0800","  112",",,7"
"USC00040176","2013-01-29","34.5594","-115.7443","200.6","AMBOY, CA US","    0",",,7,0800",,,,,"  150",",,7","  -56",",,7",,,,,"   83",",,7,0800","   80",",,7"
"USC00040176","2013-01-30","34.5594","-115.7443","200.6","AMBOY, CA US","    0",",,7,0800",,,,,"  189",",,7",,,,,,,"   89",",,7,0800","   89",",,7"
"USC00040176","2013-01-31","34.5594","-115.7443","200.6","AMBOY, CA US","    0",",,7,0800",,,,,"  200",",,7","   33",",,7",,,,,"   39",",,7,0800","    0",",,7"
"USC00040176","2013-02-01","34.5594","-115.7443","200.6","AMBOY, CA US","    0",",,7,0800",,,,,"  233",",,7","   33",",,7",,,,,"   39",",,7,0800","   76",",,7"
"USC00040176","2013-02-02","34.5594","-115.7443","200.6","AMBOY, CA US","    0",",,7,0800",,,,,"  239",",,7","   39",",,7",,,,,"   89",",,7,0800","   27",",,7"
"USC00040176","2013-02-03","34.5594","-115.7443","200.6","AMBOY, CA US","    0","T,,7,0800",,,,,"  250",",,7","   39",",,7",,,,,"  156",",,7,0800","   27",",,7"
"USC00040176","2013-02-04","34.5594","-115.7443","200.6","AMBOY, CA US","    0",",,7,0800",,,,,"  239",",,7","   78",",,7",,,,,"  106",",,7,0800","  107",",,7"
"USC00040176","2013-02-05","34.5594","-115.7443","200.6","AMBOY, CA US","    0",",,7,0800",,,,,"  256",",,7","   61",",,7",,,,,"   89",",,7,0800",,
"USC00040176","2013-02-08","34.5594","-115.7443","200.6","AMBOY, CA US","    0",",,7,0800",,,,,"  244",",,7","   50",",,7",,,,,"  111",",,7,0800",,
"USC00040176","2013-02-09","34.5594","-115.7443","200.6","AMBOY, CA US","    0",",,7,0800",,,,,"  161",",,7","   44",",,7",,,,,"   72",",,7,0800","   13",",,7"
"USC00040176","2013-02-10","34.5594","-115.7443","200.6","AMBOY, CA US","    0",",,7,0800",,,,,"  172",",,7","   -6",",,7",,,,,"   83",",,7,0800","   98",",,7"
"USC00040176","2013-02-11","34.5594","-115.7443","200.6","AMBOY, CA US","    0",",,7,0800",,,,,"  172",",,7","   17",",,7",,,,,"   78",",,7,0800","   85",",,7"
"USC00040176","2013-02-12","34.5594","-115.7443","200.6","AMBOY, CA US","    0",",,7,0800",,,,,"  161",",,7","  -11",",,7",,,,,"   28",",,7,0800","   80",",,7"
"USC00040176","2013-02-13","34.5594","-115.7443","200.6","AMBOY, CA US","    0",",,7,0800",,,,,"  122",",,7","  -11",",,7",,,,,"   72",",,7,0800","    0",",,7"
"USC00040176","2013-02-14","34.5594","-115.7443","200.6","AMBOY, CA US","    0",",,7,0800",,,,,"  233",",,7","   50",",,7",,,,,"   83",",,7,0800",,
"USC00040176","2013-02-15","34.5594","-115.7443","200.6","AMBOY, CA US","    0",",,7,0800",,,,,"  250",",,7","   39",",,7",,,,,"   89",",,7,0800",,
"USC00040176","2013-02-16","34.5594","-115.7443","200.6","AMBOY, CA US","    0",",,7,0800",,,,,"  250",",,7","   44",",,7",,,,,"   78",",,7,0800",,
"USC00040176","2013-02-17","34.5594","-115.7443","200.6","AMBOY, CA US","    0",",,7,0800",,,,,"  244",",,7","   39",",,7",,,,,"  100",",,7,0800","   31",",,7"
"USC00040176","2013-02-18","34.5594","-115.7443","200.6","AMBOY, CA US","    0",",,7,0800",,,,,"  267",",,7","   61",",,7",,,,,"  100",",,7,0800","   94",",,7"
"USC00040176","2013-02-19","34.5594","-115.7443","200.6","AMBOY, CA US","    0",",,7,0800",,,,,"  239",",,7","   44",",,7",,,,,"   94",",,7,0800","   85",",,7"
"USC00040176","2013-02-20","34.5594","-115.7443","200.6","AMBOY, CA US","    0",",,7,0800",,,,,"  194",",,7","   44",",,7",,,,,"   72",",,7,0800",,
"USC00040176","2013-02-21","34.5594","-115.7443","200.6","AMBOY, CA US","    0",",,7,0800",,,,,"  150",",,7","  -11",",,7",,,,,"   56",",,7,0800","   98",",,7"
"USC00040176","2013-02-22","34.5594","-115.7443","200.6","AMBOY, CA US","    0",",,7,0800",,,,,"  139",",,7","   -6",",,7",,,,,"   -6",",,7,0800","   67",",,7"
"USC00040176","2013-02-23","34.5594","-115.7443","200.6","AMBOY, CA US","    0",",,7,0800",,,,,"  189",",,7","   -6",",,7",,,,,"   56",",,7,0800","   80",",,7"
"USC00040176","2013-02-24","34.5594","-115.7443","200.6","AMBOY, CA US","    0",",,7,0800",,,,,"  222",",,7","  -11",",,7",,,,,"  106",",,7,0800","  197",",,7"
"USC00040176","2013-02-25","34.5594","-115.7443","200.6","AMBOY, CA US","    0",",,7,0800",,,,,"  178",",,7","   22",",,7",,,,,"   50",",,7,0800","  134",",,7"
"USC00040176","2013-02-26","34.5594","-115.7443","200.6","AMBOY, CA US","    0",",,7,0800",,,,,"  200",",,7","   33",",,7",,,,,"   89",",,7,0800","  130",",,7"
"USC00040176","2013-02-27","34.5594","-115.7443","200.6","AMBOY, CA US","    0",",,7,0800",,,,,"  222",",,7","   33",",,7",,,,,"   94",",,7,0800",,
"USC00040176","2013-02-28","34.5594","-115.7443","200.6","AMBOY, CA US","    0",",,7,0800",,,,,"  217",",,7","   33",",,7",,,,,"  100",",,7,0800",,
"USC00040176","2013-03-01","34.5594","-115.7443","200.6","AMBOY, CA US","    0",",,7,0800",,,,,"  250",",,7","   44",",,7",,,,,"  128",",,7,0800",,
"USC00040176","2013-03-02","34.5594","-115.7443","200.6","AMBOY, CA US","    0",",,7,0800",,,,,"  283",",,7","   56",",,7",,,,,"  133",",,7,0800","    0",",,7"
"USC00040176","2013-03-03","34.5594","-115.7443","200.6","AMBOY, CA US","    0",",,7,0800",,,,,"  283",",,7","  122",",,7",,,,,"  150",",,7,0800","   45",",,7"
"USC00040176","2013-03-04","34.5594","-115.7443","200.6","AMBOY, CA US","    0",",,7,0800",,,,,"  278",",,7","   44",",,7",,,,,"  178",",,7,0800","  121",",,7"
"USC00040176","2013-03-05","34.5594","-115.7443","200.6","AMBOY, CA US","    0",",,7,0800",,,,,"  267",",,7","   94",",,7",,,,,"  139",",,7,0800","   94",",,7"
"USC00040176","2013-03-06","34.5594","-115.7443","200.6","AMBOY, CA US","    0",",,7,0800",,,,,"  272",",,7","   94",",,7",,,,,"  161",",,7,0800","   13",",,7"
"USC00040176","2013-03-07","34.5594","-115.7443","200.6","AMBOY, CA US","    0",",,7,0800",,,,,"  250",",,7","   50",",,7",,,,,"  122",",,7,0800","   98",",,7"
"USC00040176","2013-03-08","34.5594","-115.7443","200.6","AMBOY, CA US","   64",",,7,0800",,,,,"  189",",,7","  111",",,7",,,,,"  117",",,7,0800","   27",",,7"
"USC00040176","2013-03-09","34.5594","-115.7443","200.6","AMBOY, CA US","    0",",,7,0800",,,,,"  156",",,7","   28",",,7",,,,,"  117",",,7,0800",,
"USC00040176","2013-03-10","34.5594","-115.7443","200.6","AMBOY, CA US","    0",",,7,0800",,,,,"  206",",,7","   94",",,7",,,,,"  106",",,7,0800","  116",",,7"
"USC00040176","2013-03-11","34.5594","-115.7443","200.6","AMBOY, CA US","    0",",,7,0800",,,,,"  250",",,7","    6",",,7",,,,,"   89",",,7,0800","  107",",,7"
"USC00040176","2013-03-12","34.5594","-115.7443","200.6","AMBOY, CA US","    0",",,7,0800",,,,,"  278",",,7","   56",",,7",,,,,"  111",",,7,0800","   49",",,7"
"USC00040176","2013-03-13","34.5594","-115.7443","200.6","AMBOY, CA US","    0",",,7,0800",,,,,"  317",",,7","   83",",,7",,,,,"  189",",,7,0800",,
"USC00040176","2013-03-14","34.5594","-115.7443","200.6","AMBOY, CA US","    0",",,7,0800",,,,,"  333",",,7","   89",",,7",,,,,"  217",",,7,0800","   45",",,7"
"USC00040176","2013-03-15","34.5594","-115.7443","200.6","AMBOY, CA US","    0",",,7,0800",,,,,"  344",",,7","  133",",,7",,,,,"  161",",,7,0800","   80",",,7"
"USC00040176","2013-03-16","34.5594","-115.7443","200.6","AMBOY, CA US","    0",",,7,0800",,,,,"  344",",,7","  161",",,7",,,,,"  222",",,7,0800","   80",",,7"
"USC00040176","2013-03-17","34.5594","-115.7443","200.6","AMBOY, CA US","    0",",,7,0800",,,,,"  344",",,7","  167",",,7",,,,,"  217",",,7,0800","  134",",,7"
"USC00040176","2013-03-18","34.5594","-115.7443","200.6","AMBOY, CA US","    0",",,7,0800",,,,,"  317",",,7","  167",",,7",,,,,"  172",",,7,0800","   76",",,7"
"USC00040176","2013-03-19","34.5594","-115.7443","200.6","AMBOY, CA US","    0",",,7,0800",,,,,"  306",",,7","  172",",,7",,,,,"  206",",,7,0800","   72",",,7"
"USC00040176","2013-03-20","34.5594","-115.7443","200.6","AMBOY, CA US","    0",",,7,0800",,,,,"  317",",,7","  161",",,7",,,,,"  183",",,7,0800","    0",",,7"
"USC00040176","2013-03-21","34.5594","-115.7443","200.6","AMBOY, CA US","    0",",,7,0800",,,,,"  317",",,7","  161",",,7",,,,,"  189",",,7,0800","   22",",,7"
"USC00040176","2013-03-22","34.5594","-115.7443","200.6","AMBOY, CA US","    0",",,7,0800",,,,,"  311",",,7","  122",",,7",,,,,"  172",",,7,0800","  152",",,7"
"USC00040176","2013-03-24","34.5594","-115.7443","200.6","AMBOY, CA US","    0",",,7,0800",,,,,"  244",",,7","  100",",,7",,,,,"  106",",,7,0800","   54",",,7"
"USC00040176","2013-03-25","34.5594","-115.7443","200.6","AMBOY, CA US","    0",",,7,0800",,,,,"  272",",,7","   83",",,7",,,,,"  128",",,7,0800","   36",",,7"
"USC00040176","2013-03-26","34.5594","-115.7443","200.6","AMBOY, CA US","    0",",,7,0800",,,,,"  300",",,7","   89",",,7",,,,,"  167",",,7,0800","   63",",,7"
"USC00040176","2013-03-27","34.5594","-115.7443","200.6","AMBOY, CA US","    0",",,7,0800",,,,,"  317",",,7","  150",",,7",,,,,"  172",",,7,0800","    0",",,7"
"USC00040176","2013-03-28","34.5594","-115.7443","200.6","AMBOY, CA US","    0",",,7,0800",,,,,"  306",",,7","  167",",,7",,,,,"  178",",,7,0800","    0",",,7"
"USC00040176","2013-03-29","34.5594","-115.7443","200.6","AMBOY, CA US","    0",",,7,0800",,,,,"  306",",,7","  167",",,7",,,,,"  194",",,7,0800","    0",",,7"
"USC00040176","2013-03-30","34.5594","-115.7443","200.6","AMBOY, CA US","    0",",,7,0800",,,,,"  317",",,7","  194",",,7",,,,,"  211",",,7,0800","   49",",,7"
"USC00040176","2013-03-31","34.5594","-115.7443","200.6","AMBOY, CA US","    0",",,7,0800",,,,,"  333",",,7","  178",",,7",,,,,"  200",",,7,0800","   54",",,7"
"USC00040176","2013-04-01","34.5594","-115.7443","200.6","AMBOY, CA US","    0",",,7,0800",,,,,"  306",",,7",,,,,,,"  178",",,7,0800","  112",",,7"
"USC00040176","2013-04-02","34.5594","-115.7443","200.6","AMBOY, CA US","    0",",,7,0800",,,,,"  278",",,7",,,,,,,"  189",",,7,0800","  130",",,7"
"USC00040176","2013-04-05","34.5594","-115.7443","200.6","AMBOY, CA US","    0",",,7,0800",,,,,"  350",",,7",,,,,,,"  211",",,7,0800","  107",",,7"
"USC00040176","2013-04-06","34.5594","-115.7443","200.6","AMBOY, CA US","    0",",,7,0800",,,,,"  333",",,7","  183",",,7",,,,,"  200",",,7,0800","   54",",,7"
"USC00040176","2013-04-07","34.5594","-115.7443","200.6","AMBOY, CA US","    0",",,7,0800",,,,,"  317",",,7",,,,,,,"  206",",,7,0800","  112",",,7"
"USC00040176","2013-04-08","34.5594","-115.7443","200.6","AMBOY, CA US","    0",",,7,0800",,,,,"  317",",,7",,,,,,,"  178",",,7,0800","  206",",,7"
"USC00040176","2013-04-09","34.5594","-115.7443","200.6","AMBOY, CA US","    0",",,7,0800",,,,,"  239",",,7",,,,,,,"  161",",,7,0800","  170",",,7"
"USC00040176","2013-04-10","34.5594","-115.7443","200.6","AMBOY, CA US","    0",",,7,0800",,,,,"  256",",,7",,,,,,,"  161",",,7,0800",,
"USC00040176","2013-04-11","34.5594","-115.7443","200.6","AMBOY, CA US","    0",",,7,0800",,,,,"  289",",,7","  133",",,7",,,,,"  139",",,7,0800",,
"USC00040176","2013-04-12","34.5594","-115.7443","200.6","AMBOY, CA US","    0",",,7,0800",,,,,"  322",",,7","  111",",,7",,,,,"  167",",,7,0800",,
"USC00040176","2013-04-13","34.5594","-115.7443","200.6","AMBOY, CA US","    0",",,7,0800",,,,,"  339",",,7","  144",",,7",,,,,"  200",",,7,0800","   72",",,7"
"USC00040176","2013-04-14","34.5594","-115.7443","200.6","AMBOY, CA US","    0",",,7,0800",,,,,"  361",",,7","  200",",,7",,,,,"  222",",,7,0800","  130",",,7"
"USC00040176","2013-04-15","34.5594","-115.7443","200.6","AMBOY, CA US","    0",",,7,0800",,,,,"  344",",,7","  183",",,7",,,,,"  206",",,7,0800","  121",",,7"
"USC00040176","2013-04-16","34.5594","-115.7443","200.6","AMBOY, CA US","    0",",,7,0800",,,,,"  328",",,7","   83",",,7",,,,,"  150",",,7,0800","  170",",,7"
"USC00040176","2013-04-18","34.5594","-115.7443","200.6","AMBOY, CA US","    0",",,7,0800",,,,,"  233",",,7",,,,,,,"  133",",,7,0800","  134",",,7"
"USC00040176","2013-04-19","34.5594","-115.7443","200.6","AMBOY, CA US","    0",",,7,0800",,,,,"  233",",,7","   67",",,7",,,,,"  111",",,7,0800","   94",",,7"
"USC00040176","2013-04-20","34.5594","-115.7443","200.6","AMBOY, CA US","    0",",,7,0800",,,,,"  306",",,7","  111",",,7",,,,,"  183",",,7,0800","   98",",,7"
"USC00040176","2013-04-21","34.5594","-115.7443","200.6","AMBOY, CA US","    0",",,7,0800",,,,,"  350",",,7","  139",",,7",,,,,"  200",",,7,0800","   85",",,7"
"USC00040176","2013-04-22","34.5594","-115.7443","200.6","AMBOY, CA US","    0",",,7,0800",,,,,"  367",",,7","  161",",,7",,,,,"  211",",,7,0800",,
"USC00040176","2013-04-23","34.5594","-115.7443","200.6","AMBOY, CA US","    0",",,7,0800",,,,,"  378",",,7","  206",",,7",,,,,"  228",",,7,0800","  112",",,7"
"USC00040176","2013-04-25","34.5594","-115.7443","200.6","AMBOY, CA US","    0",",,7,0800",,,,,"  333",",,7","  144",",,7",,,,,"  194",",,7,0800","  103",",,7"
"USC00040176","2013-04-26","34.5594","-115.7443","200.6","AMBOY, CA US","    0",",,7,0800",,,,,"  333",",,7","  178",",,7",,,,,"  211",",,7,0800","  116",",,7"
"USC00040176","2013-04-27","34.5594","-115.7443","200.6","AMBOY, CA US","    0",",,7,0800",,,,,"  333",",,7","  144",",,7",,,,,"  194",",,7,0800","  103",",,7"
"USC00040176","2013-04-28","34.5594","-115.7443","200.6","AMBOY, CA US","    0",",,7,0800",,,,,"  389",",,7","  194",",,7",,,,,"  267",",,7,0800","   89",",,7"
"USC00040176","2013-04-29","34.5594","-115.7443","200.6","AMBOY, CA US","    0",",,7,0800",,,,,"  406",",,7","  211",",,7",,,,,"  283",",,7,0800","   85",",,7"
"USC00040176","2013-04-30","34.5594","-115.7443","200.6","AMBOY, CA US","    0",",,7,0800",,,,,"  411",",,7","  206",",,7",,,,,"  267",",,7,0800","   98",",,7"
"USC00040176","2013-05-01","34.5594","-115.7443","200.6","AMBOY, CA US","    0",",,7,0800",,,,,"  361",",,7","  233",",,7",,,,,,,,
"USC00040176","2013-05-02","34.5594","-115.7443","200.6","AMBOY, CA US","    0",",,7,0800",,,,,"  317",",,7","  156",",,7",,,,,"  206",",,7,0800",,
"USC00040176","2013-05-05","34.5594","-115.7443","200.6","AMBOY, CA US","    0",",,7,0800",,,,,"  372",",,7","  172",",,7",,,,,"  200",",,7,0800","  121",",,7"
"USC00040176","2013-05-06","34.5594","-115.7443","200.6","AMBOY, CA US","    0",",,7,0800",,,,,,,"  156",",,7",,,,,"  200",",,7,0800","  103",",,7"
"USC00040176","2013-05-07","34.5594","-115.7443","200.6","AMBOY, CA US","    0",",,7,0800",,,,,"  294",",,7","  150",",,7",,,,,"  183",",,7,0800","  112",",,7"
"USC00040176","2013-05-08","34.5594","-115.7443","200.6","AMBOY, CA US","    0",",,7,0800",,,,,"  278",",,7",,,,,,,"  206",",,7,0800",,
"USC00040176","2013-05-09","34.5594","-115.7443","200.6","AMBOY, CA US","    0",",,7,0800",,,,,"  294",",,7","  117",",,7",,,,,"  250",",,7,0800","   89",",,7"
"USC00040176","2013-05-10","34.5594","-115.7443","200.6","AMBOY, CA US","    0",",,7,0800",,,,,"  311",",,7","  200",",,7",,,,,"  250",",,7,0800","   76",",,7"
"USC00040176","2013-05-11","34.5594","-115.7443","200.6","AMBOY, CA US","    0",",,7,0800",,,,,"  367",",,7","  189",",,7",,,,,"  250",",,7,0800","   89",",,7"
"USC00040176","2013-05-12","34.5594","-115.7443","200.6","AMBOY, CA US","    0",",,7,0800",,,,,"  394",",,7","  206",",,7",,,,,"  261",",,7,0800","  116",",,7"
"USC00040176","2013-05-13","34.5594","-115.7443","200.6","AMBOY, CA US","    0",",,7,0800",,,,,"  406",",,7","  206",",,7",,,,,"  256",",,7,0800","   63",",,7"
"USC00040176","2013-05-14","34.5594","-115.7443","200.6","AMBOY, CA US","    0",",,7,0800",,,,,"  428",",,7","  256",",,7",,,,,"  322",",,7,0800","   76",",,7"
"USC00040176","2013-05-15","34.5594","-115.7443","200.6","AMBOY, CA US","    0",",,7,0800",,,,,"  428",",,7","  200",",,7",,,,,"  272",",,7,0800",,
"USC00040176","2013-05-16","34.5594","-115.7443","200.6","AMBOY, CA US","    0",",,7,0800",,,,,"  394",",,7","  150",",,7",,,,,"  267",",,7,0800","  134",",,7"
"USC00040176","2013-05-17","34.5594","-115.7443","200.6","AMBOY, CA US","    0",",,7,0800",,,,,"  394",",,7","  111",",,7",,,,,"  244",",,7,0800","  130",",,7"
"USC00040176","2013-05-19","34.5594","-115.7443","200.6","AMBOY, CA US","    0",",,7,0800",,,,,"  361",",,7",,,,,,,"  256",",,7,0800","  130",",,7"
"USC00040176","2013-05-20","34.5594","-115.7443","200.6","AMBOY, CA US","    0",",,7,0800",,,,,"  372",",,7",,,,,,,"  267",",,7,0800","  107",",,7"
"USC00040176","2013-05-21","34.5594","-115.7443","200.6","AMBOY, CA US","    0",",,7,0800",,,,,"  356",",,7","  161",",,7",,,,,"  222",",,7,0800","  103",",,7"
"USC00040176","2013-05-22","34.5594","-115.7443","200.6","AMBOY, CA US","    0",",,7,0800",,,,,"  394",",,7","  167",",,7",,,,,"  200",",,7,0800",,
"USC00040176","2013-05-23","34.5594","-115.7443","200.6","AMBOY, CA US","    0",",,7,0800",,,,,"  389",",,7","  139",",,7",,,,,"  222",",,7,0800",,
"USC00040176","2013-05-24","34.5594","-115.7443","200.6","AMBOY, CA US","    0",",,7,0800",,,,,"  344",",,7","  194",",,7",,,,,"  233",",,7,0800","  107",",,7"
"USC00040176","2013-05-25","34.5594","-115.7443","200.6","AMBOY, CA US","    0",",,7,0800",,,,,"  356",",,7","  194",",,7",,,,,"  300",",,7,0800","   98",",,7"
"USC00040176","2013-05-26","34.5594","-115.7443","200.6","AMBOY, CA US","    0",",,7,0800",,,,,"  361",",,7","  167",",,7",,,,,"  261",",,7,0800","   94",",,7"
"USC00040176","2013-05-27","34.5594","-115.7443","200.6","AMBOY, CA US","    0",",,7,0800",,,,,"  367",",,7",,,,,,,"  256",",,7,0800","  130",",,7"
"USC00040176","2013-05-28","34.5594","-115.7443","200.6","AMBOY, CA US","    0",",,7,0800",,,,,"  378",",,7",,,,,,,"  250",",,7,0800","  121",",,7"
"USC00040176","2013-05-29","34.5594","-115.7443","200.6","AMBOY, CA US","    0",",,7,0800",,,,,"  356",",,7",,,,,,,"  256",",,7,0800","  143",",,7"
"USC00040176","2013-05-30","34.5594","-115.7443","200.6","AMBOY, CA US","    0",",,7,0800",,,,,"  378",",,7",,,,,,,"  211",",,7,0800","    0",",,7"
"USC00040176","2013-05-31","34.5594","-115.7443","200.6","AMBOY, CA US","    0",",,7,0800",,,,,"  383",",,7",,,,,,,"  306",",,7,0800","  121",",,7"
"USC00040176","2013-06-02","34.5594","-115.7443","200.6","AMBOY, CA US","    0",",,7,0800",,,,,"  439",",,7",,,,,,,"  311",",,7,0800","   94",",,7"
"USC00040176","2013-06-03","34.5594","-115.7443","200.6","AMBOY, CA US","    0",",,7,0800",,,,,"  444",",,7","  228",",,7",,,,,"  294",",,7,0800","  165",",,7"
"USC00040176","2013-06-04","34.5594","-115.7443","200.6","AMBOY, CA US","    0",",,7,0800",,,,,"  444",",,7","  233",",,7",,,,,"  289",",,7,0800","  116",",,7"
"USC00040176","2013-06-05","34.5594","-115.7443","200.6","AMBOY, CA US","    0",",,7,0800",,,,,"  411",",,7","  228",",,7",,,,,"  267",",,7,0800","    0",",,7"
"USC00040176","2013-06-06","34.5594","-115.7443","200.6","AMBOY, CA US","    0",",,7,0800",,,,,"  433",",,7","  261",",,7",,,,,"  328",",,7,0800","  116",",,7"
"USC00040176","2013-06-08","34.5594","-115.7443","200.6","AMBOY, CA US","    0",",,7,0800",,,,,"  472",",,7","  267",",,7",,,,,"  322",",,7,0800","   94",",,7"
"USC00040176","2013-06-09","34.5594","-115.7443","200.6","AMBOY, CA US","    0",",,7,0800",,,,,"  472",",,7","  250",",,7",,,,,"  328",",,7,0800","  112",",,7"
"USC00040176","2013-06-10","34.5594","-115.7443","200.6","AMBOY, CA US","    0",",,7,0800",,,,,"  439",",,7","  256",",,7",,,,,"  328",",,7,0800","  130",",,7"
"USC00040176","2013-06-11","34.5594","-115.7443","200.6","AMBOY, CA US","    0",",,7,0800",,,,,"  422",",,7","  194",",,7",,,,,"  233",",,7,0800","  152",",,7"
"USC00040176","2013-06-12","34.5594","-115.7443","200.6","AMBOY, CA US","    0",",,7,0800",,,,,"  417",",,7","  178",",,7",,,,,"  289",",,7,0800",,
"USC00040176","2013-06-13","34.5594","-115.7443","200.6","AMBOY, CA US","    0",",,7,0800",,,,,"  450",",,7","  183",",,7",,,,,"  311",",,7,0800","  152",",,7"
"USC00040176","2013-06-14","34.5594","-115.7443","200.6","AMBOY, CA US","    0",",,7,0800",,,,,"  428",",,7","  172",",,7",,,,,"  300",",,7,0800",,
"USC00040176","2013-06-16","34.5594","-115.7443","200.6","AMBOY, CA US","    0",",,7,0800",,,,,"  417",",,7","  239",",,7",,,,,"  289",",,7,0800","  112",",,7"
"USC00040176","2013-06-17","34.5594","-115.7443","200.6","AMBOY, CA US","    0",",,7,0800",,,,,"  417",",,7","  261",",,7",,,,,"  306",",,7,0800","  116",",,7"
"USC00040176","2013-06-18","34.5594","-115.7443","200.6","AMBOY, CA US","    0",",,7,0800",,,,,"  422",",,7","  267",",,7",,,,,"  311",",,7,0800","   94",",,7"
"USC00040176","2013-06-19","34.5594","-115.7443","200.6","AMBOY, CA US","    0",",,7,0800",,,,,"  428",",,7","  261",",,7",,,,,"  283",",,7,0800",,
"USC00040176","2013-06-20","34.5594","-115.7443","200.6","AMBOY, CA US","    0",",,7,0800",,,,,"  394",",,7","  228",",,7",,,,,"  256",",,7,0800",,
"USC00040176","2013-06-21","34.5594","-115.7443","200.6","AMBOY, CA US","    0",",,7,0800",,,,,"  389",",,7","  250",",,7",,,,,"  278",",,7,0800",,
"USC00040176","2013-06-22","34.5594","-115.7443","200.6","AMBOY, CA US","    0",",,7,0800",,,,,"  400",",,7","  228",",,7",,,,,"  294",",,7,0800",,
"USC00040176","2013-06-23","34.5594","-115.7443","200.6","AMBOY, CA US","    0",",,7,0800",,,,,"  411",",,7","  206",",,7",,,,,"  300",",,7,0800","  103",",,7"
"USC00040176","2013-06-24","34.5594","-115.7443","200.6","AMBOY, CA US","    0",",,7,0800",,,,,"  411",",,7","  178",",,7",,,,,"  289",",,7,0800","  125",",,7"
"USC00040176","2013-06-25","34.5594","-115.7443","200.6","AMBOY, CA US","    0",",,7,0800",,,,,"  389",",,7","  233",",,7",,,,,"  289",",,7,0800",,
"USC00040176","2013-06-26","34.5594","-115.7443","200.6","AMBOY, CA US","    0",",,7,0800",,,,,"  400",",,7","  228",",,7",,,,,"  322",",,7,0800",,
"USC00040176","2013-06-27","34.5594","-115.7443","200.6","AMBOY, CA US","    0",",,7,0800",,,,,"  433",",,7","  289",",,7",,,,,"  339",",,7,0800","   94",",,7"
"USC00040176","2013-06-28","34.5594","-115.7443","200.6","AMBOY, CA US","    0",",,7,0800",,,,,"  450",",,7","  289",",,7",,,,,"  344",",,7,0800","  112",",,7"
"USC00040176","2013-06-29","34.5594","-115.7443","200.6","AMBOY, CA US","    0",",,7,0800",,,,,"  489",",,7","  339",",,7",,,,,"  350",",,7,0800","   94",",,7"
"USC00040176","2013-06-30","34.5594","-115.7443","200.6","AMBOY, CA US","    0",",,7,0800",,,,,"  500",",,7","  344",",,7",,,,,"  378",",,7,0800","  107",",,7"
"USC00040176","2013-07-01","34.5594","-115.7443","200.6","AMBOY, CA US","    0",",,7,0800",,,,,"  506",",,7","  350",",,7",,,,,"  367",",,7,0800",,
"USC00040176","2013-07-02","34.5594","-115.7443","200.6","AMBOY, CA US","    0",",,7,0800",,,,,"  506",",,7","  356",",,7",,,,,"  383",",,7,0800","   94",",,7"
"USC00040176","2013-07-03","34.5594","-115.7443","200.6","AMBOY, CA US","    0",",,7,0800",,,,,"  472",",,7","  344",",,7",,,,,"  378",",,7,0800",,
"USC00040176","2013-07-04","34.5594","-115.7443","200.6","AMBOY, CA US","    0",",,7,0800",,,,,"  489",",,7","  322",",,7",,,,,"  383",",,7,0800",,
"USC00040176","2013-07-05","34.5594","-115.7443","200.6","AMBOY, CA US","    0",",,7,0800",,,,,"  467",",,7","  333",",,7",,,,,"  361",",,7,0800",,
"USC00040176","2013-07-06","34.5594","-115.7443","200.6","AMBOY, CA US","    0",",,7,0800",,,,,"  433",",,7","  317",",,7",,,,,"  350",",,7,0800","  112",",,7"
"USC00040176","2013-07-07","34.5594","-115.7443","200.6","AMBOY, CA US","    0",",,7,0800",,,,,"  433",",,7","  300",",,7",,,,,"  344",",,7,0800","   94",",,7"
"USC00040176","2013-07-08","34.5594","-115.7443","200.6","AMBOY, CA US","    0",",,7,0800",,,,,"  467",",,7","  322",",,7",,,,,"  372",",,7,0800","  103",",,7"
"USC00040176","2013-07-09","34.5594","-115.7443","200.6","AMBOY, CA US","    0",",,7,0800",,,,,"  461",",,7","  322",",,7",,,,,"  361",",,7,0800","  107",",,7"
"USC00040176","2013-07-10","34.5594","-115.7443","200.6","AMBOY, CA US","    0",",,7,0800",,,,,"  461",",,7","  322",",,7",,,,,"  344",",,7,0800","   58",",,7"
"USC00040176","2013-07-11","34.5594","-115.7443","200.6","AMBOY, CA US","    0",",,7,0800",,,,,"  433",",,7","  317",",,7",,,,,"  350",",,7,0800","  103",",,7"
"USC00040176","2013-07-12","34.5594","-115.7443","200.6","AMBOY, CA US","   15",",,7,0800",,,,,"  350",",,7","  272",",,7",,,,,"  289",",,7,0800","  152",",,7"
"USC00040176","2013-07-13","34.5594","-115.7443","200.6","AMBOY, CA US","    0",",,7,0800",,,,,"  406",",,7","  283",",,7",,,,,"  328",",,7,0800","   98",",,7"
"USC00040176","2013-07-14","34.5594","-115.7443","200.6","AMBOY, CA US","    0",",,7,0800",,,,,"  439",",,7","  322",",,7",,,,,"  339",",,7,0800","   45",",,7"
"USC00040176","2013-07-15","34.5594","-115.7443","200.6","AMBOY, CA US","    0",",,7,0800",,,,,"  456",",,7","  322",",,7",,,,,"  367",",,7,0800","   36",",,7"
"USC00040176","2013-07-18","34.5594","-115.7443","200.6","AMBOY, CA US","    0",",,7,0800",,,,,"  433",",,7",,,,,,,"  339",",,7,0800","   49",",,7"
"USC00040176","2013-07-19","34.5594","-115.7443","200.6","AMBOY, CA US","    0",",,7,0800",,,,,"  456",",,7","  317",",,7",,,,,"  339",",,7,0800","   80",",,7"
"USC00040176","2013-07-20","34.5594","-115.7443","200.6","AMBOY, CA US","    0",",,7,0800",,,,,"  439",",,7","  283",",,7",,,,,"  289",",,7,0800","   94",",,7"
"USC00040176","2013-07-21","34.5594","-115.7443","200.6","AMBOY, CA US","    0",",,7,0800",,,,,"  383",",,7","  256",",,7",,,,,"  272",",,7,0800",,
"USC00040176","2013-07-23","34.5594","-115.7443","200.6","AMBOY, CA US","    0",",,7,0800",,,,,"  394",",,7","  256",",,7",,,,,"  322",",,7,0800","   89",",,7"
"USC00040176","2013-07-24","34.5594","-115.7443","200.6","AMBOY, CA US","    0",",,7,0800",,,,,"  411",",,7","  289",",,7",,,,,"  350",",,7,0800",,
"USC00040176","2013-07-25","34.5594","-115.7443","200.6","AMBOY, CA US","    0",",,7,0800",,,,,"  444",",,7","  322",",,7",,,,,"  367",",,7,0800","   80",",,7"
"USC00040176","2013-07-26","34.5594","-115.7443","200.6","AMBOY, CA US","    0",",,7,0800",,,,,"  450",",,7","  322",",,7",,,,,"  356",",,7,0800","  112",",,7"
"USC00040176","2013-07-28","34.5594","-115.7443","200.6","AMBOY, CA US","    5",",,7,0800",,,,,"  411",",,7","  300",",,7",,,,,"  339",",,7,0800","   89",",,7"
"USC00040176","2013-07-29","34.5594","-115.7443","200.6","AMBOY, CA US","    0",",,7,0800",,,,,"  439",",,7","  283",",,7",,,,,"  306",",,7,0800","  107",",,7"
"USC00040176","2013-07-30","34.5594","-115.7443","200.6","AMBOY, CA US","    0",",,7,0800",,,,,"  428",",,7","  267",",,7",,,,,"  317",",,7,0800","   94",",,7"
"USC00040176","2013-07-31","34.5594","-115.7443","200.6","AMBOY, CA US","    0",",,7,0800",,,,,"  433",",,7","  283",",,7",,,,,"  311",",,7,0800",,
"USC00040176","2013-08-01","34.5594","-115.7443","200.6","AMBOY, CA US","    0",",,7,0800",,,,,"  439",",,7","  283",",,7",,,,,"  322",",,7,0800","  139",",,7"
"USC00040176","2013-08-02","34.5594","-115.7443","200.6","AMBOY, CA US","    0",",,7,0800",,,,,"  444",",,7","  256",",,7",,,,,"  283",",,7,0800","  134",",,7"
"USC00040176","2013-08-03","34.5594","-115.7443","200.6","AMBOY, CA US","    0",",,7,0800",,,,,"  417",",,7","  183",",,7",,,,,"  289",",,7,0800","   94",",,7"
"USC00040176","2013-08-04","34.5594","-115.7443","200.6","AMBOY, CA US","    0",",,7,0800",,,,,"  428",",,7","  267",",,7",,,,,"  283",",,7,0800","  107",",,7"
"USC00040176","2013-08-05","34.5594","-115.7443","200.6","AMBOY, CA US","    0",",,7,0800",,,,,"  439",",,7","  261",",,7",,,,,"  306",",,7,0800","  112",",,7"
"USC00040176","2013-08-06","34.5594","-115.7443","200.6","AMBOY, CA US","    0",",,7,0800",,,,,"  428",",,7","  250",",,7",,,,,"  278",",,7,0800","  116",",,7"
"USC00040176","2013-08-07","34.5594","-115.7443","200.6","AMBOY, CA US","    0",",,7,0800",,,,,"  417",",,7","  239",",,7",,,,,"  261",",,7,0800",,
"USC00040176","2013-08-08","34.5594","-115.7443","200.6","AMBOY, CA US","    0",",,7,0800",,,,,"  417",",,7","  250",",,7",,,,,"  294",",,7,0800",,
"USC00040176","2013-08-10","34.5594","-115.7443","200.6","AMBOY, CA US","    0",",,7,0800",,,,,"  411",",,7","  239",",,7",,,,,"  306",",,7,0800","  107",",,7"
"USC00040176","2013-08-11","34.5594","-115.7443","200.6","AMBOY, CA US","    0",",,7,0800",,,,,"  400",",,7","  239",",,7",,,,,"  267",",,7,0800","   89",",,7"
"USC00040176","2013-08-12","34.5594","-115.7443","200.6","AMBOY, CA US","    0",",,7,0800",,,,,"  411",",,7","  233",",,7",,,,,"  289",",,7,0800","   80",",,7"
"USC00040176","2013-08-13","34.5594","-115.7443","200.6","AMBOY, CA US","    0",",,7,0800",,,,,"  422",",,7","  222",",,7",,,,,"  261",",,7,0800","   85",",,7"
"USC00040176","2013-08-14","34.5594","-115.7443","200.6","AMBOY, CA US","    0",",,7,0800",,,,,"  422",",,7","  222",",,7",,,,,"  267",",,7,0800",,
"USC00040176","2013-08-15","34.5594","-115.7443","200.6","AMBOY, CA US","    0",",,7,0800",,,,,"  433",",,7","  261",",,7",,,,,"  300",",,7,0800","   80",",,7"
"USC00040176","2013-08-16","34.5594","-115.7443","200.6","AMBOY, CA US","    0",",,7,0800",,,,,"  444",",,7","  289",",,7",,,,,"  339",",,7,0800","  107",",,7"
"USC00040176","2013-08-17","34.5594","-115.7443","200.6","AMBOY, CA US","    0",",,7,0800",,,,,"  456",",,7","  306",",,7",,,,,"  339",",,7,0800","   94",",,7"
"USC00040176","2013-08-18","34.5594","-115.7443","200.6","AMBOY, CA US","    0",",,7,0800",,,,,"  461",",,7","  317",",,7",,,,,"  339",",,7,0800","  134",",,7"
"USC00040176","2013-08-19","34.5594","-115.7443","200.6","AMBOY, CA US","    0",",,7,0800",,,,,"  444",",,7","  306",",,7",,,,,"  322",",,7,0800","  125",",,7"
"USC00040176","2013-08-20","34.5594","-115.7443","200.6","AMBOY, CA US","    0",",,7,0800",,,,,"  422",",,7","  278",",,7",,,,,"  317",",,7,0800","   80",",,7"
"USC00040176","2013-08-21","34.5594","-115.7443","200.6","AMBOY, CA US","    0",",,7,0800",,,,,"  450",",,7","  272",",,7",,,,,"  311",",,7,0800","   31",",,7"
"USC00040176","2013-08-22","34.5594","-115.7443","200.6","AMBOY, CA US","    0",",,7,0800",,,,,"  439",",,7","  294",",,7",,,,,"  328",",,7,0800","    0",",,7"
"USC00040176","2013-08-23","34.5594","-115.7443","200.6","AMBOY, CA US","    0",",,7,0800",,,,,"  439",",,7","  278",",,7",,,,,"  294",",,7,0800","   80",",,7"
"USC00040176","2013-08-24","34.5594","-115.7443","200.6","AMBOY, CA US","    0",",,7,0800",,,,,"  406",",,7","  211",",,7",,,,,"  328",",,7,0800","  112",",,7"
"USC00040176","2013-08-25","34.5594","-115.7443","200.6","AMBOY, CA US","    8",",,7,0800",,,,,"  372",",,7","  250",",,7",,,,,"  283",",,7,0800","   98",",,7"
"USC00040176","2013-08-26","34.5594","-115.7443","200.6","AMBOY, CA US","    5",",,7,0800",,,,,"  317",",,7","  244",",,7",,,,,"  244",",,7,0800","  165",",,7"
"USC00040176","2013-08-27","34.5594","-115.7443","200.6","AMBOY, CA US","   94",",,7,0800",,,,,"  283",",,7","  228",",,7",,,,,"  244",",,7,0800","   27",",,7"
"USC00040176","2013-08-28","34.5594","-115.7443","200.6","AMBOY, CA US","    0",",,7,0800",,,,,"  378",",,7","  233",",,7",,,,,"  278",",,7,0800","   27",",,7"
"USC00040176","2013-08-29","34.5594","-115.7443","200.6","AMBOY, CA US","    0",",,7,0800",,,,,"  422",",,7","  278",",,7",,,,,"  306",",,7,0800",,
"USC00040176","2013-08-30","34.5594","-115.7443","200.6","AMBOY, CA US","    0",",,7,0800",,,,,"  389",",,7","  278",",,7",,,,,"  306",",,7,0800",,
"USC00040176","2013-08-31","34.5594","-115.7443","200.6","AMBOY, CA US","    0",",,7,0800",,,,,"  389",",,7","  278",",,7",,,,,"  306",",,7,0800","  134",",,7"
"USC00040176","2013-09-01","34.5594","-115.7443","200.6","AMBOY, CA US","    0",",,7,0800",,,,,"  406",",,7","  300",",,7",,,,,"  322",",,7,0800","   98",",,7"
"USC00040176","2013-09-02","34.5594","-115.7443","200.6","AMBOY, CA US","    0",",,7,0800",,,,,"  411",",,7","  317",",,7",,,,,"  328",",,7,0800","   98",",,7"
"USC00040176","2013-09-03","34.5594","-115.7443","200.6","AMBOY, CA US","    0",",,7,0800",,,,,"  433",",,7","  272",",,7",,,,,"  294",",,7,0800","  148",",,7"
"USC00040176","2013-09-04","34.5594","-115.7443","200.6","AMBOY, CA US","    0",",,7,0800",,,,,"  417",",,7","  294",",,7",,,,,"  333",",,7,0800",,
"USC00040176","2013-09-05","34.5594","-115.7443","200.6","AMBOY, CA US","    0",",,7,0800",,,,,"  422",",,7","  278",",,7",,,,,"  311",",,7,0800",,
"USC00040176","2013-09-06","34.5594","-115.7443","200.6","AMBOY, CA US","    0",",,7,0800",,,,,"  433",",,7","  272",",,7",,,,,"  306",",,7,0800","   98",",,7"
"USC00040176","2013-09-07","34.5594","-115.7443","200.6","AMBOY, CA US","   13",",,7,0800",,,,,"  439",",,7","  261",",,7",,,,,"  272",",,7,0800","   49",",,7"
"USC00040176","2013-09-08","34.5594","-115.7443","200.6","AMBOY, CA US",,,,,,,,,,,,,,,,,"   49",",,7"
"USC00040176","2013-09-09","34.5594","-115.7443","200.6","AMBOY, CA US","    5",",,7,0800",,,,,,,"  233",",,7",,,,,"  261",",,7,0800","   54",",,7"
"USC00040176","2013-09-10","34.5594","-115.7443","200.6","AMBOY, CA US","   64",",,7,0800",,,,,"  317",",,7","  228",",,7",,,,,"  233",",,7,0800","   89",",,7"
"USC00040176","2013-09-11","34.5594","-115.7443","200.6","AMBOY, CA US","    0",",,7,0800",,,,,"  333",",,7","  233",",,7",,,,,"  250",",,7,0800","   54",",,7"
"USC00040176","2013-09-12","34.5594","-115.7443","200.6","AMBOY, CA US","    0",",,7,0800",,,,,"  367",",,7","  250",",,7",,,,,"  261",",,7,0800","   54",",,7"
"USC00040176","2013-09-13","34.5594","-115.7443","200.6","AMBOY, CA US","    0",",,7,0800",,,,,"  378",",,7","  228",",,7",,,,,"  261",",,7,0800","  103",",,7"
"USC00040176","2013-09-14","34.5594","-115.7443","200.6","AMBOY, CA US","    0",",,7,0800",,,,,"  406",",,7","  233",",,7",,,,,"  283",",,7,0800","   49",",,7"
"USC00040176","2013-09-15","34.5594","-115.7443","200.6","AMBOY, CA US","    0",",,7,0800",,,,,"  422",",,7","  244",",,7",,,,,"  289",",,7,0800","   72",",,7"
"USC00040176","2013-09-16","34.5594","-115.7443","200.6","AMBOY, CA US","    0",",,7,0800",,,,,"  422",",,7","  261",",,7",,,,,"  283",",,7,0800","   85",",,7"
"USC00040176","2013-09-17","34.5594","-115.7443","200.6","AMBOY, CA US","    0",",,7,0800",,,,,"  428",",,7","  256",",,7",,,,,"  283",",,7,0800","  170",",,7"
"USC00040176","2013-09-18","34.5594","-115.7443","200.6","AMBOY, CA US","    0",",,7,0800",,,,,"  428",",,7","  228",",,7",,,,,"  267",",,7,0800",,
"USC00040176","2013-09-19","34.5594","-115.7443","200.6","AMBOY, CA US","    0",",,7,0800",,,,,"  378",",,7","  222",",,7",,,,,"  239",",,7,0800",,
"USC00040176","2013-09-20","34.5594","-115.7443","200.6","AMBOY, CA US","    0",",,7,0800",,,,,"  389",",,7","  194",",,7",,,,,"  239",",,7,0800","    0",",,7"
"USC00040176","2013-09-21","34.5594","-115.7443","200.6","AMBOY, CA US","    0",",,7,0800",,,,,"  400",",,7","  194",",,7",,,,,"  278",",,7,0800","    0",",,7"
"USC00040176","2013-09-22","34.5594","-115.7443","200.6","AMBOY, CA US","    0",",,7,0800",,,,,"  389",",,7","  200",",,7",,,,,"  211",",,7,0800","  156",",,7"
"USC00040176","2013-09-23","34.5594","-115.7443","200.6","AMBOY, CA US","    0",",,7,0800",,,,,"  389",",,7","  178",",,7",,,,,"  206",",,7,0800","  130",",,7"
"USC00040176","2013-09-24","34.5594","-115.7443","200.6","AMBOY, CA US","    0",",,7,0800",,,,,"  372",",,7","  156",",,7",,,,,"  200",",,7,0800","   27",",,7"
"USC00040176","2013-09-25","34.5594","-115.7443","200.6","AMBOY, CA US","    0",",,7,0800",,,,,"  361",",,7","  200",",,7",,,,,"  250",",,7,0800","   98",",,7"
"USC00040176","2013-09-26","34.5594","-115.7443","200.6","AMBOY, CA US","    0",",,7,0800",,,,,"  372",",,7","  250",",,7",,,,,"  283",",,7,0800",,
"USC00040176","2013-09-27","34.5594","-115.7443","200.6","AMBOY, CA US","    0",",,7,0800",,,,,"  378",",,7","  233",",,7",,,,,"  278",",,7,0800",,
"USC00040176","2013-09-28","34.5594","-115.7443","200.6","AMBOY, CA US","    0",",,7,0800",,,,,"  372",",,7","  156",",,7",,,,,"  200",",,7,0800",,
"USC00040176","2013-09-29","34.5594","-115.7443","200.6","AMBOY, CA US","    0",",,7,0800",,,,,"  367",",,7","  133",",,7",,,,,"  178",",,7,0800","   27",",,7"
"USC00040176","2013-09-30","34.5594","-115.7443","200.6","AMBOY, CA US","    0",",,7,0800",,,,,"  344",",,7","  139",",,7",,,,,"  172",",,7,0800","   36",",,7"
"USC00040176","2013-10-01","34.5594","-115.7443","200.6","AMBOY, CA US","    0",",,7,0800",,,,,"  361",",,7","  161",",,7",,,,,"  194",",,7,0800","   63",",,7"
"USC00040176","2013-10-02","34.5594","-115.7443","200.6","AMBOY, CA US","    0",",,7,0800",,,,,"  361",",,7","  156",",,7",,,,,"  217",",,7,0800","    0",",,7"
"USC00040176","2013-10-03","34.5594","-115.7443","200.6","AMBOY, CA US","    0",",,7,0800",,,,,"  356",",,7","  189",",,7",,,,,"  211",",,7,0800","    0",",,7"
"USC00040176","2013-10-04","34.5594","-115.7443","200.6","AMBOY, CA US","    0",",,7,0800",,,,,"  333",",,7","  167",",,7",,,,,"  194",",,7,0800","   98",",,7"
"USC00040176","2013-10-05","34.5594","-115.7443","200.6","AMBOY, CA US","    0",",,7,0800",,,,,"  294",",,7","  122",",,7",,,,,"  150",",,7,0800","  107",",,7"
"USC00040176","2013-10-06","34.5594","-115.7443","200.6","AMBOY, CA US","    0",",,7,0800",,,,,"  311",",,7","  100",",,7",,,,,"  133",",,7,0800","   89",",,7"
"USC00040176","2013-10-07","34.5594","-115.7443","200.6","AMBOY, CA US","    0",",,7,0800",,,,,"  328",",,7","  117",",,7",,,,,"  161",",,7,0800","   63",",,7"
"USC00040176","2013-10-08","34.5594","-115.7443","200.6","AMBOY, CA US","    0",",,7,0800",,,,,"  328",",,7","  128",",,7",,,,,"  133",",,7,0800","   63",",,7"
"USC00040176","2013-10-09","34.5594","-115.7443","200.6","AMBOY, CA US","    0",",,7,0800",,,,,"  328",",,7","  122",",,7",,,,,"  156",",,7,0800","   67",",,7"
"USC00040176","2013-10-10","34.5594","-115.7443","200.6","AMBOY, CA US","    8",",,7,0800",,,,,"  222",",,7","  100",",,7",,,,,"  117",",,7,0800","   98",",,7"
"USC00040176","2013-10-11","34.5594","-115.7443","200.6","AMBOY, CA US","    0",",,7,0800",,,,,"  250",",,7","   94",",,7",,,,,"  106",",,7,0800","   89",",,7"
"USC00040176","2013-10-12","34.5594","-115.7443","200.6","AMBOY, CA US","    0",",,7,0800",,,,,"  272",",,7","  106",",,7",,,,,"  139",",,7,0800","   85",",,7"
"USC00040176","2013-10-13","34.5594","-115.7443","200.6","AMBOY, CA US","    0",",,7,0800",,,,,"  294",",,7","  111",",,7",,,,,"  144",",,7,0800","   58",",,7"
"USC00040176","2013-10-14","34.5594","-115.7443","200.6","AMBOY, CA US","    0",",,7,0800",,,,,"  294",",,7","  117",",,7",,,,,"  172",",,7,0800","   89",",,7"
"USC00040176","2013-10-15","34.5594","-115.7443","200.6","AMBOY, CA US","    0",",,7,0800",,,,,"  289",",,7","  122",",,7",,,,,"  150",",,7,0800","   80",",,7"
"USC00040176","2013-10-16","34.5594","-115.7443","200.6","AMBOY, CA US","    0",",,7,0800",,,,,"  289",",,7","  117",",,7",,,,,"  161",",,7,0800",,
"USC00040176","2013-10-17","34.5594","-115.7443","200.6","AMBOY, CA US","    0",",,7,0800",,,,,,,"   50",",,7",,,,,"  106",",,7,0800",,
"USC00040176","2013-10-18","34.5594","-115.7443","200.6","AMBOY, CA US","    0",",,7,0800",,,,,"  300",",,7","  100",",,7",,,,,"  144",",,7,0800","   67",",,7"
"USC00040176","2013-10-19","34.5594","-115.7443","200.6","AMBOY, CA US","    0",",,7,0800",,,,,"  317",",,7","  100",",,7",,,,,"  144",",,7,0800","   80",",,7"
"USC00040176","2013-10-20","34.5594","-115.7443","200.6","AMBOY, CA US","    0",",,7,0800",,,,,"  328",",,7","  106",",,7",,,,,"  128",",,7,0800","   67",",,7"
"USC00040176","2013-10-21","34.5594","-115.7443","200.6","AMBOY, CA US","    0",",,7,0800",,,,,"  339",",,7","  100",",,7",,,,,"  133",",,7,0800","   89",",,7"
"USC00040176","2013-10-22","34.5594","-115.7443","200.6","AMBOY, CA US","    0",",,7,0800",,,,,"  333",",,7","  106",",,7",,,,,"  139",",,7,0800","   67",",,7"
"USC00040176","2013-10-23","34.5594","-115.7443","200.6","AMBOY, CA US","    0",",,7,0800",,,,,"  328",",,7","  106",",,7",,,,,"  161",",,7,0800",,
"USC00040176","2013-10-24","34.5594","-115.7443","200.6","AMBOY, CA US","    0",",,7,0800",,,,,"  322",",,7","  111",",,7",,,,,"  139",",,7,0800","   54",",,7"
"USC00040176","2013-10-25","34.5594","-115.7443","200.6","AMBOY, CA US","    0",",,7,0800",,,,,"  333",",,7","  106",",,7",,,,,"  111",",,7,0800","  702",",,7"
"USC00040176","2013-10-26","34.5594","-115.7443","200.6","AMBOY, CA US","    0",",,7,0800",,,,,"  344",",,7","  111",",,7",,,,,"  167",",,7,0800","   54",",,7"
"USC00040176","2013-10-27","34.5594","-115.7443","200.6","AMBOY, CA US","    0",",,7,0800",,,,,"  344",",,7","  133",",,7",,,,,"  172",",,7,0800","   45",",,7"
"USC00040176","2013-10-28","34.5594","-115.7443","200.6","AMBOY, CA US","    0",",,7,0800",,,,,"  328",",,7","  133",",,7",,,,,"  172",",,7,0800","   80",",,7"
"USC00040176","2013-10-29","34.5594","-115.7443","200.6","AMBOY, CA US","    0",",,7,0800",,,,,"  250",",,7","   83",",,7",,,,,"  111",",,7,0800",,
"USC00040176","2013-10-30","34.5594","-115.7443","200.6","AMBOY, CA US","    0",",,7,0800",,,,,"  250",",,7","   83",",,7",,,,,"  106",",,7,0800",,
"USC00040176","2013-10-31","34.5594","-115.7443","200.6","AMBOY, CA US","    0",",,7,0800",,,,,"  222",",,7","   72",",,7",,,,,"   83",",,7,0800",,
"USC00040176","2013-11-01","34.5594","-115.7443","200.6","AMBOY, CA US","    0",",,7,0800",,,,,"  222",",,7","   72",",,7",,,,,"  100",",,7,0800","    0",",,7"
"USC00040176","2013-11-02","34.5594","-115.7443","200.6","AMBOY, CA US","    0",",,7,0800",,,,,"  256",",,7","   67",",,7",,,,,"  128",",,7,0800",,
"USC00040176","2013-11-03","34.5594","-115.7443","200.6","AMBOY, CA US","    0",",,7,0800",,,,,"  278",",,7","   83",",,7",,,,,"  144",",,7,0800","   58",",,7"
"USC00040176","2013-11-04","34.5594","-115.7443","200.6","AMBOY, CA US","    0",",,7,0800",,,,,"  283",",,7","   89",",,7",,,,,"  167",",,7,0800","   98",",,7"
"USC00040176","2013-11-05","34.5594","-115.7443","200.6","AMBOY, CA US","    0",",,7,0800",,,,,"  250",",,7","   94",",,7",,,,,"  150",",,7,0800","  107",",,7"
"USC00040176","2013-11-06","34.5594","-115.7443","200.6","AMBOY, CA US","    0",",,7,0800",,,,,"  222",",,7","   39",",,7",,,,,"  122",",,7,0800","  107",",,7"
"USC00040176","2013-11-07","34.5594","-115.7443","200.6","AMBOY, CA US","    0",",,7,0800",,,,,"  250",",,7","   56",",,7",,,,,"  111",",,7,0800","  125",",,7"
"USC00040176","2013-11-08","34.5594","-115.7443","200.6","AMBOY, CA US","    0",",,7,0800",,,,,"  267",",,7","   72",",,7",,,,,"  128",",,7,0800","   49",",,7"
"USC00040176","2013-11-09","34.5594","-115.7443","200.6","AMBOY, CA US","    0",",,7,0800",,,,,"  267",",,7","   67",",,7",,,,,"  117",",,7,0800","   49",",,7"
"USC00040176","2013-11-10","34.5594","-115.7443","200.6","AMBOY, CA US","    0",",,7,0800",,,,,"  272",",,7","   83",",,7",,,,,"  117",",,7,0800","   58",",,7"
"USC00040176","2013-11-11","34.5594","-115.7443","200.6","AMBOY, CA US","    0",",,7,0800",,,,,"  283",",,7","   78",",,7",,,,,"  128",",,7,0800","   45",",,7"
"USC00040176","2013-11-12","34.5594","-115.7443","200.6","AMBOY, CA US","    0",",,7,0800",,,,,"  306",",,7","  106",",,7",,,,,"  167",",,7,0800","   72",",,7"
"USC00040176","2013-11-13","34.5594","-115.7443","200.6","AMBOY, CA US","    0",",,7,0800",,,,,"  306",",,7","  106",",,7",,,,,"  150",",,7,0800","    0",",,7"
"USC00040176","2013-11-14","34.5594","-115.7443","200.6","AMBOY, CA US","    0",",,7,0800",,,,,"  306",",,7","   94",",,7",,,,,"  150",",,7,0800","   58",",,7"
"USC00040176","2013-11-15","34.5594","-115.7443","200.6","AMBOY, CA US","    0",",,7,0800",,,,,"  300",",,7","  111",",,7",,,,,"  167",",,7,0800","   58",",,7"
"USC00040176","2013-11-16","34.5594","-115.7443","200.6","AMBOY, CA US","    0",",,7,0800",,,,,"  283",",,7","   78",",,7",,,,,"  128",",,7,0800","   45",",,7"
"USC00040176","2013-11-17","34.5594","-115.7443","200.6","AMBOY, CA US","    0",",,7,0800",,,,,"  233",",,7","   72",",,7",,,,,"  117",",,7,0800","   80",",,7"
"USC00040176","2013-11-18","34.5594","-115.7443","200.6","AMBOY, CA US","    0",",,7,0800",,,,,"  222",",,7","   72",",,7",,,,,"  122",",,7,0800","   76",",,7"
"USC00040176","2013-11-19","34.5594","-115.7443","200.6","AMBOY, CA US","    0",",,7,0800",,,,,"  239",",,7","   94",",,7",,,,,"  144",",,7,0800","   54",",,7"
"USC00040176","2013-11-20","34.5594","-115.7443","200.6","AMBOY, CA US","    0",",,7,0800",,,,,"  239",",,7","   94",",,7",,,,,"  144",",,7,0800","    0",",,7"
"USC00040176","2013-11-21","34.5594","-115.7443","200.6","AMBOY, CA US","    0",",,7,0800",,,,,"  228",",,7","   72",",,7",,,,,"  133",",,7,0800","    0",",,7"
"USC00040176","2013-11-22","34.5594","-115.7443","200.6","AMBOY, CA US","    0",",,7,0800",,,,,"  167",",,7",,,,,,,"  111",",,7,0800","   54",",,7"
"USC00040176","2013-11-25","34.5594","-115.7443","200.6","AMBOY, CA US","    0",",,7,0800",,,,,"  183",",,7","   67",",,7",,,,,"  100",",,7,0800","   85",",,7"
"USC00040176","2013-11-26","34.5594","-115.7443","200.6","AMBOY, CA US","    0",",,7,0800",,,,,"  217",",,7","   17",",,7",,,,,"   72",",,7,0800","   31",",,7"
"USC00040176","2013-11-27","34.5594","-115.7443","200.6","AMBOY, CA US","    0",",,7,0800",,,,,"  206",",,7",,,,,,,"   94",",,7,0800","    0",",,7"
"USC00040176","2013-11-28","34.5594","-115.7443","200.6","AMBOY, CA US","    0",",,7,0800",,,,,"  194",",,7","   50",",,7",,,,,"  128",",,7,0800","   45",",,7"
"USC00040176","2013-11-29","34.5594","-115.7443","200.6","AMBOY, CA US","    0",",,7,0800",,,,,"  206",",,7","   56",",,7",,,,,"  144",",,7,0800","   58",",,7"
"USC00040176","2013-11-30","34.5594","-115.7443","200.6","AMBOY, CA US","    0",",,7,0800",,,,,"  217",",,7","   89",",,7",,,,,"  128",",,7,0800","   49",",,7"
"USC00040176","2013-12-01","34.5594","-115.7443","200.6","AMBOY, CA US","    0",",,7,0800",,,,,"  239",",,7","   78",",,7",,,,,"  106",",,7,0800","   31",",,7"
"USC00040176","2013-12-02","34.5594","-115.7443","200.6","AMBOY, CA US","    0",",,7,0800",,,,,"  239",",,7","   67",",,7",,,,,"  100",",,7,0800","   40",",,7"
"USC00040176","2013-12-03","34.5594","-115.7443","200.6","AMBOY, CA US","    0",",,7,0800",,,,,,,,,,,,,,,,
"USC00040176","2013-12-04","34.5594","-115.7443","200.6","AMBOY, CA US","    0",",,7,0800",,,,,"  217",",,7","   61",",,7",,,,,"   94",",,7,0800","   85",",,7"
"USC00040176","2013-12-05","34.5594","-115.7443","200.6","AMBOY, CA US","    0",",,7,0800",,,,,"  139",",,7","   44",",,7",,,,,"  100",",,7,0800","  148",",,7"
"USC00040176","2013-12-06","34.5594","-115.7443","200.6","AMBOY, CA US","    0",",,7,0800",,,,,"  128",",,7","   -6",",,7",,,,,"   17",",,7,0800","  604",",,7"
"USC00040176","2013-12-07","34.5594","-115.7443","200.6","AMBOY, CA US","    0",",,7,0800",,,,,"  128",",,7","  -11",",,7",,,,,"   17",",,7,0800"," 1305",",X,7"
"USC00040176","2013-12-08","34.5594","-115.7443","200.6","AMBOY, CA US","    0",",,7,0800",,,,,"  161",",,7","   17",",,7",,,,,"   50",",,7,0800","  116",",,7"
"USC00040176","2013-12-09","34.5594","-115.7443","200.6","AMBOY, CA US","    0",",,7,0800",,,,,"  117",",,7","  -11",",,7",,,,,"    6",",,7,0800",,
"USC00040176","2013-12-10","34.5594","-115.7443","200.6","AMBOY, CA US","    0",",,7,0800",,,,,,,,,,,,,,,,
"USC00040176","2013-12-11","34.5594","-115.7443","200.6","AMBOY, CA US","    0",",,7,0800",,,,,"  133",",,7",,,,,,,"   28",",,7,0800",,
"USC00040176","2013-12-12","34.5594","-115.7443","200.6","AMBOY, CA US","    0",",,7,0800",,,,,"  167",",,7","   28",",,7",,,,,"  133",",,7,0800",,
"USC00040176","2013-12-13","34.5594","-115.7443","200.6","AMBOY, CA US","   28",",,7,0800",,,,,"  133",",,7","   28",",,7",,,,,,,"    0",",,7"
"USC00040176","2013-12-14","34.5594","-115.7443","200.6","AMBOY, CA US","    0",",,7,0800",,,,,"  133",",,7","   28",",,7",,,,,"  117",",,7,0800","   85",",,7"
"USC00040176","2013-12-15","34.5594","-115.7443","200.6","AMBOY, CA US","    0",",,7,0800",,,,,"  206",",,7",,,,,,,"   50",",,7,0800","   31",",,7"
"USC00040176","2013-12-16","34.5594","-115.7443","200.6","AMBOY, CA US","    0",",,7,0800",,,,,"  222",",,7","   50",",,7",,,,,"   89",",,7,0800","   31",",,7"
"USC00040176","2013-12-17","34.5594","-115.7443","200.6","AMBOY, CA US","    0",",,7,0800",,,,,"  244",",,7","   67",",,7",,,,,"   78",",,7,0800","   36",",,7"
"USC00040176","2013-12-18","34.5594","-115.7443","200.6","AMBOY, CA US","    0",",,7,0800",,,,,"  256",",,7","   61",",,7",,,,,"  111",",,7,0800","    0",",,7"
"USC00040176","2013-12-19","34.5594","-115.7443","200.6","AMBOY, CA US","    0",",,7,0800",,,,,"  200",",,7","   22",",,7",,,,,"   39",",,7,0800","   45",",,7"
"USC00040176","2013-12-20","34.5594","-115.7443","200.6","AMBOY, CA US","    0",",,7,0800",,,,,"  133",",,7","   28",",,7",,,,,"  117",",,7,0800",,
"USC00040176","2013-12-21","34.5594","-115.7443","200.6","AMBOY, CA US","    0",",,7,0800",,,,,"  200",",,7","   22",",,7",,,,,"   39",",,7,0800","  134",",,7"
"USC00040176","2013-12-22","34.5594","-115.7443","200.6","AMBOY, CA US","    0",",,7,0800",,,,,"  206",",,7",,,,,,,"   83",",,7,0800","   36",",,7"
"USC00040176","2013-12-23","34.5594","-115.7443","200.6","AMBOY, CA US","    0",",,7,0800",,,,,"  206",",,7",,,,,,,"   56",",,7,0800","   22",",,7"
"USC00040176","2013-12-24","34.5594","-115.7443","200.6","AMBOY, CA US","    0",",,7,0800",,,,,"  217",",,7","   28",",,7",,,,,"   83",",,7,0800","   31",",,7"
"USC00040176","2013-12-25","34.5594","-115.7443","200.6","AMBOY, CA US","    0",",,7,0800",,,,,"  233",",,7","   44",",,7",,,,,"   78",",,7,0800","   36",",,7"
"USC00040176","2013-12-26","34.5594","-115.7443","200.6","AMBOY, CA US","    0",",,7,0800",,,,,"  228",",,7","   44",",,7",,,,,"   56",",,7,0800",,
"USC00040176","2013-12-27","34.5594","-115.7443","200.6","AMBOY, CA US","    0",",,7,0800",,,,,"  233",",,7","   33",",,7",,,,,"   83",",,7,0800","   31",",,7"
"USC00040176","2013-12-28","34.5594","-115.7443","200.6","AMBOY, CA US","    0",",,7,0800",,,,,"  244",",,7","   50",",,7",,,,,"   72",",,7,0800","   45",",,7"
"USC00040176","2013-12-29","34.5594","-115.7443","200.6","AMBOY, CA US","    0",",,7,0800",,,,,"  189",",,7",,,,,,,"  117",",,7,0800","  107",",,7"
"USC00040176","2013-12-30","34.5594","-115.7443","200.6","AMBOY, CA US","    0",",,7,0800",,,,,"  211",",,7",,,,,,,"   33",",,7,0800","   36",",,7"
"USC00040176","2013-12-31","34.5594","-115.7443","200.6","AMBOY, CA US","    0",",,7,0800",,,,,"  217",",,7","   17",",,7",,,,,"   39",",,7,0800","   27",",,7"
"USC00040176","2014-01-01","34.5594","-115.7443","200.6","AMBOY, CA US","    0",",,7,0800",,,,,"  194",",,7","    0",",,7",,,,,"   50",",,7,0800","   31",",,7"
"USC00040176","2014-01-02","34.5594","-115.7443","200.6","AMBOY, CA US","    0",",,7,0800",,,,,"  239",",,7","   17",",,7",,,,,"   61",",,7,0800","   27",",,7"
"USC00040176","2014-01-03","34.5594","-115.7443","200.6","AMBOY, CA US","    0",",,7,0800",,,,,"  244",",,7","   17",",,7",,,,,"   50",",,7,0800","   31",",,7"
"USC00040176","2014-01-04","34.5594","-115.7443","200.6","AMBOY, CA US","    0",",,7,0800",,,,,"  222",",,7","   39",",,7",,,,,"   72",",,7,0800","   45",",,7"
"USC00040176","2014-01-05","34.5594","-115.7443","200.6","AMBOY, CA US","    0",",,7,0800",,,,,"  233",",,7",,,,,,,"   67",",,7,0800",,
"USC00040176","2014-01-06","34.5594","-115.7443","200.6","AMBOY, CA US","    0",",,7,0800",,,,,,,"    0",",,7",,,,,"   33",",,7,0800","   40",",,7"
"USC00040176","2014-01-07","34.5594","-115.7443","200.6","AMBOY, CA US","    0",",,7,0800",,,,,,,"   22",",,7",,,,,"   56",",,7,0800","   27",",,7"
"USC00040176","2014-01-08","34.5594","-115.7443","200.6","AMBOY, CA US","    0",",,7,0800",,,,,"  178",",,7","   28",",,7",,,,,"   39",",,7,0800",,
"USC00040176","2014-01-09","34.5594","-115.7443","200.6","AMBOY, CA US","    0",",,7,0800",,,,,"  211",",,7","   11",",,7",,,,,"   50",",,7,0800",,
"USC00040176","2014-01-10","34.5594","-115.7443","200.6","AMBOY, CA US","    0",",,7,0800",,,,,"  200",",,7","   50",",,7",,,,,"   89",",,7,0800","   54",",,7"
"USC00040176","2014-01-11","34.5594","-115.7443","200.6","AMBOY, CA US","    0",",,7,0800",,,,,"  244",",,7","   39",",,7",,,,,"   83",",,7,0800","   85",",,7"
"USC00040176","2014-01-12","34.5594","-115.7443","200.6","AMBOY, CA US","    0",",,7,0800",,,,,"  211",",,7","   67",",,7",,,,,"  156",",,7,0800","   76",",,7"
"USC00040176","2014-01-13","34.5594","-115.7443","200.6","AMBOY, CA US","    0",",,7,0800",,,,,"  222",",,7","   39",",,7",,,,,"   61",",,7,0800","   49",",,7"
"USC00040176","2014-01-14","34.5594","-115.7443","200.6","AMBOY, CA US","    0",",,7,0800",,,,,"  222",",,7","   39",",,7",,,,,"   83",",,7,0800","   54",",,7"
"USC00040176","2014-01-15","34.5594","-115.7443","200.6","AMBOY, CA US","    0",",,7,0800",,,,,"  256",",,7","   28",",,7",,,,,"   67",",,7,0800","    0",",,7"
"USC00040176","2014-01-16","34.5594","-115.7443","200.6","AMBOY, CA US","    0",",,7,0800",,,,,"  256",",,7","   44",",,7",,,,,"   78",",,7,0800","    0",",,7"
"USC00040176","2014-01-17","34.5594","-115.7443","200.6","AMBOY, CA US","    0",",,7,0800",,,,,"  267",",,7","   50",",,7",,,,,"   83",",,7,0800","    0",",,7"
"USC00040176","2014-01-18","34.5594","-115.7443","200.6","AMBOY, CA US","    0",",,7,0800",,,,,"  256",",,7","   33",",,7",,,,,"   56",",,7,0800",,
"USC00040176","2014-01-19","34.5594","-115.7443","200.6","AMBOY, CA US","    0",",,7,0800",,,,,"  261",",,7","   33",",,7",,,,,"   78",",,7,0800","   27",",,7"
"USC00040176","2014-01-20","34.5594","-115.7443","200.6","AMBOY, CA US","    0",",,7,0800",,,,,"  244",",,7","   33",",,7",,,,,"   56",",,7,0800","   31",",,7"
"USC00040176","2014-01-21","34.5594","-115.7443","200.6","AMBOY, CA US","    0",",,7,0800",,,,,"  256",",,7","   39",",,7",,,,,"   56",",,7,0800","   31",",,7"
"USC00040176","2014-01-22","34.5594","-115.7443","200.6","AMBOY, CA US","    0",",,7,0800",,,,,"  256",",,7","   39",",,7",,,,,"  122",",,7,0800","   40",",,7"
"USC00040176","2014-01-23","34.5594","-115.7443","200.6","AMBOY, CA US","    0",",,7,0800",,,,,"  267",",,7","    6",",,7",,,,,"  117",",,7,0800","  107",",,7"
"USC00040176","2014-01-24","34.5594","-115.7443","200.6","AMBOY, CA US","    0",",,7,0800",,,,,"  233",",,7","   83",",,7",,,,,"  111",",,7,0800",,
"USC00040176","2014-01-25","34.5594","-115.7443","200.6","AMBOY, CA US","    0",",,7,0800",,,,,"  217",",,7","   89",",,7",,,,,"  133",",,7,0800",,
"USC00040176","2014-01-26","34.5594","-115.7443","200.6","AMBOY, CA US","    0",",,7,0800",,,,,"  256",",,7","   56",",,7",,,,,"   89",",,7,0800",,
"USC00040176","2014-01-27","34.5594","-115.7443","200.6","AMBOY, CA US","    0",",,7,0800",,,,,"  256",",,7","   78",",,7",,,,,,,,
"USC00040176","2014-01-28","34.5594","-115.7443","200.6","AMBOY, CA US","    0",",,7,0800",,,,,"  256",",,7",,,,,,,,,,
"USC00040176","2014-01-29","34.5594","-115.7443","200.6","AMBOY, CA US","    0",",,7,0800",,,,,"  267",",,7",,,,,,,,,,
"USC00040176","2014-01-30","34.5594","-115.7443","200.6","AMBOY, CA US","    0",",,7,0800",,,,,"  267",",,7","   67",",,7",,,,,,,,
"USC00040176","2014-01-31","34.5594","-115.7443","200.6","AMBOY, CA US","    0",",,7,0800",,,,,"  233",",,7","   67",",,7",,,,,"  133",",,7,0800",,
"USC00040176","2014-02-01","34.5594","-115.7443","200.6","AMBOY, CA US","    0",",,7,0800",,,,,"  194",",,7","   61",",,7",,,,,"  111",",,7,0800",,
"USC00040176","2014-02-02","34.5594","-115.7443","200.6","AMBOY, CA US","    0",",,7,0800",,,,,"  167",",,7",,,,,,,"   44",",,7,0800",,
"USC00040176","2014-02-03","34.5594","-115.7443","200.6","AMBOY, CA US","    0",",,7,0800",,,,,"  161",",,7","   28",",,7",,,,,"   72",",,7,0800",,
"USC00040176","2014-02-04","34.5594","-115.7443","200.6","AMBOY, CA US","    0",",,7,0800",,,,,"  183",",,7",,,,,,,"   67",",,7,0800",,
"USC00040176","2014-02-05","34.5594","-115.7443","200.6","AMBOY, CA US","    0",",,7,0800",,,,,"  178",",,7",,,,,,,"  133",",,7,0800",,
"USC00040176","2014-02-06","34.5594","-115.7443","200.6","AMBOY, CA US","    0",",,7,0800",,,,,"  178",",,7",,,,,,,,,,
"USC00040176","2014-02-07","34.5594","-115.7443","200.6","AMBOY, CA US","    0",",,7,0800",,,,,"  172",",,7","   50",",,7",,,,,"   67",",,7,0800",,
"USC00040176","2014-02-08","34.5594","-115.7443","200.6","AMBOY, CA US","    0",",,7,0800",,,,,"  200",",,7","   61",",,7",,,,,"   83",",,7,0800",,
"USC00040176","2014-02-09","34.5594","-115.7443","200.6","AMBOY, CA US","    0",",,7,0800",,,,,"  228",",,7","   61",",,7",,,,,"  100",",,7,0800",,
"USC00040176","2014-02-10","34.5594","-115.7443","200.6","AMBOY, CA US","    0",",,7,0800",,,,,,,,,,,,,,,,
"USC00040176","2014-02-11","34.5594","-115.7443","200.6","AMBOY, CA US","    0",",,7,0800",,,,,"  261",",,7",,,,,,,"  150",",,7,0800",,
"USC00040176","2014-02-12","34.5594","-115.7443","200.6","AMBOY, CA US","    0",",,7,0800",,,,,"  256",",,7","   72",",,7",,,,,"  111",",,7,0800",,
"USC00040176","2014-02-13","34.5594","-115.7443","200.6","AMBOY, CA US","    0",",,7,0800",,,,,"  289",",,7","   72",",,7",,,,,"  117",",,7,0800",,
"USC00040176","2014-02-14","34.5594","-115.7443","200.6","AMBOY, CA US","    0",",,7,0800",,,,,"  311",",,7","   78",",,7",,,,,"   83",",,7,0800",,
"USC00040176","2014-02-15","34.5594","-115.7443","200.6","AMBOY, CA US","    0",",,7,0800",,,,,"  311",",,7","   83",",,7",,,,,"  111",",,7,0800",,
"USC00040176","2014-02-16","34.5594","-115.7443","200.6","AMBOY, CA US","    0",",,7,0800",,,,,"  289",",,7","  111",",,7",,,,,"  189",",,7,0800",,
"USC00040176","2014-02-17","34.5594","-115.7443","200.6","AMBOY, CA US","    0",",,7,0800",,,,,"  289",",,7","   67",",,7",,,,,"  117",",,7,0800",,
"USC00040176","2014-02-18","34.5594","-115.7443","200.6","AMBOY, CA US","    0",",,7,0800",,,,,"  289",",,7","   61",",,7",,,,,"  167",",,7,0800",,
"USC00040176","2014-02-19","34.5594","-115.7443","200.6","AMBOY, CA US","    0",",,7,0800",,,,,"  289",",,7","   61",",,7",,,,,"  139",",,7,0800",,
"USC00040176","2014-02-20","34.5594","-115.7443","200.6","AMBOY, CA US","    0",",,7,0800",,,,,"  289",",,7","   72",",,7",,,,,"  150",",,7,0800",,
"USC00040176","2014-02-21","34.5594","-115.7443","200.6","AMBOY, CA US","    0",",,7,0800",,,,,,,,,,,,,,,,
"USC00040176","2014-02-22","34.5594","-115.7443","200.6","AMBOY, CA US","    0",",,7,0800",,,,,,,,,,,,,,,,
"USC00040176","2014-02-23","34.5594","-115.7443","200.6","AMBOY, CA US","    0",",,7,0800",,,,,,,,,,,,,,,,
"USC00040176","2014-02-24","34.5594","-115.7443","200.6","AMBOY, CA US","    0",",,7,0800",,,,,"  267",",,7","   72",",,7",,,,,"  117",",,7,0800",,
"USC00040176","2014-02-25","34.5594","-115.7443","200.6","AMBOY, CA US","    0",",,7,0800",,,,,"  278",",,7","   67",",,7",,,,,"  133",",,7,0800",,
"USC00040176","2014-02-26","34.5594","-115.7443","200.6","AMBOY, CA US","    0",",,7,0800",,,,,"  278",",,7","   78",",,7",,,,,"  100",",,7,0800",,
"USC00040176","2014-02-27","34.5594","-115.7443","200.6","AMBOY, CA US","    0",",,7,0800",,,,,"  278",",,7","   89",",,7",,,,,,,,
"USC00040176","2014-02-28","34.5594","-115.7443","200.6","AMBOY, CA US","    0","T,,7,0800",,,,,,,,,,,,,,,,
"USC00040176","2014-03-01","34.5594","-115.7443","200.6","AMBOY, CA US","    0","T,,7,0800",,,,,,,,,,,,,,,,
"USC00040176","2014-03-02","34.5594","-115.7443","200.6","AMBOY, CA US","    0","T,,7,0800",,,,,,,"  122",",,7",,,,,,,,
"USC00040176","2014-03-03","34.5594","-115.7443","200.6","AMBOY, CA US","    0",",,7,0800",,,,,"  206",",,7","  100",",,7",,,,,"  156",",,7,0800",,
"USC00040176","2014-03-04","34.5594","-115.7443","200.6","AMBOY, CA US","    0",",,7,0800",,,,,"  239",",,7","   94",",,7",,,,,"  139",",,7,0800",,
"USC00040176","2014-03-05","34.5594","-115.7443","200.6","AMBOY, CA US","    0",",,7,0800",,,,,"  250",",,7","   94",",,7",,,,,"  144",",,7,0800",,
"USC00040176","2014-03-06","34.5594","-115.7443","200.6","AMBOY, CA US","    0",",,7,0800",,,,,"  283",",,7","  111",",,7",,,,,"  156",",,7,0800",,
"USC00040176","2014-03-07","34.5594","-115.7443","200.6","AMBOY, CA US","    0",",,7,0800",,,,,,,,,,,,,,,,
"USC00040176","2014-03-08","34.5594","-115.7443","200.6","AMBOY, CA US","    0",",,7,0800",,,,,,,,,,,,,,,,
"USC00040176","2014-03-09","34.5594","-115.7443","200.6","AMBOY, CA US","    0",",,7,0800",,,,,"  278",",,7","   83",",,7",,,,,"  122",",,7,0800",,
"USC00040176","2014-03-10","34.5594","-115.7443","200.6","AMBOY, CA US","    0",",,7,0800",,,,,"  283",",,7","   83",",,7",,,,,"  122",",,7,0800",,
"USC00040176","2014-03-11","34.5594","-115.7443","200.6","AMBOY, CA US","    0",",,7,0800",,,,,"  300",",,7",,,,,,,"  167",",,7,0800",,
"USC00040176","2014-03-12","34.5594","-115.7443","200.6","AMBOY, CA US","    0",",,7,0800",,,,,,,,,,,,,"  111",",,7,0800",,
"USC00040176","2014-03-13","34.5594","-115.7443","200.6","AMBOY, CA US","    0",",,7,0800",,,,,"  256",",,7",,,,,,,"  122",",,7,0800",,
"USC00040176","2014-03-14","34.5594","-115.7443","200.6","AMBOY, CA US","    0",",,7,0800",,,,,"  261",",,7","  122",",,7",,,,,"  156",",,7,0800",,
"USC00040176","2014-03-15","34.5594","-115.7443","200.6","AMBOY, CA US","    0",",,7,0800",,,,,"  300",",,7","  122",",,7",,,,,"  167",",,7,0800",,
"USC00040176","2014-03-16","34.5594","-115.7443","200.6","AMBOY, CA US","    0",",,7,0800",,,,,"  306",",,7","  117",",,7",,,,,,,,
"USC00040176","2014-03-17","34.5594","-115.7443","200.6","AMBOY, CA US","    0",",,7,0800",,,,,"  322",",,7","  100",",,7",,,,,"  128",",,7,0800",,
"USC00040176","2014-03-18","34.5594","-115.7443","200.6","AMBOY, CA US","    0",",,7,0800",,,,,"  328",",,7","  122",",,7",,,,,"  150",",,7,0800",,
"USC00040176","2014-03-19","34.5594","-115.7443","200.6","AMBOY, CA US","    0",",,7,0800",,,,,"  200",",,7","   78",",,7",,,,,"  111",",,7,0800",,
"USC00040176","2014-03-20","34.5594","-115.7443","200.6","AMBOY, CA US","    0",",,7,0800",,,,,"  261",",,7","   72",",,7",,,,,"   94",",,7,0800",,
"USC00040176","2014-03-21","34.5594","-115.7443","200.6","AMBOY, CA US","    0",",,7,0800",,,,,"  272",",,7","   50",",,7",,,,,"  128",",,7,0800",,
"USC00040176","2014-03-22","34.5594","-115.7443","200.6","AMBOY, CA US","    0",",,7,0800",,,,,"  294",",,7","  122",",,7",,,,,"  156",",,7,0800",,
"USC00040176","2014-03-23","34.5594","-115.7443","200.6","AMBOY, CA US","    0",",,7,0800",,,,,"  294",",,7","  106",",,7",,,,,"  150",",,7,0800",,
"USC00040176","2014-03-24","34.5594","-115.7443","200.6","AMBOY, CA US","    0",",,7,0800",,,,,"  311",",,7","  122",",,7",,,,,"  156",",,7,0800",,
"USC00040176","2014-03-25","34.5594","-115.7443","200.6","AMBOY, CA US","    0",",,7,0800",,,,,"  333",",,7","  117",",,7",,,,,"  156",",,7,0800",,
"USC00040176","2014-03-27","34.5594","-115.7443","200.6","AMBOY, CA US","    0",",,7,0800",,,,,"  256",",,7",,,,,,,,,,
"USC00040176","2014-03-28","34.5594","-115.7443","200.6","AMBOY, CA US","    0",",,7,0800",,,,,"  239",",,7",,,,,,,"  139",",,7,0800",,
"USC00040176","2014-03-29","34.5594","-115.7443","200.6","AMBOY, CA US","    0",",,7,0800",,,,,"  272",",,7","  133",",,7",,,,,"  233",",,7,0800",,
"USC00040176","2014-03-30","34.5594","-115.7443","200.6","AMBOY, CA US","    0",",,7,0800",,,,,"  311",",,7",,,,,,,"  183",",,7,0800",,
"USC00040176","2014-03-31","34.5594","-115.7443","200.6","AMBOY, CA US","    0",",,7,0800",,,,,"  256",",,7",,,,,,,"  128",",,7,0800",,
"USC00040176","2014-04-01","34.5594","-115.7443","200.6","AMBOY, CA US","    0",",,7,0800",,,,,"  278",",,7",,,,,,,"  144",",,7,0800",,
"USC00040176","2014-04-02","34.5594","-115.7443","200.6","AMBOY, CA US","    0",",,7,0800",,,,,,,,,,,,,,,,
"USC00040176","2014-04-03","34.5594","-115.7443","200.6","AMBOY, CA US","    0",",,7,0800",,,,,,,,,,,,,,,,
"USC00040176","2014-04-04","34.5594","-115.7443","200.6","AMBOY, CA US","    0",",,7,0800",,,,,,,,,,,,,,,,
"USC00040176","2014-04-05","34.5594","-115.7443","200.6","AMBOY, CA US","    0",",,7,0800",,,,,,,,,,,,,,,,
"USC00040176","2014-04-06","34.5594","-115.7443","200.6","AMBOY, CA US","    0",",,7,0800",,,,,,,,,,,,,,,,
"USC00040176","2014-04-07","34.5594","-115.7443","200.6","AMBOY, CA US","    0",",,7,0800",,,,,,,,,,,,,,,,
"USC00040176","2014-04-08","34.5594","-115.7443","200.6","AMBOY, CA US","    0",",,7,0800",,,,,"  333",",,7","  128",",,7",,,,,"  172",",,7,0800",,
"USC00040176","2014-04-09","34.5594","-115.7443","200.6","AMBOY, CA US","    0",",,7,0800",,,,,"  356",",,7","  122",",,7",,,,,"  194",",,7,0800",,
"USC00040176","2014-04-10","34.5594","-115.7443","200.6","AMBOY, CA US","    0",",,7,0800",,,,,"  356",",,7","  133",",,7",,,,,"  200",",,7,0800",,
"USC00040176","2014-04-11","34.5594","-115.7443","200.6","AMBOY, CA US","    0",",,7,0800",,,,,"  378",",,7","  178",",,7",,,,,"  261",",,7,0800",,
"USC00040176","2014-04-12","34.5594","-115.7443","200.6","AMBOY, CA US","    0",",,7,0800",,,,,,,,,,,,,,,,
"USC00040176","2014-04-13","34.5594","-115.7443","200.6","AMBOY, CA US","    0",",,7,0800",,,,,"  361",",,7",,,,,,,"  189",",,7,0800",,
"USC00040176","2014-04-14","34.5594","-115.7443","200.6","AMBOY, CA US","    0",",,7,0800",,,,,,,,,,,,,,,,
"USC00040176","2014-04-15","34.5594","-115.7443","200.6","AMBOY, CA US","    0",",,7,0800",,,,,"  306",",,7","  139",",,7",,,,,"  167",",,7,0800",,
"USC00040176","2014-04-16","34.5594","-115.7443","200.6","AMBOY, CA US","    0",",,7,0800",,,,,"  339",",,7","  117",",,7",,,,,"  217",",,7,0800",,
"USC00040176","2014-04-17","34.5594","-115.7443","200.6","AMBOY, CA US","    0",",,7,0800",,,,,"  361",",,7","  133",",,7",,,,,"  206",",,7,0800",,
"USC00040176","2014-04-18","34.5594","-115.7443","200.6","AMBOY, CA US","    0",",,7,0800",,,,,"  356",",,7","  111",",,7",,,,,"  228",",,7,0800",,
"USC00040176","2014-04-19","34.5594","-115.7443","200.6","AMBOY, CA US","    0",",,7,0800",,,,,"  300",",,7","  200",",,7",,,,,"  233",",,7,0800",,
"USC00040176","2014-04-20","34.5594","-115.7443","200.6","AMBOY, CA US","    0",",,7,0800",,,,,"  333",",,7","  189",",,7",,,,,"  233",",,7,0800",,
"USC00040176","2014-04-21","34.5594","-115.7443","200.6","AMBOY, CA US","    0",",,7,0800",,,,,"  361",",,7","  189",",,7",,,,,"  228",",,7,0800",,
"USC00040176","2014-04-22","34.5594","-115.7443","200.6","AMBOY, CA US","    0",",,7,0800",,,,,"  372",",,7","  206",",,7",,,,,"  211",",,7,0800",,
"USC00040176","2014-04-23","34.5594","-115.7443","200.6","AMBOY, CA US","    0",",,7,0800",,,,,"  333",",,7",,,,,,,"  172",",,7,0800",,
"USC00040176","2014-04-24","34.5594","-115.7443","200.6","AMBOY, CA US","    0",",,7,0800",,,,,"  322",",,7",,,,,,,"  211",",,7,0800",,
"USC00040176","2014-04-25","34.5594","-115.7443","200.6","AMBOY, CA US","    0",",,7,0800",,,,,"  333",",,7",,,,,,,"  233",",,7,0800",,
"USC00040176","2014-04-26","34.5594","-115.7443","200.6","AMBOY, CA US","   25",",,7,0800",,,,,"  328",",,7",,,,,,,,,,
"USC00040176","2014-04-27","34.5594","-115.7443","200.6","AMBOY, CA US","    0",",,7,0800",,,,,,,,,,,,,,,,
"USC00040176","2014-04-28","34.5594","-115.7443","200.6","AMBOY, CA US","    0",",,7,0800",,,,,,,,,,,,,,,,
"USC00040176","2014-04-29","34.5594","-115.7443","200.6","AMBOY, CA US","    0",",,7,0800",,,,,,,,,,,,,,,,
"USC00040176","2014-04-30","34.5594","-115.7443","200.6","AMBOY, CA US","    0",",,7,0800",,,,,,,,,,,,,,,,
"USC00040176","2014-12-12","34.5594","-115.7443","200.6","AMBOY, CA US","    0",",,7,",,,,,"  228",",,7","   72",",,7",,,,,"  156",",,7,",,
"USC00040176","2014-12-13","34.5594","-115.7443","200.6","AMBOY, CA US","   18",",,7,0800",,,,,"  183",",,7","   67",",,7",,,,,"   78",",,7,0800",,
"USC00040176","2014-12-14","34.5594","-115.7443","200.6","AMBOY, CA US","    0",",,7,0800",,,,,"  183",",,7","   39",",,7",,,,,"   67",",,7,0800",,
"USC00040176","2014-12-15","34.5594","-115.7443","200.6","AMBOY, CA US","    0",",,7,0800",,,,,"  178",",,7","   39",",,7",,,,,"   61",",,7,0800",,
"USC00040176","2014-12-16","34.5594","-115.7443","200.6","AMBOY, CA US","    0",",,7,0800",,,,,"  167",",,7","   44",",,7",,,,,"   89",",,7,0800",,
"USC00040176","2014-12-18","34.5594","-115.7443","200.6","AMBOY, CA US","    0",",,7,0800",,,,,"  167",",,7","   50",",,7",,,,,"   61",",,7,0800",,
"USC00040176","2014-12-19","34.5594","-115.7443","200.6","AMBOY, CA US","    0",",,7,0800",,,,,"  178",",,7","   28",",,7",,,,,"   39",",,7,0800",,
"USC00040176","2014-12-20","34.5594","-115.7443","200.6","AMBOY, CA US","    0",",,7,0800",,,,,"  172",",,7","   39",",,7",,,,,"   56",",,7,0800",,
"USC00040176","2014-12-21","34.5594","-115.7443","200.6","AMBOY, CA US","    0",",,7,0800",,,,,"  167",",,7","   50",",,7",,,,,"   94",",,7,0800",,
"USC00040176","2014-12-22","34.5594","-115.7443","200.6","AMBOY, CA US","    0",",,7,0800",,,,,"  200",",,7","   94",",,7",,,,,"  156",",,7,0800",,
"USC00040176","2014-12-23","34.5594","-115.7443","200.6","AMBOY, CA US","    0",",,7,0800",,,,,"  239",",,7","  133",",,7",,,,,"  150",",,7,0800",,
"USC00040176","2014-12-24","34.5594","-115.7443","200.6","AMBOY, CA US","    0",",,7,0800",,,,,"  239",",,7","   50",",,7",,,,,"   78",",,7,0800",,
"USC00040176","2014-12-25","34.5594","-115.7443","200.6","AMBOY, CA US","    0",",,7,0800",,,,,"  183",",,7","   44",",,7",,,,,"  133",",,7,0800",,
"USC00040176","2014-12-26","34.5594","-115.7443","200.6","AMBOY, CA US","    0",",,7,0800",,,,,"  167",",,7","   56",",,7",,,,,"  100",",,7,0800",,
"USC00040176","2014-12-27","34.5594","-115.7443","200.6","AMBOY, CA US","    0",",,7,0800",,,,,"  150",",,7","   50",",,7",,,,,"   67",",,7,0800",,
"USC00040176","2014-12-28","34.5594","-115.7443","200.6","AMBOY, CA US","    0",",,7,0800",,,,,"  167",",,7","  -11",",,7",,,,,"   -6",",,7,0800",,
"USC00040176","2014-12-29","34.5594","-115.7443","200.6","AMBOY, CA US","    0",",,7,0800",,,,,"  139",",,7","  -28",",,7",,,,,"  -11",",,7,0800",,
"USC00040176","2014-12-30","34.5594","-115.7443","200.6","AMBOY, CA US","    0",",,7,0800",,,,,"  139",",,7","  -22",",,7",,,,,"   -6",",,7,0800",,
"USC00040176","2014-12-31","34.5594","-115.7443","200.6","AMBOY, CA US","    0",",,7,0800",,,,,"   78",",,7","  -33",",,7",,,,,"  -11",",,7,0800",,
"USC00040176","2015-01-01","34.5594","-115.7443","200.6","AMBOY, CA US","    0",",,7,0800",,,,,"   78",",,7","  -33",",,7",,,,,"  -11",",,7,0800",,
"USC00040176","2015-01-02","34.5594","-115.7443","200.6","AMBOY, CA US","    0",",,7,0800",,,,,"  106",",,7","  -39",",,7",,,,,"  -17",",,7,0800",,
"USC00040176","2015-01-03","34.5594","-115.7443","200.6","AMBOY, CA US","    0",",,7,0800",,,,,"  161",",,7","  -17",",,7",,,,,"   72",",,7,0800",,
"USC00040176","2015-01-04","34.5594","-115.7443","200.6","AMBOY, CA US","    0",",,7,0800",,,,,"  150",",,7","   11",",,7",,,,,"   39",",,7,0800",,
"USC00040176","2015-01-05","34.5594","-115.7443","200.6","AMBOY, CA US","    0",",,7,0800",,,,,"  217",",,7","   39",",,7",,,,,"   50",",,7,0800",,
"USC00040176","2015-01-06","34.5594","-115.7443","200.6","AMBOY, CA US","    0",",,7,0800",,,,,"  244",",,7","   28",",,7",,,,,"   56",",,7,0800",,
"USC00040176","2015-01-08","34.5594","-115.7443","200.6","AMBOY, CA US","    0",",,7,0800",,,,,"  256",",,7","   56",",,7",,,,,"   72",",,7,0800",,
"USC00040176","2015-01-09","34.5594","-115.7443","200.6","AMBOY, CA US","    0",",,7,0800",,,,,"  250",",,7","   67",",,7",,,,,"   83",",,7,0800",,
"USC00040176","2015-01-10","34.5594","-115.7443","200.6","AMBOY, CA US","    0",",,7,0800",,,,,"  228",",,7","   83",",,7",,,,,"  122",",,7,0800",,
"USC00040176","2015-01-11","34.5594","-115.7443","200.6","AMBOY, CA US","    0","T,,7,0800",,,,,"  228",",,7","  122",",,7",,,,,"  156",",,7,0800",,
"USC00040176","2015-01-12","34.5594","-115.7443","200.6","AMBOY, CA US","    8",",,7,0800",,,,,"  200",",,7","  122",",,7",,,,,"  133",",,7,0800",,
"USC00040176","2015-01-13","34.5594","-115.7443","200.6","AMBOY, CA US","    0",",,7,0800",,,,,"  211",",,7","  122",",,7",,,,,"  122",",,7,0800",,
"USC00040176","2015-01-14","34.5594","-115.7443","200.6","AMBOY, CA US","    0",",,7,0800",,,,,"  200",",,7","   89",",,7",,,,,"  117",",,7,0800",,
"USC00040176","2015-01-15","34.5594","-115.7443","200.6","AMBOY, CA US","    0",",,7,0800",,,,,"  211",",,7","   67",",,7",,,,,"  117",",,7,0800",,
"USC00040176","2015-01-17","34.5594","-115.7443","200.6","AMBOY, CA US","    0",",,7,0800",,,,,"  228",",,7","   -6",",,7",,,,,"  106",",,7,0800",,
"USC00040176","2015-01-18","34.5594","-115.7443","200.6","AMBOY, CA US","    0",",,7,0800",,,,,"  244",",,7","   22",",,7",,,,,"   94",",,7,0800",,
"USC00040176","2015-01-19","34.5594","-115.7443","200.6","AMBOY, CA US","    0",",,7,0800",,,,,"  239",",,7","   67",",,7",,,,,"  106",",,7,0800",,
"USC00040176","2015-01-20","34.5594","-115.7443","200.6","AMBOY, CA US","    0",",,7,0800",,,,,"  256",",,7","   72",",,7",,,,,"   89",",,7,0800",,
"USC00040176","2015-01-21","34.5594","-115.7443","200.6","AMBOY, CA US","    0",",,7,0800",,,,,"  250",",,7","   67",",,7",,,,,"  150",",,7,0800",,
"USC00040176","2015-01-22","34.5594","-115.7443","200.6","AMBOY, CA US","    0",",,7,0800",,,,,"  228",",,7","   28",",,7",,,,,"   61",",,7,0800",,
"USC00040176","2015-01-23","34.5594","-115.7443","200.6","AMBOY, CA US","    0",",,7,0800",,,,,"  206",",,7","   33",",,7",,,,,"   44",",,7,0800",,
"USC00040176","2015-01-24","34.5594","-115.7443","200.6","AMBOY, CA US","    0",",,7,0800",,,,,"  222",",,7","   44",",,7",,,,,"  100",",,7,0800",,
"USC00040176","2015-01-25","34.5594","-115.7443","200.6","AMBOY, CA US","    0",",,7,0800",,,,,"  250",",,7","   44",",,7",,,,,,,,
"USC00040176","2015-01-26","34.5594","-115.7443","200.6","AMBOY, CA US","    0",",,7,0800",,,,,"  267",",,7","   56",",,7",,,,,"  106",",,7,0800",,
"USC00040176","2015-01-27","34.5594","-115.7443","200.6","AMBOY, CA US","   41",",,7,0800",,,,,"  172",",,7","  106",",,7",,,,,"  128",",,7,0800",,
"USC00040176","2015-01-28","34.5594","-115.7443","200.6","AMBOY, CA US","    0",",,7,0800",,,,,"  200",",,7","   50",",,7",,,,,"   78",",,7,0800",,
"USC00040176","2015-01-29","34.5594","-115.7443","200.6","AMBOY, CA US","    0",",,7,0800",,,,,"  222",",,7","   72",",,7",,,,,"  139",",,7,0800",,
"USC00040176","2015-01-30","34.5594","-115.7443","200.6","AMBOY, CA US","    8",",,7,0800",,,,,"  217",",,7","   72",",,7",,,,,"  133",",,7,0800",,
"USC00040176","2015-01-31","34.5594","-115.7443","200.6","AMBOY, CA US","   20",",,7,0800",,,,,"  161",",,7","  111",",,7",,,,,"  117",",,7,0800",,
"USC00040176","2015-02-01","34.5594","-115.7443","200.6","AMBOY, CA US","    0",",,7,0800",,,,,"  211",",,7","   72",",,7",,,,,"  111",",,7,0800",,
"USC00040176","2015-02-02","34.5594","-115.7443","200.6","AMBOY, CA US","    0",",,7,0800",,,,,"  239",",,7","   61",",,7",,,,,"   83",",,7,0800",,
"USC00040176","2015-02-03","34.5594","-115.7443","200.6","AMBOY, CA US","    0",",,7,0800",,,,,"  261",",,7","   67",",,7",,,,,"   94",",,7,0800",,
"USC00040176","2015-02-04","34.5594","-115.7443","200.6","AMBOY, CA US","    0",",,7,0800",,,,,"  272",",,7","   72",",,7",,,,,"   94",",,7,0800",,
"USC00040176","2015-02-05","34.5594","-115.7443","200.6","AMBOY, CA US","    0",",,7,0800",,,,,"  261",",,7","   78",",,7",,,,,"  128",",,7,0800",,
"USC00040176","2015-02-06","34.5594","-115.7443","200.6","AMBOY, CA US","    0",",,7,0800",,,,,"  272",",,7","   72",",,7",,,,,"  156",",,7,0800",,
"USC00040176","2015-02-08","34.5594","-115.7443","200.6","AMBOY, CA US","    0",",,7,0800",,,,,"  278",",,7","   72",",,7",,,,,"  144",",,7,0800",,
"USC00040176","2015-02-09","34.5594","-115.7443","200.6","AMBOY, CA US","    0",",,7,0800",,,,,"  289",",,7","  117",",,7",,,,,"  150",",,7,0800",,
"USC00040176","2015-02-10","34.5594","-115.7443","200.6","AMBOY, CA US","    0",",,7,0800",,,,,"  294",",,7","  111",",,7",,,,,"  161",",,7,0800",,
"USC00040176","2015-02-11","34.5594","-115.7443","200.6","AMBOY, CA US","    0",",,7,0800",,,,,"  272",",,7","   78",",,7",,,,,"  167",",,7,0800",,
"USC00040176","2015-02-12","34.5594","-115.7443","200.6","AMBOY, CA US","    0",",,7,0800",,,,,"  283",",,7","   78",",,7",,,,,"  139",",,7,0800",,
"USC00040176","2015-02-13","34.5594","-115.7443","200.6","AMBOY, CA US","    0",",,7,0800",,,,,"  272",",,7","   72",",,7",,,,,"  117",",,7,0800",,
"USC00040176","2015-02-14","34.5594","-115.7443","200.6","AMBOY, CA US","    0",",,7,0800",,,,,"  300",",,7","   78",",,7",,,,,"  128",",,7,0800",,
"USC00040176","2015-02-15","34.5594","-115.7443","200.6","AMBOY, CA US","    0",",,7,0800",,,,,"  300",",,7","   83",",,7",,,,,"  117",",,7,0800",,
"USC00040176","2015-02-16","34.5594","-115.7443","200.6","AMBOY, CA US","    0",",,7,0800",,,,,"  306",",,7","   78",",,7",,,,,"  150",",,7,0800",,
"USC00040176","2015-02-17","34.5594","-115.7443","200.6","AMBOY, CA US","    0",",,7,0800",,,,,"  289",",,7","  122",",,7",,,,,"  139",",,7,0800",,
"USC00040176","2015-02-18","34.5594","-115.7443","200.6","AMBOY, CA US","    0",",,7,0800",,,,,"  267",",,7","   78",",,7",,,,,"  111",",,7,0800",,
"USC00040176","2015-02-19","34.5594","-115.7443","200.6","AMBOY, CA US","    0",",,7,0800",,,,,"  278",",,7","   83",",,7",,,,,"  122",",,7,0800",,
"USC00040176","2015-02-20","34.5594","-115.7443","200.6","AMBOY, CA US","    0",",,7,0800",,,,,"  289",",,7","  100",",,7",,,,,"  144",",,7,0800",,
"USC00040176","2015-02-21","34.5594","-115.7443","200.6","AMBOY, CA US","    0",",,7,0800",,,,,"  294",",,7","   94",",,7",,,,,"  117",",,7,0800",,
"USC00040176","2015-02-22","34.5594","-115.7443","200.6","AMBOY, CA US","    0",",,7,0800",,,,,"  300",",,7","  100",",,7",,,,,"  178",",,7,0800",,
"USC00040176","2015-02-23","34.5594","-115.7443","200.6","AMBOY, CA US",,,,,,,"  222",",,7","   72",",,7",,,,,"  106",",,7,0800",,
"USC00040176","2015-02-24","34.5594","-115.7443","200.6","AMBOY, CA US",,,,,,,"  167",",,7","   94",",,7",,,,,"  122",",,7,0800",,
"USC00040176","2015-02-25","34.5594","-115.7443","200.6","AMBOY, CA US","    0",",,7,0800",,,,,"  206",",,7","   61",",,7",,,,,"  111",",,7,0800",,
"USC00040176","2015-02-26","34.5594","-115.7443","200.6","AMBOY, CA US","    0",",,7,0800",,,,,"  272",",,7","   78",",,7",,,,,"  128",",,7,0800",,
"USC00040176","2015-02-27","34.5594","-115.7443","200.6","AMBOY, CA US","    0",",,7,0800",,,,,"  256",",,7","  128",",,7",,,,,"  150",",,7,0800",,
"USC00040176","2015-02-28","34.5594","-115.7443","200.6","AMBOY, CA US","    0",",,7,0800",,,,,,,,,,,,,,,,
"USC00040176","2015-03-01","34.5594","-115.7443","200.6","AMBOY, CA US","    0",",,7,0800",,,,,"  228",",,7","  122",",,7",,,,,"  133",",,7,0800",,
"USC00040176","2015-03-02","34.5594","-115.7443","200.6","AMBOY, CA US","   64",",,7,0800",,,,,"  228",",,7","   94",",,7",,,,,"  100",",,7,0800",,
"USC00040176","2015-03-03","34.5594","-115.7443","200.6","AMBOY, CA US","    0",",,7,0800",,,,,"  222",",,7","   56",",,7",,,,,"   83",",,7,0800",,
"USC00040176","2015-03-04","34.5594","-115.7443","200.6","AMBOY, CA US","    0",",,7,0800",,,,,"  200",",,7","   56",",,7",,,,,"  128",",,7,0800",,
"USC00040176","2015-03-05","34.5594","-115.7443","200.6","AMBOY, CA US","    0",",,7,0800",,,,,"  217",",,7","   72",",,7",,,,,"  106",",,7,0800",,
"USC00040176","2015-03-06","34.5594","-115.7443","200.6","AMBOY, CA US","    0",",,7,0800",,,,,"  244",",,7","   67",",,7",,,,,"  156",",,7,0800",,
"USC00040176","2015-03-07","34.5594","-115.7443","200.6","AMBOY, CA US","    0",",,7,0800",,,,,"  278",",,7","   72",",,7",,,,,"  167",",,7,0800",,
"USC00040176","2015-03-08","34.5594","-115.7443","200.6","AMBOY, CA US","    0",",,7,0800",,,,,"  289",",,7","   94",",,7",,,,,"  111",",,7,0800",,
"USC00040176","2015-03-09","34.5594","-115.7443","200.6","AMBOY, CA US","    0",",,7,0800",,,,,"  317",",,7","  106",",,7",,,,,"  111",",,7,0800",,
"USC00040176","2015-03-10","34.5594","-115.7443","200.6","AMBOY, CA US","    0",",,7,0800",,,,,"  311",",,7","  106",",,7",,,,,"  144",",,7,0800",,
"USC00040176","2015-03-11","34.5594","-115.7443","200.6","AMBOY, CA US","    0",",,7,0800",,,,,"  311",",,7","  106",",,7",,,,,"  167",",,7,0800",,
"USC00040176","2015-03-12","34.5594","-115.7443","200.6","AMBOY, CA US","    0",",,7,0800",,,,,"  311",",,7","  106",",,7",,,,,"  167",",,7,0800",,
"USC00040176","2015-03-13","34.5594","-115.7443","200.6","AMBOY, CA US","    0",",,7,0800",,,,,"  306",",,7","  133",",,7",,,,,"  178",",,7,0800",,
"USC00040176","2015-03-15","34.5594","-115.7443","200.6","AMBOY, CA US","    0",",,7,0800",,,,,"  322",",,7","  133",",,7",,,,,"  178",",,7,0800",,
"USC00040176","2015-03-16","34.5594","-115.7443","200.6","AMBOY, CA US","    0",",,7,0800",,,,,"  322",",,7","  133",",,7",,,,,"  172",",,7,0800",,
"USC00040176","2015-03-17","34.5594","-115.7443","200.6","AMBOY, CA US","    0",",,7,0800",,,,,"  328",",,7","  144",",,7",,,,,"  156",",,7,0800",,
"USC00040176","2015-03-18","34.5594","-115.7443","200.6","AMBOY, CA US","    0",",,7,0800",,,,,"  328",",,7","  144",",,7",,,,,"  200",",,7,0800",,
"USC00040176","2015-03-19","34.5594","-115.7443","200.6","AMBOY, CA US","    0",",,7,0800",,,,,"  306",",,7","  144",",,7",,,,,"  206",",,7,0800",,
"USC00040176","2015-03-20","34.5594","-115.7443","200.6","AMBOY, CA US","    0",",,7,0800",,,,,"  311",",,7","  128",",,7",,,,,"  172",",,7,0800",,
"USC00040176","2015-03-21","34.5594","-115.7443","200.6","AMBOY, CA US","    0",",,7,0800",,,,,"  306",",,7","  117",",,7",,,,,"  144",",,7,0800",,
"USC00040176","2015-03-22","34.5594","-115.7443","200.6","AMBOY, CA US","    0",",,7,0800",,,,,"  339",",,7","  117",",,7",,,,,"  178",",,7,0800",,
"USC00040176","2015-03-23","34.5594","-115.7443","200.6","AMBOY, CA US","    0",",,7,0800",,,,,"  344",",,7","  117",",,7",,,,,"  217",",,7,0800",,
"USC00040176","2015-03-24","34.5594","-115.7443","200.6","AMBOY, CA US","    0",",,7,0800",,,,,"  294",",,7","  178",",,7",,,,,"  189",",,7,0800",,
"USC00040176","2015-03-25","34.5594","-115.7443","200.6","AMBOY, CA US","    0",",,7,0800",,,,,"  300",",,7","  178",",,7",,,,,"  200",",,7,0800",,
"USC00040176","2015-03-26","34.5594","-115.7443","200.6","AMBOY, CA US","    0",",,7,0800",,,,,"  317",",,7","  161",",,7",,,,,"  189",",,7,0800",,
"USC00040176","2015-03-27","34.5594","-115.7443","200.6","AMBOY, CA US","    0",",,7,0800",,,,,"  333",",,7","  161",",,7",,,,,"  167",",,7,0800",,
"USC00040176","2015-03-28","34.5594","-115.7443","200.6","AMBOY, CA US","    0",",,7,0800",,,,,"  356",",,7","  161",",,7",,,,,"  167",",,7,0800",,
"USC00040176","2015-03-29","34.5594","-115.7443","200.6","AMBOY, CA US","    0",",,7,0800",,,,,"  372",",,7","  161",",,7",,,,,"  206",",,7,0800",,
"USC00040176","2015-03-30","34.5594","-115.7443","200.6","AMBOY, CA US","    0",",,7,0800",,,,,"  367",",,7","  144",",,7",,,,,"  178",",,7,0800",,
"USC00040176","2015-03-31","34.5594","-115.7443","200.6","AMBOY, CA US","    0",",,7,0800",,,,,"  361",",,7","  161",",,7",,,,,"  200",",,7,0800",,
"USC00040176","2015-04-01","34.5594","-115.7443","200.6","AMBOY, CA US","    0",",,7,0800",,,,,"  361",",,7","  167",",,7",,,,,"  217",",,7,0800",,
"USC00040176","2015-04-02","34.5594","-115.7443","200.6","AMBOY, CA US","    0",",,7,0800",,,,,"  322",",,7","  161",",,7",,,,,"  183",",,7,0800",,
"USC00040176","2015-04-03","34.5594","-115.7443","200.6","AMBOY, CA US","    0",",,7,0800",,,,,"  317",",,7","  117",",,7",,,,,"  189",",,7,0800",,
"USC00040176","2015-04-04","34.5594","-115.7443","200.6","AMBOY, CA US","    0",",,7,0800",,,,,"  322",",,7","   94",",,7",,,,,"  150",",,7,0800",,
"USC00040176","2015-04-05","34.5594","-115.7443","200.6","AMBOY, CA US","    0",",,7,0800",,,,,"  322",",,7","   89",",,7",,,,,"  183",",,7,0800",,
"USC00040176","2015-04-06","34.5594","-115.7443","200.6","AMBOY, CA US","    0",",,7,0800",,,,,"  311",",,7","  139",",,7",,,,,"  172",",,7,0800",,
"USC00040176","2015-04-07","34.5594","-115.7443","200.6","AMBOY, CA US","    0",",,7,0800",,,,,"  267",",,7","  117",",,7",,,,,"  144",",,7,0800",,
"USC00040176","2015-04-08","34.5594","-115.7443","200.6","AMBOY, CA US","    0",",,7,0800",,,,,"  256",",,7","  117",",,7",,,,,"  144",",,7,0800",,
"USC00040176","2015-04-09","34.5594","-115.7443","200.6","AMBOY, CA US","    0",",,7,0800",,,,,"  244",",,7","   78",",,7",,,,,"  117",",,7,0800",,
"USC00040176","2015-04-10","34.5594","-115.7443","200.6","AMBOY, CA US","    0",",,7,0800",,,,,"  278",",,7","   78",",,7",,,,,,,,
"USC00040176","2015-04-11","34.5594","-115.7443","200.6","AMBOY, CA US","    0",",,7,0800",,,,,"  294",",,7","  139",",,7",,,,,"  189",",,7,0800",,
"USC00040176","2015-04-12","34.5594","-115.7443","200.6","AMBOY, CA US","    0",",,7,0800",,,,,"  317",",,7","  189",",,7",,,,,"  211",",,7,0800",,
"USC00040176","2015-04-13","34.5594","-115.7443","200.6","AMBOY, CA US","    0",",,7,0800",,,,,"  339",",,7","  150",",,7",,,,,"  206",",,7,0800",,
"USC00040176","2015-04-14","34.5594","-115.7443","200.6","AMBOY, CA US","    0",",,7,0800",,,,,"  356",",,7","  161",",,7",,,,,"  206",",,7,0800",,
"USC00040176","2015-04-15","34.5594","-115.7443","200.6","AMBOY, CA US","    0",",,7,0800",,,,,"  344",",,7","  150",",,7",,,,,"  167",",,7,0800",,
"USC00040176","2015-04-16","34.5594","-115.7443","200.6","AMBOY, CA US","    0",",,7,0800",,,,,"  256",",,7","   89",",,7",,,,,"  133",",,7,0800",,
"USC00040176","2015-04-17","34.5594","-115.7443","200.6","AMBOY, CA US","    0",",,7,0800",,,,,"  272",",,7","  111",",,7",,,,,"  167",",,7,0800",,
"USC00040176","2015-04-18","34.5594","-115.7443","200.6","AMBOY, CA US","    0",",,7,0800",,,,,"  311",",,7","  133",",,7",,,,,"  200",",,7,0800",,
"USC00040176","2015-04-19","34.5594","-115.7443","200.6","AMBOY, CA US","    0",",,7,0800",,,,,"  356",",,7","  178",",,7",,,,,"  228",",,7,0800",,
"USC00040176","2015-04-20","34.5594","-115.7443","200.6","AMBOY, CA US","    0",",,7,0800",,,,,"  361",",,7","  156",",,7",,,,,"  194",",,7,0800",,
"USC00040176","2015-04-21","34.5594","-115.7443","200.6","AMBOY, CA US","    0",",,7,0800",,,,,"  350",",,7","  172",",,7",,,,,"  222",",,7,0800",,
"USC00040176","2015-04-22","34.5594","-115.7443","200.6","AMBOY, CA US","    0",",,7,0800",,,,,"  350",",,7","  139",",,7",,,,,"  189",",,7,0800",,
"USC00040176","2015-04-23","34.5594","-115.7443","200.6","AMBOY, CA US","    0",",,7,0800",,,,,"  294",",,7","  161",",,7",,,,,"  194",",,7,0800",,
"USC00040176","2015-04-24","34.5594","-115.7443","200.6","AMBOY, CA US","    0",",,7,0800",,,,,"  300",",,7","  156",",,7",,,,,"  189",",,7,0800",,
"USC00040176","2015-04-25","34.5594","-115.7443","200.6","AMBOY, CA US","    0",",,7,0800",,,,,"  306",",,7","  172",",,7",,,,,"  206",",,7,0800",,
"USC00040176","2015-04-26","34.5594","-115.7443","200.6","AMBOY, CA US","   13",",,7,0800",,,,,"  244",",,7","  139",",,7",,,,,"  183",",,7,0800",,
"USC00040176","2015-04-27","34.5594","-115.7443","200.6","AMBOY, CA US","    0",",,7,0800",,,,,"  283",",,7","  167",",,7",,,,,"  222",",,7,0800",,
"USC00040176","2015-04-28","34.5594","-115.7443","200.6","AMBOY, CA US","    0",",,7,0800",,,,,"  344",",,7","  150",",,7",,,,,"  194",",,7,0800",,
"USC00040176","2015-04-29","34.5594","-115.7443","200.6","AMBOY, CA US","    0",",,7,0800",,,,,"  361",",,7","  150",",,7",,,,,"  222",",,7,0800",,
"USC00040176","2015-04-30","34.5594","-115.7443","200.6","AMBOY, CA US","    0",",,7,0800",,,,,"  378",",,7","  178",",,7",,,,,"  244",",,7,0800",,
"USC00040176","2015-05-01","34.5594","-115.7443","200.6","AMBOY, CA US","    0",",,7,0800",,,,,"  389",",,7","  178",",,7",,,,,"  278",",,7,0800",,
"USC00040176","2015-05-02","34.5594","-115.7443","200.6","AMBOY, CA US","    0",",,7,0800",,,,,"  383",",,7","  183",",,7",,,,,"  283",",,7,0800",,
"USC00040176","2015-05-03","34.5594","-115.7443","200.6","AMBOY, CA US","    0",",,7,0800",,,,,"  378",",,7","  222",",,7",,,,,"  256",",,7,0800",,
"USC00040176","2015-05-04","34.5594","-115.7443","200.6","AMBOY, CA US","    0",",,7,0800",,,,,"  356",",,7","  228",",,7",,,,,"  272",",,7,0800",,
"USC00040176","2015-05-05","34.5594","-115.7443","200.6","AMBOY, CA US","    0",",,7,0800",,,,,"  339",",,7","  194",",,7",,,,,"  211",",,7,0800",,
"USC00040176","2015-05-06","34.5594","-115.7443","200.6","AMBOY, CA US","    0",",,7,0800",,,,,"  322",",,7","  189",",,7",,,,,"  228",",,7,0800",,
"USC00040176","2015-05-07","34.5594","-115.7443","200.6","AMBOY, CA US","    0",",,7,0800",,,,,"  328",",,7","  194",",,7",,,,,"  217",",,7,0800",,
"USC00040176","2015-05-08","34.5594","-115.7443","200.6","AMBOY, CA US","    0",",,7,0800",,,,,"  289",",,7","  139",",,7",,,,,"  167",",,7,0800",,
"USC00040176","2015-05-09","34.5594","-115.7443","200.6","AMBOY, CA US","    0",",,7,0800",,,,,"  328",",,7","  133",",,7",,,,,"  172",",,7,0800",,
"USC00040176","2015-05-10","34.5594","-115.7443","200.6","AMBOY, CA US","    0",",,7,0800",,,,,"  322",",,7","  139",",,7",,,,,"  217",",,7,0800",,
"USC00040176","2015-05-11","34.5594","-115.7443","200.6","AMBOY, CA US","    0",",,7,0800",,,,,"  339",",,7","  167",",,7",,,,,"  206",",,7,0800",,
"USC00040176","2015-05-12","34.5594","-115.7443","200.6","AMBOY, CA US","    0",",,7,0800",,,,,"  350",",,7","  172",",,7",,,,,"  228",",,7,0800",,
"USC00040176","2015-05-13","34.5594","-115.7443","200.6","AMBOY, CA US","    0",",,7,0800",,,,,"  350",",,7","  189",",,7",,,,,"  217",",,7,0800",,
"USC00040176","2015-05-14","34.5594","-115.7443","200.6","AMBOY, CA US","    0",",,7,0800",,,,,"  328",",,7","  172",",,7",,,,,"  217",",,7,0800",,
"USC00040176","2015-05-15","34.5594","-115.7443","200.6","AMBOY, CA US","    0",",,7,0800",,,,,"  278",",,7","  133",",,7",,,,,"  150",",,7,0800",,
"USC00040176","2015-05-16","34.5594","-115.7443","200.6","AMBOY, CA US","    0",",,7,0800",,,,,"  350",",,7","  117",",,7",,,,,"  144",",,7,0800",,
"USC00040176","2015-05-17","34.5594","-115.7443","200.6","AMBOY, CA US","    0",",,7,0800",,,,,"  356",",,7","  122",",,7",,,,,"  200",",,7,0800",,
"USC00040176","2015-05-18","34.5594","-115.7443","200.6","AMBOY, CA US","    0",",,7,0800",,,,,"  306",",,7","  172",",,7",,,,,"  228",",,7,0800",,
"USC00040176","2015-05-21","34.5594","-115.7443","200.6","AMBOY, CA US","    0",",,7,0800",,,,,"  333",",,7","  194",",,7",,,,,"  233",",,7,0800",,
"USC00040176","2015-05-22","34.5594","-115.7443","200.6","AMBOY, CA US","    0",",,7,0800",,,,,"  311",",,7","  189",",,7",,,,,"  194",",,7,0800",,
"USC00040176","2015-05-23","34.5594","-115.7443","200.6","AMBOY, CA US","    0",",,7,0800",,,,,"  328",",,7","  172",",,7",,,,,"  211",",,7,0800",,
"USC00040176","2015-05-24","34.5594","-115.7443","200.6","AMBOY, CA US","    0",",,7,0800",,,,,"  317",",,7","  200",",,7",,,,,"  217",",,7,0800",,
"USC00040176","2015-05-25","34.5594","-115.7443","200.6","AMBOY, CA US","    0",",,7,0800",,,,,"  333",",,7","  206",",,7",,,,,"  239",",,7,0800",,
"USC00040176","2015-05-26","34.5594","-115.7443","200.6","AMBOY, CA US","    0",",,7,0800",,,,,"  361",",,7","  194",",,7",,,,,"  256",",,7,0800",,
"USC00040176","2015-05-27","34.5594","-115.7443","200.6","AMBOY, CA US","    0",",,7,0800",,,,,"  356",",,7","  194",",,7",,,,,"  261",",,7,0800",,
"USC00040176","2015-05-28","34.5594","-115.7443","200.6","AMBOY, CA US","    0",",,7,0800",,,,,"  372",",,7","  200",",,7",,,,,"  261",",,7,0800",,
"USC00040176","2015-05-29","34.5594","-115.7443","200.6","AMBOY, CA US","    0",",,7,0800",,,,,"  383",",,7","  200",",,7",,,,,"  267",",,7,0800",,
"USC00040176","2015-05-30","34.5594","-115.7443","200.6","AMBOY, CA US","    0",",,7,0800",,,,,"  400",",,7","  206",",,7",,,,,"  283",",,7,0800",,
"USC00040176","2015-05-31","34.5594","-115.7443","200.6","AMBOY, CA US","    0",",,7,0800",,,,,"  422",",,7","  200",",,7",,,,,"  278",",,7,0800",,
"USC00040176","2015-06-01","34.5594","-115.7443","200.6","AMBOY, CA US","    0",",,7,0800",,,,,"  428",",,7","  239",",,7",,,,,"  294",",,7,0800",,
"USC00040176","2015-06-02","34.5594","-115.7443","200.6","AMBOY, CA US","    0",",,7,0800",,,,,"  406",",,7","  250",",,7",,,,,"  306",",,7,0800",,
"USC00040176","2015-06-03","34.5594","-115.7443","200.6","AMBOY, CA US","    0",",,7,0800",,,,,"  383",",,7","  250",",,7",,,,,"  283",",,7,0800",,
"USC00040176","2015-06-04","34.5594","-115.7443","200.6","AMBOY, CA US","    0",",,7,0800",,,,,"  378",",,7","  261",",,7",,,,,"  272",",,7,0800",,
"USC00040176","2015-06-05","34.5594","-115.7443","200.6","AMBOY, CA US","    0",",,7,0800",,,,,"  367",",,7","  217",",,7",,,,,"  244",",,7,0800",,
"USC00040176","2015-06-07","34.5594","-115.7443","200.6","AMBOY, CA US","    0",",,7,0800",,,,,"  383",",,7","  194",",,7",,,,,"  261",",,7,0800",,
"USC00040176","2015-06-08","34.5594","-115.7443","200.6","AMBOY, CA US","    0",",,7,0800",,,,,"  394",",,7","  211",",,7",,,,,"  267",",,7,0800",,
"USC00040176","2015-06-09","34.5594","-115.7443","200.6","AMBOY, CA US","    0",",,7,0800",,,,,"  428",",,7","  244",",,7",,,,,"  333",",,7,0800",,
"USC00040176","2015-06-10","34.5594","-115.7443","200.6","AMBOY, CA US","    0",",,7,0800",,,,,"  367",",,7","  222",",,7",,,,,,,,
"USC00040176","2015-06-11","34.5594","-115.7443","200.6","AMBOY, CA US","    0",",,7,0800",,,,,"  378",",,7","  261",",,7",,,,,"  294",",,7,0800",,
"USC00040176","2015-06-12","34.5594","-115.7443","200.6","AMBOY, CA US","    0",",,7,0800",,,,,"  394",",,7","  261",",,7",,,,,"  289",",,7,0800",,
"USC00040176","2015-06-13","34.5594","-115.7443","200.6","AMBOY, CA US","    0",",,7,0800",,,,,"  422",",,7","  289",",,7",,,,,"  356",",,7,0800",,
"USC00040176","2015-06-14","34.5594","-115.7443","200.6","AMBOY, CA US","    0",",,7,0800",,,,,"  439",",,7","  283",",,7",,,,,"  328",",,7,0800",,
"USC00040176","2015-06-15","34.5594","-115.7443","200.6","AMBOY, CA US","    0",",,7,0800",,,,,"  450",",,7","  283",",,7",,,,,"  339",",,7,0800",,
"USC00040176","2015-06-16","34.5594","-115.7443","200.6","AMBOY, CA US","    0",",,7,0800",,,,,"  467",",,7","  272",",,7",,,,,"  333",",,7,0800",,
"USC00040176","2015-06-17","34.5594","-115.7443","200.6","AMBOY, CA US","    0",",,7,0800",,,,,"  467",",,7","  272",",,7",,,,,"  317",",,7,0800",,
"USC00040176","2015-06-18","34.5594","-115.7443","200.6","AMBOY, CA US","    0",",,7,0800",,,,,"  467",",,7","  272",",,7",,,,,"  311",",,7,0800",,
"USC00040176","2015-06-19","34.5594","-115.7443","200.6","AMBOY, CA US","    0",",,7,0800",,,,,"  461",",,7","  272",",,7",,,,,"  333",",,7,0800",,
"USC00040176","2015-06-20","34.5594","-115.7443","200.6","AMBOY, CA US","    0",",,7,0800",,,,,"  467",",,7","  278",",,7",,,,,"  317",",,7,0800",,
"USC00040176","2015-06-21","34.5594","-115.7443","200.6","AMBOY, CA US","    0",",,7,0800",,,,,"  472",",,7","  250",",,7",,,,,"  311",",,7,0800",,
"USC00040176","2015-06-22","34.5594","-115.7443","200.6","AMBOY, CA US","    0",",,7,0800",,,,,"  461",",,7","  267",",,7",,,,,"  306",",,7,0800",,
"USC00040176","2015-06-23","34.5594","-115.7443","200.6","AMBOY, CA US","    0",",,7,0800",,,,,"  450",",,7","  283",",,7",,,,,"  317",",,7,0800",,
"USC00040176","2015-06-25","34.5594","-115.7443","200.6","AMBOY, CA US","    0",",,7,0800",,,,,"  461",",,7","  267",",,7",,,,,"  317",",,7,0800",,
"USC00040176","2015-06-26","34.5594","-115.7443","200.6","AMBOY, CA US","    0",",,7,0800",,,,,"  461",",,7","  272",",,7",,,,,"  372",",,7,0800",,
"USC00040176","2015-06-27","34.5594","-115.7443","200.6","AMBOY, CA US","    0",",,7,0800",,,,,"  461",",,7","  294",",,7",,,,,"  344",",,7,0800",,
"USC00040176","2015-06-28","34.5594","-115.7443","200.6","AMBOY, CA US","    0",",,7,0800",,,,,"  456",",,7","  294",",,7",,,,,"  333",",,7,0800",,
"USC00040176","2015-06-29","34.5594","-115.7443","200.6","AMBOY, CA US","    0",",,7,0800",,,,,"  439",",,7","  306",",,7",,,,,"  350",",,7,0800",,
"USC00040176","2015-06-30","34.5594","-115.7443","200.6","AMBOY, CA US","    0",",,7,0800",,,,,"  461",",,7","  317",",,7",,,,,"  356",",,7,0800",,
"USC00040176","2015-07-02","34.5594","-115.7443","200.6","AMBOY, CA US","    0",",,7,0800",,,,,"  372",",,7","  272",",,7",,,,,"  311",",,7,0800",,
"USC00040176","2015-07-03","34.5594","-115.7443","200.6","AMBOY, CA US","    0",",,7,0800",,,,,"  433",",,7","  311",",,7",,,,,"  372",",,7,0800",,
"USC00040176","2015-07-04","34.5594","-115.7443","200.6","AMBOY, CA US","    0",",,7,0800",,,,,"  456",",,7","  272",",,7",,,,,"  344",",,7,0800",,
"USC00040176","2015-07-05","34.5594","-115.7443","200.6","AMBOY, CA US","    0",",,7,0800",,,,,"  450",",,7","  300",",,7",,,,,"  344",",,7,0800",,
"USC00040176","2015-07-06","34.5594","-115.7443","200.6","AMBOY, CA US","    0",",,7,0800",,,,,"  444",",,7","  300",",,7",,,,,"  322",",,7,0800",,
"USC00040176","2015-07-07","34.5594","-115.7443","200.6","AMBOY, CA US","    0",",,7,0800",,,,,"  428",",,7","  300",",,7",,,,,"  333",",,7,0800",,
"USC00040176","2015-07-09","34.5594","-115.7443","200.6","AMBOY, CA US","    0",",,7,0800",,,,,"  428",",,7","  272",",,7",,,,,"  294",",,7,0800",,
"USC00040176","2015-07-10","34.5594","-115.7443","200.6","AMBOY, CA US","    0",",,7,0800",,,,,"  389",",,7","  250",",,7",,,,,"  272",",,7,0800",,
"USC00040176","2015-07-11","34.5594","-115.7443","200.6","AMBOY, CA US","    0",",,7,0800",,,,,"  433",",,7","  228",",,7",,,,,"  256",",,7,0800",,
"USC00040176","2015-07-12","34.5594","-115.7443","200.6","AMBOY, CA US","    0",",,7,0800",,,,,"  439",",,7","  228",",,7",,,,,"  289",",,7,0800",,
"USC00040176","2015-07-13","34.5594","-115.7443","200.6","AMBOY, CA US","    0",",,7,0800",,,,,"  406",",,7","  228",",,7",,,,,"  306",",,7,0800",,
"USC00040176","2015-07-14","34.5594","-115.7443","200.6","AMBOY, CA US","    0",",,7,0800",,,,,"  433",",,7","  272",",,7",,,,,"  317",",,7,0800",,
"USC00040176","2015-07-15","34.5594","-115.7443","200.6","AMBOY, CA US","    0",",,7,0800",,,,,"  439",",,7","  272",",,7",,,,,"  306",",,7,0800",,
"USC00040176","2015-07-16","34.5594","-115.7443","200.6","AMBOY, CA US","    0",",,7,0800",,,,,"  417",",,7","  250",",,7",,,,,"  283",",,7,0800",,
"USC00040176","2015-07-17","34.5594","-115.7443","200.6","AMBOY, CA US","    0",",,7,0800",,,,,"  433",",,7","  250",",,7",,,,,"  256",",,7,0800",,
"USC00040176","2015-07-18","34.5594","-115.7443","200.6","AMBOY, CA US","    0",",,7,0800",,,,,"  433",",,7","  256",",,7",,,,,"  300",",,7,0800",,
"USC00040176","2015-07-19","34.5594","-115.7443","200.6","AMBOY, CA US","   58",",,7,0800",,,,,"  333",",,7","  211",",,7",,,,,"  261",",,7,0800",,
"USC00040176","2015-07-20","34.5594","-115.7443","200.6","AMBOY, CA US","   15",",,7,0800",,,,,"  361",",,7","  239",",,7",,,,,"  267",",,7,0800",,
"USC00040176","2015-07-21","34.5594","-115.7443","200.6","AMBOY, CA US","    0",",,7,0800",,,,,"  378",",,7","  267",",,7",,,,,"  317",",,7,0800",,
"USC00040176","2015-07-22","34.5594","-115.7443","200.6","AMBOY, CA US","    0",",,7,0800",,,,,"  400",",,7","  317",",,7",,,,,"  344",",,7,0800",,
"USC00040176","2015-07-23","34.5594","-115.7443","200.6","AMBOY, CA US","    0",",,7,0800",,,,,"  411",",,7","  267",",,7",,,,,"  306",",,7,0800",,
"USC00040176","2015-07-25","34.5594","-115.7443","200.6","AMBOY, CA US","    0",",,7,0800",,,,,"  417",",,7","  261",",,7",,,,,"  317",",,7,0800",,
"USC00040176","2015-07-26","34.5594","-115.7443","200.6","AMBOY, CA US","    0",",,7,0800",,,,,"  422",",,7","  261",",,7",,,,,"  311",",,7,0800",,
"USC00040176","2015-07-27","34.5594","-115.7443","200.6","AMBOY, CA US","    0",",,7,0800",,,,,"  428",",,7","  267",",,7",,,,,"  311",",,7,0800",,
"USC00040176","2015-07-28","34.5594","-115.7443","200.6","AMBOY, CA US","    0",",,7,0800",,,,,"  428",",,7","  239",",,7",,,,,"  283",",,7,0800",,
"USC00040176","2015-07-29","34.5594","-115.7443","200.6","AMBOY, CA US","    0",",,7,0800",,,,,"  422",",,7","  261",",,7",,,,,"  333",",,7,0800",,
"USC00040176","2015-07-30","34.5594","-115.7443","200.6","AMBOY, CA US","    0",",,7,0800",,,,,"  428",",,7","  261",",,7",,,,,"  311",",,7,0800",,
"USC00040176","2015-07-31","34.5594","-115.7443","200.6","AMBOY, CA US","    0",",,7,0800",,,,,"  428",",,7",,,,,,,"  283",",,7,0800",,
"USC00040176","2015-08-01","34.5594","-115.7443","200.6","AMBOY, CA US","    0",",,7,0800",,,,,"  433",",,7","  261",",,7",,,,,"  322",",,7,0800",,
"USC00040176","2015-08-02","34.5594","-115.7443","200.6","AMBOY, CA US","    0",",,7,0800",,,,,"  422",",,7","  272",",,7",,,,,"  322",",,7,0800",,
"USC00040176","2015-08-03","34.5594","-115.7443","200.6","AMBOY, CA US","    0",",,7,0800",,,,,"  439",",,7","  289",",,7",,,,,"  322",",,7,0800",,
"USC00040176","2015-08-04","34.5594","-115.7443","200.6","AMBOY, CA US","    0",",,7,0800",,,,,"  444",",,7","  283",",,7",,,,,"  317",",,7,0800",,
"USC00040176","2015-08-05","34.5594","-115.7443","200.6","AMBOY, CA US","    0",",,7,0800",,,,,"  444",",,7","  278",",,7",,,,,"  322",",,7,0800",,
"USC00040176","2015-08-06","34.5594","-115.7443","200.6","AMBOY, CA US","    0",",,7,0800",,,,,"  456",",,7","  278",",,7",,,,,"  322",",,7,0800",,
"USC00040176","2015-08-07","34.5594","-115.7443","200.6","AMBOY, CA US","   15",",,7,0800",,,,,"  461",",,7","  294",",,7",,,,,"  294",",,7,0800",,
"USC00040176","2015-08-08","34.5594","-115.7443","200.6","AMBOY, CA US","    0",",,7,0800",,,,,"  417",",,7",,,,,,,"  250",",,7,0800",,
"USC00040176","2015-08-09","34.5594","-115.7443","200.6","AMBOY, CA US","    0",",,7,0800",,,,,"  406",",,7",,,,,,,"  200",",,7,0800",,
"USC00040176","2015-08-10","34.5594","-115.7443","200.6","AMBOY, CA US","    0",",,7,0800",,,,,"  422",",,7",,,,,,,"  300",",,7,0800",,
"USC00040176","2015-08-11","34.5594","-115.7443","200.6","AMBOY, CA US","    0",",,7,0800",,,,,"  428",",,7","  233",",,7",,,,,"  272",",,7,0800",,
"USC00040176","2015-08-12","34.5594","-115.7443","200.6","AMBOY, CA US","    0",",,7,0800",,,,,"  433",",,7","  261",",,7",,,,,"  328",",,7,0800",,
"USC00040176","2015-08-13","34.5594","-115.7443","200.6","AMBOY, CA US","    0",",,7,0800",,,,,"  422",",,7","  283",",,7",,,,,"  328",",,7,0800",,
"USC00040176","2015-08-14","34.5594","-115.7443","200.6","AMBOY, CA US","    0",",,7,0800",,,,,"  450",",,7","  228",",,7",,,,,"  339",",,7,0800",,
"USC00040176","2015-08-15","34.5594","-115.7443","200.6","AMBOY, CA US","    0",",,7,0800",,,,,"  461",",,7","  300",",,7",,,,,"  339",",,7,0800",,
"USC00040176","2015-08-16","34.5594","-115.7443","200.6","AMBOY, CA US","    0",",,7,0800",,,,,"  472",",,7","  311",",,7",,,,,"  367",",,7,0800",,
"USC00040176","2015-08-17","34.5594","-115.7443","200.6","AMBOY, CA US","    0",",,7,0800",,,,,"  478",",,7","  317",",,7",,,,,"  333",",,7,0800",,
"USC00040176","2015-08-18","34.5594","-115.7443","200.6","AMBOY, CA US","    0",",,7,0800",,,,,"  472",",,7","  300",",,7",,,,,"  344",",,7,0800",,
"USC00040176","2015-08-19","34.5594","-115.7443","200.6","AMBOY, CA US","    0",",,7,0800",,,,,"  461",",,7","  300",",,7",,,,,"  317",",,7,0800",,
"USC00040176","2015-08-20","34.5594","-115.7443","200.6","AMBOY, CA US","    0",",,7,0800",,,,,"  456",",,7","  283",",,7",,,,,"  300",",,7,0800",,
"USC00040176","2015-08-21","34.5594","-115.7443","200.6","AMBOY, CA US","    0",",,7,0800",,,,,"  433",",,7","  289",",,7",,,,,"  317",",,7,0800",,
"USC00040176","2015-08-22","34.5594","-115.7443","200.6","AMBOY, CA US","    0",",,7,0800",,,,,"  461",",,7","  283",",,7",,,,,"  300",",,7,0800",,
"USC00040176","2015-08-23","34.5594","-115.7443","200.6","AMBOY, CA US","    0",",,7,0800",,,,,"  428",",,7","  250",",,7",,,,,"  306",",,7,0800",,
"USC00040176","2015-08-24","34.5594","-115.7443","200.6","AMBOY, CA US","    0",",,7,0800",,,,,"  433",",,7","  250",",,7",,,,,"  311",",,7,0800",,
"USC00040176","2015-08-25","34.5594","-115.7443","200.6","AMBOY, CA US","    0",",,7,0800",,,,,"  433",",,7","  311",",,7",,,,,"  328",",,7,0800",,
"USC00040176","2015-08-26","34.5594","-115.7443","200.6","AMBOY, CA US","    0",",,7,0800",,,,,"  406",",,7","  311",",,7",,,,,"  317",",,7,0800",,
"USC00040176","2015-08-27","34.5594","-115.7443","200.6","AMBOY, CA US","    0",",,7,0800",,,,,"  411",",,7","  294",",,7",,,,,"  328",",,7,0800",,
"USC00040176","2015-08-29","34.5594","-115.7443","200.6","AMBOY, CA US","    0",",,7,0800",,,,,"  411",",,7","  317",",,7",,,,,"  350",",,7,0800",,
"USC00040176","2015-08-30","34.5594","-115.7443","200.6","AMBOY, CA US","    0",",,7,0800",,,,,"  456",",,7","  306",",,7",,,,,"  322",",,7,0800",,
"USC00040176","2015-08-31","34.5594","-115.7443","200.6","AMBOY, CA US","    0",",,7,0800",,,,,"  444",",,7","  267",",,7",,,,,"  289",",,7,0800",,
"USC00040176","2015-09-01","34.5594","-115.7443","200.6","AMBOY, CA US","    0",",,7,0800",,,,,"  417",",,7","  256",",,7",,,,,"  306",",,7,0800",,
"USC00040176","2015-09-02","34.5594","-115.7443","200.6","AMBOY, CA US","    0",",,7,0800",,,,,"  406",",,7","  256",",,7",,,,,"  289",",,7,0800",,
"USC00040176","2015-09-03","34.5594","-115.7443","200.6","AMBOY, CA US","    0",",,7,0800",,,,,"  406",",,7","  256",",,7",,,,,"  278",",,7,0800",,
"USC00040176","2015-09-04","34.5594","-115.7443","200.6","AMBOY, CA US","    0",",,7,0800",,,,,"  411",",,7","  250",",,7",,,,,"  289",",,7,0800",,
"USC00040176","2015-09-05","34.5594","-115.7443","200.6","AMBOY, CA US","    0",",,7,0800",,,,,"  417",",,7","  239",",,7",,,,,"  256",",,7,0800",,
"USC00040176","2015-09-06","34.5594","-115.7443","200.6","AMBOY, CA US","    0",",,7,0800",,,,,"  389",",,7","  233",",,7",,,,,"  272",",,7,0800",,
"USC00040176","2015-09-07","34.5594","-115.7443","200.6","AMBOY, CA US","    0",",,7,0800",,,,,"  389",",,7","  244",",,7",,,,,"  306",",,7,0800",,
"USC00040176","2015-09-08","34.5594","-115.7443","200.6","AMBOY, CA US","    0",",,7,0800",,,,,"  417",",,7","  256",",,7",,,,,"  306",",,7,0800",,
"USC00040176","2015-09-09","34.5594","-115.7443","200.6","AMBOY, CA US","    0",",,7,0800",,,,,"  428",",,7","  256",",,7",,,,,"  322",",,7,0800",,
"USC00040176","2015-09-10","34.5594","-115.7443","200.6","AMBOY, CA US","    0",",,7,0800",,,,,"  406",",,7","  256",",,7",,,,,"  306",",,7,0800",,
"USC00040176","2015-09-11","34.5594","-115.7443","200.6","AMBOY, CA US","    0",",,7,0800",,,,,"  428",",,7","  244",",,7",,,,,"  306",",,7,0800",,
"USC00040176","2015-09-12","34.5594","-115.7443","200.6","AMBOY, CA US","    0",",,7,0800",,,,,"  422",",,7","  244",",,7",,,,,"  311",",,7,0800",,
"USC00040176","2015-09-13","34.5594","-115.7443","200.6","AMBOY, CA US","    0",",,7,0800",,,,,"  417",",,7","  239",",,7",,,,,"  300",",,7,0800",,
"USC00040176","2015-09-14","34.5594","-115.7443","200.6","AMBOY, CA US","   25",",,7,0800",,,,,"  422",",,7","  233",",,7",,,,,"  272",",,7,0800",,
"USC00040176","2015-09-15","34.5594","-115.7443","200.6","AMBOY, CA US","    0",",,7,0800",,,,,"  400",",,7","  250",",,7",,,,,"  272",",,7,0800",,
"USC00040176","2015-09-17","34.5594","-115.7443","200.6","AMBOY, CA US","    0",",,7,0800",,,,,"  339",",,7","  183",",,7",,,,,"  228",",,7,0800",,
"USC00040176","2015-09-18","34.5594","-115.7443","200.6","AMBOY, CA US","    0",",,7,0800",,,,,"  339",",,7","  189",",,7",,,,,"  206",",,7,0800",,
"USC00040176","2015-09-19","34.5594","-115.7443","200.6","AMBOY, CA US","    0",",,7,0800",,,,,"  367",",,7","  139",",,7",,,,,"  211",",,7,0800",,
"USC00040176","2015-09-20","34.5594","-115.7443","200.6","AMBOY, CA US","    0",",,7,0800",,,,,"  406",",,7","  100",",,7",,,,,"  128",",,7,0800",,
"USC00040176","2015-09-21","34.5594","-115.7443","200.6","AMBOY, CA US","    0",",,7,0800",,,,,"  411",",,7","  122",",,7",,,,,"  189",",,7,0800",,
"USC00040176","2015-09-22","34.5594","-115.7443","200.6","AMBOY, CA US","    0",",,7,0800",,,,,"  372",",,7","  150",",,7",,,,,"  272",",,7,0800",,
"USC00040176","2015-09-24","34.5594","-115.7443","200.6","AMBOY, CA US","    0",",,7,0800",,,,,"  378",",,7","  139",",,7",,,,,"  250",",,7,0800",,
"USC00040176","2015-09-25","34.5594","-115.7443","200.6","AMBOY, CA US","    0",",,7,0800",,,,,"  406",",,7","  167",",,7",,,,,"  294",",,7,0800",,
"USC00040176","2015-09-26","34.5594","-115.7443","200.6","AMBOY, CA US","    0",",,7,0800",,,,,"  389",",,7",,,,,,,"  239",",,7,0800",,
"USC00040176","2015-09-27","34.5594","-115.7443","200.6","AMBOY, CA US","    0",",,7,0800",,,,,"  406",",,7","  167",",,7",,,,,"  250",",,7,0800",,
"USC00040176","2015-09-28","34.5594","-115.7443","200.6","AMBOY, CA US","    0",",,7,0800",,,,,"  417",",,7","  183",",,7",,,,,"  194",",,7,0800",,
"USC00040176","2015-09-29","34.5594","-115.7443","200.6","AMBOY, CA US","    0",",,7,0800",,,,,"  406",",,7","  178",",,7",,,,,"  189",",,7,0800",,
"USC00040176","2015-09-30","34.5594","-115.7443","200.6","AMBOY, CA US","    0",",,7,0800",,,,,"  406",",,7","  156",",,7",,,,,"  189",",,7,0800",,
"USC00040176","2015-10-01","34.5594","-115.7443","200.6","AMBOY, CA US","    0",",,7,0800",,,,,"  400",",,7","  172",",,7",,,,,"  194",",,7,0800",,
"USC00040176","2015-10-02","34.5594","-115.7443","200.6","AMBOY, CA US","    0",",,7,0800",,,,,"  406",",,7","  161",",,7",,,,,"  183",",,7,0800",,
"USC00040176","2015-10-03","34.5594","-115.7443","200.6","AMBOY, CA US","    0",",,7,0800",,,,,,,"  161",",,7",,,,,"  189",",,7,0800",,
"USC00040176","2015-10-04","34.5594","-115.7443","200.6","AMBOY, CA US","    0",",,7,0800",,,,,"  339",",,7","  172",",,7",,,,,,,,
"USC00040176","2015-10-05","34.5594","-115.7443","200.6","AMBOY, CA US","   18",",,7,0800",,,,,"  317",",,7","  133",",,7",,,,,"  139",",,7,0800",,
"USC00040176","2015-10-06","34.5594","-115.7443","200.6","AMBOY, CA US","    5",",,7,0800",,,,,"  267",",,7","  100",",,7",,,,,"  128",",,7,0800",,
"USC00040176","2015-10-07","34.5594","-115.7443","200.6","AMBOY, CA US","    0",",,7,0800",,,,,"  278",",,7","   94",",,7",,,,,"  206",",,7,0800",,
"USC00040176","2015-10-08","34.5594","-115.7443","200.6","AMBOY, CA US","    0",",,7,0800",,,,,"  328",",,7","  178",",,7",,,,,"  211",",,7,0800",,
"USC00040176","2015-10-09","34.5594","-115.7443","200.6","AMBOY, CA US","    0",",,7,0800",,,,,"  367",",,7","  156",",,7",,,,,"  178",",,7,0800",,
"USC00040176","2015-10-10","34.5594","-115.7443","200.6","AMBOY, CA US","    0",",,7,0800",,,,,"  378",",,7",,,,,,,"  211",",,7,0800",,
"USC00040176","2015-10-11","34.5594","-115.7443","200.6","AMBOY, CA US","    0",",,7,0800",,,,,"  361",",,7","  139",",,7",,,,,"  150",",,7,0800",,
"USC00040176","2015-10-12","34.5594","-115.7443","200.6","AMBOY, CA US","    0",",,7,0800",,,,,"  372",",,7","  150",",,7",,,,,"  217",",,7,0800",,
"USC00040176","2015-10-13","34.5594","-115.7443","200.6","AMBOY, CA US","    0",",,7,0800",,,,,"  383",",,7","  206",",,7",,,,,"  244",",,7,0800",,
"USC00040176","2015-10-14","34.5594","-115.7443","200.6","AMBOY, CA US","    0",",,7,0800",,,,,"  378",",,7","  150",",,7",,,,,"  161",",,7,0800",,
"USC00040176","2015-10-15","34.5594","-115.7443","200.6","AMBOY, CA US","    0",",,7,0800",,,,,"  383",",,7","  150",",,7",,,,,"  256",",,7,0800",,
"USC00040176","2015-10-16","34.5594","-115.7443","200.6","AMBOY, CA US","   89",",,7,0800",,,,,"  311",",,7","  150",",,7",,,,,"  200",",,7,0800",,
"USC00040176","2015-10-17","34.5594","-115.7443","200.6","AMBOY, CA US","   51",",,7,0800",,,,,,,"  144",",,7",,,,,"  150",",,7,0800",,
"USC00040176","2015-10-18","34.5594","-115.7443","200.6","AMBOY, CA US","   36",",,7,0800",,,,,"  306",",,7","  150",",,7",,,,,"  244",",,7,0800",,
"USC00040176","2015-10-19","34.5594","-115.7443","200.6","AMBOY, CA US","   13",",,7,0800",,,,,"  311",",,7","  189",",,7",,,,,"  194",",,7,0800",,
"USC00040176","2015-10-20","34.5594","-115.7443","200.6","AMBOY, CA US","    0",",,7,0800",,,,,"  311",",,7","  178",",,7",,,,,"  206",",,7,0800",,
"USC00040176","2015-10-21","34.5594","-115.7443","200.6","AMBOY, CA US","    0",",,7,0800",,,,,"  289",",,7","  172",",,7",,,,,"  194",",,7,0800",,
"USC00040176","2015-10-22","34.5594","-115.7443","200.6","AMBOY, CA US","    0",",,7,0800",,,,,"  300",",,7","  167",",,7",,,,,"  167",",,7,0800",,
"USC00040176","2015-10-23","34.5594","-115.7443","200.6","AMBOY, CA US","    0",",,7,0800",,,,,"  311",",,7","  111",",,7",,,,,"  178",",,7,0800",,
"USC00040176","2015-10-24","34.5594","-115.7443","200.6","AMBOY, CA US","    0",",,7,0800",,,,,"  317",",,7","  111",",,7",,,,,"  172",",,7,0800",,
"USC00040176","2015-10-25","34.5594","-115.7443","200.6","AMBOY, CA US","    0",",,7,0800",,,,,"  317",",,7","  117",",,7",,,,,"  178",",,7,0800",,
"USC00040176","2015-10-26","34.5594","-115.7443","200.6","AMBOY, CA US","    0",",,7,0800",,,,,"  283",",,7","  139",",,7",,,,,"  156",",,7,0800",,
"USC00040176","2015-10-27","34.5594","-115.7443","200.6","AMBOY, CA US","    0",",,7,0800",,,,,"  322",",,7","   89",",,7",,,,,"  139",",,7,0800",,
"USC00040176","2015-10-28","34.5594","-115.7443","200.6","AMBOY, CA US","    0",",,7,0800",,,,,"  328",",,7",,,,,,,"  189",",,7,0800",,
"USC00040176","2015-10-29","34.5594","-115.7443","200.6","AMBOY, CA US","    0",",,7,0800",,,,,"  311",",,7",,,,,,,"  211",",,7,0800",,
"USC00040176","2015-10-30","34.5594","-115.7443","200.6","AMBOY, CA US","    0",",,7,0800",,,,,"  278",",,7",,,,,,,"  189",",,7,0800",,
"USC00040176","2015-10-31","34.5594","-115.7443","200.6","AMBOY, CA US","    0",",,7,0800",,,,,"  311",",,7","  111",",,7",,,,,"  128",",,7,0800",,
"USC00040176","2015-11-01","34.5594","-115.7443","200.6","AMBOY, CA US","    0",",,7,0800",,,,,"  322",",,7","   89",",,7",,,,,"  122",",,7,0800",,
"USC00040176","2015-11-02","34.5594","-115.7443","200.6","AMBOY, CA US","    0",",,7,0800",,,,,"  306",",,7","   78",",,7",,,,,"  111",",,7,0800",,
"USC00040176","2015-11-03","34.5594","-115.7443","200.6","AMBOY, CA US","    0",",,7,0800",,,,,"  328",",,7","  100",",,7",,,,,"  128",",,7,0800",,
"USC00040176","2015-11-04","34.5594","-115.7443","200.6","AMBOY, CA US","    0",",,7,0800",,,,,"  211",",,7","   94",",,7",,,,,"  117",",,7,0800",,
"USC00040176","2015-11-05","34.5594","-115.7443","200.6","AMBOY, CA US","    0",",,7,0800",,,,,"  150",",,7","   67",",,7",,,,,"   78",",,7,0800",,
"USC00040176","2015-11-06","34.5594","-115.7443","200.6","AMBOY, CA US","    0",",,7,0800",,,,,"  189",",,7","   28",",,7",,,,,"   72",",,7,0800",,
"USC00040176","2015-11-07","34.5594","-115.7443","200.6","AMBOY, CA US","    0",",,7,0800",,,,,"  211",",,7","   28",",,7",,,,,"   89",",,7,0800",,
"USC00040176","2015-11-08","34.5594","-115.7443","200.6","AMBOY, CA US","    0",",,7,0800",,,,,"  233",",,7","   22",",,7",,,,,"   72",",,7,0800",,
"USC00040176","2015-11-09","34.5594","-115.7443","200.6","AMBOY, CA US","    0",",,7,0800",,,,,"  222",",,7","   28",",,7",,,,,"   67",",,7,0800",,
"USC00040176","2015-11-10","34.5594","-115.7443","200.6","AMBOY, CA US","    0",",,7,0800",,,,,"  178",",,7","   39",",,7",,,,,,,,
"USC00040176","2015-11-11","34.5594","-115.7443","200.6","AMBOY, CA US","    0",",,7,0800",,,,,,,,,,,,,,,,
"USC00040176","2015-11-12","34.5594","-115.7443","200.6","AMBOY, CA US","    0",",,7,0800",,,,,"  211",",,7","   56",",,7",,,,,"   78",",,7,0800",,
"USC00040176","2015-11-13","34.5594","-115.7443","200.6","AMBOY, CA US","    0",",,7,0800",,,,,"  228",",,7","   61",",,7",,,,,"  117",",,7,0800",,
"USC00040176","2015-11-14","34.5594","-115.7443","200.6","AMBOY, CA US","    0",",,7,0800",,,,,"  256",",,7","   39",",,7",,,,,"  111",",,7,0800",,
"USC00040176","2015-11-15","34.5594","-115.7443","200.6","AMBOY, CA US","    0","T,,7,0800",,,,,"  244",",,7","   78",",,7",,,,,"  111",",,7,0800",,
"USC00040176","2015-11-16","34.5594","-115.7443","200.6","AMBOY, CA US","    8",",,7,0800",,,,,"  233",",,7","   72",",,7",,,,,"  106",",,7,0800",,
"USC00040176","2015-11-17","34.5594","-115.7443","200.6","AMBOY, CA US","    0",",,7,0800",,,,,"  183",",,7","   72",",,7",,,,,"  117",",,7,0800",,
"USC00040176","2015-11-18","34.5594","-115.7443","200.6","AMBOY, CA US","    0",",,7,0800",,,,,"  211",",,7","   89",",,7",,,,,"  122",",,7,0800",,
"USC00040176","2015-11-19","34.5594","-115.7443","200.6","AMBOY, CA US","    0",",,7,0800",,,,,"  244",",,7","   83",",,7",,,,,"  122",",,7,0800",,
"USC00040176","2015-11-20","34.5594","-115.7443","200.6","AMBOY, CA US","    0",",,7,0800",,,,,,,,,,,,,,,,
"USC00040176","2015-11-21","34.5594","-115.7443","200.6","AMBOY, CA US","    0",",,7,0800",,,,,"  294",",,7","   61",",,7",,,,,"  139",",,7,0800",,
"USC00040176","2015-11-22","34.5594","-115.7443","200.6","AMBOY, CA US","    0",",,7,0800",,,,,"  294",",,7","   50",",,7",,,,,"   83",",,7,0800",,
"USC00040176","2015-11-23","34.5594","-115.7443","200.6","AMBOY, CA US","    0",",,7,0800",,,,,"  294",",,7","   67",",,7",,,,,"   67",",,7,0800",,
"USC00040176","2015-11-24","34.5594","-115.7443","200.6","AMBOY, CA US","    0",",,7,0800",,,,,"  239",",,7","   67",",,7",,,,,"   72",",,7,0800",,
"USC00040176","2015-11-25","34.5594","-115.7443","200.6","AMBOY, CA US","    0",",,7,0800",,,,,"  250",",,7","   72",",,7",,,,,,,,
"USC00040176","2015-11-26","34.5594","-115.7443","200.6","AMBOY, CA US","    0",",,7,0800",,,,,"  194",",,7","   83",",,7",,,,,"  100",",,7,0800",,
"USC00040176","2015-11-27","34.5594","-115.7443","200.6","AMBOY, CA US","    0",",,7,0800",,,,,"  167",",,7","   72",",,7",,,,,"  111",",,7,0800",,
"USC00040176","2015-11-28","34.5594","-115.7443","200.6","AMBOY, CA US","    0",",,7,0800",,,,,,,"   17",",,7",,,,,"   61",",,7,0800",,
"USC00040176","2015-11-29","34.5594","-115.7443","200.6","AMBOY, CA US","    0",",,7,0800",,,,,,,"   33",",,7",,,,,"   56",",,7,0800",,
"USC00040176","2015-11-30","34.5594","-115.7443","200.6","AMBOY, CA US","    0",",,7,0800",,,,,"  161",",,7","   -6",",,7",,,,,"   17",",,7,0800",,
"USC00040176","2015-12-01","34.5594","-115.7443","200.6","AMBOY, CA US","    0",",,7,0800",,,,,"  167",",,7","   -6",",,7",,,,,"   39",",,7,0800",,
"USC00040176","2015-12-02","34.5594","-115.7443","200.6","AMBOY, CA US","    0",",,7,0800",,,,,"  189",",,7","    6",",,7",,,,,"   44",",,7,0800",,
"USC00040176","2015-12-03","34.5594","-115.7443","200.6","AMBOY, CA US","    0",",,7,0800",,,,,"  211",",,7","   17",",,7",,,,,"   50",",,7,0800",,
"USC00040176","2015-12-04","34.5594","-115.7443","200.6","AMBOY, CA US","    0",",,7,0800",,,,,"  194",",,7","   22",",,7",,,,,"   39",",,7,0800",,
"USC00040176","2015-12-05","34.5594","-115.7443","200.6","AMBOY, CA US","    0",",,7,0800",,,,,"  150",",,7","   22",",,7",,,,,"   56",",,7,0800",,
"USC00040176","2015-12-06","34.5594","-115.7443","200.6","AMBOY, CA US","    0",",,7,0800",,,,,"  222",",,7","   33",",,7",,,,,"   61",",,7,0800",,
"USC00040176","2015-12-07","34.5594","-115.7443","200.6","AMBOY, CA US","    0",",,7,0800",,,,,"  206",",,7","   28",",,7",,,,,"   44",",,7,0800",,
"USC00040176","2015-12-08","34.5594","-115.7443","200.6","AMBOY, CA US","    0",",,7,0800",,,,,"  222",",,7","   39",",,7",,,,,"  106",",,7,0800",,
"USC00040176","2015-12-09","34.5594","-115.7443","200.6","AMBOY, CA US","    0",",,7,0800",,,,,"  250",",,7","   67",",,7",,,,,"  100",",,7,0800",,
"USC00040176","2015-12-10","34.5594","-115.7443","200.6","AMBOY, CA US","    0",",,7,0800",,,,,"  217",",,7","   50",",,7",,,,,"   61",",,7,0800",,
"USC00040176","2015-12-11","34.5594","-115.7443","200.6","AMBOY, CA US","    0",",,7,0800",,,,,"  211",",,7","   33",",,7",,,,,"  144",",,7,0800",,
"USC00040176","2015-12-12","34.5594","-115.7443","200.6","AMBOY, CA US","    0",",,7,0800",,,,,,,"   33",",,7",,,,,"  106",",,7,0800",,
"USC00040176","2015-12-13","34.5594","-115.7443","200.6","AMBOY, CA US","    0",",,7,0800",,,,,"  183",",,7","   56",",,7",,,,,"   61",",,7,0800",,
"USC00040176","2015-12-14","34.5594","-115.7443","200.6","AMBOY, CA US","    0",",,7,0800",,,,,"  183",",,7","   50",",,7",,,,,"   94",",,7,0800",,
"USC00040176","2015-12-15","34.5594","-115.7443","200.6","AMBOY, CA US","    0",",,7,0800",,,,,"  167",",,7","   39",",,7",,,,,"   56",",,7,0800",,
"USC00040176","2015-12-16","34.5594","-115.7443","200.6","AMBOY, CA US","    0",",,7,0800",,,,,,,,,,,,,,,,
"USC00040176","2015-12-17","34.5594","-115.7443","200.6","AMBOY, CA US","    0",",,7,0800",,,,,"  139",",,7","  -11",",,7",,,,,"   11",",,7,0800",,
"USC00040176","2015-12-18","34.5594","-115.7443","200.6","AMBOY, CA US","    0",",,7,0800",,,,,"  161",",,7","  -17",",,7",,,,,"   17",",,7,0800",,
"USC00040176","2015-12-19","34.5594","-115.7443","200.6","AMBOY, CA US","    0",",,7,0800",,,,,"  172",",,7","  -17",",,7",,,,,"  111",",,7,0800",,
"USC00040176","2015-12-20","34.5594","-115.7443","200.6","AMBOY, CA US","    0",",,7,0800",,,,,"  172",",,7","    0",",,7",,,,,"  100",",,7,0800",,
"USC00040176","2015-12-21","34.5594","-115.7443","200.6","AMBOY, CA US","    0",",,7,0800",,,,,"  167",",,7","   22",",,7",,,,,"   39",",,7,0800",,
"USC00040176","2015-12-22","34.5594","-115.7443","200.6","AMBOY, CA US","    0",",,7,0800",,,,,"  167",",,7","   17",",,7",,,,,"   78",",,7,0800",,
"USC00040176","2015-12-23","34.5594","-115.7443","200.6","AMBOY, CA US","    0",",,7,0800",,,,,"  228",",,7","   67",",,7",,,,,"  111",",,7,0800",,
"USC00040176","2015-12-24","34.5594","-115.7443","200.6","AMBOY, CA US","    0",",,7,0800",,,,,"  206",",,7","   56",",,7",,,,,"   78",",,7,0800",,
"USC00040176","2015-12-25","34.5594","-115.7443","200.6","AMBOY, CA US","    0",",,7,0800",,,,,"  228",",,7","   39",",,7",,,,,"   89",",,7,0800",,
"USC00040176","2015-12-26","34.5594","-115.7443","200.6","AMBOY, CA US","    0",",,7,0800",,,,,"  144",",,7","   67",",,7",,,,,"   78",",,7,0800",,
"USC00040176","2015-12-27","34.5594","-115.7443","200.6","AMBOY, CA US","    0",",,7,0800",,,,,"  133",",,7","   -6",",,7",,,,,"   22",",,7,0800",,
"USC00040176","2015-12-28","34.5594","-115.7443","200.6","AMBOY, CA US","    0",",,7,0800",,,,,"  139",",,7","  -39",",,7",,,,,"  -17",",,7,0800",,
"USC00040176","2015-12-29","34.5594","-115.7443","200.6","AMBOY, CA US","    0","T,,7,0800",,,,,"  122",",,7","  -28",",,7",,,,,"   61",",,7,0800",,
"USC00040176","2015-12-30","34.5594","-115.7443","200.6","AMBOY, CA US","    0",",,7,0800",,,,,"  139",",,7","  -17",",,7",,,,,"   11",",,7,0800",,
"USC00040176","2015-12-31","34.5594","-115.7443","200.6","AMBOY, CA US","    0",",,7,0800",,,,,"  133",",,7","  -22",",,7",,,,,"    6",",,7,0800",,
"USC00040176","2016-01-01","34.5594","-115.7443","200.6","AMBOY, CA US","    0",",,7,0800",,,,,"  156",",,7","  -17",",,7",,,,,"    0",",,7,0800",,
"USC00040176","2016-01-02","34.5594","-115.7443","200.6","AMBOY, CA US","    0",",,7,0800",,,,,"  144",",,7","  -22",",,7",,,,,"    6",",,7,0800",,
"USC00040176","2016-01-03","34.5594","-115.7443","200.6","AMBOY, CA US","    0",",,7,0800",,,,,"  150",",,7","    6",",,7",,,,,"   50",",,7,0800",,
"USC00040176","2016-01-04","34.5594","-115.7443","200.6","AMBOY, CA US","    0","T,,7,0800",,,,,"  167",",,7","   44",",,7",,,,,"   83",",,7,0800",,
"USC00040176","2016-01-05","34.5594","-115.7443","200.6","AMBOY, CA US","    0",",,7,0800",,,,,"  178",",,7","   83",",,7",,,,,"  111",",,7,0800",,
"USC00040176","2016-01-06","34.5594","-115.7443","200.6","AMBOY, CA US","   89",",,7,0800",,,,,"  128",",,7","   50",",,7",,,,,"   67",",,7,0800",,
"USC00040176","2016-01-07","34.5594","-115.7443","200.6","AMBOY, CA US","   20",",,7,0800",,,,,"  161",",,7","   50",",,7",,,,,"   78",",,7,0800",,
"USC00040176","2016-01-08","34.5594","-115.7443","200.6","AMBOY, CA US","    0",",,7,0800",,,,,"  156",",,7","   61",",,7",,,,,"   83",",,7,0800",,
"USC00040176","2016-01-09","34.5594","-115.7443","200.6","AMBOY, CA US","    0",",,7,0800",,,,,"  161",",,7","   17",",,7",,,,,"   33",",,7,0800",,
"USC00040176","2016-01-10","34.5594","-115.7443","200.6","AMBOY, CA US","    0","T,,7,0800",,,,,"  156",",,7","   22",",,7",,,,,"  100",",,7,0800",,
"USC00040176","2016-01-11","34.5594","-115.7443","200.6","AMBOY, CA US","    0",",,7,0800",,,,,"  150",",,7","   22",",,7",,,,,"   39",",,7,0800",,
"USC00040176","2016-01-12","34.5594","-115.7443","200.6","AMBOY, CA US","    0",",,7,0800",,,,,"  172",",,7","    0",",,7",,,,,"   33",",,7,0800",,
"USC00040176","2016-01-13","34.5594","-115.7443","200.6","AMBOY, CA US","    0",",,7,0800",,,,,"  183",",,7","    0",",,7",,,,,"   33",",,7,0800",,
"USC00040176","2016-01-14","34.5594","-115.7443","200.6","AMBOY, CA US","    0",",,7,0800",,,,,"  150",",,7","   17",",,7",,,,,"   56",",,7,0800",,
"USC00040176","2016-01-15","34.5594","-115.7443","200.6","AMBOY, CA US","    0",",,7,0800",,,,,"  189",",,7","   39",",,7",,,,,"   39",",,7,0800",,
"USC00040176","2016-01-16","34.5594","-115.7443","200.6","AMBOY, CA US","    0",",,7,0800",,,,,"  211",",,7","   17",",,7",,,,,"   61",",,7,0800",,
"USC00040176","2016-01-17","34.5594","-115.7443","200.6","AMBOY, CA US","    0",",,7,0800",,,,,"  167",",,7","   44",",,7",,,,,"   61",",,7,0800",,
"USC00040176","2016-01-18","34.5594","-115.7443","200.6","AMBOY, CA US","    0",",,7,0800",,,,,"  200",",,7","   61",",,7",,,,,"   78",",,7,0800",,
"USC00040176","2016-01-19","34.5594","-115.7443","200.6","AMBOY, CA US","    0",",,7,0800",,,,,"  189",",,7","   50",",,7",,,,,"   61",",,7,0800",,
"USC00040176","2016-01-20","34.5594","-115.7443","200.6","AMBOY, CA US","    0",",,7,0800",,,,,"  217",",,7","   39",",,7",,,,,"   78",",,7,0800",,
"USC00040176","2016-01-21","34.5594","-115.7443","200.6","AMBOY, CA US","    0",",,7,0800",,,,,"  206",",,7","   39",",,7",,,,,"   50",",,7,0800",,
"USC00040176","2016-01-22","34.5594","-115.7443","200.6","AMBOY, CA US","    0",",,7,0800",,,,,"  217",",,7","   39",",,7",,,,,"   67",",,7,0800",,
"USC00040176","2016-01-23","34.5594","-115.7443","200.6","AMBOY, CA US","    0",",,7,0800",,,,,"  217",",,7","   39",",,7",,,,,"   67",",,7,0800",,
"USC00040176","2016-01-24","34.5594","-115.7443","200.6","AMBOY, CA US","    0",",,7,0800",,,,,"  167",",,7","   67",",,7",,,,,"   89",",,7,0800",,
"USC00040176","2016-01-25","34.5594","-115.7443","200.6","AMBOY, CA US","    0",",,7,0800",,,,,"  200",",,7","   89",",,7",,,,,"   89",",,7,0800",,
"USC00040176","2016-01-26","34.5594","-115.7443","200.6","AMBOY, CA US","    0",",,7,0800",,,,,"  200",",,7","   33",",,7",,,,,,,,
"USC00040176","2016-01-27","34.5594","-115.7443","200.6","AMBOY, CA US","    0",",,7,0800",,,,,"  206",",,7","   28",",,7",,,,,"   56",",,7,0800",,
"USC00040176","2016-01-28","34.5594","-115.7443","200.6","AMBOY, CA US","    0",",,7,0800",,,,,"  211",",,7","   28",",,7",,,,,"   61",",,7,0800",,
"USC00040176","2016-01-29","34.5594","-115.7443","200.6","AMBOY, CA US","    0",",,7,0800",,,,,"  233",",,7","   39",",,7",,,,,"   44",",,7,0800",,
"USC00040176","2016-01-30","34.5594","-115.7443","200.6","AMBOY, CA US","    0",",,7,0800",,,,,"  228",",,7","   44",",,7",,,,,"   89",",,7,0800",,
"USC00040176","2016-01-31","34.5594","-115.7443","200.6","AMBOY, CA US","    0",",,7,0800",,,,,"  294",",,7","   78",",,7",,,,,"  122",",,7,0800",,
"USC00040176","2016-02-01","34.5594","-115.7443","200.6","AMBOY, CA US","    0",",,7,0800",,,,,"  239",",,7","   78",",,7",,,,,,,,
"USC00040176","2016-02-02","34.5594","-115.7443","200.6","AMBOY, CA US","    0",",,7,0800",,,,,"  150",",,7","   39",",,7",,,,,"   56",",,7,0800",,
"USC00040176","2016-02-03","34.5594","-115.7443","200.6","AMBOY, CA US","    0",",,7,0800",,,,,"  150",",,7","  -11",",,7",,,,,"   22",",,7,0800",,
"USC00040176","2016-02-04","34.5594","-115.7443","200.6","AMBOY, CA US","    0",",,7,0800",,,,,"  156",",,7","  -11",",,7",,,,,"   22",",,7,0800",,
"USC00040176","2016-02-05","34.5594","-115.7443","200.6","AMBOY, CA US","    0",",,7,0800",,,,,"  189",",,7","    6",",,7",,,,,"   89",",,7,0800",,
"USC00040176","2016-02-06","34.5594","-115.7443","200.6","AMBOY, CA US","    0",",,7,0800",,,,,"  233",",,7","   -6",",,7",,,,,"   83",",,7,0800",,
"USC00040176","2016-02-07","34.5594","-115.7443","200.6","AMBOY, CA US","    0",",,7,0800",,,,,"  222",",,7","   56",",,7",,,,,"  100",",,7,0800",,
"USC00040176","2016-02-08","34.5594","-115.7443","200.6","AMBOY, CA US","    0",",,7,0800",,,,,"  272",",,7","   67",",,7",,,,,"  122",",,7,0800",,
"USC00040176","2016-02-09","34.5594","-115.7443","200.6","AMBOY, CA US","    0",",,7,0800",,,,,"  272",",,7","   78",",,7",,,,,"  117",",,7,0800",,
"USC00040176","2016-02-10","34.5594","-115.7443","200.6","AMBOY, CA US","    0",",,7,0800",,,,,"  289",",,7","   67",",,7",,,,,"  100",",,7,0800",,
"USC00040176","2016-02-11","34.5594","-115.7443","200.6","AMBOY, CA US","    0",",,7,0800",,,,,"  289",",,7","   72",",,7",,,,,"  106",",,7,0800",,
"USC00040176","2016-02-12","34.5594","-115.7443","200.6","AMBOY, CA US","    0",",,7,0800",,,,,"  300",",,7","   67",",,7",,,,,"  111",",,7,0800",,
"USC00040176","2016-02-13","34.5594","-115.7443","200.6","AMBOY, CA US","    0",",,7,0800",,,,,"  294",",,7","   67",",,7",,,,,,,,
"USC00040176","2016-02-14","34.5594","-115.7443","200.6","AMBOY, CA US","    0",",,7,0800",,,,,"  300",",,7","  122",",,7",,,,,"  144",",,7,0800",,
"USC00040176","2016-02-15","34.5594","-115.7443","200.6","AMBOY, CA US","    0",",,7,0800",,,,,"  289",",,7","  117",",,7",,,,,"  150",",,7,0800",,
"USC00040176","2016-02-16","34.5594","-115.7443","200.6","AMBOY, CA US","    0",",,7,0800",,,,,"  300",",,7","  111",",,7",,,,,"  150",",,7,0800",,
"USC00040176","2016-02-17","34.5594","-115.7443","200.6","AMBOY, CA US","    0",",,7,0800",,,,,"  311",",,7","  106",",,7",,,,,"  122",",,7,0800",,
"USC00040176","2016-02-18","34.5594","-115.7443","200.6","AMBOY, CA US","    0",",,7,0800",,,,,"  333",",,7","  111",",,7",,,,,"  178",",,7,0800",,
"USC00040176","2016-02-19","34.5594","-115.7443","200.6","AMBOY, CA US","    0",",,7,0800",,,,,"  267",",,7","  100",",,7",,,,,"  133",",,7,0800",,
"USC00040176","2016-02-20","34.5594","-115.7443","200.6","AMBOY, CA US","    0",",,7,0800",,,,,"  289",",,7","  106",",,7",,,,,"  144",",,7,0800",,
"USC00040176","2016-02-21","34.5594","-115.7443","200.6","AMBOY, CA US","    0",",,7,0800",,,,,"  272",",,7","   83",",,7",,,,,"  133",",,7,0800",,
"USC00040176","2016-02-22","34.5594","-115.7443","200.6","AMBOY, CA US","    0",",,7,0800",,,,,"  283",",,7","  106",",,7",,,,,"  189",",,7,0800",,
"USC00040176","2016-02-23","34.5594","-115.7443","200.6","AMBOY, CA US","    0",",,7,0800",,,,,"  272",",,7","  111",",,7",,,,,"  150",",,7,0800",,
"USC00040176","2016-02-24","34.5594","-115.7443","200.6","AMBOY, CA US","    0",",,7,0800",,,,,"  228",",,7","   50",",,7",,,,,"   83",",,7,0800",,
"USC00040176","2016-02-25","34.5594","-115.7443","200.6","AMBOY, CA US","    0",",,7,0800",,,,,"  256",",,7","   61",",,7",,,,,"  117",",,7,0800",,
"USC00040176","2016-02-26","34.5594","-115.7443","200.6","AMBOY, CA US","    0",",,7,0800",,,,,"  283",",,7","   78",",,7",,,,,"  117",",,7,0800",,
"USC00040176","2016-02-27","34.5594","-115.7443","200.6","AMBOY, CA US","    0",",,7,0800",,,,,"  294",",,7","   61",",,7",,,,,"  156",",,7,0800",,
"USC00040176","2016-02-28","34.5594","-115.7443","200.6","AMBOY, CA US","    0",",,7,0800",,,,,"  306",",,7","  106",",,7",,,,,"  156",",,7,0800",,
"USC00040176","2016-02-29","34.5594","-115.7443","200.6","AMBOY, CA US","    0",",,7,0800",,,,,"  311",",,7","  128",",,7",,,,,"  172",",,7,0800",,
"USC00040176","2016-03-01","34.5594","-115.7443","200.6","AMBOY, CA US","    0",",,7,0800",,,,,"  344",",,7","  117",",,7",,,,,"  150",",,7,0800",,
"USC00040176","2016-03-02","34.5594","-115.7443","200.6","AMBOY, CA US","    0",",,7,0800",,,,,"  322",",,7","  128",",,7",,,,,"  167",",,7,0800",,
"USC00040176","2016-03-03","34.5594","-115.7443","200.6","AMBOY, CA US","    0",",,7,0800",,,,,"  322",",,7","  122",",,7",,,,,"  167",",,7,0800",,
"USC00040176","2016-03-04","34.5594","-115.7443","200.6","AMBOY, CA US","    0",",,7,0800",,,,,"  322",",,7","  117",",,7",,,,,"  172",",,7,0800",,
"USC00040176","2016-03-05","34.5594","-115.7443","200.6","AMBOY, CA US","    0",",,7,0800",,,,,"  322",",,7","  111",",,7",,,,,"  217",",,7,0800",,
"USC00040176","2016-03-06","34.5594","-115.7443","200.6","AMBOY, CA US","    0",",,7,0800",,,,,"  289",",,7","  178",",,7",,,,,"  194",",,7,0800",,
"USC00040176","2016-03-07","34.5594","-115.7443","200.6","AMBOY, CA US","    0","T,,7,0800",,,,,"  256",",,7","   89",",,7",,,,,"  111",",,7,0800",,
"USC00040176","2016-03-08","34.5594","-115.7443","200.6","AMBOY, CA US","    0",",,7,0800",,,,,"  172",",,7","  111",",,7",,,,,"  150",",,7,0800",,
"USC00040176","2016-03-09","34.5594","-115.7443","200.6","AMBOY, CA US","    0",",,7,0800",,,,,,,,,,,,,,,,
"USC00040176","2016-03-10","34.5594","-115.7443","200.6","AMBOY, CA US","    0",",,7,0800",,,,,"  289",",,7","  133",",,7",,,,,"  167",",,7,0800",,
"USC00040176","2016-03-11","34.5594","-115.7443","200.6","AMBOY, CA US","    0",",,7,0800",,,,,"  317",",,7","  128",",,7",,,,,"  178",",,7,0800",,
"USC00040176","2016-03-12","34.5594","-115.7443","200.6","AMBOY, CA US","   18",",,7,0800",,,,,"  317",",,7","  111",",,7",,,,,"  150",",,7,0800",,
"USC00040176","2016-03-13","34.5594","-115.7443","200.6","AMBOY, CA US","    0",",,7,0800",,,,,,,,,,,,,,,,
"USC00040176","2016-03-14","34.5594","-115.7443","200.6","AMBOY, CA US","    0",",,7,0800",,,,,,,,,,,,,,,,
"USC00040176","2016-03-15","34.5594","-115.7443","200.6","AMBOY, CA US","    0",",,7,0800",,,,,"  289",",,7","  133",",,7",,,,,"  139",",,7,0800",,
"USC00040176","2016-03-16","34.5594","-115.7443","200.6","AMBOY, CA US","    0",",,7,0800",,,,,"  289",",,7","  139",",,7",,,,,"  161",",,7,0800",,
"USC00040176","2016-03-17","34.5594","-115.7443","200.6","AMBOY, CA US","    0",",,7,0800",,,,,"  289",",,7","  106",",,7",,,,,"  139",",,7,0800",,
"USC00040176","2016-03-18","34.5594","-115.7443","200.6","AMBOY, CA US","    0",",,7,0800",,,,,"  333",",,7","  139",",,7",,,,,"  200",",,7,0800",,
"USC00040176","2016-03-19","34.5594","-115.7443","200.6","AMBOY, CA US","    0",",,7,0800",,,,,"  344",",,7","  106",",,7",,,,,"  156",",,7,0800",,
"USC00040176","2016-03-20","34.5594","-115.7443","200.6","AMBOY, CA US","    0",",,7,0800",,,,,"  339",",,7","  150",",,7",,,,,"  189",",,7,0800",,
"USC00040176","2016-03-21","34.5594","-115.7443","200.6","AMBOY, CA US","    0",",,7,0800",,,,,"  333",",,7","  172",",,7",,,,,"  189",",,7,0800",,
"USC00040176","2016-03-22","34.5594","-115.7443","200.6","AMBOY, CA US","    0",",,7,0800",,,,,"  333",",,7","  161",",,7",,,,,"  178",",,7,0800",,
"USC00040176","2016-03-23","34.5594","-115.7443","200.6","AMBOY, CA US","    0",",,7,0800",,,,,,,"  133",",,7",,,,,"  156",",,7,0800",,
"USC00040176","2016-03-24","34.5594","-115.7443","200.6","AMBOY, CA US","    0",",,7,0800",,,,,,,"   83",",,7",,,,,"  144",",,7,0800",,
"USC00040176","2016-03-25","34.5594","-115.7443","200.6","AMBOY, CA US","    0",",,7,0800",,,,,,,,,,,,,"  178",",,7,0800",,
"USC00040176","2016-03-26","34.5594","-115.7443","200.6","AMBOY, CA US","    0",",,7,0800",,,,,"  311",",,7","  106",",,7",,,,,"  189",",,7,0800",,
"USC00040176","2016-03-27","34.5594","-115.7443","200.6","AMBOY, CA US","    0",",,7,0800",,,,,,,,,,,,,,,,
"USC00040176","2016-03-28","34.5594","-115.7443","200.6","AMBOY, CA US","    0",",,7,0800",,,,,,,,,,,,,,,,
"USC00040176","2016-03-29","34.5594","-115.7443","200.6","AMBOY, CA US","    0",",,7,0800",,,,,"  289",",,7","  111",",,7",,,,,"  133",",,7,0800",,
"USC00040176","2016-03-30","34.5594","-115.7443","200.6","AMBOY, CA US","    0",",,7,0800",,,,,"  217",",,7","   89",",,7",,,,,"  128",",,7,0800",,
"USC00040176","2016-03-31","34.5594","-115.7443","200.6","AMBOY, CA US","    0",",,7,0800",,,,,"  222",",,7","   72",",,7",,,,,"  133",",,7,0800",,
"USC00040176","2016-04-01","34.5594","-115.7443","200.6","AMBOY, CA US","    0",",,7,0800",,,,,"  261",",,7","  106",",,7",,,,,"  211",",,7,0800",,
"USC00040176","2016-04-02","34.5594","-115.7443","200.6","AMBOY, CA US","    0",",,7,0800",,,,,"  300",",,7","   72",",,7",,,,,"  156",",,7,0800",,
"USC00040176","2016-04-03","34.5594","-115.7443","200.6","AMBOY, CA US","    0",",,7,0800",,,,,"  311",",,7","  122",",,7",,,,,"  161",",,7,0800",,
"USC00040176","2016-04-04","34.5594","-115.7443","200.6","AMBOY, CA US","    0",",,7,0800",,,,,"  328",",,7","  144",",,7",,,,,"  200",",,7,0800",,
"USC00040176","2016-04-05","34.5594","-115.7443","200.6","AMBOY, CA US","    0",",,7,0800",,,,,"  344",",,7","  178",",,7",,,,,"  217",",,7,0800",,
"USC00040176","2016-04-06","34.5594","-115.7443","200.6","AMBOY, CA US","    0",",,7,0800",,,,,"  356",",,7","  167",",,7",,,,,"  217",",,7,0800",,
"USC00040176","2016-04-07","34.5594","-115.7443","200.6","AMBOY, CA US","    0",",,7,0800",,,,,"  372",",,7","  200",",,7",,,,,"  228",",,7,0800",,
"USC00040176","2016-04-08","34.5594","-115.7443","200.6","AMBOY, CA US","    8",",,7,0800",,,,,"  261",",,7","  178",",,7",,,,,"  200",",,7,0800",,
"USC00040176","2016-04-09","34.5594","-115.7443","200.6","AMBOY, CA US","   43",",,7,0800",,,,,,,"  150",",,7",,,,,"  172",",,7,0800",,
"USC00040176","2016-04-10","34.5594","-115.7443","200.6","AMBOY, CA US","   18",",,7,0800",,,,,"  256",",,7","  150",",,7",,,,,"  167",",,7,0800",,
"USC00040176","2016-04-11","34.5594","-115.7443","200.6","AMBOY, CA US","    0","T,,7,0800",,,,,"  222",",,7","  161",",,7",,,,,"  189",",,7,0800",,
"USC00040176","2016-04-12","34.5594","-115.7443","200.6","AMBOY, CA US","    0",",,7,0800",,,,,"  239",",,7","  122",",,7",,,,,"  172",",,7,0800",,
"USC00040176","2016-04-13","34.5594","-115.7443","200.6","AMBOY, CA US","    0",",,7,0800",,,,,"  311",",,7","  128",",,7",,,,,"  189",",,7,0800",,
"USC00040176","2016-04-14","34.5594","-115.7443","200.6","AMBOY, CA US","    0",",,7,0800",,,,,"  322",",,7","  156",",,7",,,,,"  206",",,7,0800",,
"USC00040176","2016-04-15","34.5594","-115.7443","200.6","AMBOY, CA US","    0",",,7,0800",,,,,"  322",",,7","  167",",,7",,,,,"  178",",,7,0800",,
"USC00040176","2016-04-16","34.5594","-115.7443","200.6","AMBOY, CA US","    0",",,7,0800",,,,,"  317",",,7","  161",",,7",,,,,"  194",",,7,0800",,
"USC00040176","2016-04-17","34.5594","-115.7443","200.6","AMBOY, CA US","    0",",,7,0800",,,,,"  300",",,7","  139",",,7",,,,,"  206",",,7,0800",,
"USC00040176","2016-04-18","34.5594","-115.7443","200.6","AMBOY, CA US","    0",",,7,0800",,,,,"  317",",,7","  122",",,7",,,,,"  161",",,7,0800",,
"USC00040176","2016-04-19","34.5594","-115.7443","200.6","AMBOY, CA US","    0",",,7,0800",,,,,"  328",",,7","  156",",,7",,,,,"  189",",,7,0800",,
"USC00040176","2016-04-20","34.5594","-115.7443","200.6","AMBOY, CA US","    0",",,7,0800",,,,,"  356",",,7","  189",",,7",,,,,"  211",",,7,0800",,
"USC00040176","2016-04-21","34.5594","-115.7443","200.6","AMBOY, CA US","    0",",,7,0800",,,,,"  367",",,7","  172",",,7",,,,,"  211",",,7,0800",,
"USC00040176","2016-04-22","34.5594","-115.7443","200.6","AMBOY, CA US","    0",",,7,0800",,,,,"  372",",,7","  172",",,7",,,,,"  206",",,7,0800",,
"USC00040176","2016-04-23","34.5594","-115.7443","200.6","AMBOY, CA US","    0",",,7,0800",,,,,"  372",",,7","  161",",,7",,,,,"  189",",,7,0800",,
"USC00040176","2016-04-24","34.5594","-115.7443","200.6","AMBOY, CA US","    0",",,7,0800",,,,,"  317",",,7","  133",",,7",,,,,"  189",",,7,0800",,
"USC00040176","2016-04-25","34.5594","-115.7443","200.6","AMBOY, CA US","    0",",,7,0800",,,,,"  322",",,7","  172",",,7",,,,,"  189",",,7,0800",,
"USC00040176","2016-04-26","34.5594","-115.7443","200.6","AMBOY, CA US","    0",",,7,0800",,,,,"  256",",,7","  139",",,7",,,,,"  172",",,7,0800",,
"USC00040176","2016-04-27","34.5594","-115.7443","200.6","AMBOY, CA US","    0",",,7,0800",,,,,"  289",",,7","  122",",,7",,,,,"  172",",,7,0800",,
"USC00040176","2016-04-28","34.5594","-115.7443","200.6","AMBOY, CA US","    5",",,7,0800",,,,,"  306",",,7","  150",",,7",,,,,"  161",",,7,0800",,
"USC00040176","2016-04-29","34.5594","-115.7443","200.6","AMBOY, CA US","    0",",,7,0800",,,,,"  267",",,7","  156",",,7",,,,,"  217",",,7,0800",,
"USC00040176","2016-04-30","34.5594","-115.7443","200.6","AMBOY, CA US","    0",",,7,0800",,,,,"  317",",,7","  183",",,7",,,,,"  189",",,7,0800",,
"USC00040176","2016-05-01","34.5594","-115.7443","200.6","AMBOY, CA US","    0",",,7,0800",,,,,"  244",",,7","  139",",,7",,,,,"  200",",,7,0800",,
"USC00040176","2016-05-02","34.5594","-115.7443","200.6","AMBOY, CA US","    0",",,7,0800",,,,,"  294",",,7","  139",",,7",,,,,"  206",",,7,0800",,
"USC00040176","2016-05-03","34.5594","-115.7443","200.6","AMBOY, CA US","    0",",,7,0800",,,,,"  311",",,7","  150",",,7",,,,,"  194",",,7,0800",,
"USC00040176","2016-05-04","34.5594","-115.7443","200.6","AMBOY, CA US","    0",",,7,0800",,,,,"  344",",,7","  167",",,7",,,,,"  228",",,7,0800",,
"USC00040176","2016-05-05","34.5594","-115.7443","200.6","AMBOY, CA US","    0",",,7,0800",,,,,"  378",",,7","  194",",,7",,,,,"  217",",,7,0800",,
"USC00040176","2016-05-06","34.5594","-115.7443","200.6","AMBOY, CA US","    0",",,7,0800",,,,,"  333",",,7","  172",",,7",,,,,"  194",",,7,0800",,
"USC00040176","2016-05-07","34.5594","-115.7443","200.6","AMBOY, CA US","    0",",,7,0800",,,,,,,"  156",",,7",,,,,"  183",",,7,0800",,
"USC00040176","2016-05-08","34.5594","-115.7443","200.6","AMBOY, CA US","    0",",,7,0800",,,,,"  272",",,7","  167",",,7",,,,,"  206",",,7,0800",,
"USC00040176","2016-05-09","34.5594","-115.7443","200.6","AMBOY, CA US","    0",",,7,0800",,,,,"  306",",,7","  183",",,7",,,,,"  217",",,7,0800",,
"USC00040176","2016-05-10","34.5594","-115.7443","200.6","AMBOY, CA US","    0",",,7,0800",,,,,"  328",",,7","  178",",,7",,,,,"  256",",,7,0800",,
"USC00040176","2016-05-11","34.5594","-115.7443","200.6","AMBOY, CA US","    0",",,7,0800",,,,,"  350",",,7","  178",",,7",,,,,"  244",",,7,0800",,
"USC00040176","2016-05-12","34.5594","-115.7443","200.6","AMBOY, CA US","    0",",,7,0800",,,,,"  367",",,7","  200",",,7",,,,,"  272",",,7,0800",,
"USC00040176","2016-05-13","34.5594","-115.7443","200.6","AMBOY, CA US","    0",",,7,0800",,,,,"  389",",,7","  194",",,7",,,,,"  256",",,7,0800",,
"USC00040176","2016-05-14","34.5594","-115.7443","200.6","AMBOY, CA US","    0",",,7,0800",,,,,"  406",",,7","  194",",,7",,,,,"  272",",,7,0800",,
"USC00040176","2016-05-15","34.5594","-115.7443","200.6","AMBOY, CA US","    0",",,7,0800",,,,,"  394",",,7","  222",",,7",,,,,"  267",",,7,0800",,
"USC00040176","2016-05-16","34.5594","-115.7443","200.6","AMBOY, CA US","    0",",,7,0800",,,,,"  356",",,7","  228",",,7",,,,,"  250",",,7,0800",,
"USC00040176","2016-05-17","34.5594","-115.7443","200.6","AMBOY, CA US","    0",",,7,0800",,,,,"  361",",,7","  228",",,7",,,,,"  278",",,7,0800",,
"USC00040176","2016-05-18","34.5594","-115.7443","200.6","AMBOY, CA US","    0",",,7,0800",,,,,"  311",",,7","  172",",,7",,,,,"  256",",,7,0800",,
"USC00040176","2016-05-19","34.5594","-115.7443","200.6","AMBOY, CA US","    0",",,7,0800",,,,,"  367",",,7","  211",",,7",,,,,"  244",",,7,0800",,
"USC00040176","2016-05-20","34.5594","-115.7443","200.6","AMBOY, CA US","    0",",,7,0800",,,,,"  389",",,7","  172",",,7",,,,,"  250",",,7,0800",,
"USC00040176","2016-05-21","34.5594","-115.7443","200.6","AMBOY, CA US","    0",",,7,0800",,,,,"  356",",,7","  167",",,7",,,,,"  189",",,7,0800",,
"USC00040176","2016-05-22","34.5594","-115.7443","200.6","AMBOY, CA US","    0",",,7,0800",,,,,"  294",",,7","  172",",,7",,,,,"  194",",,7,0800",,
"USC00040176","2016-05-23","34.5594","-115.7443","200.6","AMBOY, CA US","    0",",,7,0800",,,,,"  306",",,7","  183",",,7",,,,,"  228",",,7,0800",,
"USC00040176","2016-05-24","34.5594","-115.7443","200.6","AMBOY, CA US","    0",",,7,0800",,,,,"  322",",,7","  194",",,7",,,,,"  217",",,7,0800",,
"USC00040176","2016-05-25","34.5594","-115.7443","200.6","AMBOY, CA US","    0",",,7,0800",,,,,"  317",",,7","  189",",,7",,,,,"  217",",,7,0800",,
"USC00040176","2016-05-26","34.5594","-115.7443","200.6","AMBOY, CA US","   30",",,7,0800",,,,,"  300",",,7","  167",",,7",,,,,"  222",",,7,0800",,
"USC00040176","2016-05-27","34.5594","-115.7443","200.6","AMBOY, CA US","    0",",,7,0800",,,,,"  333",",,7","  161",",,7",,,,,"  272",",,7,0800",,
"USC00040176","2016-05-28","34.5594","-115.7443","200.6","AMBOY, CA US","    0",",,7,0800",,,,,"  361",",,7","  161",",,7",,,,,"  261",",,7,0800",,
"USC00040176","2016-05-29","34.5594","-115.7443","200.6","AMBOY, CA US","    0",",,7,0800",,,,,"  361",",,7","  194",",,7",,,,,"  261",",,7,0800",,
"USC00040176","2016-05-30","34.5594","-115.7443","200.6","AMBOY, CA US","    0",",,7,0800",,,,,"  350",",,7","  172",",,7",,,,,"  256",",,7,0800",,
"USC00040176","2016-05-31","34.5594","-115.7443","200.6","AMBOY, CA US","    0",",,7,0800",,,,,"  389",",,7","  172",",,7",,,,,"  306",",,7,0800",,
"USC00040176","2016-06-01","34.5594","-115.7443","200.6","AMBOY, CA US","    0",",,7,0800",,,,,"  417",",,7","  239",",,7",,,,,"  339",",,7,0800",,
"USC00040176","2016-06-02","34.5594","-115.7443","200.6","AMBOY, CA US","    0",",,7,0800",,,,,"  433",",,7","  283",",,7",,,,,"  339",",,7,0800",,
"USC00040176","2016-06-03","34.5594","-115.7443","200.6","AMBOY, CA US","    0",",,7,0800",,,,,"  439",",,7","  278",",,7",,,,,"  322",",,7,0800",,
"USC00040176","2016-06-04","34.5594","-115.7443","200.6","AMBOY, CA US","    0",",,7,0800",,,,,"  450",",,7","  256",",,7",,,,,"  328",",,7,0800",,
"USC00040176","2016-06-05","34.5594","-115.7443","200.6","AMBOY, CA US","    0",",,7,0800",,,,,"  467",",,7","  272",",,7",,,,,"  356",",,7,0800",,
"USC00040176","2016-06-06","34.5594","-115.7443","200.6","AMBOY, CA US","    0",",,7,0800",,,,,"  472",",,7","  278",",,7",,,,,,,,
"USC00040176","2016-06-07","34.5594","-115.7443","200.6","AMBOY, CA US","    0",",,7,0800",,,,,"  411",",,7","  350",",,7",,,,,,,,
"USC00040176","2016-06-08","34.5594","-115.7443","200.6","AMBOY, CA US","    0",",,7,0800",,,,,"  422",",,7","  256",",,7",,,,,"  311",",,7,0800",,
"USC00040176","2016-06-09","34.5594","-115.7443","200.6","AMBOY, CA US","    0",",,7,0800",,,,,"  433",",,7","  283",",,7",,,,,"  317",",,7,0800",,
"USC00040176","2016-06-10","34.5594","-115.7443","200.6","AMBOY, CA US","    0",",,7,0800",,,,,"  433",",,7","  272",",,7",,,,,"  300",",,7,0800",,
"USC00040176","2016-06-11","34.5594","-115.7443","200.6","AMBOY, CA US","    0",",,7,0800",,,,,"  406",",,7","  267",",,7",,,,,"  300",",,7,0800",,
"USC00040176","2016-06-12","34.5594","-115.7443","200.6","AMBOY, CA US","    0",",,7,0800",,,,,"  406",",,7","  228",",,7",,,,,"  261",",,7,0800",,
"USC00040176","2016-06-13","34.5594","-115.7443","200.6","AMBOY, CA US","    0",",,7,0800",,,,,"  378",",,7","  244",",,7",,,,,"  278",",,7,0800",,
"USC00040176","2016-06-14","34.5594","-115.7443","200.6","AMBOY, CA US","    0",",,7,0800",,,,,"  378",",,7","  256",",,7",,,,,"  300",",,7,0800",,
"USC00040176","2016-06-15","34.5594","-115.7443","200.6","AMBOY, CA US","    0",",,7,0800",,,,,"  400",",,7","  228",",,7",,,,,"  278",",,7,0800",,
"USC00040176","2016-06-16","34.5594","-115.7443","200.6","AMBOY, CA US","    0",",,7,0800",,,,,"  394",",,7","  233",",,7",,,,,"  250",",,7,0800",,
"USC00040176","2016-06-17","34.5594","-115.7443","200.6","AMBOY, CA US","    0",",,7,0800",,,,,"  394",",,7","  228",",,7",,,,,"  272",",,7,0800",,
"USC00040176","2016-06-18","34.5594","-115.7443","200.6","AMBOY, CA US","    0",",,7,0800",,,,,"  400",",,7","  211",",,7",,,,,"  294",",,7,0800",,
"USC00040176","2016-06-19","34.5594","-115.7443","200.6","AMBOY, CA US","    0",",,7,0800",,,,,"  394",",,7","  267",",,7",,,,,"  306",",,7,0800",,
"USC00040176","2016-06-20","34.5594","-115.7443","200.6","AMBOY, CA US","    0",",,7,0800",,,,,"  472",",,7","  306",",,7",,,,,"  378",",,7,0800",,
"USC00040176","2016-06-21","34.5594","-115.7443","200.6","AMBOY, CA US","    0",",,7,0800",,,,,"  494",",,7","  339",",,7",,,,,"  367",",,7,0800",,
"USC00040176","2016-06-22","34.5594","-115.7443","200.6","AMBOY, CA US","    0",",,7,0800",,,,,"  472",",,7","  350",",,7",,,,,,,,
"USC00040176","2016-06-23","34.5594","-115.7443","200.6","AMBOY, CA US","    0",",,7,0800",,,,,"  467",",,7","  267",",,7",,,,,"  333",",,7,0800",,
"USC00040176","2016-06-24","34.5594","-115.7443","200.6","AMBOY, CA US","    0",",,7,0800",,,,,"  467",",,7","  267",",,7",,,,,"  356",",,7,0800",,
"USC00040176","2016-06-25","34.5594","-115.7443","200.6","AMBOY, CA US","    0",",,7,0800",,,,,"  472",",,7","  267",",,7",,,,,"  306",",,7,0800",,
"USC00040176","2016-06-26","34.5594","-115.7443","200.6","AMBOY, CA US","    0",",,7,0800",,,,,"  411",",,7","  300",",,7",,,,,"  328",",,7,0800",,
"USC00040176","2016-06-27","34.5594","-115.7443","200.6","AMBOY, CA US","    0",",,7,0800",,,,,"  422",",,7","  328",",,7",,,,,"  350",",,7,0800",,
"USC00040176","2016-06-28","34.5594","-115.7443","200.6","AMBOY, CA US","    0",",,7,0800",,,,,"  472",",,7","  328",",,7",,,,,,,,
"USC00040176","2016-06-29","34.5594","-115.7443","200.6","AMBOY, CA US","    0",",,7,0800",,,,,"  461",",,7","  339",",,7",,,,,,,,
"USC00040176","2016-06-30","34.5594","-115.7443","200.6","AMBOY, CA US","    0",",,7,0800",,,,,"  467",",,7","  311",",,7",,,,,"  333",",,7,0800",,
"USC00040176","2016-07-01","34.5594","-115.7443","200.6","AMBOY, CA US","    0",",,7,0800",,,,,"  428",",,7","  289",",,7",,,,,"  311",",,7,0800",,
"USC00040176","2016-07-02","34.5594","-115.7443","200.6","AMBOY, CA US","    0",",,7,0800",,,,,"  467",",,7","  239",",,7",,,,,"  322",",,7,0800",,
"USC00040176","2016-07-03","34.5594","-115.7443","200.6","AMBOY, CA US","    0",",,7,0800",,,,,"  417",",,7","  300",",,7",,,,,,,,
"USC00040176","2016-07-04","34.5594","-115.7443","200.6","AMBOY, CA US","    0",",,7,0800",,,,,"  439",",,7","  278",",,7",,,,,"  333",",,7,0800",,
"USC00040176","2016-07-05","34.5594","-115.7443","200.6","AMBOY, CA US","    0",",,7,0800",,,,,"  450",",,7","  267",",,7",,,,,"  322",",,7,0800",,
"USC00040176","2016-07-06","34.5594","-115.7443","200.6","AMBOY, CA US","    0",",,7,0800",,,,,"  422",",,7","  261",",,7",,,,,"  300",",,7,0800",,
"USC00040176","2016-07-07","34.5594","-115.7443","200.6","AMBOY, CA US","    0",",,7,0800",,,,,"  422",",,7","  261",",,7",,,,,"  306",",,7,0800",,
"USC00040176","2016-07-08","34.5594","-115.7443","200.6","AMBOY, CA US","    0",",,7,0800",,,,,"  411",",,7","  261",",,7",,,,,"  306",",,7,0800",,
"USC00040176","2016-07-09","34.5594","-115.7443","200.6","AMBOY, CA US","    0",",,7,0800",,,,,"  433",",,7","  217",",,7",,,,,"  317",",,7,0800",,
"USC00040176","2016-07-10","34.5594","-115.7443","200.6","AMBOY, CA US","    0",",,7,0800",,,,,"  417",",,7","  283",",,7",,,,,"  317",",,7,0800",,
"USC00040176","2016-07-11","34.5594","-115.7443","200.6","AMBOY, CA US","    0",",,7,0800",,,,,"  422",",,7","  267",",,7",,,,,"  300",",,7,0800",,
"USC00040176","2016-07-12","34.5594","-115.7443","200.6","AMBOY, CA US","    0",",,7,0800",,,,,"  422",",,7","  256",",,7",,,,,"  306",",,7,0800",,
"USC00040176","2016-07-13","34.5594","-115.7443","200.6","AMBOY, CA US","    0",",,7,0800",,,,,"  422",",,7","  222",",,7",,,,,"  311",",,7,0800",,
"USC00040176","2016-07-14","34.5594","-115.7443","200.6","AMBOY, CA US","    0",",,7,0800",,,,,"  439",",,7","  278",",,7",,,,,,,,
"USC00040176","2016-07-15","34.5594","-115.7443","200.6","AMBOY, CA US","    0",",,7,0800",,,,,"  444",",,7","  294",",,7",,,,,,,,
"USC00040176","2016-07-16","34.5594","-115.7443","200.6","AMBOY, CA US","    0",",,7,0800",,,,,"  461",",,7","  244",",,7",,,,,"  339",",,7,0800",,
"USC00040176","2016-07-17","34.5594","-115.7443","200.6","AMBOY, CA US","    0",",,7,0800",,,,,"  450",",,7","  306",",,7",,,,,"  317",",,7,0800",,
"USC00040176","2016-07-18","34.5594","-115.7443","200.6","AMBOY, CA US","    0",",,7,0800",,,,,"  456",",,7","  278",",,7",,,,,"  328",",,7,0800",,
"USC00040176","2016-07-19","34.5594","-115.7443","200.6","AMBOY, CA US","    0",",,7,0800",,,,,"  433",",,7","  283",",,7",,,,,"  322",",,7,0800",,
"USC00040176","2016-07-20","34.5594","-115.7443","200.6","AMBOY, CA US","    0",",,7,0800",,,,,"  439",",,7","  283",",,7",,,,,"  328",",,7,0800",,
"USC00040176","2016-07-21","34.5594","-115.7443","200.6","AMBOY, CA US","    0",",,7,0800",,,,,"  444",",,7","  283",",,7",,,,,"  328",",,7,0800",,
"USC00040176","2016-07-22","34.5594","-115.7443","200.6","AMBOY, CA US","    0",",,7,0800",,,,,"  467",",,7","  300",",,7",,,,,"  356",",,7,0800",,
"USC00040176","2016-07-23","34.5594","-115.7443","200.6","AMBOY, CA US","    0",",,7,0800",,,,,"  472",",,7","  278",",,7",,,,,"  322",",,7,0800",,
"USC00040176","2016-07-24","34.5594","-115.7443","200.6","AMBOY, CA US","    0",",,7,0800",,,,,"  467",",,7","  289",",,7",,,,,"  344",",,7,0800",,
"USC00040176","2016-07-25","34.5594","-115.7443","200.6","AMBOY, CA US","    0",",,7,0800",,,,,"  450",",,7","  300",",,7",,,,,"  328",",,7,0800",,
"USC00040176","2016-07-26","34.5594","-115.7443","200.6","AMBOY, CA US","    0",",,7,0800",,,,,"  450",",,7","  289",",,7",,,,,"  317",",,7,0800",,
"USC00040176","2016-07-27","34.5594","-115.7443","200.6","AMBOY, CA US","    0",",,7,0800",,,,,"  467",",,7","  294",",,7",,,,,,,,
"USC00040176","2016-07-28","34.5594","-115.7443","200.6","AMBOY, CA US","    0",",,7,0800",,,,,"  461",",,7","  289",",,7",,,,,"  367",",,7,0800",,
"USC00040176","2016-07-29","34.5594","-115.7443","200.6","AMBOY, CA US","    0",",,7,0800",,,,,"  472",",,7","  283",",,7",,,,,"  350",",,7,0800",,
"USC00040176","2016-07-30","34.5594","-115.7443","200.6","AMBOY, CA US","    0",",,7,0800",,,,,"  467",",,7","  283",",,7",,,,,"  317",",,7,0800",,
"USC00040176","2016-07-31","34.5594","-115.7443","200.6","AMBOY, CA US","    0",",,7,0800",,,,,"  406",",,7","  294",",,7",,,,,"  322",",,7,0800",,
"USC00040176","2016-08-01","34.5594","-115.7443","200.6","AMBOY, CA US","    0",",,7,0800",,,,,"  422",",,7","  306",",,7",,,,,"  328",",,7,0800",,
"USC00040176","2016-08-02","34.5594","-115.7443","200.6","AMBOY, CA US","    0","T,,7,0800",,,,,"  417",",,7","  311",",,7",,,,,"  322",",,7,0800",,
"USC00040176","2016-08-03","34.5594","-115.7443","200.6","AMBOY, CA US","    0",",,7,0800",,,,,"  417",",,7","  306",",,7",,,,,"  317",",,7,0800",,
"USC00040176","2016-08-04","34.5594","-115.7443","200.6","AMBOY, CA US","    0",",,7,0800",,,,,"  422",",,7","  311",",,7",,,,,"  328",",,7,0800",,
"USC00040176","2016-08-05","34.5594","-115.7443","200.6","AMBOY, CA US","    0",",,7,0800",,,,,"  422",",,7","  300",",,7",,,,,"  311",",,7,0800",,
"USC00040176","2016-08-06","34.5594","-115.7443","200.6","AMBOY, CA US","    0",",,7,0800",,,,,"  428",",,7","  272",",,7",,,,,"  328",",,7,0800",,
"USC00040176","2016-08-07","34.5594","-115.7443","200.6","AMBOY, CA US","    0",",,7,0800",,,,,"  433",",,7","  289",",,7",,,,,"  322",",,7,0800",,
"USC00040176","2016-08-08","34.5594","-115.7443","200.6","AMBOY, CA US","    0",",,7,0800",,,,,"  439",",,7","  283",",,7",,,,,"  317",",,7,0800",,
"USC00040176","2016-08-09","34.5594","-115.7443","200.6","AMBOY, CA US","    0",",,7,0800",,,,,"  439",",,7","  211",",,7",,,,,"  289",",,7,0800",,
"USC00040176","2016-08-10","34.5594","-115.7443","200.6","AMBOY, CA US","    0",",,7,0800",,,,,"  411",",,7","  283",",,7",,,,,"  300",",,7,0800",,
"USC00040176","2016-08-11","34.5594","-115.7443","200.6","AMBOY, CA US","    0",",,7,0800",,,,,"  411",",,7","  283",",,7",,,,,"  311",",,7,0800",,
"USC00040176","2016-08-12","34.5594","-115.7443","200.6","AMBOY, CA US","    0",",,7,0800",,,,,"  406",",,7","  283",",,7",,,,,"  328",",,7,0800",,
"USC00040176","2016-08-13","34.5594","-115.7443","200.6","AMBOY, CA US","    0",",,7,0800",,,,,"  428",",,7","  261",",,7",,,,,"  322",",,7,0800",,
"USC00040176","2016-08-14","34.5594","-115.7443","200.6","AMBOY, CA US","    0",",,7,0800",,,,,"  450",",,7","  300",",,7",,,,,"  328",",,7,0800",,
"USC00040176","2016-08-15","34.5594","-115.7443","200.6","AMBOY, CA US","    0",",,7,0800",,,,,"  461",",,7","  311",",,7",,,,,"  339",",,7,0800",,
"USC00040176","2016-08-16","34.5594","-115.7443","200.6","AMBOY, CA US","    0",",,7,0800",,,,,"  461",",,7","  272",",,7",,,,,"  300",",,7,0800",,
"USC00040176","2016-08-17","34.5594","-115.7443","200.6","AMBOY, CA US","    0",",,7,0800",,,,,"  450",",,7","  261",",,7",,,,,"  278",",,7,0800",,
"USC00040176","2016-08-18","34.5594","-115.7443","200.6","AMBOY, CA US","    0",",,7,0800",,,,,"  450",",,7","  272",",,7",,,,,"  339",",,7,0800",,
"USC00040176","2016-08-19","34.5594","-115.7443","200.6","AMBOY, CA US","    0",",,7,0800",,,,,"  428",",,7","  267",",,7",,,,,,,,
"USC00040176","2016-08-20","34.5594","-115.7443","200.6","AMBOY, CA US","    0",",,7,0800",,,,,"  411",",,7","  256",",,7",,,,,"  306",",,7,0800",,
"USC00040176","2016-08-21","34.5594","-115.7443","200.6","AMBOY, CA US","    0",",,7,0800",,,,,"  411",",,7","  294",",,7",,,,,"  306",",,7,0800",,
"USC00040176","2016-08-22","34.5594","-115.7443","200.6","AMBOY, CA US","    0",",,7,0800",,,,,"  361",",,7","  256",",,7",,,,,"  278",",,7,0800",,
"USC00040176","2016-08-23","34.5594","-115.7443","200.6","AMBOY, CA US","   20",",,7,0800",,,,,"  400",",,7","  233",",,7",,,,,"  244",",,7,0800",,
"USC00040176","2016-08-24","34.5594","-115.7443","200.6","AMBOY, CA US","    0",",,7,0800",,,,,"  378",",,7","  239",",,7",,,,,"  272",",,7,0800",,
"USC00040176","2016-08-25","34.5594","-115.7443","200.6","AMBOY, CA US","    0",",,7,0800",,,,,"  411",",,7","  250",",,7",,,,,"  283",",,7,0800",,
"USC00040176","2016-08-26","34.5594","-115.7443","200.6","AMBOY, CA US","    0",",,7,0800",,,,,"  406",",,7","  239",",,7",,,,,,,,
"USC00040176","2016-08-27","34.5594","-115.7443","200.6","AMBOY, CA US","    0",",,7,0800",,,,,"  406",",,7","  222",",,7",,,,,"  272",",,7,0800",,
"USC00040176","2016-08-28","34.5594","-115.7443","200.6","AMBOY, CA US","    0",",,7,0800",,,,,"  356",",,7","  222",",,7",,,,,"  272",",,7,0800",,
"USC00040176","2016-08-29","34.5594","-115.7443","200.6","AMBOY, CA US","    0",",,7,0800",,,,,"  411",",,7","  222",",,7",,,,,"  278",",,7,0800",,
"USC00040176","2016-08-30","34.5594","-115.7443","200.6","AMBOY, CA US","    0",",,7,0800",,,,,"  428",",,7","  244",",,7",,,,,"  278",",,7,0800",,
"USC00040176","2016-08-31","34.5594","-115.7443","200.6","AMBOY, CA US","    0",",,7,0800",,,,,"  422",",,7","  233",",,7",,,,,"  267",",,7,0800",,
"USC00040176","2016-09-01","34.5594","-115.7443","200.6","AMBOY, CA US","    0",",,7,0800",,,,,"  428",",,7","  233",",,7",,,,,"  317",",,7,0800",,
"USC00040176","2016-09-02","34.5594","-115.7443","200.6","AMBOY, CA US","    0",",,7,0800",,,,,"  411",",,7","  233",",,7",,,,,"  289",",,7,0800",,
"USC00040176","2016-09-03","34.5594","-115.7443","200.6","AMBOY, CA US","    0",",,7,0800",,,,,"  428",",,7","  189",",,7",,,,,"  256",",,7,0800",,
"USC00040176","2016-09-04","34.5594","-115.7443","200.6","AMBOY, CA US","    0",",,7,0800",,,,,"  406",",,7","  194",",,7",,,,,"  244",",,7,0800",,
"USC00040176","2016-09-05","34.5594","-115.7443","200.6","AMBOY, CA US","    0",",,7,0800",,,,,"  372",",,7","  194",",,7",,,,,"  222",",,7,0800",,
"USC00040176","2016-09-06","34.5594","-115.7443","200.6","AMBOY, CA US","    0",",,7,0800",,,,,"  356",",,7","  150",",,7",,,,,"  200",",,7,0800",,
"USC00040176","2016-09-07","34.5594","-115.7443","200.6","AMBOY, CA US","    0",",,7,0800",,,,,"  372",",,7","  178",",,7",,,,,"  244",",,7,0800",,
"USC00040176","2016-09-08","34.5594","-115.7443","200.6","AMBOY, CA US","    0",",,7,0800",,,,,"  383",",,7","  206",",,7",,,,,"  278",",,7,0800",,
"USC00040176","2016-09-09","34.5594","-115.7443","200.6","AMBOY, CA US","    0",",,7,0800",,,,,"  389",",,7","  206",",,7",,,,,"  300",",,7,0800",,
"USC00040176","2016-09-10","34.5594","-115.7443","200.6","AMBOY, CA US","    0",",,7,0800",,,,,"  406",",,7","  211",",,7",,,,,"  283",",,7,0800",,
"USC00040176","2016-09-11","34.5594","-115.7443","200.6","AMBOY, CA US","    0",",,7,0800",,,,,"  417",",,7","  228",",,7",,,,,"  267",",,7,0800",,
"USC00040176","2016-09-12","34.5594","-115.7443","200.6","AMBOY, CA US","    0",",,7,0800",,,,,"  406",",,7","  217",",,7",,,,,"  250",",,7,0800",,
"USC00040176","2016-09-13","34.5594","-115.7443","200.6","AMBOY, CA US","    0",",,7,0800",,,,,"  383",",,7","  161",",,7",,,,,"  217",",,7,0800",,
"USC00040176","2016-09-14","34.5594","-115.7443","200.6","AMBOY, CA US","    0",",,7,0800",,,,,"  383",",,7","  172",",,7",,,,,"  211",",,7,0800",,
"USC00040176","2016-09-15","34.5594","-115.7443","200.6","AMBOY, CA US","    0",",,7,0800",,,,,"  328",",,7","  172",",,7",,,,,"  194",",,7,0800",,
"USC00040176","2016-09-16","34.5594","-115.7443","200.6","AMBOY, CA US","    0",",,7,0800",,,,,"  356",",,7","  144",",,7",,,,,"  200",",,7,0800",,
"USC00040176","2016-09-17","34.5594","-115.7443","200.6","AMBOY, CA US","    0",",,7,0800",,,,,"  367",",,7","  144",",,7",,,,,"  228",",,7,0800",,
"USC00040176","2016-09-18","34.5594","-115.7443","200.6","AMBOY, CA US","    0",",,7,0800",,,,,"  383",",,7","  167",",,7",,,,,"  194",",,7,0800",,
"USC00040176","2016-09-19","34.5594","-115.7443","200.6","AMBOY, CA US","    0",",,7,0800",,,,,"  406",",,7","  194",",,7",,,,,"  239",",,7,0800",,
"USC00040176","2016-09-20","34.5594","-115.7443","200.6","AMBOY, CA US","    0","T,,7,0800",,,,,"  400",",,7","  194",",,7",,,,,"  261",",,7,0800",,
"USC00040176","2016-09-21","34.5594","-115.7443","200.6","AMBOY, CA US","  127",",,7,0800",,,,,"  267",",,7","  183",",,7",,,,,"  217",",,7,0800",,
"USC00040176","2016-09-22","34.5594","-115.7443","200.6","AMBOY, CA US","    8",",,7,0800",,,,,"  283",",,7","  183",",,7",,,,,"  228",",,7,0800",,
"USC00040176","2016-09-23","34.5594","-115.7443","200.6","AMBOY, CA US","    0",",,7,0800",,,,,"  333",",,7","  206",",,7",,,,,"  211",",,7,0800",,
"USC00040176","2016-09-24","34.5594","-115.7443","200.6","AMBOY, CA US","    0",",,7,0800",,,,,"  333",",,7","  172",",,7",,,,,"  206",",,7,0800",,
"USC00040176","2016-09-25","34.5594","-115.7443","200.6","AMBOY, CA US","    0",",,7,0800",,,,,"  339",",,7","  183",",,7",,,,,"  222",",,7,0800",,
"USC00040176","2016-09-26","34.5594","-115.7443","200.6","AMBOY, CA US","    0",",,7,0800",,,,,"  356",",,7","  189",",,7",,,,,"  228",",,7,0800",,
"USC00040176","2016-09-27","34.5594","-115.7443","200.6","AMBOY, CA US","    0",",,7,0800",,,,,"  367",",,7","  206",",,7",,,,,"  233",",,7,0800",,
"USC00040176","2016-09-28","34.5594","-115.7443","200.6","AMBOY, CA US","    0",",,7,0800",,,,,"  333",",,7","  200",",,7",,,,,"  217",",,7,0800",,
"USC00040176","2016-09-29","34.5594","-115.7443","200.6","AMBOY, CA US","    0",",,7,0800",,,,,"  344",",,7","  200",",,7",,,,,"  228",",,7,0800",,
"USC00040176","2016-09-30","34.5594","-115.7443","200.6","AMBOY, CA US","    0",",,7,0800",,,,,"  361",",,7","  194",",,7",,,,,"  244",",,7,0800",,
"USC00040176","2016-10-01","34.5594","-115.7443","200.6","AMBOY, CA US","    0",",,7,0800",,,,,"  367",",,7","  194",",,7",,,,,"  244",",,7,0800",,
"USC00040176","2016-10-02","34.5594","-115.7443","200.6","AMBOY, CA US","    0",",,7,0800",,,,,"  356",",,7","  194",",,7",,,,,"  211",",,7,0800",,
"USC00040176","2016-10-03","34.5594","-115.7443","200.6","AMBOY, CA US","    0",",,7,0800",,,,,"  344",",,7","  178",",,7",,,,,"  183",",,7,0800",,
"USC00040176","2016-10-04","34.5594","-115.7443","200.6","AMBOY, CA US","    0",",,7,0800",,,,,"  272",",,7","  156",",,7",,,,,"  178",",,7,0800",,
"USC00040176","2016-10-05","34.5594","-115.7443","200.6","AMBOY, CA US","    0",",,7,0800",,,,,"  311",",,7","  172",",,7",,,,,"  200",",,7,0800",,
"USC00040176","2016-10-06","34.5594","-115.7443","200.6","AMBOY, CA US","    0",",,7,0800",,,,,"  317",",,7","  183",",,7",,,,,"  200",",,7,0800",,
"USC00040176","2016-10-07","34.5594","-115.7443","200.6","AMBOY, CA US","    0",",,7,0800",,,,,"  322",",,7","  178",",,7",,,,,"  183",",,7,0800",,
"USC00040176","2016-10-08","34.5594","-115.7443","200.6","AMBOY, CA US","    0",",,7,0800",,,,,"  322",",,7","  156",",,7",,,,,"  161",",,7,0800",,
"USC00040176","2016-10-09","34.5594","-115.7443","200.6","AMBOY, CA US","    0",",,7,0800",,,,,"  344",",,7","  161",",,7",,,,,"  178",",,7,0800",,
"USC00040176","2016-10-10","34.5594","-115.7443","200.6","AMBOY, CA US","    0",",,7,0800",,,,,"  356",",,7","  161",",,7",,,,,"  200",",,7,0800",,
"USC00040176","2016-10-11","34.5594","-115.7443","200.6","AMBOY, CA US","    0",",,7,0800",,,,,"  356",",,7","  194",",,7",,,,,"  250",",,7,0800",,
"USC00040176","2016-10-12","34.5594","-115.7443","200.6","AMBOY, CA US","    0",",,7,0800",,,,,"  350",",,7","  178",",,7",,,,,"  206",",,7,0800",,
"USC00040176","2016-10-13","34.5594","-115.7443","200.6","AMBOY, CA US","    0",",,7,0800",,,,,"  339",",,7","  156",",,7",,,,,"  189",",,7,0800",,
"USC00040176","2016-10-14","34.5594","-115.7443","200.6","AMBOY, CA US","    0",",,7,0800",,,,,"  339",",,7","  156",",,7",,,,,"  206",",,7,0800",,
"USC00040176","2016-10-15","34.5594","-115.7443","200.6","AMBOY, CA US","    0",",,7,0800",,,,,"  333",",,7","  144",",,7",,,,,"  167",",,7,0800",,
"USC00040176","2016-10-16","34.5594","-115.7443","200.6","AMBOY, CA US","    0",",,7,0800",,,,,"  339",",,7","  161",",,7",,,,,"  217",",,7,0800",,
"USC00040176","2016-10-17","34.5594","-115.7443","200.6","AMBOY, CA US","    0",",,7,0800",,,,,"  322",",,7","  194",",,7",,,,,"  200",",,7,0800",,
"USC00040176","2016-10-18","34.5594","-115.7443","200.6","AMBOY, CA US","    0",",,7,0800",,,,,"  311",",,7","  167",",,7",,,,,"  178",",,7,0800",,
"USC00040176","2016-10-19","34.5594","-115.7443","200.6","AMBOY, CA US","    0",",,7,0800",,,,,"  300",",,7","  144",",,7",,,,,"  178",",,7,0800",,
"USC00040176","2016-10-20","34.5594","-115.7443","200.6","AMBOY, CA US","    0",",,7,0800",,,,,"  317",",,7","  144",",,7",,,,,"  150",",,7,0800",,
"USC00040176","2016-10-21","34.5594","-115.7443","200.6","AMBOY, CA US","    0",",,7,0800",,,,,"  333",",,7","  117",",,7",,,,,"  156",",,7,0800",,
"USC00040176","2016-10-22","34.5594","-115.7443","200.6","AMBOY, CA US","    0",",,7,0800",,,,,"  339",",,7","  117",",,7",,,,,"  128",",,7,0800",,
"USC00040176","2016-10-23","34.5594","-115.7443","200.6","AMBOY, CA US","    0",",,7,0800",,,,,"  344",",,7","  128",",,7",,,,,"  200",",,7,0800",,
"USC00040176","2016-10-24","34.5594","-115.7443","200.6","AMBOY, CA US","    0","T,,7,0800",,,,,"  344",",,7","  139",",,7",,,,,"  206",",,7,0800",,
"USC00040176","2016-10-25","34.5594","-115.7443","200.6","AMBOY, CA US","   46",",,7,0800",,,,,"  283",",,7","  161",",,7",,,,,"  161",",,7,0800",,
"USC00040176","2016-10-26","34.5594","-115.7443","200.6","AMBOY, CA US","    0",",,7,0800",,,,,"  289",",,7","  150",",,7",,,,,"  189",",,7,0800",,
"USC00040176","2016-10-27","34.5594","-115.7443","200.6","AMBOY, CA US","    0",",,7,0800",,,,,"  317",",,7","  150",",,7",,,,,"  172",",,7,0800",,
"USC00040176","2016-10-28","34.5594","-115.7443","200.6","AMBOY, CA US","    0",",,7,0800",,,,,"  339",",,7","  172",",,7",,,,,"  211",",,7,0800",,
"USC00040176","2016-10-29","34.5594","-115.7443","200.6","AMBOY, CA US","    0",",,7,0800",,,,,"  328",",,7","  156",",,7",,,,,"  194",",,7,0800",,
"USC00040176","2016-10-30","34.5594","-115.7443","200.6","AMBOY, CA US","    0",",,7,0800",,,,,"  322",",,7","  194",",,7",,,,,"  200",",,7,0800",,
"USC00040176","2016-10-31","34.5594","-115.7443","200.6","AMBOY, CA US","    0",",,7,0800",,,,,"  322",",,7","  128",",,7",,,,,"  156",",,7,0800",,
"USC00040176","2016-11-01","34.5594","-115.7443","200.6","AMBOY, CA US","    0",",,7,0800",,,,,"  267",",,7","  133",",,7",,,,,"  133",",,7,0800",,
"USC00040176","2016-11-02","34.5594","-115.7443","200.6","AMBOY, CA US","    0",",,7,0800",,,,,"  272",",,7","  133",",,7",,,,,"  139",",,7,0800",,
"USC00040176","2016-11-03","34.5594","-115.7443","200.6","AMBOY, CA US","    0",",,7,0800",,,,,"  283",",,7","  139",",,7",,,,,"  144",",,7,0800",,
"USC00040176","2016-11-04","34.5594","-115.7443","200.6","AMBOY, CA US","    0",",,7,0800",,,,,"  311",",,7","  133",",,7",,,,,"  150",",,7,0800",,
"USC00040176","2016-11-05","34.5594","-115.7443","200.6","AMBOY, CA US","    0",",,7,0800",,,,,"  317",",,7","  133",",,7",,,,,"  156",",,7,0800",,
"USC00040176","2016-11-06","34.5594","-115.7443","200.6","AMBOY, CA US","    0",",,7,0800",,,,,"  328",",,7","  128",",,7",,,,,"  167",",,7,0800",,
"USC00040176","2016-11-07","34.5594","-115.7443","200.6","AMBOY, CA US","    0",",,7,0800",,,,,"  306",",,7","  128",",,7",,,,,"  178",",,7,0800",,
"USC00040176","2016-11-08","34.5594","-115.7443","200.6","AMBOY, CA US","    0",",,7,0800",,,,,"  311",",,7","  139",",,7",,,,,"  172",",,7,0800",,
"USC00040176","2016-11-09","34.5594","-115.7443","200.6","AMBOY, CA US","    0",",,7,0800",,,,,"  328",",,7","  144",",,7",,,,,"  178",",,7,0800",,
"USC00040176","2016-11-10","34.5594","-115.7443","200.6","AMBOY, CA US","    0",",,7,0800",,,,,"  317",",,7","  144",",,7",,,,,"  178",",,7,0800",,
"USC00040176","2016-11-11","34.5594","-115.7443","200.6","AMBOY, CA US","    0",",,7,0800",,,,,"  306",",,7","  144",",,7",,,,,"  150",",,7,0800",,
"USC00040176","2016-11-12","34.5594","-115.7443","200.6","AMBOY, CA US","    0",",,7,0800",,,,,"  317",",,7","  106",",,7",,,,,"  133",",,7,0800",,
"USC00040176","2016-11-13","34.5594","-115.7443","200.6","AMBOY, CA US","    0",",,7,0800",,,,,"  278",",,7","  111",",,7",,,,,"  133",",,7,0800",,
"USC00040176","2016-11-14","34.5594","-115.7443","200.6","AMBOY, CA US","    0",",,7,0800",,,,,"  306",",,7","  100",",,7",,,,,"  150",",,7,0800",,
"USC00040176","2016-11-15","34.5594","-115.7443","200.6","AMBOY, CA US","    0",",,7,0800",,,,,"  289",",,7","  133",",,7",,,,,"  139",",,7,0800",,
"USC00040176","2016-11-16","34.5594","-115.7443","200.6","AMBOY, CA US","    0",",,7,0800",,,,,"  283",",,7","  106",",,7",,,,,"  133",",,7,0800",,
"USC00040176","2016-11-17","34.5594","-115.7443","200.6","AMBOY, CA US","    0",",,7,0800",,,,,"  256",",,7","  117",",,7",,,,,"  156",",,7,0800",,
"USC00040176","2016-11-18","34.5594","-115.7443","200.6","AMBOY, CA US","    0",",,7,0800",,,,,"  194",",,7","  128",",,7",,,,,"  133",",,7,0800",,
"USC00040176","2016-11-19","34.5594","-115.7443","200.6","AMBOY, CA US","    0",",,7,0800",,,,,"  250",",,7","   28",",,7",,,,,"   61",",,7,0800",,
"USC00040176","2016-11-20","34.5594","-115.7443","200.6","AMBOY, CA US","    0","T,,7,0800",,,,,"  206",",,7","   33",",,7",,,,,"  133",",,7,0800",,
"USC00040176","2016-11-21","34.5594","-115.7443","200.6","AMBOY, CA US","    5",",,7,0800",,,,,"  244",",,7","  111",",,7",,,,,"  144",",,7,0800",,
"USC00040176","2016-11-22","34.5594","-115.7443","200.6","AMBOY, CA US","    0",",,7,0800",,,,,"  233",",,7","   94",",,7",,,,,"  117",",,7,0800",,
"USC00040176","2016-11-23","34.5594","-115.7443","200.6","AMBOY, CA US","    0",",,7,0800",,,,,"  233",",,7","   61",",,7",,,,,"  122",",,7,0800",,
"USC00040176","2016-11-24","34.5594","-115.7443","200.6","AMBOY, CA US","    0",",,7,0800",,,,,"  233",",,7","  117",",,7",,,,,"  122",",,7,0800",,
"USC00040176","2016-11-25","34.5594","-115.7443","200.6","AMBOY, CA US","    0",",,7,0800",,,,,"  206",",,7","   83",",,7",,,,,"   89",",,7,0800",,
"USC00040176","2016-11-26","34.5594","-115.7443","200.6","AMBOY, CA US","    0",",,7,0800",,,,,"  217",",,7","   33",",,7",,,,,"   39",",,7,0800",,
"USC00040176","2016-11-27","34.5594","-115.7443","200.6","AMBOY, CA US","    0",",,7,0800",,,,,"  194",",,7","   33",",,7",,,,,"   94",",,7,0800",,
"USC00040176","2016-11-28","34.5594","-115.7443","200.6","AMBOY, CA US","    0",",,7,0800",,,,,"  183",",,7","   39",",,7",,,,,"   72",",,7,0800",,
"USC00040176","2016-11-29","34.5594","-115.7443","200.6","AMBOY, CA US","    0",",,7,0800",,,,,"  172",",,7","   67",",,7",,,,,"  111",",,7,0800",,
"USC00040176","2016-11-30","34.5594","-115.7443","200.6","AMBOY, CA US","    0",",,7,0800",,,,,"  183",",,7","    0",",,7",,,,,"   44",",,7,0800",,
"USC00040176","2016-12-01","34.5594","-115.7443","200.6","AMBOY, CA US","    0",",,7,0800",,,,,"  183",",,7","   39",",,7",,,,,"   67",",,7,0800",,
"USC00040176","2016-12-02","34.5594","-115.7443","200.6","AMBOY, CA US","    0",",,7,0800",,,,,"  178",",,7","   28",",,7",,,,,"  122",",,7,0800",,
"USC00040176","2016-12-03","34.5594","-115.7443","200.6","AMBOY, CA US","    0",",,7,0800",,,,,"  189",",,7","   28",",,7",,,,,"  106",",,7,0800",,
"USC00040176","2016-12-04","34.5594","-115.7443","200.6","AMBOY, CA US","    0",",,7,0800",,,,,"  194",",,7","   28",",,7",,,,,"   83",",,7,0800",,
"USC00040176","2016-12-05","34.5594","-115.7443","200.6","AMBOY, CA US","    0",",,7,0800",,,,,"  228",",,7","   28",",,7",,,,,"   50",",,7,0800",,
"USC00040176","2016-12-06","34.5594","-115.7443","200.6","AMBOY, CA US","    0",",,7,0800",,,,,"  228",",,7","   22",",,7",,,,,"   61",",,7,0800",,
"USC00040176","2016-12-07","34.5594","-115.7443","200.6","AMBOY, CA US","    0",",,7,0800",,,,,"  194",",,7","   61",",,7",,,,,"   78",",,7,0800",,
"USC00040176","2016-12-08","34.5594","-115.7443","200.6","AMBOY, CA US","    0",",,7,0800",,,,,"  194",",,7","   56",",,7",,,,,"   94",",,7,0800",,
"USC00040176","2016-12-09","34.5594","-115.7443","200.6","AMBOY, CA US","    0",",,7,0800",,,,,"  183",",,7","   56",",,7",,,,,"   94",",,7,0800",,
"USC00040176","2016-12-10","34.5594","-115.7443","200.6","AMBOY, CA US","    0",",,7,0800",,,,,"  194",",,7","   17",",,7",,,,,"   56",",,7,0800",,
"USC00040176","2016-12-11","34.5594","-115.7443","200.6","AMBOY, CA US","    0",",,7,0800",,,,,"  206",",,7","   50",",,7",,,,,"  100",",,7,0800",,
"USC00040176","2016-12-12","34.5594","-115.7443","200.6","AMBOY, CA US","    0",",,7,0800",,,,,"  239",",,7","   78",",,7",,,,,"  106",",,7,0800",,
"USC00040176","2016-12-13","34.5594","-115.7443","200.6","AMBOY, CA US","    0",",,7,0800",,,,,"  250",",,7","   78",",,7",,,,,"   94",",,7,0800",,
"USC00040176","2016-12-14","34.5594","-115.7443","200.6","AMBOY, CA US","    0",",,7,0800",,,,,"  250",",,7","   78",",,7",,,,,"   83",",,7,0800",,
"USC00040176","2016-12-15","34.5594","-115.7443","200.6","AMBOY, CA US","    0",",,7,0800",,,,,"  228",",,7","   78",",,7",,,,,"  111",",,7,0800",,
"USC00040176","2016-12-16","34.5594","-115.7443","200.6","AMBOY, CA US","    0",",,7,0800",,,,,"  228",",,7","   89",",,7",,,,,"  167",",,7,0800",,
"USC00040176","2016-12-17","34.5594","-115.7443","200.6","AMBOY, CA US","    0",",,7,0800",,,,,"  272",",,7","   89",",,7",,,,,"  139",",,7,0800",,
"USC00040176","2016-12-18","34.5594","-115.7443","200.6","AMBOY, CA US","    0",",,7,0800",,,,,"  150",",,7","  -28",",,7",,,,,"    0",",,7,0800",,
"USC00040176","2016-12-19","34.5594","-115.7443","200.6","AMBOY, CA US","    0",",,7,0800",,,,,"  167",",,7","    0",",,7",,,,,,,,
"USC00040176","2016-12-20","34.5594","-115.7443","200.6","AMBOY, CA US","    0",",,7,0800",,,,,"  172",",,7","   -6",",,7",,,,,"    0",",,7,0800",,
"USC00040176","2016-12-21","34.5594","-115.7443","200.6","AMBOY, CA US","    0",",,7,0800",,,,,"  189",",,7","   -6",",,7",,,,,"  106",",,7,0800",,
"USC00040176","2016-12-22","34.5594","-115.7443","200.6","AMBOY, CA US","  178",",,7,0800",,,,,"  139",",,7","   44",",,7",,,,,"   83",",,7,0800",,
"USC00040176","2016-12-23","34.5594","-115.7443","200.6","AMBOY, CA US","  140",",,7,0800",,,,,"  117",",,7","   78",",,7",,,,,"   94",",,7,0800",,
"USC00040176","2016-12-24","34.5594","-115.7443","200.6","AMBOY, CA US","    5",",,7,0800",,,,,"  144",",,7","   78",",,7",,,,,"  117",",,7,0800",,
"USC00040176","2016-12-25","34.5594","-115.7443","200.6","AMBOY, CA US","    0",",,7,0800",,,,,"  144",",,7","   61",",,7",,,,,"   61",",,7,0800",,
"USC00040176","2016-12-26","34.5594","-115.7443","200.6","AMBOY, CA US","    0",",,7,0800",,,,,"  144",",,7","    6",",,7",,,,,"   22",",,7,0800",,
"USC00040176","2016-12-27","34.5594","-115.7443","200.6","AMBOY, CA US","    0",",,7,0800",,,,,"  133",",,7","   17",",,7",,,,,"   28",",,7,0800",,
"USC00040176","2016-12-28","34.5594","-115.7443","200.6","AMBOY, CA US","    0",",,7,0800",,,,,"  156",",,7","   22",",,7",,,,,"   33",",,7,0800",,
"USC00040176","2016-12-29","34.5594","-115.7443","200.6","AMBOY, CA US","    0",",,7,0800",,,,,"  161",",,7","   33",",,7",,,,,,,,
"USC00040176","2016-12-30","34.5594","-115.7443","200.6","AMBOY, CA US","    0",",,7,0800",,,,,"  211",",,7","   28",",,7",,,,,"   72",",,7,0800",,
"USC00040176","2016-12-31","34.5594","-115.7443","200.6","AMBOY, CA US","    8",",,7,0800",,,,,"  211",",,7","   17",",,7",,,,,"   78",",,7,0800",,
"USC00040176","2017-01-01","34.5594","-115.7443","200.6","AMBOY, CA US","  221",",,7,0800",,,,,"  167",",,7","   72",",,7",,,,,"   83",",,7,0800",,
"USC00040176","2017-01-02","34.5594","-115.7443","200.6","AMBOY, CA US","    0",",,7,0800",,,,,"  172",",,7","   72",",,7",,,,,"  106",",,7,0800",,
"USC00040176","2017-01-03","34.5594","-115.7443","200.6","AMBOY, CA US","    0",",,7,0800",,,,,"  133",",,7","   50",",,7",,,,,"   67",",,7,0800",,
"USC00040176","2017-01-05","34.5594","-115.7443","200.6","AMBOY, CA US","    0",",,7,0800",,,,,"  156",",,7","   33",",,7",,,,,"  111",",,7,0800",,
"USC00040176","2017-01-06","34.5594","-115.7443","200.6","AMBOY, CA US","    0",",,7,0800",,,,,"  117",",,7","   28",",,7",,,,,"   78",",,7,0800",,
"USC00040176","2017-01-07","34.5594","-115.7443","200.6","AMBOY, CA US","    0","T,,7,0800",,,,,"  144",",,7","   -6",",,7",,,,,"   56",",,7,0800",,
"USC00040176","2017-01-08","34.5594","-115.7443","200.6","AMBOY, CA US","    0",",,7,0800",,,,,"  128",",,7","   44",",,7",,,,,"   44",",,7,0800",,
"USC00040176","2017-01-09","34.5594","-115.7443","200.6","AMBOY, CA US","    0","T,,7,0800",,,,,"  178",",,7","   44",",,7",,,,,"   94",",,7,0800",,
"USC00040176","2017-01-10","34.5594","-115.7443","200.6","AMBOY, CA US","    0",",,7,0800",,,,,"  178",",,7","   44",",,7",,,,,"  167",",,7,0800",,
"USC00040176","2017-01-11","34.5594","-115.7443","200.6","AMBOY, CA US","    0",",,7,0800",,,,,"  172",",,7","   67",",,7",,,,,"   72",",,7,0800",,
"USC00040176","2017-01-13","34.5594","-115.7443","200.6","AMBOY, CA US","   66",",,7,0800",,,,,"  189",",,7","   67",",,7",,,,,"  100",",,7,0800",,
"USC00040176","2017-01-14","34.5594","-115.7443","200.6","AMBOY, CA US","   76",",,7,0800",,,,,"  100",",,7","   72",",,7",,,,,"  100",",,7,0800",,
"USC00040176","2017-01-15","34.5594","-115.7443","200.6","AMBOY, CA US","    0",",,7,0800",,,,,"  200",",,7","   94",",,7",,,,,"  156",",,7,0800",,
"USC00040176","2017-01-16","34.5594","-115.7443","200.6","AMBOY, CA US","    0",",,7,0800",,,,,"  189",",,7","   61",",,7",,,,,"   72",",,7,0800",,
"USC00040176","2017-01-17","34.5594","-115.7443","200.6","AMBOY, CA US","    0",",,7,0800",,,,,"  178",",,7","   39",",,7",,,,,"   61",",,7,0800",,
"USC00040176","2017-01-18","34.5594","-115.7443","200.6","AMBOY, CA US","    0",",,7,0800",,,,,"  178",",,7","   22",",,7",,,,,"   50",",,7,0800",,
"USC00040176","2017-01-19","34.5594","-115.7443","200.6","AMBOY, CA US","   15",",,7,0800",,,,,"  172",",,7","   50",",,7",,,,,"   94",",,7,0800",,
"USC00040176","2017-01-20","34.5594","-115.7443","200.6","AMBOY, CA US","    0",",,7,0800",,,,,"  167",",,7","   50",",,7",,,,,"  100",",,7,0800",,
"USC00040176","2017-01-21","34.5594","-115.7443","200.6","AMBOY, CA US","   66",",,7,0800",,,,,"  172",",,7","   56",",,7",,,,,"   94",",,7,0800",,
"USC00040176","2017-01-22","34.5594","-115.7443","200.6","AMBOY, CA US","    3",",,7,0800",,,,,"  178",",,7","   83",",,7",,,,,"  106",",,7,0800",,
"USC00040176","2017-01-23","34.5594","-115.7443","200.6","AMBOY, CA US","   15",",,7,0800",,,,,"  139",",,7","   94",",,7",,,,,"  111",",,7,0800",,
"USC00040176","2017-01-24","34.5594","-115.7443","200.6","AMBOY, CA US","    0","T,,7,0800",,,,,"  156",",,7","   50",",,7",,,,,"   67",",,7,0800",,
"USC00040176","2017-01-25","34.5594","-115.7443","200.6","AMBOY, CA US","    0",",,7,0800",,,,,"  144",",,7","   28",",,7",,,,,"   83",",,7,0800",,
"USC00040176","2017-01-26","34.5594","-115.7443","200.6","AMBOY, CA US","    0",",,7,0800",,,,,"  150",",,7","    6",",,7",,,,,"   28",",,7,0800",,
"USC00040176","2017-01-27","34.5594","-115.7443","200.6","AMBOY, CA US","    0",",,7,0800",,,,,"  156",",,7","    0",",,7",,,,,"   56",",,7,0800",,
"USC00040176","2017-01-28","34.5594","-115.7443","200.6","AMBOY, CA US","    0",",,7,0800",,,,,"  161",",,7","    6",",,7",,,,,"   50",",,7,0800",,
"USC00040176","2017-01-29","34.5594","-115.7443","200.6","AMBOY, CA US","    0",",,7,0800",,,,,"  194",",,7","   17",",,7",,,,,"   61",",,7,0800",,
"USC00040176","2017-01-30","34.5594","-115.7443","200.6","AMBOY, CA US","    0",",,7,0800",,,,,"  228",",,7","   44",",,7",,,,,"   72",",,7,0800",,
"USC00040176","2017-01-31","34.5594","-115.7443","200.6","AMBOY, CA US","    0",",,7,0800",,,,,"  239",",,7","   50",",,7",,,,,"   72",",,7,0800",,
"USC00040176","2017-02-01","34.5594","-115.7443","200.6","AMBOY, CA US","    0",",,7,0800",,,,,"  217",",,7","   44",",,7",,,,,"   78",",,7,0800",,
"USC00040176","2017-02-02","34.5594","-115.7443","200.6","AMBOY, CA US","    0",",,7,0800",,,,,"  217",",,7","   78",",,7",,,,,"   89",",,7,0800",,
"USC00040176","2017-02-03","34.5594","-115.7443","200.6","AMBOY, CA US","    0",",,7,0800",,,,,"  217",",,7","   78",",,7",,,,,"  100",",,7,0800",,
"USC00040176","2017-02-04","34.5594","-115.7443","200.6","AMBOY, CA US","    0",",,7,0800",,,,,"  233",",,7","   78",",,7",,,,,"   94",",,7,0800",,
"USC00040176","2017-02-05","34.5594","-115.7443","200.6","AMBOY, CA US","    0",",,7,0800",,,,,"  228",",,7","   78",",,7",,,,,"  100",",,7,0800",,
"USC00040176","2017-02-06","34.5594","-115.7443","200.6","AMBOY, CA US","    0",",,7,0800",,,,,"  206",",,7","   94",",,7",,,,,"  117",",,7,0800",,
"USC00040176","2017-02-07","34.5594","-115.7443","200.6","AMBOY, CA US","    0",",,7,0800",,,,,"  211",",,7","  117",",,7",,,,,"  144",",,7,0800",,
"USC00040176","2017-02-08","34.5594","-115.7443","200.6","AMBOY, CA US","    0",",,7,0800",,,,,"  261",",,7","  122",",,7",,,,,"  144",",,7,0800",,
"USC00040176","2017-02-09","34.5594","-115.7443","200.6","AMBOY, CA US","    0",",,7,0800",,,,,"  261",",,7","  122",",,7",,,,,"  139",",,7,0800",,
"USC00040176","2017-02-10","34.5594","-115.7443","200.6","AMBOY, CA US","    0",",,7,0800",,,,,"  272",",,7","  122",",,7",,,,,"  156",",,7,0800",,
"USC00040176","2017-02-11","34.5594","-115.7443","200.6","AMBOY, CA US","    0",",,7,0800",,,,,"  278",",,7","  133",",,7",,,,,"  178",",,7,0800",,
"USC00040176","2017-02-12","34.5594","-115.7443","200.6","AMBOY, CA US","    0","T,,7,0800",,,,,"  228",",,7","  122",",,7",,,,,"  150",",,7,0800",,
"USC00040176","2017-02-13","34.5594","-115.7443","200.6","AMBOY, CA US","    0",",,7,0800",,,,,"  250",",,7","  111",",,7",,,,,"  144",",,7,0800",,
"USC00040176","2017-02-14","34.5594","-115.7443","200.6","AMBOY, CA US","    0",",,7,0800",,,,,"  256",",,7","  122",",,7",,,,,"  144",",,7,0800",,
"USC00040176","2017-02-15","34.5594","-115.7443","200.6","AMBOY, CA US","    0",",,7,0800",,,,,"  261",",,7","   83",",,7",,,,,"  133",",,7,0800",,
"USC00040176","2017-02-16","34.5594","-115.7443","200.6","AMBOY, CA US","    0",",,7,0800",,,,,"  256",",,7","   67",",,7",,,,,"  122",",,7,0800",,
"USC00040176","2017-02-17","34.5594","-115.7443","200.6","AMBOY, CA US","    0",",,7,0800",,,,,"  261",",,7","   89",",,7",,,,,"  172",",,7,0800",,
"USC00040176","2017-02-18","34.5594","-115.7443","200.6","AMBOY, CA US","   51",",,7,0800",,,,,"  256",",,7","   83",",,7",,,,,"  133",",,7,0800",,
"USC00040176","2017-02-19","34.5594","-115.7443","200.6","AMBOY, CA US","   79",",,7,0800",,,,,"  156",",,7","  111",",,7",,,,,"  122",",,7,0800",,
"USC00040176","2017-02-20","34.5594","-115.7443","200.6","AMBOY, CA US","    0",",,7,0800",,,,,"  200",",,7","  111",",,7",,,,,"  139",",,7,0800",,
"USC00040176","2017-02-21","34.5594","-115.7443","200.6","AMBOY, CA US","    0",",,7,0800",,,,,"  217",",,7","  128",",,7",,,,,"  150",",,7,0800",,
"USC00040176","2017-02-22","34.5594","-115.7443","200.6","AMBOY, CA US","    0",",,7,0800",,,,,"  217",",,7","  106",",,7",,,,,"  128",",,7,0800",,
"USC00040176","2017-02-23","34.5594","-115.7443","200.6","AMBOY, CA US","    0",",,7,0800",,,,,"  217",",,7","   83",",,7",,,,,"  106",",,7,0800",,
"USC00040176","2017-02-24","34.5594","-115.7443","200.6","AMBOY, CA US","    0",",,7,0800",,,,,"  217",",,7","   50",",,7",,,,,"   67",",,7,0800",,
"USC00040176","2017-02-25","34.5594","-115.7443","200.6","AMBOY, CA US","    0",",,7,0800",,,,,"  172",",,7","   33",",,7",,,,,"   67",",,7,0800",,
"USC00040176","2017-02-26","34.5594","-115.7443","200.6","AMBOY, CA US","    0",",,7,0800",,,,,"  161",",,7","   67",",,7",,,,,"   94",",,7,0800",,
"USC00040176","2017-02-27","34.5594","-115.7443","200.6","AMBOY, CA US","    0",",,7,0800",,,,,"  189",",,7","   78",",,7",,,,,"   94",",,7,0800",,
"USC00040176","2017-02-28","34.5594","-115.7443","200.6","AMBOY, CA US","   13",",,7,0800",,,,,"  156",",,7","   83",",,7",,,,,"  117",",,7,0800",,
"USC00040176","2017-03-01","34.5594","-115.7443","200.6","AMBOY, CA US","    0",",,7,0800",,,,,"  194",",,7","   56",",,7",,,,,"   89",",,7,0800",,
"USC00040176","2017-03-02","34.5594","-115.7443","200.6","AMBOY, CA US","    0",",,7,0800",,,,,"  217",",,7","   56",",,7",,,,,"  111",",,7,0800",,
"USC00040176","2017-03-03","34.5594","-115.7443","200.6","AMBOY, CA US","    0",",,7,0800",,,,,"  244",",,7","   56",",,7",,,,,"   89",",,7,0800",,
"USC00040176","2017-03-04","34.5594","-115.7443","200.6","AMBOY, CA US","    0",",,7,0800",,,,,"  267",",,7","   56",",,7",,,,,"  133",",,7,0800",,
"USC00040176","2017-03-05","34.5594","-115.7443","200.6","AMBOY, CA US","    0",",,7,0800",,,,,"  261",",,7","  133",",,7",,,,,"  139",",,7,0800",,
"USC00040176","2017-03-06","34.5594","-115.7443","200.6","AMBOY, CA US","    0",",,7,0800",,,,,"  244",",,7","   83",",,7",,,,,"  106",",,7,0800",,
"USC00040176","2017-03-07","34.5594","-115.7443","200.6","AMBOY, CA US","    0",",,7,0800",,,,,"  189",",,7","   67",",,7",,,,,"  106",",,7,0800",,
"USC00040176","2017-03-08","34.5594","-115.7443","200.6","AMBOY, CA US","    0",",,7,0800",,,,,"  233",",,7","   89",",,7",,,,,"  122",",,7,0800",,
"USC00040176","2017-03-09","34.5594","-115.7443","200.6","AMBOY, CA US","    0",",,7,0800",,,,,"  283",",,7","   78",",,7",,,,,"  167",",,7,0800",,
"USC00040176","2017-03-10","34.5594","-115.7443","200.6","AMBOY, CA US","    0",",,7,0800",,,,,"  317",",,7","   89",",,7",,,,,"  150",",,7,0800",,
"USC00040176","2017-03-11","34.5594","-115.7443","200.6","AMBOY, CA US","    0",",,7,0800",,,,,"  317",",,7","   94",",,7",,,,,"  211",",,7,0800",,
"USC00040176","2017-03-12","34.5594","-115.7443","200.6","AMBOY, CA US","    0",",,7,0800",,,,,"  333",",,7","  139",",,7",,,,,"  167",",,7,0800",,
"USC00040176","2017-03-13","34.5594","-115.7443","200.6","AMBOY, CA US","    0",",,7,0800",,,,,"  339",",,7","  133",",,7",,,,,"  167",",,7,0800",,
"USC00040176","2017-03-14","34.5594","-115.7443","200.6","AMBOY, CA US","    0",",,7,0800",,,,,"  356",",,7","  139",",,7",,,,,"  161",",,7,0800",,
"USC00040176","2017-03-15","34.5594","-115.7443","200.6","AMBOY, CA US","    0",",,7,0800",,,,,"  344",",,7","  156",",,7",,,,,"  167",",,7,0800",,
"USC00040176","2017-03-16","34.5594","-115.7443","200.6","AMBOY, CA US","    0",",,7,0800",,,,,"  350",",,7","  167",",,7",,,,,"  189",",,7,0800",,
"USC00040176","2017-03-17","34.5594","-115.7443","200.6","AMBOY, CA US","    0",",,7,0800",,,,,"  350",",,7","  150",",,7",,,,,"  156",",,7,0800",,
"USC00040176","2017-03-18","34.5594","-115.7443","200.6","AMBOY, CA US","    0",",,7,0800",,,,,"  350",",,7","  156",",,7",,,,,"  200",",,7,0800",,
"USC00040176","2017-03-19","34.5594","-115.7443","200.6","AMBOY, CA US","    0",",,7,0800",,,,,"  356",",,7","  167",",,7",,,,,"  200",",,7,0800",,
"USC00040176","2017-03-20","34.5594","-115.7443","200.6","AMBOY, CA US","    0",",,7,0800",,,,,"  356",",,7","  194",",,7",,,,,"  206",",,7,0800",,
"USC00040176","2017-03-21","34.5594","-115.7443","200.6","AMBOY, CA US","    0",",,7,0800",,,,,"  344",",,7","  178",",,7",,,,,"  194",",,7,0800",,
"USC00040176","2017-03-22","34.5594","-115.7443","200.6","AMBOY, CA US","    0",",,7,0800",,,,,"  311",",,7","  172",",,7",,,,,"  200",",,7,0800",,
"USC00040176","2017-03-23","34.5594","-115.7443","200.6","AMBOY, CA US","    0",",,7,0800",,,,,"  267",",,7","  150",",,7",,,,,"  156",",,7,0800",,
"USC00040176","2017-03-24","34.5594","-115.7443","200.6","AMBOY, CA US","    0",",,7,0800",,,,,"  261",",,7","   83",",,7",,,,,"  122",",,7,0800",,
"USC00040176","2017-03-25","34.5594","-115.7443","200.6","AMBOY, CA US","    0",",,7,0800",,,,,"  278",",,7","   83",",,7",,,,,"  194",",,7,0800",,
"USC00040176","2017-03-26","34.5594","-115.7443","200.6","AMBOY, CA US","    0",",,7,0800",,,,,"  272",",,7","  133",",,7",,,,,"  150",",,7,0800",,
"USC00040176","2017-03-27","34.5594","-115.7443","200.6","AMBOY, CA US","    0",",,7,0800",,,,,"  278",",,7","  150",",,7",,,,,"  189",",,7,0800",,
"USC00040176","2017-03-28","34.5594","-115.7443","200.6","AMBOY, CA US","    0",",,7,0800",,,,,"  256",",,7","  117",",,7",,,,,"  172",",,7,0800",,
"USC00040176","2017-03-29","34.5594","-115.7443","200.6","AMBOY, CA US","    0",",,7,0800",,,,,"  267",",,7","  100",",,7",,,,,"  128",",,7,0800",,
"USC00040176","2017-03-30","34.5594","-115.7443","200.6","AMBOY, CA US","    0",",,7,0800",,,,,"  311",",,7","  106",",,7",,,,,"  156",",,7,0800",,
"USC00040176","2017-03-31","34.5594","-115.7443","200.6","AMBOY, CA US","    0",",,7,0800",,,,,"  328",",,7",,,,,,,"  122",",,7,0800",,
"USC00040176","2017-04-01","34.5594","-115.7443","200.6","AMBOY, CA US","    0",",,7,0800",,,,,,,"  106",",,7",,,,,"  194",",,7,0800",,
"USC00040176","2017-04-02","34.5594","-115.7443","200.6","AMBOY, CA US","    0",",,7,0800",,,,,"  306",",,7","  128",",,7",,,,,"  167",",,7,0800",,
"USC00040176","2017-04-03","34.5594","-115.7443","200.6","AMBOY, CA US","    0",",,7,0800",,,,,"  322",",,7","  167",",,7",,,,,"  206",",,7,0800",,
"USC00040176","2017-04-04","34.5594","-115.7443","200.6","AMBOY, CA US","    0",",,7,0800",,,,,"  328",",,7","  128",",,7",,,,,"  150",",,7,0800",,
"USC00040176","2017-04-05","34.5594","-115.7443","200.6","AMBOY, CA US","    0",",,7,0800",,,,,"  283",",,7","  133",",,7",,,,,"  167",",,7,0800",,
"USC00040176","2017-04-06","34.5594","-115.7443","200.6","AMBOY, CA US","    0",",,7,0800",,,,,"  311",",,7","  133",",,7",,,,,"  178",",,7,0800",,
"USC00040176","2017-04-07","34.5594","-115.7443","200.6","AMBOY, CA US","    0",",,7,0800",,,,,"  333",",,7","  128",",,7",,,,,"  167",",,7,0800",,
"USC00040176","2017-04-08","34.5594","-115.7443","200.6","AMBOY, CA US","    0",",,7,0800",,,,,"  339",",,7","  133",",,7",,,,,"  200",",,7,0800",,
"USC00040176","2017-04-09","34.5594","-115.7443","200.6","AMBOY, CA US","    0",",,7,0800",,,,,"  294",",,7","  128",",,7",,,,,"  189",",,7,0800",,
"USC00040176","2017-04-10","34.5594","-115.7443","200.6","AMBOY, CA US","    0",",,7,0800",,,,,"  256",",,7","   89",",,7",,,,,"  128",",,7,0800",,
"USC00040176","2017-04-11","34.5594","-115.7443","200.6","AMBOY, CA US","    0",",,7,0800",,,,,"  294",",,7","  111",",,7",,,,,"  139",",,7,0800",,
"USC00040176","2017-04-12","34.5594","-115.7443","200.6","AMBOY, CA US","    0",",,7,0800",,,,,"  311",",,7","  122",",,7",,,,,"  217",",,7,0800",,
"USC00040176","2017-04-13","34.5594","-115.7443","200.6","AMBOY, CA US","    0",",,7,0800",,,,,"  328",",,7","  122",",,7",,,,,"  206",",,7,0800",,
"USC00040176","2017-04-14","34.5594","-115.7443","200.6","AMBOY, CA US","    0",",,7,0800",,,,,"  322",",,7","  122",",,7",,,,,"  150",",,7,0800",,
"USC00040176","2017-04-15","34.5594","-115.7443","200.6","AMBOY, CA US","    0",",,7,0800",,,,,"  328",",,7","  128",",,7",,,,,"  183",",,7,0800",,
"USC00040176","2017-04-16","34.5594","-115.7443","200.6","AMBOY, CA US","    0",",,7,0800",,,,,"  322",",,7","  139",",,7",,,,,"  183",",,7,0800",,
"USC00040176","2017-04-17","34.5594","-115.7443","200.6","AMBOY, CA US","    0",",,7,0800",,,,,"  344",",,7","  156",",,7",,,,,"  217",",,7,0800",,
"USC00040176","2017-04-18","34.5594","-115.7443","200.6","AMBOY, CA US","    0",",,7,0800",,,,,"  333",",,7","  206",",,7",,,,,"  239",",,7,0800",,
"USC00040176","2017-04-19","34.5594","-115.7443","200.6","AMBOY, CA US","    0",",,7,0800",,,,,"  339",",,7","  189",",,7",,,,,"  217",",,7,0800",,
"USC00040176","2017-04-20","34.5594","-115.7443","200.6","AMBOY, CA US","    0",",,7,0800",,,,,"  317",",,7","  178",",,7",,,,,"  206",",,7,0800",,
"USC00040176","2017-04-21","34.5594","-115.7443","200.6","AMBOY, CA US","    0",",,7,0800",,,,,"  317",",,7","  150",",,7",,,,,"  178",",,7,0800",,
"USC00040176","2017-04-22","34.5594","-115.7443","200.6","AMBOY, CA US","    0",",,7,0800",,,,,"  333",",,7","  156",",,7",,,,,"  233",",,7,0800",,
"USC00040176","2017-04-23","34.5594","-115.7443","200.6","AMBOY, CA US","    0",",,7,0800",,,,,"  361",",,7","  178",",,7",,,,,"  211",",,7,0800",,
"USC00040176","2017-04-24","34.5594","-115.7443","200.6","AMBOY, CA US","    0",",,7,0800",,,,,"  378",",,7","  200",",,7",,,,,"  222",",,7,0800",,
"USC00040176","2017-04-25","34.5594","-115.7443","200.6","AMBOY, CA US","    0",",,7,0800",,,,,"  367",",,7","  178",",,7",,,,,"  194",",,7,0800",,
"USC00040176","2017-04-26","34.5594","-115.7443","200.6","AMBOY, CA US","    0",",,7,0800",,,,,"  294",",,7","  172",",,7",,,,,"  211",",,7,0800",,
"USC00040176","2017-04-27","34.5594","-115.7443","200.6","AMBOY, CA US","    0",",,7,0800",,,,,"  328",",,7","  211",",,7",,,,,"  239",",,7,0800",,
"USC00040176","2017-04-28","34.5594","-115.7443","200.6","AMBOY, CA US","    0",",,7,0800",,,,,"  322",",,7","  194",",,7",,,,,"  211",",,7,0800",,
"USC00040176","2017-04-29","34.5594","-115.7443","200.6","AMBOY, CA US","    0",",,7,0800",,,,,"  328",",,7","  128",",,7",,,,,"  167",",,7,0800",,
"USC00040176","2017-04-30","34.5594","-115.7443","200.6","AMBOY, CA US","    0",",,7,0800",,,,,"  294",",,7","  133",",,7",,,,,"  194",",,7,0800",,
"USC00040176","2017-05-01","34.5594","-115.7443","200.6","AMBOY, CA US","    0",",,7,0800",,,,,"  350",",,7","  133",",,7",,,,,"  239",",,7,0800",,
"USC00040176","2017-05-02","34.5594","-115.7443","200.6","AMBOY, CA US","    0",",,7,0800",,,,,"  372",",,7","  206",",,7",,,,,"  250",",,7,0800",,
"USC00040176","2017-05-03","34.5594","-115.7443","200.6","AMBOY, CA US","    0",",,7,0800",,,,,"  394",",,7","  211",",,7",,,,,"  244",",,7,0800",,
"USC00040176","2017-05-04","34.5594","-115.7443","200.6","AMBOY, CA US","    0",",,7,0800",,,,,"  400",",,7","  211",",,7",,,,,"  272",",,7,0800",,
"USC00040176","2017-05-05","34.5594","-115.7443","200.6","AMBOY, CA US","    0",",,7,0800",,,,,"  406",",,7","  228",",,7",,,,,"  267",",,7,0800",,
"USC00040176","2017-05-06","34.5594","-115.7443","200.6","AMBOY, CA US","    0",",,7,0800",,,,,"  400",",,7","  211",",,7",,,,,"  261",",,7,0800",,
"USC00040176","2017-05-07","34.5594","-115.7443","200.6","AMBOY, CA US","    0",",,7,0800",,,,,"  350",",,7","  122",",,7",,,,,"  150",",,7,0800",,
"USC00040176","2017-05-08","34.5594","-115.7443","200.6","AMBOY, CA US","    0",",,7,0800",,,,,"  239",",,7","  106",",,7",,,,,"  167",",,7,0800",,
"USC00040176","2017-05-09","34.5594","-115.7443","200.6","AMBOY, CA US","    0",",,7,0800",,,,,"  300",",,7","  167",",,7",,,,,"  189",",,7,0800",,
"USC00040176","2017-05-10","34.5594","-115.7443","200.6","AMBOY, CA US","    0",",,7,0800",,,,,"  250",",,7","  150",",,7",,,,,"  172",",,7,0800",,
"USC00040176","2017-05-11","34.5594","-115.7443","200.6","AMBOY, CA US","    0",",,7,0800",,,,,"  289",",,7","  167",",,7",,,,,"  222",",,7,0800",,
"USC00040176","2017-05-12","34.5594","-115.7443","200.6","AMBOY, CA US","    0",",,7,0800",,,,,"  339",",,7","  172",",,7",,,,,"  228",",,7,0800",,
"USC00040176","2017-05-13","34.5594","-115.7443","200.6","AMBOY, CA US","    0",",,7,0800",,,,,"  367",",,7","  172",",,7",,,,,"  200",",,7,0800",,
"USC00040176","2017-05-14","34.5594","-115.7443","200.6","AMBOY, CA US","    0",",,7,0800",,,,,"  311",",,7","  167",",,7",,,,,"  194",",,7,0800",,
"USC00040176","2017-05-15","34.5594","-115.7443","200.6","AMBOY, CA US","    0",",,7,0800",,,,,"  333",",,7","  172",",,7",,,,,"  200",",,7,0800",,
"USC00040176","2017-05-16","34.5594","-115.7443","200.6","AMBOY, CA US","    0",",,7,0800",,,,,"  283",",,7","  161",",,7",,,,,"  189",",,7,0800",,
"USC00040176","2017-05-17","34.5594","-115.7443","200.6","AMBOY, CA US","    0",",,7,0800",,,,,"  300",",,7","  128",",,7",,,,,"  222",",,7,0800",,
"USC00040176","2017-05-18","34.5594","-115.7443","200.6","AMBOY, CA US","    0",",,7,0800",,,,,"  300",",,7","  172",",,7",,,,,"  217",",,7,0800",,
"USC00040176","2017-05-19","34.5594","-115.7443","200.6","AMBOY, CA US","    0",",,7,0800",,,,,"  317",",,7","  139",",,7",,,,,"  156",",,7,0800",,
"USC00040176","2017-05-20","34.5594","-115.7443","200.6","AMBOY, CA US","    0",",,7,0800",,,,,"  322",",,7","  156",",,7",,,,,"  217",",,7,0800",,
"USC00040176","2017-05-21","34.5594","-115.7443","200.6","AMBOY, CA US","    0",",,7,0800",,,,,"  356",",,7","  194",",,7",,,,,"  233",",,7,0800",,
"USC00040176","2017-05-22","34.5594","-115.7443","200.6","AMBOY, CA US","    0",",,7,0800",,,,,"  400",",,7","  228",",,7",,,,,"  283",",,7,0800",,
"USC00040176","2017-05-23","34.5594","-115.7443","200.6","AMBOY, CA US","    0",",,7,0800",,,,,"  417",",,7","  239",",,7",,,,,"  294",",,7,0800",,
"USC00040176","2017-05-24","34.5594","-115.7443","200.6","AMBOY, CA US","    0",",,7,0800",,,,,"  422",",,7","  261",",,7",,,,,"  300",",,7,0800",,
"USC00040176","2017-05-25","34.5594","-115.7443","200.6","AMBOY, CA US","    0",",,7,0800",,,,,"  439",",,7","  261",",,7",,,,,"  311",",,7,0800",,
"USC00040176","2017-05-26","34.5594","-115.7443","200.6","AMBOY, CA US","    0",",,7,0800",,,,,,,"  200",",,7",,,,,"  217",",,7,0800",,
"USC00040176","2017-05-27","34.5594","-115.7443","200.6","AMBOY, CA US","    0",",,7,0800",,,,,"  383",",,7","  206",",,7",,,,,"  228",",,7,0800",,
"USC00040176","2017-05-28","34.5594","-115.7443","200.6","AMBOY, CA US","    0",",,7,0800",,,,,"  367",",,7","  189",",,7",,,,,"  267",",,7,0800",,
"USC00040176","2017-05-29","34.5594","-115.7443","200.6","AMBOY, CA US","    0",",,7,0800",,,,,"  406",",,7","  217",",,7",,,,,"  289",",,7,0800",,
"USC00040176","2017-05-30","34.5594","-115.7443","200.6","AMBOY, CA US","    0",",,7,0800",,,,,"  417",",,7","  222",",,7",,,,,"  283",",,7,0800",,
"USC00040176","2017-05-31","34.5594","-115.7443","200.6","AMBOY, CA US","    0",",,7,0800",,,,,"  400",",,7","  244",",,7",,,,,"  278",",,7,0800",,
"USC00040176","2017-06-01","34.5594","-115.7443","200.6","AMBOY, CA US","    0",",,7,0800",,,,,"  378",",,7","  206",",,7",,,,,"  250",",,7,0800",,
"USC00040176","2017-06-02","34.5594","-115.7443","200.6","AMBOY, CA US","    0",",,7,0800",,,,,"  389",",,7","  233",",,7",,,,,"  267",",,7,0800",,
"USC00040176","2017-06-03","34.5594","-115.7443","200.6","AMBOY, CA US","    0",",,7,0800",,,,,"  394",",,7","  261",",,7",,,,,"  272",",,7,0800",,
"USC00040176","2017-06-04","34.5594","-115.7443","200.6","AMBOY, CA US","    0",",,7,0800",,,,,"  439",",,7","  222",",,7",,,,,"  311",",,7,0800",,
"USC00040176","2017-06-05","34.5594","-115.7443","200.6","AMBOY, CA US","    0",",,7,0800",,,,,"  439",",,7","  272",",,7",,,,,"  311",",,7,0800",,
"USC00040176","2017-06-06","34.5594","-115.7443","200.6","AMBOY, CA US","    0",",,7,0800",,,,,"  433",",,7","  267",",,7",,,,,"  311",",,7,0800",,
"USC00040176","2017-06-07","34.5594","-115.7443","200.6","AMBOY, CA US","    0",",,7,0800",,,,,"  422",",,7","  239",",,7",,,,,"  283",",,7,0800",,
"USC00040176","2017-06-08","34.5594","-115.7443","200.6","AMBOY, CA US","    0",",,7,0800",,,,,"  411",",,7","  244",",,7",,,,,"  278",",,7,0800",,
"USC00040176","2017-06-09","34.5594","-115.7443","200.6","AMBOY, CA US","    0",",,7,0800",,,,,"  406",",,7","  239",",,7",,,,,"  267",",,7,0800",,
"USC00040176","2017-06-10","34.5594","-115.7443","200.6","AMBOY, CA US","    0",",,7,0800",,,,,"  411",",,7","  244",",,7",,,,,"  272",",,7,0800",,
"USC00040176","2017-06-11","34.5594","-115.7443","200.6","AMBOY, CA US","    0",",,7,0800",,,,,"  389",",,7","  228",",,7",,,,,"  256",",,7,0800",,
"USC00040176","2017-06-12","34.5594","-115.7443","200.6","AMBOY, CA US","    0",",,7,0800",,,,,"  367",",,7","  167",",,7",,,,,"  194",",,7,0800",,
"USC00040176","2017-06-13","34.5594","-115.7443","200.6","AMBOY, CA US","    0",",,7,0800",,,,,"  322",",,7","  189",",,7",,,,,"  228",",,7,0800",,
"USC00040176","2017-06-14","34.5594","-115.7443","200.6","AMBOY, CA US","    0",",,7,0800",,,,,"  322",",,7","  183",",,7",,,,,"  261",",,7,0800",,
"USC00040176","2017-06-15","34.5594","-115.7443","200.6","AMBOY, CA US","    0",",,7,0800",,,,,"  417",",,7","  239",",,7",,,,,"  267",",,7,0800",,
"USC00040176","2017-06-16","34.5594","-115.7443","200.6","AMBOY, CA US","    0",",,7,0800",,,,,"  433",",,7","  233",",,7",,,,,"  322",",,7,0800",,
"USC00040176","2017-06-17","34.5594","-115.7443","200.6","AMBOY, CA US","    0",",,7,0800",,,,,"  450",",,7","  272",",,7",,,,,"  333",",,7,0800",,
"USC00040176","2017-06-18","34.5594","-115.7443","200.6","AMBOY, CA US","    0",",,7,0800",,,,,"  461",",,7","  283",",,7",,,,,"  333",",,7,0800",,
"USC00040176","2017-06-19","34.5594","-115.7443","200.6","AMBOY, CA US","    0",",,7,0800",,,,,"  467",",,7","  278",",,7",,,,,"  328",",,7,0800",,
"USC00040176","2017-06-20","34.5594","-115.7443","200.6","AMBOY, CA US","    0",",,7,0800",,,,,"  494",",,7","  289",",,7",,,,,"  344",",,7,0800",,
"USC00040176","2017-06-21","34.5594","-115.7443","200.6","AMBOY, CA US","    0",",,7,0800",,,,,"  489",",,7","  328",",,7",,,,,"  372",",,7,0800",,
"USC00040176","2017-06-22","34.5594","-115.7443","200.6","AMBOY, CA US","    0",",,7,0800",,,,,"  489",",,7","  311",",,7",,,,,"  367",",,7,0800",,
"USC00040176","2017-06-23","34.5594","-115.7443","200.6","AMBOY, CA US","    0",",,7,0800",,,,,"  472",",,7","  306",",,7",,,,,"  356",",,7,0800",,
"USC00040176","2017-06-24","34.5594","-115.7443","200.6","AMBOY, CA US","    0",",,7,0800",,,,,"  483",",,7","  344",",,7",,,,,"  383",",,7,0800",,
"USC00040176","2017-06-25","34.5594","-115.7443","200.6","AMBOY, CA US","    0",",,7,0800",,,,,"  494",",,7","  339",",,7",,,,,"  378",",,7,0800",,
"USC00040176","2017-06-26","34.5594","-115.7443","200.6","AMBOY, CA US","    0",",,7,0800",,,,,"  472",",,7","  289",",,7",,,,,"  339",",,7,0800",,
"USC00040176","2017-06-27","34.5594","-115.7443","200.6","AMBOY, CA US","    0",",,7,0800",,,,,"  472",",,7","  261",",,7",,,,,"  311",",,7,0800",,
"USC00040176","2017-06-28","34.5594","-115.7443","200.6","AMBOY, CA US","    0",",,7,0800",,,,,"  450",",,7","  244",",,7",,,,,"  317",",,7,0800",,
"USC00040176","2017-06-29","34.5594","-115.7443","200.6","AMBOY, CA US","    0",",,7,0800",,,,,"  439",",,7","  261",",,7",,,,,"  322",",,7,0800",,
"USC00040176","2017-06-30","34.5594","-115.7443","200.6","AMBOY, CA US","    0",",,7,0800",,,,,"  428",",,7","  256",",,7",,,,,"  311",",,7,0800",,
"USC00040176","2017-07-01","34.5594","-115.7443","200.6","AMBOY, CA US","    0",",,7,0800",,,,,"  444",",,7","  250",",,7",,,,,"  317",",,7,0800",,
"USC00040176","2017-07-02","34.5594","-115.7443","200.6","AMBOY, CA US","    0",",,7,0800",,,,,"  450",",,7","  267",",,7",,,,,"  317",",,7,0800",,
"USC00040176","2017-07-03","34.5594","-115.7443","200.6","AMBOY, CA US","    0",",,7,0800",,,,,"  428",",,7","  256",",,7",,,,,"  306",",,7,0800",,
"USC00040176","2017-07-04","34.5594","-115.7443","200.6","AMBOY, CA US","    0",",,7,0800",,,,,"  433",",,7","  278",",,7",,,,,"  311",",,7,0800",,
"USC00040176","2017-07-05","34.5594","-115.7443","200.6","AMBOY, CA US","    0",",,7,0800",,,,,"  461",",,7","  289",",,7",,,,,"  306",",,7,0800",,
"USC00040176","2017-07-06","34.5594","-115.7443","200.6","AMBOY, CA US","    0",",,7,0800",,,,,"  456",",,7","  272",",,7",,,,,"  333",",,7,0800",,
"USC00040176","2017-07-07","34.5594","-115.7443","200.6","AMBOY, CA US","    0",",,7,0800",,,,,"  472",",,7","  328",",,7",,,,,"  356",",,7,0800",,
"USC00040176","2017-07-08","34.5594","-115.7443","200.6","AMBOY, CA US","    0",",,7,0800",,,,,"  483",",,7","  344",",,7",,,,,"  367",",,7,0800",,
"USC00040176","2017-07-09","34.5594","-115.7443","200.6","AMBOY, CA US","    0","T,,7,0800",,,,,"  483",",,7","  317",",,7",,,,,"  333",",,7,0800",,
"USC00040176","2017-07-10","34.5594","-115.7443","200.6","AMBOY, CA US","    0",",,7,0800",,,,,"  433",",,7","  306",",,7",,,,,"  344",",,7,0800",,
"USC00040176","2017-07-11","34.5594","-115.7443","200.6","AMBOY, CA US","    0",",,7,0800",,,,,"  444",",,7","  322",",,7",,,,,"  350",",,7,0800",,
"USC00040176","2017-07-12","34.5594","-115.7443","200.6","AMBOY, CA US","    0",",,7,0800",,,,,"  444",",,7","  311",",,7",,,,,"  350",",,7,0800",,
"USC00040176","2017-07-13","34.5594","-115.7443","200.6","AMBOY, CA US","    0",",,7,0800",,,,,"  444",",,7","  311",",,7",,,,,"  350",",,7,0800",,
"USC00040176","2017-07-14","34.5594","-115.7443","200.6","AMBOY, CA US","    0",",,7,0800",,,,,"  444",",,7","  317",",,7",,,,,"  356",",,7,0800",,
"USC00040176","2017-07-15","34.5594","-115.7443","200.6","AMBOY, CA US","    0",",,7,0800",,,,,"  456",",,7","  328",",,7",,,,,"  356",",,7,0800",,
"USC00040176","2017-07-16","34.5594","-115.7443","200.6","AMBOY, CA US","    0",",,7,0800",,,,,"  472",",,7","  333",",,7",,,,,"  378",",,7,0800",,
"USC00040176","2017-07-17","34.5594","-115.7443","200.6","AMBOY, CA US","    0",",,7,0800",,,,,"  428",",,7","  317",",,7",,,,,"  333",",,7,0800",,
"USC00040176","2017-07-18","34.5594","-115.7443","200.6","AMBOY, CA US","    0",",,7,0800",,,,,"  422",",,7","  317",",,7",,,,,"  328",",,7,0800",,
"USC00040176","2017-07-19","34.5594","-115.7443","200.6","AMBOY, CA US","    0",",,7,0800",,,,,"  428",",,7","  311",",,7",,,,,"  333",",,7,0800",,
"USC00040176","2017-07-20","34.5594","-115.7443","200.6","AMBOY, CA US","    0",",,7,0800",,,,,"  428",",,7","  311",",,7",,,,,"  333",",,7,0800",,
"USC00040176","2017-07-21","34.5594","-115.7443","200.6","AMBOY, CA US","    0",",,7,0800",,,,,"  422",",,7","  311",",,7",,,,,"  317",",,7,0800",,
"USC00040176","2017-07-22","34.5594","-115.7443","200.6","AMBOY, CA US","    0",",,7,0800",,,,,"  422",",,7","  289",",,7",,,,,"  328",",,7,0800",,
"USC00040176","2017-07-23","34.5594","-115.7443","200.6","AMBOY, CA US","    0",",,7,0800",,,,,"  439",",,7","  317",",,7",,,,,"  350",",,7,0800",,
"USC00040176","2017-07-24","34.5594","-115.7443","200.6","AMBOY, CA US","    0",",,7,0800",,,,,"  439",",,7","  306",",,7",,,,,"  344",",,7,0800",,
"USC00040176","2017-07-25","34.5594","-115.7443","200.6","AMBOY, CA US","   64",",,7,0800",,,,,"  400",",,7","  278",",,7",,,,,"  306",",,7,0800",,
"USC00040176","2017-07-26","34.5594","-115.7443","200.6","AMBOY, CA US","    0",",,7,0800",,,,,"  394",",,7","  294",",,7",,,,,"  311",",,7,0800",,
"USC00040176","2017-07-27","34.5594","-115.7443","200.6","AMBOY, CA US","    0",",,7,0800",,,,,"  422",",,7","  294",",,7",,,,,"  344",",,7,0800",,
"USC00040176","2017-07-28","34.5594","-115.7443","200.6","AMBOY, CA US","    0",",,7,0800",,,,,"  450",",,7","  311",",,7",,,,,"  344",",,7,0800",,
"USC00040176","2017-07-29","34.5594","-115.7443","200.6","AMBOY, CA US","    0",",,7,0800",,,,,"  439",",,7","  317",",,7",,,,,"  333",",,7,0800",,
"USC00040176","2017-07-30","34.5594","-115.7443","200.6","AMBOY, CA US","    0",",,7,0800",,,,,"  433",",,7","  317",",,7",,,,,"  333",",,7,0800",,
"USC00040176","2017-07-31","34.5594","-115.7443","200.6","AMBOY, CA US","    0",",,7,0800",,,,,"  428",",,7","  256",",,7",,,,,"  328",",,7,0800",,
"USC00040176","2017-08-01","34.5594","-115.7443","200.6","AMBOY, CA US","    0",",,7,0800",,,,,"  411",",,7","  328",",,7",,,,,"  350",",,7,0800",,
"USC00040176","2017-08-02","34.5594","-115.7443","200.6","AMBOY, CA US","   13",",,7,0800",,,,,"  439",",,7","  283",",,7",,,,,"  322",",,7,0800",,
"USC00040176","2017-08-03","34.5594","-115.7443","200.6","AMBOY, CA US","   10",",,7,0800",,,,,"  422",",,7","  261",",,7",,,,,"  267",",,7,0800",,
"USC00040176","2017-08-04","34.5594","-115.7443","200.6","AMBOY, CA US","    0","T,,7,0800",,,,,"  333",",,7","  244",",,7",,,,,"  294",",,7,0800",,
"USC00040176","2017-08-05","34.5594","-115.7443","200.6","AMBOY, CA US","    0",",,7,0800",,,,,"  411",",,7","  256",",,7",,,,,"  300",",,7,0800",,
"USC00040176","2017-08-06","34.5594","-115.7443","200.6","AMBOY, CA US","    0",",,7,0800",,,,,"  411",",,7","  283",",,7",,,,,"  328",",,7,0800",,
"USC00040176","2017-08-07","34.5594","-115.7443","200.6","AMBOY, CA US","    0",",,7,0800",,,,,"  417",",,7","  283",",,7",,,,,"  322",",,7,0800",,
"USC00040176","2017-08-08","34.5594","-115.7443","200.6","AMBOY, CA US","    0",",,7,0800",,,,,"  422",",,7","  289",",,7",,,,,"  322",",,7,0800",,
"USC00040176","2017-08-09","34.5594","-115.7443","200.6","AMBOY, CA US","    0",",,7,0800",,,,,"  428",",,7","  278",",,7",,,,,"  322",",,7,0800",,
"USC00040176","2017-08-10","34.5594","-115.7443","200.6","AMBOY, CA US","    0",",,7,0800",,,,,"  444",",,7","  283",",,7",,,,,"  328",",,7,0800",,
"USC00040176","2017-08-11","34.5594","-115.7443","200.6","AMBOY, CA US","    0",",,7,0800",,,,,"  444",",,7","  317",",,7",,,,,"  339",",,7,0800",,
"USC00040176","2017-08-12","34.5594","-115.7443","200.6","AMBOY, CA US","    0",",,7,0800",,,,,"  433",",,7","  311",",,7",,,,,"  339",",,7,0800",,
"USC00040176","2017-08-13","34.5594","-115.7443","200.6","AMBOY, CA US","    0",",,7,0800",,,,,"  444",",,7","  289",",,7",,,,,"  333",",,7,0800",,
"USC00040176","2017-08-14","34.5594","-115.7443","200.6","AMBOY, CA US","    0",",,7,0800",,,,,"  433",",,7","  222",",,7",,,,,"  267",",,7,0800",,
"USC00040176","2017-08-15","34.5594","-115.7443","200.6","AMBOY, CA US","    0",",,7,0800",,,,,"  417",",,7","  250",",,7",,,,,"  283",",,7,0800",,
"USC00040176","2017-08-16","34.5594","-115.7443","200.6","AMBOY, CA US","    0",",,7,0800",,,,,"  400",",,7","  244",",,7",,,,,"  289",",,7,0800",,
"USC00040176","2017-08-17","34.5594","-115.7443","200.6","AMBOY, CA US","    0",",,7,0800",,,,,"  394",",,7","  244",",,7",,,,,"  289",",,7,0800",,
"USC00040176","2017-08-18","34.5594","-115.7443","200.6","AMBOY, CA US","    0",",,7,0800",,,,,"  411",",,7","  250",",,7",,,,,"  272",",,7,0800",,
"USC00040176","2017-08-19","34.5594","-115.7443","200.6","AMBOY, CA US","    0",",,7,0800",,,,,"  422",",,7","  256",",,7",,,,,"  300",",,7,0800",,
"USC00040176","2017-08-20","34.5594","-115.7443","200.6","AMBOY, CA US","    0",",,7,0800",,,,,"  422",",,7","  211",",,7",,,,,"  294",",,7,0800",,
"USC00040176","2017-08-21","34.5594","-115.7443","200.6","AMBOY, CA US","    0","T,,7,0800",,,,,"  422",",,7","  272",",,7",,,,,"  283",",,7,0800",,
"USC00040176","2017-08-22","34.5594","-115.7443","200.6","AMBOY, CA US","    0",",,7,0800",,,,,"  417",",,7","  228",",,7",,,,,"  294",",,7,0800",,
"USC00040176","2017-08-23","34.5594","-115.7443","200.6","AMBOY, CA US","    0",",,7,0800",,,,,"  417",",,7","  261",",,7",,,,,"  328",",,7,0800",,
"USC00040176","2017-08-24","34.5594","-115.7443","200.6","AMBOY, CA US","    0",",,7,0800",,,,,"  428",",,7","  289",",,7",,,,,"  322",",,7,0800",,
"USC00040176","2017-08-25","34.5594","-115.7443","200.6","AMBOY, CA US","    0",",,7,0800",,,,,"  417",",,7","  267",",,7",,,,,"  317",",,7,0800",,
"USC00040176","2017-08-26","34.5594","-115.7443","200.6","AMBOY, CA US","    0",",,7,0800",,,,,"  439",",,7","  272",",,7",,,,,"  306",",,7,0800",,
"USC00040176","2017-08-27","34.5594","-115.7443","200.6","AMBOY, CA US","    0",",,7,0800",,,,,"  483",",,7","  306",",,7",,,,,"  361",",,7,0800",,
"USC00040176","2017-08-28","34.5594","-115.7443","200.6","AMBOY, CA US","    0",",,7,0800",,,,,"  472",",,7","  300",",,7",,,,,"  322",",,7,0800",,
"USC00040176","2017-08-29","34.5594","-115.7443","200.6","AMBOY, CA US","    0",",,7,0800",,,,,"  461",",,7","  300",",,7",,,,,"  333",",,7,0800",,
"USC00040176","2017-08-30","34.5594","-115.7443","200.6","AMBOY, CA US","    0",",,7,0800",,,,,"  467",",,7","  300",",,7",,,,,"  333",",,7,0800",,
"USC00040176","2017-08-31","34.5594","-115.7443","200.6","AMBOY, CA US","    0",",,7,0800",,,,,"  461",",,7","  306",",,7",,,,,"  333",",,7,0800",,
"USC00040176","2017-09-01","34.5594","-115.7443","200.6","AMBOY, CA US","    0",",,7,0800",,,,,"  444",",,7","  311",",,7",,,,,"  333",",,7,0800",,
"USC00040176","2017-09-02","34.5594","-115.7443","200.6","AMBOY, CA US","    0",",,7,0800",,,,,"  450",",,7","  283",",,7",,,,,"  322",",,7,0800",,
"USC00040176","2017-09-03","34.5594","-115.7443","200.6","AMBOY, CA US","    0",",,7,0800",,,,,"  417",",,7","  306",",,7",,,,,"  317",",,7,0800",,
"USC00040176","2017-09-04","34.5594","-115.7443","200.6","AMBOY, CA US","    0",",,7,0800",,,,,"  417",",,7","  306",",,7",,,,,"  317",",,7,0800",,
"USC00040176","2017-09-05","34.5594","-115.7443","200.6","AMBOY, CA US","    0",",,7,0800",,,,,"  411",",,7","  278",",,7",,,,,"  294",",,7,0800",,
"USC00040176","2017-09-06","34.5594","-115.7443","200.6","AMBOY, CA US","    0",",,7,0800",,,,,"  439",",,7","  278",",,7",,,,,"  356",",,7,0800",,
"USC00040176","2017-09-07","34.5594","-115.7443","200.6","AMBOY, CA US","    0","T,,7,0800",,,,,"  433",",,7","  261",",,7",,,,,"  267",",,7,0800",,
"USC00040176","2017-09-08","34.5594","-115.7443","200.6","AMBOY, CA US","    0",",,7,0800",,,,,"  422",",,7","  261",",,7",,,,,"  311",",,7,0800",,
"USC00040176","2017-09-09","34.5594","-115.7443","200.6","AMBOY, CA US","   76",",,7,0800",,,,,"  394",",,7","  233",",,7",,,,,"  244",",,7,0800",,
"USC00040176","2017-09-10","34.5594","-115.7443","200.6","AMBOY, CA US","    0",",,7,0800",,,,,"  300",",,7","  133",",,7",,,,,"  256",",,7,0800",,
"USC00040176","2017-09-11","34.5594","-115.7443","200.6","AMBOY, CA US","   10",",,7,0800",,,,,"  389",",,7","  239",",,7",,,,,"  294",",,7,0800",,
"USC00040176","2017-09-12","34.5594","-115.7443","200.6","AMBOY, CA US","    0",",,7,0800",,,,,"  417",",,7","  256",",,7",,,,,"  289",",,7,0800",,
"USC00040176","2017-09-13","34.5594","-115.7443","200.6","AMBOY, CA US","    0",",,7,0800",,,,,"  428",",,7","  278",",,7",,,,,"  300",",,7,0800",,
"USC00040176","2017-09-14","34.5594","-115.7443","200.6","AMBOY, CA US","    0",",,7,0800",,,,,"  422",",,7","  261",",,7",,,,,"  261",",,7,0800",,
"USC00040176","2017-09-15","34.5594","-115.7443","200.6","AMBOY, CA US","    0",",,7,0800",,,,,"  361",",,7","  222",",,7",,,,,"  261",",,7,0800",,
"USC00040176","2017-09-16","34.5594","-115.7443","200.6","AMBOY, CA US","    0",",,7,0800",,,,,"  356",",,7","  217",",,7",,,,,"  267",",,7,0800",,
"USC00040176","2017-09-17","34.5594","-115.7443","200.6","AMBOY, CA US","    0",",,7,0800",,,,,"  361",",,7","  217",",,7",,,,,"  256",",,7,0800",,
"USC00040176","2017-09-18","34.5594","-115.7443","200.6","AMBOY, CA US","    0",",,7,0800",,,,,"  361",",,7","  211",",,7",,,,,"  239",",,7,0800",,
"USC00040176","2017-09-19","34.5594","-115.7443","200.6","AMBOY, CA US","    0",",,7,0800",,,,,"  378",",,7","  217",",,7",,,,,"  250",",,7,0800",,
"USC00040176","2017-09-20","34.5594","-115.7443","200.6","AMBOY, CA US","    0",",,7,0800",,,,,"  361",",,7","  217",",,7",,,,,"  228",",,7,0800",,
"USC00040176","2017-09-21","34.5594","-115.7443","200.6","AMBOY, CA US","    0",",,7,0800",,,,,"  350",",,7","  217",",,7",,,,,"  239",",,7,0800",,
"USC00040176","2017-09-22","34.5594","-115.7443","200.6","AMBOY, CA US","    0",",,7,0800",,,,,"  333",",,7","  172",",,7",,,,,"  189",",,7,0800",,
"USC00040176","2017-09-23","34.5594","-115.7443","200.6","AMBOY, CA US","    0",",,7,0800",,,,,"  283",",,7","  189",",,7",,,,,"  194",",,7,0800",,
"USC00040176","2017-09-24","34.5594","-115.7443","200.6","AMBOY, CA US","    0",",,7,0800",,,,,"  294",",,7","  139",",,7",,,,,"  178",",,7,0800",,
"USC00040176","2017-09-25","34.5594","-115.7443","200.6","AMBOY, CA US","    0",",,7,0800",,,,,"  294",",,7","  128",",,7",,,,,"  172",",,7,0800",,
"USC00040176","2017-09-26","34.5594","-115.7443","200.6","AMBOY, CA US","    0",",,7,0800",,,,,"  317",",,7","  144",",,7",,,,,"  183",",,7,0800",,
"USC00040176","2017-09-27","34.5594","-115.7443","200.6","AMBOY, CA US","    0",",,7,0800",,,,,"  328",",,7","  167",",,7",,,,,"  200",",,7,0800",,
"USC00040176","2017-09-28","34.5594","-115.7443","200.6","AMBOY, CA US","    0",",,7,0800",,,,,"  350",",,7","  167",",,7",,,,,"  200",",,7,0800",,
"USC00040176","2017-09-29","34.5594","-115.7443","200.6","AMBOY, CA US","    0",",,7,0800",,,,,"  361",",,7","  167",",,7",,,,,"  206",",,7,0800",,
"USC00040176","2017-09-30","34.5594","-115.7443","200.6","AMBOY, CA US","    0",",,7,0800",,,,,"  372",",,7","  183",",,7",,,,,"  211",",,7,0800",,
"USC00040176","2017-10-01","34.5594","-115.7443","200.6","AMBOY, CA US","    0",",,7,0800",,,,,"  372",",,7","  200",",,7",,,,,"  239",",,7,0800",,
"USC00040176","2017-10-02","34.5594","-115.7443","200.6","AMBOY, CA US","    0",",,7,0800",,,,,"  361",",,7","  217",",,7",,,,,"  233",",,7,0800",,
"USC00040176","2017-10-03","34.5594","-115.7443","200.6","AMBOY, CA US","    0",",,7,0800",,,,,"  361",",,7","  150",",,7",,,,,"  183",",,7,0800",,
"USC00040176","2017-10-04","34.5594","-115.7443","200.6","AMBOY, CA US","    0",",,7,0800",,,,,"  333",",,7","  172",",,7",,,,,"  183",",,7,0800",,
"USC00040176","2017-10-05","34.5594","-115.7443","200.6","AMBOY, CA US","    0",",,7,0800",,,,,"  333",",,7","  133",",,7",,,,,"  156",",,7,0800",,
"USC00040176","2017-10-06","34.5594","-115.7443","200.6","AMBOY, CA US","    0",",,7,0800",,,,,"  339",",,7","  150",",,7",,,,,"  183",",,7,0800",,
"USC00040176","2017-10-07","34.5594","-115.7443","200.6","AMBOY, CA US","    0",",,7,0800",,,,,"  344",",,7","  139",",,7",,,,,"  200",",,7,0800",,
"USC00040176","2017-10-08","34.5594","-115.7443","200.6","AMBOY, CA US","    0",",,7,0800",,,,,"  367",",,7","  139",",,7",,,,,"  189",",,7,0800",,
"USC00040176","2017-10-09","34.5594","-115.7443","200.6","AMBOY, CA US","    0",",,7,0800",,,,,"  361",",,7","  183",",,7",,,,,"  194",",,7,0800",,
"USC00040176","2017-10-10","34.5594","-115.7443","200.6","AMBOY, CA US","    0",",,7,0800",,,,,"  289",",,7","  106",",,7",,,,,"  150",",,7,0800",,
"USC00040176","2017-10-11","34.5594","-115.7443","200.6","AMBOY, CA US","    0",",,7,0800",,,,,"  294",",,7","  100",",,7",,,,,"  144",",,7,0800",,
"USC00040176","2017-10-12","34.5594","-115.7443","200.6","AMBOY, CA US","    0",",,7,0800",,,,,"  322",",,7","  144",",,7",,,,,"  150",",,7,0800",,
"USC00040176","2017-10-13","34.5594","-115.7443","200.6","AMBOY, CA US","    0",",,7,0800",,,,,"  317",",,7","  139",",,7",,,,,"  167",",,7,0800",,
"USC00040176","2017-10-14","34.5594","-115.7443","200.6","AMBOY, CA US","    0",",,7,0800",,,,,"  328",",,7","   78",",,7",,,,,"  183",",,7,0800",,
"USC00040176","2017-10-15","34.5594","-115.7443","200.6","AMBOY, CA US","    0",",,7,0800",,,,,"  328",",,7","   94",",,7",,,,,"  161",",,7,0800",,
"USC00040176","2017-10-16","34.5594","-115.7443","200.6","AMBOY, CA US","    0",",,7,0800",,,,,"  294",",,7","  133",",,7",,,,,"  144",",,7,0800",,
"USC00040176","2017-10-17","34.5594","-115.7443","200.6","AMBOY, CA US","    0",",,7,0800",,,,,"  350",",,7","  128",",,7",,,,,"  150",",,7,0800",,
"USC00040176","2017-10-18","34.5594","-115.7443","200.6","AMBOY, CA US","    0",",,7,0800",,,,,"  344",",,7","  139",",,7",,,,,"  150",",,7,0800",,
"USC00040176","2017-10-19","34.5594","-115.7443","200.6","AMBOY, CA US","    0",",,7,0800",,,,,"  356",",,7","  150",",,7",,,,,"  183",",,7,0800",,
"USC00040176","2017-10-20","34.5594","-115.7443","200.6","AMBOY, CA US","    0",",,7,0800",,,,,"  361",",,7","  172",",,7",,,,,"  228",",,7,0800",,
"USC00040176","2017-10-21","34.5594","-115.7443","200.6","AMBOY, CA US","    0",",,7,0800",,,,,"  306",",,7","  161",",,7",,,,,"  172",",,7,0800",,
"USC00040176","2017-10-22","34.5594","-115.7443","200.6","AMBOY, CA US","    0",",,7,0800",,,,,"  289",",,7","  122",",,7",,,,,"  161",",,7,0800",,
"USC00040176","2017-10-23","34.5594","-115.7443","200.6","AMBOY, CA US","    0",",,7,0800",,,,,"  294",",,7","  150",",,7",,,,,"  178",",,7,0800",,
"USC00040176","2017-10-24","34.5594","-115.7443","200.6","AMBOY, CA US","    0",",,7,0800",,,,,"  378",",,7","  156",",,7",,,,,"  200",",,7,0800",,
"USC00040176","2017-10-25","34.5594","-115.7443","200.6","AMBOY, CA US","    0",",,7,0800",,,,,"  372",",,7","  144",",,7",,,,,"  167",",,7,0800",,
"USC00040176","2017-10-26","34.5594","-115.7443","200.6","AMBOY, CA US","    0",",,7,0800",,,,,"  367",",,7","  128",",,7",,,,,"  150",",,7,0800",,
"USC00040176","2017-10-27","34.5594","-115.7443","200.6","AMBOY, CA US","    0",",,7,0800",,,,,"  361",",,7","  139",",,7",,,,,"  178",",,7,0800",,
"USC00040176","2017-10-28","34.5594","-115.7443","200.6","AMBOY, CA US","    0",",,7,0800",,,,,"  350",",,7","  144",",,7",,,,,"  156",",,7,0800",,
"USC00040176","2017-10-29","34.5594","-115.7443","200.6","AMBOY, CA US","    0",",,7,0800",,,,,"  356",",,7","  144",",,7",,,,,"  161",",,7,0800",,
"USC00040176","2017-10-30","34.5594","-115.7443","200.6","AMBOY, CA US","    0",",,7,0800",,,,,"  328",",,7","  150",",,7",,,,,"  183",",,7,0800",,
"USC00040176","2017-10-31","34.5594","-115.7443","200.6","AMBOY, CA US","    0",",,7,0800",,,,,"  306",",,7","  172",",,7",,,,,"  189",",,7,0800",,
"USC00040176","2017-11-01","34.5594","-115.7443","200.6","AMBOY, CA US","    0",",,7,0800",,,,,"  278",",,7","  111",",,7",,,,,"  161",",,7,0800",,
"USC00040176","2017-11-02","34.5594","-115.7443","200.6","AMBOY, CA US","    0",",,7,0800",,,,,"  267",",,7","  122",",,7",,,,,"  156",",,7,0800",,
"USC00040176","2017-11-03","34.5594","-115.7443","200.6","AMBOY, CA US","    0",",,7,0800",,,,,"  261",",,7","  117",",,7",,,,,"  139",",,7,0800",,
"USC00040176","2017-11-04","34.5594","-115.7443","200.6","AMBOY, CA US","    0",",,7,0800",,,,,"  244",",,7","  139",",,7",,,,,"  144",",,7,0800",,
"USC00040176","2017-11-05","34.5594","-115.7443","200.6","AMBOY, CA US","    0",",,7,0800",,,,,"  272",",,7","  144",",,7",,,,,"  211",",,7,0800",,
"USC00040176","2017-11-06","34.5594","-115.7443","200.6","AMBOY, CA US","    0",",,7,0800",,,,,"  278",",,7","  150",",,7",,,,,"  200",",,7,0800",,
"USC00040176","2017-11-07","34.5594","-115.7443","200.6","AMBOY, CA US","    0",",,7,0800",,,,,"  272",",,7","  167",",,7",,,,,"  178",",,7,0800",,
"USC00040176","2017-11-08","34.5594","-115.7443","200.6","AMBOY, CA US","    0",",,7,0800",,,,,"  278",",,7","  117",",,7",,,,,"  150",",,7,0800",,
"USC00040176","2017-11-09","34.5594","-115.7443","200.6","AMBOY, CA US","    0",",,7,0800",,,,,"  261",",,7","  106",",,7",,,,,"  139",",,7,0800",,
"USC00040176","2017-11-10","34.5594","-115.7443","200.6","AMBOY, CA US","    0",",,7,0800",,,,,"  272",",,7","   94",",,7",,,,,"  139",",,7,0800",,
"USC00040176","2017-11-11","34.5594","-115.7443","200.6","AMBOY, CA US","    0",",,7,0800",,,,,"  267",",,7","  117",",,7",,,,,"  167",",,7,0800",,
"USC00040176","2017-11-12","34.5594","-115.7443","200.6","AMBOY, CA US","    0",",,7,0800",,,,,"  272",",,7","    0",",,7",,,,,"  139",",,7,0800",,
"USC00040176","2017-11-13","34.5594","-115.7443","200.6","AMBOY, CA US","    0",",,7,0800",,,,,"  244",",,7","  100",",,7",,,,,"  139",",,7,0800",,
"USC00040176","2017-11-14","34.5594","-115.7443","200.6","AMBOY, CA US","    0",",,7,0800",,,,,"  261",",,7","  100",",,7",,,,,"  122",",,7,0800",,
"USC00040176","2017-11-15","34.5594","-115.7443","200.6","AMBOY, CA US","    0",",,7,0800",,,,,"  289",",,7","  106",",,7",,,,,"  133",",,7,0800",,
"USC00040176","2017-11-16","34.5594","-115.7443","200.6","AMBOY, CA US","    0",",,7,0800",,,,,"  256",",,7","  117",",,7",,,,,"  133",",,7,0800",,
"USC00040176","2017-11-17","34.5594","-115.7443","200.6","AMBOY, CA US","    0",",,7,0800",,,,,"  233",",,7","  133",",,7",,,,,"  178",",,7,0800",,
"USC00040176","2017-11-18","34.5594","-115.7443","200.6","AMBOY, CA US","    0",",,7,0800",,,,,"  289",",,7","   67",",,7",,,,,"  144",",,7,0800",,
"USC00040176","2017-11-19","34.5594","-115.7443","200.6","AMBOY, CA US","    0",",,7,0800",,,,,"  233",",,7","   44",",,7",,,,,"   78",",,7,0800",,
"USC00040176","2017-11-20","34.5594","-115.7443","200.6","AMBOY, CA US","    0",",,7,0800",,,,,"  228",",,7","   33",",,7",,,,,"   78",",,7,0800",,
"USC00040176","2017-11-21","34.5594","-115.7443","200.6","AMBOY, CA US","    0",",,7,0800",,,,,"  217",",,7","   44",",,7",,,,,"  122",",,7,0800",,
"USC00040176","2017-11-22","34.5594","-115.7443","200.6","AMBOY, CA US","    0",",,7,0800",,,,,"  278",",,7","   78",",,7",,,,,"  161",",,7,0800",,
"USC00040176","2017-11-23","34.5594","-115.7443","200.6","AMBOY, CA US","    0",",,7,0800",,,,,"  311",",,7","   72",",,7",,,,,"  133",",,7,0800",,
"USC00040176","2017-11-24","34.5594","-115.7443","200.6","AMBOY, CA US","    0",",,7,0800",,,,,"  317",",,7","   89",",,7",,,,,"  144",",,7,0800",,
"USC00040176","2017-11-25","34.5594","-115.7443","200.6","AMBOY, CA US","    0",",,7,0800",,,,,"  306",",,7","   72",",,7",,,,,"  156",",,7,0800",,
"USC00040176","2017-11-26","34.5594","-115.7443","200.6","AMBOY, CA US","    0",",,7,0800",,,,,"  289",",,7","   72",",,7",,,,,"  133",",,7,0800",,
"USC00040176","2017-11-27","34.5594","-115.7443","200.6","AMBOY, CA US","    0",",,7,0800",,,,,"  283",",,7","   50",",,7",,,,,"  133",",,7,0800",,
"USC00040176","2017-11-28","34.5594","-115.7443","200.6","AMBOY, CA US","    0",",,7,0800",,,,,"  250",",,7","   56",",,7",,,,,"  122",",,7,0800",,
"USC00040176","2017-11-29","34.5594","-115.7443","200.6","AMBOY, CA US","    0",",,7,0800",,,,,"  222",",,7","  106",",,7",,,,,"  117",",,7,0800",,
"USC00040176","2017-11-30","34.5594","-115.7443","200.6","AMBOY, CA US","    0",",,7,0800",,,,,"  244",",,7","   72",",,7",,,,,"   83",",,7,0800",,
"USC00040176","2017-12-01","34.5594","-115.7443","200.6","AMBOY, CA US","    0",",,7,0800",,,,,"  228",",,7","   67",",,7",,,,,"  133",",,7,0800",,
"USC00040176","2017-12-02","34.5594","-115.7443","200.6","AMBOY, CA US","    0",",,7,0800",,,,,"  256",",,7","   67",",,7",,,,,"  150",",,7,0800",,
"USC00040176","2017-12-03","34.5594","-115.7443","200.6","AMBOY, CA US","    0",",,7,0800",,,,,"  244",",,7","   89",",,7",,,,,"  100",",,7,0800",,
"USC00040176","2017-12-04","34.5594","-115.7443","200.6","AMBOY, CA US","    0",",,7,0800",,,,,"  272",",,7","   94",",,7",,,,,"  111",",,7,0800",,
"USC00040176","2017-12-05","34.5594","-115.7443","200.6","AMBOY, CA US","    0",",,7,0800",,,,,"  189",",,7","   44",",,7",,,,,"   67",",,7,0800",,
"USC00040176","2017-12-06","34.5594","-115.7443","200.6","AMBOY, CA US","    0",",,7,0800",,,,,"  189",",,7","   33",",,7",,,,,"   67",",,7,0800",,
"USC00040176","2017-12-07","34.5594","-115.7443","200.6","AMBOY, CA US","    0",",,7,0800",,,,,"  222",",,7","   39",",,7",,,,,"   61",",,7,0800",,
"USC00040176","2017-12-08","34.5594","-115.7443","200.6","AMBOY, CA US","    0",",,7,0800",,,,,"  228",",,7","   33",",,7",,,,,"   78",",,7,0800",,
"USC00040176","2017-12-09","34.5594","-115.7443","200.6","AMBOY, CA US","    0",",,7,0800",,,,,"  244",",,7","   44",",,7",,,,,"   61",",,7,0800",,
"USC00040176","2017-12-10","34.5594","-115.7443","200.6","AMBOY, CA US","    0",",,7,0800",,,,,"  239",",,7","   39",",,7",,,,,"   61",",,7,0800",,
"USC00040176","2017-12-11","34.5594","-115.7443","200.6","AMBOY, CA US","    0",",,7,0800",,,,,"  233",",,7","   56",",,7",,,,,"   83",",,7,0800",,
"USC00040176","2017-12-12","34.5594","-115.7443","200.6","AMBOY, CA US","    0",",,7,0800",,,,,"  250",",,7","   22",",,7",,,,,"  100",",,7,0800",,
"USC00040176","2017-12-13","34.5594","-115.7443","200.6","AMBOY, CA US","    0",",,7,0800",,,,,"  250",",,7","   28",",,7",,,,,"   78",",,7,0800",,
"USC00040176","2017-12-14","34.5594","-115.7443","200.6","AMBOY, CA US","    0",",,7,0800",,,,,"  239",",,7","   78",",,7",,,,,"  172",",,7,0800",,
"USC00040176","2017-12-15","34.5594","-115.7443","200.6","AMBOY, CA US","    0",",,7,0800",,,,,"  267",",,7","   33",",,7",,,,,"   78",",,7,0800",,
"USC00040176","2017-12-16","34.5594","-115.7443","200.6","AMBOY, CA US","    0",",,7,0800",,,,,"  222",",,7","   50",",,7",,,,,"   72",",,7,0800",,
"USC00040176","2017-12-17","34.5594","-115.7443","200.6","AMBOY, CA US","    0","T,,7,0800",,,,,"  222",",,7","   50",",,7",,,,,"  128",",,7,0800",,
"USC00040176","2017-12-18","34.5594","-115.7443","200.6","AMBOY, CA US","    0",",,7,0800",,,,,"  194",",,7","   39",",,7",,,,,"   56",",,7,0800",,
"USC00040176","2017-12-19","34.5594","-115.7443","200.6","AMBOY, CA US","    0",",,7,0800",,,,,"  194",",,7","   33",",,7",,,,,"   44",",,7,0800",,
"USC00040176","2017-12-20","34.5594","-115.7443","200.6","AMBOY, CA US","    0",",,7,0800",,,,,"  194",",,7","   17",",,7",,,,,"   61",",,7,0800",,
"USC00040176","2017-12-21","34.5594","-115.7443","200.6","AMBOY, CA US","    0",",,7,0800",,,,,"  194",",,7","   50",",,7",,,,,"   72",",,7,0800",,
"USC00040176","2017-12-22","34.5594","-115.7443","200.6","AMBOY, CA US","    0",",,7,0800",,,,,"  139",",,7","    0",",,7",,,,,"   33",",,7,0800",,
"USC00040176","2017-12-23","34.5594","-115.7443","200.6","AMBOY, CA US","    0",",,7,0800",,,,,"  161",",,7","   11",",,7",,,,,"   22",",,7,0800",,
"USC00040176","2017-12-24","34.5594","-115.7443","200.6","AMBOY, CA US","    0",",,7,0800",,,,,"  161",",,7","   22",",,7",,,,,"   33",",,7,0800",,
"USC00040176","2017-12-25","34.5594","-115.7443","200.6","AMBOY, CA US","    0",",,7,0800",,,,,"  189",",,7","   22",",,7",,,,,"   50",",,7,0800",,
"USC00040176","2017-12-26","34.5594","-115.7443","200.6","AMBOY, CA US","    0",",,7,0800",,,,,"  200",",,7","   28",",,7",,,,,"   56",",,7,0800",,
"USC00040176","2017-12-27","34.5594","-115.7443","200.6","AMBOY, CA US","    0",",,7,0800",,,,,"  178",",,7","   28",",,7",,,,,"   44",",,7,0800",,
"USC00040176","2017-12-28","34.5594","-115.7443","200.6","AMBOY, CA US","    0",",,7,0800",,,,,"  222",",,7","   22",",,7",,,,,"   67",",,7,0800",,
"USC00040176","2017-12-29","34.5594","-115.7443","200.6","AMBOY, CA US","    0",",,7,0800",,,,,"  250",",,7","   39",",,7",,,,,"   94",",,7,0800",,
"USC00040176","2017-12-30","34.5594","-115.7443","200.6","AMBOY, CA US","    0",",,7,0800",,,,,"  222",",,7","   39",",,7",,,,,"   50",",,7,0800",,
"USC00040176","2017-12-31","34.5594","-115.7443","200.6","AMBOY, CA US","    0",",,7,0800",,,,,"  222",",,7","   50",",,7",,,,,"   72",",,7,0800",,
"USC00040176","2018-01-01","34.5594","-115.7443","200.6","AMBOY, CA US","    0",",,7,0800",,,,,"  206",",,7","   28",",,7",,,,,"   56",",,7,0800",,
"USC00040176","2018-01-02","34.5594","-115.7443","200.6","AMBOY, CA US","    0",",,7,0800",,,,,"  233",",,7","   56",",,7",,,,,"   94",",,7,0800",,
"USC00040176","2018-01-03","34.5594","-115.7443","200.6","AMBOY, CA US","    0",",,7,0800",,,,,"  256",",,7","   56",",,7",,,,,"   67",",,7,0800",,
"USC00040176","2018-01-04","34.5594","-115.7443","200.6","AMBOY, CA US","    0",",,7,0800",,,,,"  189",",,7","   50",",,7",,,,,"   89",",,7,0800",,
"USC00040176","2018-01-05","34.5594","-115.7443","200.6","AMBOY, CA US","    0",",,7,0800",,,,,"  233",",,7","   56",",,7",,,,,"   94",",,7,0800",,
"USC00040176","2018-01-06","34.5594","-115.7443","200.6","AMBOY, CA US","    0",",,7,0800",,,,,"  233",",,7","   94",",,7",,,,,"  100",",,7,0800",,
"USC00040176","2018-01-07","34.5594","-115.7443","200.6","AMBOY, CA US","    0",",,7,0800",,,,,"  217",",,7","  100",",,7",,,,,"  122",",,7,0800",,
"USC00040176","2018-01-08","34.5594","-115.7443","200.6","AMBOY, CA US","    0",",,7,0800",,,,,"  239",",,7","  122",",,7",,,,,"  128",",,7,0800",,
"USC00040176","2018-01-09","34.5594","-115.7443","200.6","AMBOY, CA US","  208",",,7,0800",,,,,"  189",",,7","  122",",,7",,,,,"  122",",,7,0800",,
"USC00040176","2018-01-10","34.5594","-115.7443","200.6","AMBOY, CA US","   38",",,7,0800",,,,,"  167",",,7","   78",",,7",,,,,"   94",",,7,0800",,
"USC00040176","2018-01-11","34.5594","-115.7443","200.6","AMBOY, CA US","    0",",,7,0800",,,,,"  206",",,7","   89",",,7",,,,,"  100",",,7,0800",,
"USC00040176","2018-01-12","34.5594","-115.7443","200.6","AMBOY, CA US","    0",",,7,0800",,,,,"  211",",,7","   72",",,7",,,,,"   89",",,7,0800",,
"USC00040176","2018-01-13","34.5594","-115.7443","200.6","AMBOY, CA US","    0",",,7,0800",,,,,"  222",",,7","   89",",,7",,,,,"   89",",,7,0800",,
"USC00040176","2018-01-14","34.5594","-115.7443","200.6","AMBOY, CA US","    0",",,7,0800",,,,,"  239",",,7","   72",",,7",,,,,"   89",",,7,0800",,
"USC00040176","2018-01-15","34.5594","-115.7443","200.6","AMBOY, CA US","    0",",,7,0800",,,,,"  239",",,7","   67",",,7",,,,,"   89",",,7,0800",,
"USC00040176","2018-01-16","34.5594","-115.7443","200.6","AMBOY, CA US","    0",",,7,0800",,,,,"  250",",,7","   89",",,7",,,,,"   94",",,7,0800",,
"USC00040176","2018-01-17","34.5594","-115.7443","200.6","AMBOY, CA US","    0",",,7,0800",,,,,"  217",",,7","   72",",,7",,,,,"   89",",,7,0800",,
"USC00040176","2018-01-18","34.5594","-115.7443","200.6","AMBOY, CA US","    0",",,7,0800",,,,,"  206",",,7","   83",",,7",,,,,"  111",",,7,0800",,
"USC00040176","2018-01-19","34.5594","-115.7443","200.6","AMBOY, CA US","    0",",,7,0800",,,,,"  233",",,7","   89",",,7",,,,,"   94",",,7,0800",,
"USC00040176","2018-01-20","34.5594","-115.7443","200.6","AMBOY, CA US","    0",",,7,0800",,,,,"  233",",,7","   94",",,7",,,,,"  111",",,7,0800",,
"USC00040176","2018-01-21","34.5594","-115.7443","200.6","AMBOY, CA US","    0",",,7,0800",,,,,"  178",",,7","   67",",,7",,,,,"   83",",,7,0800",,
"USC00040176","2018-01-22","34.5594","-115.7443","200.6","AMBOY, CA US","    0",",,7,0800",,,,,"  161",",,7","   28",",,7",,,,,"   44",",,7,0800",,
"USC00040176","2018-01-23","34.5594","-115.7443","200.6","AMBOY, CA US","    0",",,7,0800",,,,,"  189",",,7","   44",",,7",,,,,"   61",",,7,0800",,
"USC00040176","2018-01-24","34.5594","-115.7443","200.6","AMBOY, CA US","    0",",,7,0800",,,,,"  183",",,7","   61",",,7",,,,,"   72",",,7,0800",,
"USC00040176","2018-01-25","34.5594","-115.7443","200.6","AMBOY, CA US","    0",",,7,0800",,,,,"  189",",,7","   61",",,7",,,,,"   78",",,7,0800",,
"USC00040176","2018-01-26","34.5594","-115.7443","200.6","AMBOY, CA US","    0",",,7,0800",,,,,"  217",",,7","   44",",,7",,,,,"   78",",,7,0800",,
"USC00040176","2018-01-27","34.5594","-115.7443","200.6","AMBOY, CA US","    0",",,7,0800",,,,,"  217",",,7","   33",",,7",,,,,"   67",",,7,0800",,
"USC00040176","2018-01-28","34.5594","-115.7443","200.6","AMBOY, CA US","    0",",,7,0800",,,,,"  217",",,7","   67",",,7",,,,,"   89",",,7,0800",,
"USC00040176","2018-01-29","34.5594","-115.7443","200.6","AMBOY, CA US","    0",",,7,0800",,,,,"  272",",,7","   83",",,7",,,,,"  122",",,7,0800",,
"USC00040176","2018-01-30","34.5594","-115.7443","200.6","AMBOY, CA US","    0",",,7,0800",,,,,"  272",",,7","   89",",,7",,,,,"  111",",,7,0800",,
"USC00040176","2018-01-31","34.5594","-115.7443","200.6","AMBOY, CA US","    0",",,7,0800",,,,,"  261",",,7","   56",",,7",,,,,"  111",",,7,0800",,
"USC00040176","2018-02-01","34.5594","-115.7443","200.6","AMBOY, CA US","    0",",,7,0800",,,,,"  244",",,7","  106",",,7",,,,,"  111",",,7,0800",,
"USC00040176","2018-02-02","34.5594","-115.7443","200.6","AMBOY, CA US","    0",",,7,0800",,,,,"  244",",,7","   72",",,7",,,,,"   83",",,7,0800",,
"USC00040176","2018-02-03","34.5594","-115.7443","200.6","AMBOY, CA US","    0",",,7,0800",,,,,"  278",",,7","   83",",,7",,,,,"   94",",,7,0800",,
"USC00040176","2018-02-04","34.5594","-115.7443","200.6","AMBOY, CA US","    0",",,7,0800",,,,,"  289",",,7","   94",",,7",,,,,"  133",",,7,0800",,
"USC00040176","2018-02-05","34.5594","-115.7443","200.6","AMBOY, CA US","    0",",,7,0800",,,,,"  283",",,7",,,,,,,"  111",",,7,0800",,
"USC00040176","2018-02-06","34.5594","-115.7443","200.6","AMBOY, CA US","    0",",,7,0800",,,,,"  294",",,7","   89",",,7",,,,,"  150",",,7,0800",,
"USC00040176","2018-02-07","34.5594","-115.7443","200.6","AMBOY, CA US","    0",",,7,0800",,,,,"  278",",,7","   83",",,7",,,,,"  106",",,7,0800",,
"USC00040176","2018-02-08","34.5594","-115.7443","200.6","AMBOY, CA US","    0",",,7,0800",,,,,"  267",",,7","   78",",,7",,,,,"  144",",,7,0800",,
"USC00040176","2018-02-09","34.5594","-115.7443","200.6","AMBOY, CA US","    0",",,7,0800",,,,,"  272",",,7","  106",",,7",,,,,"  139",",,7,0800",,
"USC00040176","2018-02-10","34.5594","-115.7443","200.6","AMBOY, CA US","    0",",,7,0800",,,,,"  306",",,7","   94",",,7",,,,,"  117",",,7,0800",,
"USC00040176","2018-02-11","34.5594","-115.7443","200.6","AMBOY, CA US","    0",",,7,0800",,,,,"  278",",,7","   78",",,7",,,,,"  111",",,7,0800",,
"USC00040176","2018-02-12","34.5594","-115.7443","200.6","AMBOY, CA US","    0",",,7,0800",,,,,"  206",",,7","   78",",,7",,,,,"  117",",,7,0800",,
"USC00040176","2018-02-13","34.5594","-115.7443","200.6","AMBOY, CA US","    0",",,7,0800",,,,,"  217",",,7","   78",",,7",,,,,"   89",",,7,0800",,
"USC00040176","2018-02-14","34.5594","-115.7443","200.6","AMBOY, CA US","    0",",,7,0800",,,,,"  200",",,7","   78",",,7",,,,,"  133",",,7,0800",,
"USC00040176","2018-02-15","34.5594","-115.7443","200.6","AMBOY, CA US","    0",",,7,0800",,,,,"  222",",,7","  106",",,7",,,,,"  128",",,7,0800",,
"USC00040176","2018-02-16","34.5594","-115.7443","200.6","AMBOY, CA US","    0",",,7,0800",,,,,"  222",",,7","   72",",,7",,,,,"  117",",,7,0800",,
"USC00040176","2018-02-17","34.5594","-115.7443","200.6","AMBOY, CA US","    0",",,7,0800",,,,,"  211",",,7","   44",",,7",,,,,"   72",",,7,0800",,
"USC00040176","2018-02-18","34.5594","-115.7443","200.6","AMBOY, CA US","    0",",,7,0800",,,,,"  222",",,7","   56",",,7",,,,,"  100",",,7,0800",,
"USC00040176","2018-02-19","34.5594","-115.7443","200.6","AMBOY, CA US","    0",",,7,0800",,,,,"  261",",,7","   89",",,7",,,,,"  106",",,7,0800",,
"USC00040176","2018-02-20","34.5594","-115.7443","200.6","AMBOY, CA US","    0",",,7,0800",,,,,"  156",",,7","   39",",,7",,,,,"   67",",,7,0800",,
"USC00040176","2018-02-21","34.5594","-115.7443","200.6","AMBOY, CA US","    0",",,7,0800",,,,,"  144",",,7","    6",",,7",,,,,"   33",",,7,0800",,
"USC00040176","2018-02-22","34.5594","-115.7443","200.6","AMBOY, CA US","    0",",,7,0800",,,,,"  150",",,7","    0",",,7",,,,,"   33",",,7,0800",,
"USC00040176","2018-02-23","34.5594","-115.7443","200.6","AMBOY, CA US","    0",",,7,0800",,,,,"  183",",,7","   33",",,7",,,,,"   83",",,7,0800",,
"USC00040176","2018-02-24","34.5594","-115.7443","200.6","AMBOY, CA US","    0",",,7,0800",,,,,"  161",",,7","   28",",,7",,,,,"   61",",,7,0800",,
"USC00040176","2018-02-25","34.5594","-115.7443","200.6","AMBOY, CA US","    0",",,7,0800",,,,,"  167",",,7","   61",",,7",,,,,"   89",",,7,0800",,
"USC00040176","2018-02-26","34.5594","-115.7443","200.6","AMBOY, CA US","    0",",,7,0800",,,,,"  178",",,7","   28",",,7",,,,,"   61",",,7,0800",,
"USC00040176","2018-02-27","34.5594","-115.7443","200.6","AMBOY, CA US","    0","T,,7,0800",,,,,"  200",",,7","   61",",,7",,,,,"  100",",,7,0800",,
"USC00040176","2018-02-28","34.5594","-115.7443","200.6","AMBOY, CA US","    0",",,7,0800",,,,,"  161",",,7","   56",",,7",,,,,"  100",",,7,0800",,
"USC00040176","2018-03-01","34.5594","-115.7443","200.6","AMBOY, CA US","    0",",,7,0800",,,,,"  194",",,7","   56",",,7",,,,,"   89",",,7,0800",,
"USC00040176","2018-03-02","34.5594","-115.7443","200.6","AMBOY, CA US","    0",",,7,0800",,,,,"  100",",S,7","   67",",,7",,,,,"   83",",,7,0800",,
"USC00040176","2018-03-03","34.5594","-115.7443","200.6","AMBOY, CA US","    0",",,7,0800",,,,,"  233",",,7","   67",",,7",,,,,"  122",",,7,0800",,
"USC00040176","2018-03-04","34.5594","-115.7443","200.6","AMBOY, CA US","    0",",,7,0800",,,,,"  222",",,7","   89",",,7",,,,,"  111",",,7,0800",,
"USC00040176","2018-03-05","34.5594","-115.7443","200.6","AMBOY, CA US","    0",",,7,0800",,,,,"  183",",,7","   44",",,7",,,,,"  111",",,7,0800",,
"USC00040176","2018-03-06","34.5594","-115.7443","200.6","AMBOY, CA US","    0",",,7,0800",,,,,"  217",",,7","   39",",,7",,,,,"  106",",,7,0800",,
"USC00040176","2018-03-07","34.5594","-115.7443","200.6","AMBOY, CA US","    0",",,7,0800",,,,,"  233",",,7","   61",",,7",,,,,"   78",",,7,0800",,
"USC00040176","2018-03-08","34.5594","-115.7443","200.6","AMBOY, CA US","    0",",,7,0800",,,,,"  206",",,7","   72",",,7",,,,,"   94",",,7,0800",,
"USC00040176","2018-03-09","34.5594","-115.7443","200.6","AMBOY, CA US","    0",",,7,0800",,,,,"  261",",,7","   94",",,7",,,,,"  111",",,7,0800",,
"USC00040176","2018-03-10","34.5594","-115.7443","200.6","AMBOY, CA US","    0",",,7,0800",,,,,"  283",",,7","  111",",,7",,,,,"  122",",,7,0800",,
"USC00040176","2018-03-11","34.5594","-115.7443","200.6","AMBOY, CA US","   38",",,7,0800",,,,,"  256",",,7","  122",",,7",,,,,"  133",",,7,0800",,
"USC00040176","2018-03-12","34.5594","-115.7443","200.6","AMBOY, CA US","    0",",,7,0800",,,,,"  250",",,7","  122",",,7",,,,,"  183",",,7,0800",,
"USC00040176","2018-03-13","34.5594","-115.7443","200.6","AMBOY, CA US","    0",",,7,0800",,,,,"  283",",,7","  150",",,7",,,,,"  167",",,7,0800",,
"USC00040176","2018-03-14","34.5594","-115.7443","200.6","AMBOY, CA US","    0",",,7,0800",,,,,"  289",",,7","  161",",,7",,,,,"  189",",,7,0800",,
"USC00040176","2018-03-15","34.5594","-115.7443","200.6","AMBOY, CA US","    0","T,,7,0800",,,,,"  289",",,7","  122",",,7",,,,,"  128",",,7,0800",,
"USC00040176","2018-03-16","34.5594","-115.7443","200.6","AMBOY, CA US","    0",",,7,0800",,,,,"  228",",,7","   78",",,7",,,,,"  117",",,7,0800",,
"USC00040176","2018-03-17","34.5594","-115.7443","200.6","AMBOY, CA US","    0",",,7,0800",,,,,"  222",",,7","  111",",,7",,,,,"  122",",,7,0800",,
"USC00040176","2018-03-18","34.5594","-115.7443","200.6","AMBOY, CA US","    0",",,7,0800",,,,,"  217",",,7","   94",",,7",,,,,"  106",",,7,0800",,
"USC00040176","2018-03-19","34.5594","-115.7443","200.6","AMBOY, CA US","    0",",,7,0800",,,,,"  217",",,7","   72",",,7",,,,,"   94",",,7,0800",,
"USC00040176","2018-03-20","34.5594","-115.7443","200.6","AMBOY, CA US","    0",",,7,0800",,,,,"  250",",,7","   78",",,7",,,,,"  111",",,7,0800",,
"USC00040176","2018-03-21","34.5594","-115.7443","200.6","AMBOY, CA US","    0",",,7,0800",,,,,"  261",",,7","   89",",,7",,,,,"  183",",,7,0800",,
"USC00040176","2018-03-22","34.5594","-115.7443","200.6","AMBOY, CA US","    0",",,7,0800",,,,,"  289",",,7","  167",",,7",,,,,"  189",",,7,0800",,
"USC00040176","2018-03-23","34.5594","-115.7443","200.6","AMBOY, CA US","    0","T,,7,0800",,,,,"  256",",,7","  139",",,7",,,,,"  156",",,7,0800",,
"USC00040176","2018-03-24","34.5594","-115.7443","200.6","AMBOY, CA US","    0",",,7,0800",,,,,"  272",",,7","  144",",,7",,,,,"  150",",,7,0800",,
"USC00040176","2018-03-25","34.5594","-115.7443","200.6","AMBOY, CA US","    0",",,7,0800",,,,,"  256",",,7","  133",",,7",,,,,"  139",",,7,0800",,
"USC00040176","2018-03-26","34.5594","-115.7443","200.6","AMBOY, CA US","    0",",,7,0800",,,,,"  239",",,7","  117",",,7",,,,,"  128",",,7,0800",,
"USC00040176","2018-03-27","34.5594","-115.7443","200.6","AMBOY, CA US","    0",",,7,0800",,,,,"  222",",,7","  128",",,7",,,,,"  144",",,7,0800",,
"USC00040176","2018-03-28","34.5594","-115.7443","200.6","AMBOY, CA US","    0",",,7,0800",,,,,"  244",",,7","   83",",,7",,,,,"  206",",,7,0800",,
"USC00040176","2018-03-29","34.5594","-115.7443","200.6","AMBOY, CA US","    0",",,7,0800",,,,,"  289",",,7","  122",",,7",,,,,"  150",",,7,0800",,
"USC00040176","2018-03-30","34.5594","-115.7443","200.6","AMBOY, CA US","    0",",,7,0800",,,,,"  328",",,7","  106",",,7",,,,,"  167",",,7,0800",,
"USC00040176","2018-03-31","34.5594","-115.7443","200.6","AMBOY, CA US","    0",",,7,0800",,,,,"  328",",,7","  122",",,7",,,,,"  156",",,7,0800",,
"USC00040176","2018-04-01","34.5594","-115.7443","200.6","AMBOY, CA US","    0",",,7,0800",,,,,"  344",",,7","  156",",,7",,,,,"  217",",,7,0800",,
"USC00040176","2018-04-02","34.5594","-115.7443","200.6","AMBOY, CA US","    0",",,7,0800",,,,,"  333",",,7","  144",",,7",,,,,"  178",",,7,0800",,
"USC00040176","2018-04-03","34.5594","-115.7443","200.6","AMBOY, CA US","    0",",,7,0800",,,,,"  333",",,7","  178",",,7",,,,,"  194",",,7,0800",,
"USC00040176","2018-04-04","34.5594","-115.7443","200.6","AMBOY, CA US","    0",",,7,0800",,,,,"  317",",,7","  150",",,7",,,,,"  183",",,7,0800",,
"USC00040176","2018-04-05","34.5594","-115.7443","200.6","AMBOY, CA US","    0",",,7,0800",,,,,"  328",",,7","  150",",,7",,,,,"  228",",,7,0800",,
"USC00040176","2018-04-06","34.5594","-115.7443","200.6","AMBOY, CA US","    0",",,7,0800",,,,,"  344",",,7","  217",",,7",,,,,"  250",",,7,0800",,
"USC00040176","2018-04-07","34.5594","-115.7443","200.6","AMBOY, CA US","    0",",,7,0800",,,,,"  350",",,7","  233",",,7",,,,,"  250",",,7,0800",,
"USC00040176","2018-04-08","34.5594","-115.7443","200.6","AMBOY, CA US","    0",",,7,0800",,,,,"  383",",,7","  194",",,7",,,,,"  206",",,7,0800",,
"USC00040176","2018-04-09","34.5594","-115.7443","200.6","AMBOY, CA US","    0",",,7,0800",,,,,"  333",",,7","  139",",,7",,,,,"  144",",,7,0800",,
"USC00040176","2018-04-10","34.5594","-115.7443","200.6","AMBOY, CA US","    0",",,7,0800",,,,,"  344",",,7","  144",",,7",,,,,"  194",",,7,0800",,
"USC00040176","2018-04-11","34.5594","-115.7443","200.6","AMBOY, CA US","    0",",,7,0800",,,,,"  383",",,7","  167",",,7",,,,,"  178",",,7,0800",,
"USC00040176","2018-04-12","34.5594","-115.7443","200.6","AMBOY, CA US","    0",",,7,0800",,,,,"  372",",,7","  172",",,7",,,,,,,,
"USC00040176","2018-04-13","34.5594","-115.7443","200.6","AMBOY, CA US","    0",",,7,0800",,,,,"  378",",,7","  122",",,7",,,,,"  161",",,7,0800",,
"USC00040176","2018-04-14","34.5594","-115.7443","200.6","AMBOY, CA US","    0",",,7,0800",,,,,"  256",",,7","  100",",,7",,,,,"  139",",,7,0800",,
"USC00040176","2018-04-15","34.5594","-115.7443","200.6","AMBOY, CA US","    0",",,7,0800",,,,,"  294",",,7","  128",",,7",,,,,,,,
"USC00040176","2018-04-16","34.5594","-115.7443","200.6","AMBOY, CA US","    0",",,7,0800",,,,,"  322",",,7","  194",",,7",,,,,"  206",",,7,0800",,
"USC00040176","2018-04-17","34.5594","-115.7443","200.6","AMBOY, CA US","    0",",,7,0800",,,,,"  317",",,7","  106",",,7",,,,,"  128",",,7,0800",,
"USC00040176","2018-04-18","34.5594","-115.7443","200.6","AMBOY, CA US","    0",",,7,0800",,,,,"  244",",,7","   89",",,7",,,,,"  200",",,7,0800",,
"USC00040176","2018-04-19","34.5594","-115.7443","200.6","AMBOY, CA US","    0",",,7,0800",,,,,"  283",",,7","  144",",,7",,,,,"  167",",,7,0800",,
"USC00040176","2018-04-20","34.5594","-115.7443","200.6","AMBOY, CA US","    0",",,7,0800",,,,,"  239",",,7","  144",",,7",,,,,"  183",",,7,0800",,
"USC00040176","2018-04-21","34.5594","-115.7443","200.6","AMBOY, CA US","    0",",,7,0800",,,,,"  311",",,7","  167",",,7",,,,,"  200",",,7,0800",,
"USC00040176","2018-04-22","34.5594","-115.7443","200.6","AMBOY, CA US","    0",",,7,0800",,,,,"  356",",,7","  183",",,7",,,,,,,,
"USC00040176","2018-04-23","34.5594","-115.7443","200.6","AMBOY, CA US","    0",",,7,0800",,,,,"  372",",,7","  200",",,7",,,,,"  233",",,7,0800",,
"USC00040176","2018-04-24","34.5594","-115.7443","200.6","AMBOY, CA US","    0",",,7,0800",,,,,"  378",",,7","  217",",,7",,,,,"  256",",,7,0800",,
"USC00040176","2018-04-25","34.5594","-115.7443","200.6","AMBOY, CA US","    0",",,7,0800",,,,,"  378",",,7","  183",",,7",,,,,"  239",",,7,0800",,
"USC00040176","2018-04-26","34.5594","-115.7443","200.6","AMBOY, CA US","    0",",,7,0800",,,,,"  383",",,7","  194",",,7",,,,,"  256",",,7,0800",,
"USC00040176","2018-04-27","34.5594","-115.7443","200.6","AMBOY, CA US","    0",",,7,0800",,,,,"  394",",,7","  206",",,7",,,,,,,,
"USC00040176","2018-04-28","34.5594","-115.7443","200.6","AMBOY, CA US","    0",",,7,0800",,,,,"  383",",,7","  183",",,7",,,,,"  211",",,7,0800",,
"USC00040176","2018-04-29","34.5594","-115.7443","200.6","AMBOY, CA US","    0",",,7,0800",,,,,"  344",",,7","  211",",,7",,,,,"  222",",,7,0800",,
"USC00040176","2018-04-30","34.5594","-115.7443","200.6","AMBOY, CA US","    0",",,7,0800",,,,,"  328",",,7","  178",",,7",,,,,"  194",",,7,0800",,
"USC00040176","2018-05-01","34.5594","-115.7443","200.6","AMBOY, CA US","    0",",,7,0800",,,,,"  289",",,7","  111",",,7",,,,,"  183",",,7,0800",,
"USC00040176","2018-05-02","34.5594","-115.7443","200.6","AMBOY, CA US","   38",",,7,0800",,,,,"  244",",,7","  144",",,7",,,,,"  150",",,7,0800",,
"USC00040176","2018-05-03","34.5594","-115.7443","200.6","AMBOY, CA US","    0",",,7,0800",,,,,"  233",",,7","  117",",,7",,,,,"  178",",,7,0800",,
"USC00040176","2018-05-04","34.5594","-115.7443","200.6","AMBOY, CA US","    0",",,7,0800",,,,,"  317",",,7","  150",",,7",,,,,"  206",",,7,0800",,
"USC00040176","2018-05-05","34.5594","-115.7443","200.6","AMBOY, CA US","    0",",,7,0800",,,,,"  361",",,7","  178",",,7",,,,,"  228",",,7,0800",,
"USC00040176","2018-05-06","34.5594","-115.7443","200.6","AMBOY, CA US","    0",",,7,0800",,,,,"  383",",,7","  183",",,7",,,,,"  244",",,7,0800",,
"USC00040176","2018-05-07","34.5594","-115.7443","200.6","AMBOY, CA US","    0",",,7,0800",,,,,"  400",",,7","  222",",,7",,,,,"  278",",,7,0800",,
"USC00040176","2018-05-08","34.5594","-115.7443","200.6","AMBOY, CA US","    0",",,7,0800",,,,,"  400",",,7","  211",",,7",,,,,"  267",",,7,0800",,
"USC00040176","2018-05-09","34.5594","-115.7443","200.6","AMBOY, CA US","    0",",,7,0800",,,,,"  417",",,7","  228",",,7",,,,,"  289",",,7,0800",,
"USC00040176","2018-05-10","34.5594","-115.7443","200.6","AMBOY, CA US","    0",",,7,0800",,,,,"  428",",,7","  256",",,7",,,,,"  283",",,7,0800",,
"USC00040176","2018-05-11","34.5594","-115.7443","200.6","AMBOY, CA US","    0",",,7,0800",,,,,"  406",",,7","  222",",,7",,,,,"  267",",,7,0800",,
"USC00040176","2018-05-12","34.5594","-115.7443","200.6","AMBOY, CA US","    0",",,7,0800",,,,,"  383",",,7","  200",",,7",,,,,"  222",",,7,0800",,
"USC00040176","2018-05-13","34.5594","-115.7443","200.6","AMBOY, CA US","    0",",,7,0800",,,,,"  317",",,7","  194",",,7",,,,,"  222",",,7,0800",,
"USC00040176","2018-05-14","34.5594","-115.7443","200.6","AMBOY, CA US","    0",",,7,0800",,,,,"  317",",,7","  183",",,7",,,,,"  228",",,7,0800",,
"USC00040176","2018-05-15","34.5594","-115.7443","200.6","AMBOY, CA US","    0",",,7,0800",,,,,"  333",",,7","  206",",,7",,,,,"  250",",,7,0800",,
"USC00040176","2018-05-16","34.5594","-115.7443","200.6","AMBOY, CA US","    0",",,7,0800",,,,,"  350",",,7","  194",",,7",,,,,"  256",",,7,0800",,
"USC00040176","2018-05-17","34.5594","-115.7443","200.6","AMBOY, CA US","    0",",,7,0800",,,,,"  367",",,7","  200",",,7",,,,,"  239",",,7,0800",,
"USC00040176","2018-05-18","34.5594","-115.7443","200.6","AMBOY, CA US","    0",",,7,0800",,,,,"  344",",,7","  217",",,7",,,,,"  244",",,7,0800",,
"USC00040176","2018-05-19","34.5594","-115.7443","200.6","AMBOY, CA US","    0",",,7,0800",,,,,"  361",",,7","  228",",,7",,,,,"  267",",,7,0800",,
"USC00040176","2018-05-20","34.5594","-115.7443","200.6","AMBOY, CA US","    0",",,7,0800",,,,,"  367",",,7","  233",",,7",,,,,"  267",",,7,0800",,
"USC00040176","2018-05-21","34.5594","-115.7443","200.6","AMBOY, CA US","    0",",,7,0800",,,,,"  378",",,7","  244",",,7",,,,,"  250",",,7,0800",,
"USC00040176","2018-05-22","34.5594","-115.7443","200.6","AMBOY, CA US","    0",",,7,0800",,,,,"  322",",,7","  206",",,7",,,,,"  239",",,7,0800",,
"USC00040176","2018-05-23","34.5594","-115.7443","200.6","AMBOY, CA US","    0",",,7,0800",,,,,"  344",",,7","  183",",,7",,,,,"  250",",,7,0800",,
"USC00040176","2018-05-24","34.5594","-115.7443","200.6","AMBOY, CA US","    0",",,7,0800",,,,,"  344",",,7","  211",",,7",,,,,"  267",",,7,0800",,
"USC00040176","2018-05-25","34.5594","-115.7443","200.6","AMBOY, CA US","    0",",,7,0800",,,,,"  361",",,7","  172",",,7",,,,,"  222",",,7,0800",,
"USC00040176","2018-05-26","34.5594","-115.7443","200.6","AMBOY, CA US","    0",",,7,0800",,,,,"  344",",,7","  189",",,7",,,,,"  211",",,7,0800",,
"USC00040176","2018-05-27","34.5594","-115.7443","200.6","AMBOY, CA US","    0",",,7,0800",,,,,"  306",",,7","  194",",,7",,,,,"  256",",,7,0800",,
"USC00040176","2018-05-28","34.5594","-115.7443","200.6","AMBOY, CA US","    0",",,7,0800",,,,,"  356",",,7","  217",",,7",,,,,"  289",",,7,0800",,
"USC00040176","2018-05-29","34.5594","-115.7443","200.6","AMBOY, CA US","    0",",,7,0800",,,,,"  389",",,7","  233",",,7",,,,,"  294",",,7,0800",,
"USC00040176","2018-05-30","34.5594","-115.7443","200.6","AMBOY, CA US","    0",",,7,0800",,,,,"  411",",,7","  228",",,7",,,,,"  294",",,7,0800",,
"USC00040176","2018-05-31","34.5594","-115.7443","200.6","AMBOY, CA US","    0",",,7,0800",,,,,"  400",",,7","  239",",,7",,,,,"  267",",,7,0800",,
"USC00040176","2018-06-01","34.5594","-115.7443","200.6","AMBOY, CA US","    0",",,7,0800",,,,,"  383",",,7","  206",",,7",,,,,"  250",",,7,0800",,
"USC00040176","2018-06-02","34.5594","-115.7443","200.6","AMBOY, CA US","    0",",,7,0800",,,,,"  372",",,7","  194",",,7",,,,,"  261",",,7,0800",,
"USC00040176","2018-06-03","34.5594","-115.7443","200.6","AMBOY, CA US","    0",",,7,0800",,,,,"  417",",,7","  222",",,7",,,,,"  283",",,7,0800",,
"USC00040176","2018-06-04","34.5594","-115.7443","200.6","AMBOY, CA US","    0",",,7,0800",,,,,"  450",",,7","  250",",,7",,,,,"  317",",,7,0800",,
"USC00040176","2018-06-05","34.5594","-115.7443","200.6","AMBOY, CA US","    0",",,7,0800",,,,,"  444",",,7","  244",",,7",,,,,"  306",",,7,0800",,
"USC00040176","2018-06-06","34.5594","-115.7443","200.6","AMBOY, CA US","    0",",,7,0800",,,,,"  450",",,7","  244",",,7",,,,,"  289",",,7,0800",,
"USC00040176","2018-06-07","34.5594","-115.7443","200.6","AMBOY, CA US","    0",",,7,0800",,,,,"  411",",,7","  239",",,7",,,,,"  272",",,7,0800",,
"USC00040176","2018-06-08","34.5594","-115.7443","200.6","AMBOY, CA US","    0",",,7,0800",,,,,"  394",",,7","  244",",,7",,,,,"  278",",,7,0800",,
"USC00040176","2018-06-09","34.5594","-115.7443","200.6","AMBOY, CA US","    0",",,7,0800",,,,,"  406",",,7","  261",",,7",,,,,"  306",",,7,0800",,
"USC00040176","2018-06-10","34.5594","-115.7443","200.6","AMBOY, CA US","    0",",,7,0800",,,,,"  422",",,7","  250",",,7",,,,,"  278",",,7,0800",,
"USC00040176","2018-06-11","34.5594","-115.7443","200.6","AMBOY, CA US","    0",",,7,0800",,,,,"  389",",,7","  244",",,7",,,,,"  272",",,7,0800",,
"USC00040176","2018-06-12","34.5594","-115.7443","200.6","AMBOY, CA US","    0",",,7,0800",,,,,"  417",",,7","  244",",,7",,,,,"  289",",,7,0800",,
"USC00040176","2018-06-13","34.5594","-115.7443","200.6","AMBOY, CA US","    0",",,7,0800",,,,,"  439",",,7","  244",",,7",,,,,"  283",",,7,0800",,
"USC00040176","2018-06-14","34.5594","-115.7443","200.6","AMBOY, CA US","    0",",,7,0800",,,,,"  444",",,7","  261",",,7",,,,,"  311",",,7,0800",,
"USC00040176","2018-06-15","34.5594","-115.7443","200.6","AMBOY, CA US","    0",",,7,0800",,,,,"  450",",,7","  283",",,7",,,,,"  322",",,7,0800",,
"USC00040176","2018-06-16","34.5594","-115.7443","200.6","AMBOY, CA US","    0",",,7,0800",,,,,"  417",",,7","  261",",,7",,,,,"  289",",,7,0800",,
"USC00040176","2018-06-17","34.5594","-115.7443","200.6","AMBOY, CA US","    0",",,7,0800",,,,,"  383",",,7","  206",",,7",,,,,"  244",",,7,0800",,
"USC00040176","2018-06-18","34.5594","-115.7443","200.6","AMBOY, CA US","    0",",,7,0800",,,,,"  383",",,7","  217",",,7",,,,,"  239",",,7,0800",,
"USC00040176","2018-06-19","34.5594","-115.7443","200.6","AMBOY, CA US","    0",",,7,0800",,,,,"  372",",,7","  233",",,7",,,,,"  283",",,7,0800",,
"USC00040176","2018-06-20","34.5594","-115.7443","200.6","AMBOY, CA US","    0",",,7,0800",,,,,"  411",",,7","  233",",,7",,,,,"  317",",,7,0800",,
"USC00040176","2018-06-21","34.5594","-115.7443","200.6","AMBOY, CA US","    0",",,7,0800",,,,,"  450",",,7","  233",",,7",,,,,"  294",",,7,0800",,
"USC00040176","2018-06-22","34.5594","-115.7443","200.6","AMBOY, CA US","    0",",,7,0800",,,,,"  456",",,7","  233",",,7",,,,,"  356",",,7,0800",,
"USC00040176","2018-06-23","34.5594","-115.7443","200.6","AMBOY, CA US","    0",",,7,0800",,,,,"  472",",,7","  239",",,7",,,,,"  328",",,7,0800",,
"USC00040176","2018-06-24","34.5594","-115.7443","200.6","AMBOY, CA US","    0",",,7,0800",,,,,"  444",",,7","  272",",,7",,,,,"  306",",,7,0800",,
"USC00040176","2018-06-25","34.5594","-115.7443","200.6","AMBOY, CA US","    0",",,7,0800",,,,,"  417",",,7","  256",",,7",,,,,"  322",",,7,0800",,
"USC00040176","2018-06-26","34.5594","-115.7443","200.6","AMBOY, CA US","    0",",,7,0800",,,,,"  433",",,7","  261",",,7",,,,,"  328",",,7,0800",,
"USC00040176","2018-06-27","34.5594","-115.7443","200.6","AMBOY, CA US","    0",",,7,0800",,,,,"  439",",,7","  244",",,7",,,,,"  289",",,7,0800",,
"USC00040176","2018-06-28","34.5594","-115.7443","200.6","AMBOY, CA US","    0",",,7,0800",,,,,"  439",",,7","  244",",,7",,,,,"  289",",,7,0800",,
"USC00040176","2018-06-29","34.5594","-115.7443","200.6","AMBOY, CA US","    0",",,7,0800",,,,,"  439",",,7","  244",",,7",,,,,"  311",",,7,0800",,
"USC00040176","2018-06-30","34.5594","-115.7443","200.6","AMBOY, CA US","    0",",,7,0800",,,,,"  444",",,7","  239",",,7",,,,,"  294",",,7,0800",,
"USC00040176","2018-07-01","34.5594","-115.7443","200.6","AMBOY, CA US","    0",",,7,0800",,,,,"  406",",,7","  256",",,7",,,,,"  311",",,7,0800",,
"USC00040176","2018-07-02","34.5594","-115.7443","200.6","AMBOY, CA US","    0",",,7,0800",,,,,"  422",",,7","  239",",,7",,,,,"  294",",,7,0800",,
"USC00040176","2018-07-03","34.5594","-115.7443","200.6","AMBOY, CA US","    0",",,7,0800",,,,,"  433",",,7","  244",",,7",,,,,"  333",",,7,0800",,
"USC00040176","2018-07-04","34.5594","-115.7443","200.6","AMBOY, CA US","    0",",,7,0800",,,,,"  433",",,7","  256",",,7",,,,,"  311",",,7,0800",,
"USC00040176","2018-07-05","34.5594","-115.7443","200.6","AMBOY, CA US","    0",",,7,0800",,,,,"  422",",,7","  267",",,7",,,,,"  306",",,7,0800",,
"USC00040176","2018-07-06","34.5594","-115.7443","200.6","AMBOY, CA US","    0",",,7,0800",,,,,"  450",",,7","  261",",,7",,,,,"  328",",,7,0800",,
"USC00040176","2018-07-07","34.5594","-115.7443","200.6","AMBOY, CA US","    0",",,7,0800",,,,,"  467",",,7","  267",",,7",,,,,"  378",",,7,0800",,
"USC00040176","2018-07-08","34.5594","-115.7443","200.6","AMBOY, CA US","    0",",,7,0800",,,,,"  467",",,7","  267",",,7",,,,,"  372",",,7,0800",,
"USC00040176","2018-07-09","34.5594","-115.7443","200.6","AMBOY, CA US","    0","T,,7,0800",,,,,"  461",",,7","  239",",,7",,,,,"  283",",,7,0800",,
"USC00040176","2018-07-10","34.5594","-115.7443","200.6","AMBOY, CA US","    0","T,,7,0800",,,,,"  428",",,7","  250",",,7",,,,,"  289",",,7,0800",,
"USC00040176","2018-07-11","34.5594","-115.7443","200.6","AMBOY, CA US","    0",",,7,0800",,,,,"  394",",,7","  289",",,7",,,,,"  317",",,7,0800",,
"USC00040176","2018-07-12","34.5594","-115.7443","200.6","AMBOY, CA US","    0",",,7,0800",,,,,"  400",",,7","  300",",,7",,,,,"  317",",,7,0800",,
"USC00040176","2018-07-13","34.5594","-115.7443","200.6","AMBOY, CA US","    0",",,7,0800",,,,,"  394",",,7","  317",",,7",,,,,"  339",",,7,0800",,
"USC00040176","2018-07-14","34.5594","-115.7443","200.6","AMBOY, CA US","    0",",,7,0800",,,,,"  433",",,7","  267",",,7",,,,,"  339",",,7,0800",,
"USC00040176","2018-07-15","34.5594","-115.7443","200.6","AMBOY, CA US","    0",",,7,0800",,,,,"  450",",,7","  333",",,7",,,,,"  350",",,7,0800",,
"USC00040176","2018-07-16","34.5594","-115.7443","200.6","AMBOY, CA US","    0",",,7,0800",,,,,"  428",",,7","  306",",,7",,,,,"  356",",,7,0800",,
"USC00040176","2018-07-17","34.5594","-115.7443","200.6","AMBOY, CA US","    0",",,7,0800",,,,,"  444",",,7","  322",",,7",,,,,"  350",",,7,0800",,
"USC00040176","2018-07-18","34.5594","-115.7443","200.6","AMBOY, CA US","    0",",,7,0800",,,,,"  444",",,7","  283",",,7",,,,,"  306",",,7,0800",,
"USC00040176","2018-07-19","34.5594","-115.7443","200.6","AMBOY, CA US","    0",",,7,0800",,,,,"  444",",,7","  283",",,7",,,,,"  344",",,7,0800",,
"USC00040176","2018-07-20","34.5594","-115.7443","200.6","AMBOY, CA US","    0",",,7,0800",,,,,"  444",",,7","  317",",,7",,,,,"  339",",,7,0800",,
"USC00040176","2018-07-21","34.5594","-115.7443","200.6","AMBOY, CA US","    0",",,7,0800",,,,,"  450",",,7","  283",",,7",,,,,"  322",",,7,0800",,
"USC00040176","2018-07-22","34.5594","-115.7443","200.6","AMBOY, CA US","    0",",,7,0800",,,,,"  383",",,7","  289",",,7",,,,,"  311",",,7,0800",,
"USC00040176","2018-07-23","34.5594","-115.7443","200.6","AMBOY, CA US","    0",",,7,0800",,,,,"  439",",,7","  311",",,7",,,,,"  367",",,7,0800",,
"USC00040176","2018-07-24","34.5594","-115.7443","200.6","AMBOY, CA US","    0",",,7,0800",,,,,"  478",",,7","  289",",,7",,,,,"  317",",,7,0800",,
"USC00040176","2018-07-25","34.5594","-115.7443","200.6","AMBOY, CA US","    0",",,7,0800",,,,,"  489",",,7",,,,,,,"  367",",,7,0800",,
"USC00040176","2018-07-26","34.5594","-115.7443","200.6","AMBOY, CA US","    0",",,7,0800",,,,,"  483",",,7",,,,,,,"  350",",,7,0800",,
"USC00040176","2018-07-27","34.5594","-115.7443","200.6","AMBOY, CA US","    0",",,7,0800",,,,,"  489",",,7",,,,,,,"  339",",,7,0800",,
"USC00040176","2018-07-28","34.5594","-115.7443","200.6","AMBOY, CA US","    0",",,7,0800",,,,,"  478",",,7",,,,,,,"  350",",,7,0800",,
"USC00040176","2018-07-29","34.5594","-115.7443","200.6","AMBOY, CA US","    0",",,7,0800",,,,,"  456",",,7","  300",",,7",,,,,"  350",",,7,0800",,
"USC00040176","2018-07-30","34.5594","-115.7443","200.6","AMBOY, CA US","    0",",,7,0800",,,,,"  439",",,7","  344",",,7",,,,,"  367",",,7,0800",,
"USC00040176","2018-07-31","34.5594","-115.7443","200.6","AMBOY, CA US","    0","T,,7,0800",,,,,"  461",",,7","  294",",,7",,,,,"  350",",,7,0800",,
"USC00040176","2018-08-01","34.5594","-115.7443","200.6","AMBOY, CA US","    0",",,7,0800",,,,,"  461",",,7","  294",",,7",,,,,"  311",",,7,0800",,
"USC00040176","2018-08-02","34.5594","-115.7443","200.6","AMBOY, CA US","    0",",,7,0800",,,,,"  461",",,7","  294",",,7",,,,,"  322",",,7,0800",,
"USC00040176","2018-08-03","34.5594","-115.7443","200.6","AMBOY, CA US","    0",",,7,0800",,,,,"  461",",,7","  217",",,7",,,,,"  239",",,7,0800",,
"USC00040176","2018-08-04","34.5594","-115.7443","200.6","AMBOY, CA US","    0",",,7,0800",,,,,"  450",",,7","  222",",,7",,,,,"  256",",,7,0800",,
"USC00040176","2018-08-05","34.5594","-115.7443","200.6","AMBOY, CA US","    0",",,7,0800",,,,,"  467",",,7","  222",",,7",,,,,"  333",",,7,0800",,
"USC00040176","2018-08-06","34.5594","-115.7443","200.6","AMBOY, CA US","    0",",,7,0800",,,,,"  461",",,7","  267",",,7",,,,,"  317",",,7,0800",,
"USC00040176","2018-08-07","34.5594","-115.7443","200.6","AMBOY, CA US","    0",",,7,0800",,,,,"  461",",,7","  278",",,7",,,,,"  300",",,7,0800",,
"USC00040176","2018-08-08","34.5594","-115.7443","200.6","AMBOY, CA US","    0",",,7,0800",,,,,"  467",",,7","  261",",,7",,,,,"  339",",,7,0800",,
"USC00040176","2018-08-09","34.5594","-115.7443","200.6","AMBOY, CA US","    0",",,7,0800",,,,,"  467",",,7","  261",",,7",,,,,"  394",",,7,0800",,
"USC00040176","2018-08-10","34.5594","-115.7443","200.6","AMBOY, CA US","   38",",,7,0800",,,,,"  461",",,7","  217",",,7",,,,,"  322",",,7,0800",,
"USC00040176","2018-08-11","34.5594","-115.7443","200.6","AMBOY, CA US","    0",",,7,0800",,,,,"  422",",,7","  317",",,7",,,,,"  333",",,7,0800",,
"USC00040176","2018-08-12","34.5594","-115.7443","200.6","AMBOY, CA US","    0",",,7,0800",,,,,"  439",",,7","  300",",,7",,,,,"  333",",,7,0800",,
"USC00040176","2018-08-13","34.5594","-115.7443","200.6","AMBOY, CA US","    0",",,7,0800",,,,,"  439",",,7","  294",",,7",,,,,"  333",",,7,0800",,
"USC00040176","2018-08-14","34.5594","-115.7443","200.6","AMBOY, CA US","    0",",,7,0800",,,,,"  439",",,7","  300",",,7",,,,,"  322",",,7,0800",,
"USC00040176","2018-08-15","34.5594","-115.7443","200.6","AMBOY, CA US","    0",",,7,0800",,,,,"  439",",,7","  300",",,7",,,,,"  378",",,7,0800",,
"USC00040176","2018-08-16","34.5594","-115.7443","200.6","AMBOY, CA US","    0",",,7,0800",,,,,"  422",",,7","  294",",,7",,,,,"  306",",,7,0800",,
"USC00040176","2018-08-17","34.5594","-115.7443","200.6","AMBOY, CA US","    0",",,7,0800",,,,,"  411",",,7","  300",",,7",,,,,"  322",",,7,0800",,
"USC00040176","2018-08-18","34.5594","-115.7443","200.6","AMBOY, CA US","    0",",,7,0800",,,,,"  422",",,7","  300",",,7",,,,,"  328",",,7,0800",,
"USC00040176","2018-08-19","34.5594","-115.7443","200.6","AMBOY, CA US","    0",",,7,0800",,,,,"  444",",,7","  317",",,7",,,,,"  367",",,7,0800",,
"USC00040176","2018-08-20","34.5594","-115.7443","200.6","AMBOY, CA US","    0",",,7,0800",,,,,"  467",",,7","  322",",,7",,,,,"  344",",,7,0800",,
"USC00040176","2018-08-21","34.5594","-115.7443","200.6","AMBOY, CA US","    0",",,7,0800",,,,,"  450",",,7","  306",",,7",,,,,"  333",",,7,0800",,
"USC00040176","2018-08-22","34.5594","-115.7443","200.6","AMBOY, CA US","    0",",,7,0800",,,,,"  433",",,7","  306",",,7",,,,,"  311",",,7,0800",,
"USC00040176","2018-08-23","34.5594","-115.7443","200.6","AMBOY, CA US","    0",",,7,0800",,,,,"  433",",,7","  278",",,7",,,,,"  294",",,7,0800",,
"USC00040176","2018-08-24","34.5594","-115.7443","200.6","AMBOY, CA US","    0",",,7,0800",,,,,"  422",",,7","  278",",,7",,,,,"  300",",,7,0800",,
"USC00040176","2018-08-25","34.5594","-115.7443","200.6","AMBOY, CA US","    0",",,7,0800",,,,,"  417",",,7","  256",",,7",,,,,"  278",",,7,0800",,
"USC00040176","2018-08-26","34.5594","-115.7443","200.6","AMBOY, CA US","    0",",,7,0800",,,,,"  422",",,7","  256",",,7",,,,,"  300",",,7,0800",,
"USC00040176","2018-08-27","34.5594","-115.7443","200.6","AMBOY, CA US","    0",",,7,0800",,,,,"  428",",,7","  256",",,7",,,,,"  278",",,7,0800",,
"USC00040176","2018-08-28","34.5594","-115.7443","200.6","AMBOY, CA US","    0",",,7,0800",,,,,"  428",",,7","  250",",,7",,,,,"  311",",,7,0800",,
"USC00040176","2018-08-29","34.5594","-115.7443","200.6","AMBOY, CA US","    0",",,7,0800",,,,,"  406",",,7","  244",",,7",,,,,"  344",",,7,0800",,
"USC00040176","2018-08-30","34.5594","-115.7443","200.6","AMBOY, CA US","    0",",,7,0800",,,,,"  411",",,7","  244",",,7",,,,,"  333",",,7,0800",,
"USC00040176","2018-08-31","34.5594","-115.7443","200.6","AMBOY, CA US","    0",",,7,0800",,,,,"  411",",,7","  233",",,7",,,,,"  272",",,7,0800",,
"USC00040176","2018-09-01","34.5594","-115.7443","200.6","AMBOY, CA US","    0",",,7,0800",,,,,"  417",",,7","  244",",,7",,,,,"  294",",,7,0800",,
"USC00040176","2018-09-02","34.5594","-115.7443","200.6","AMBOY, CA US","    0",",,7,0800",,,,,"  406",",,7","  217",",,7",,,,,"  256",",,7,0800",,
"USC00040176","2018-09-03","34.5594","-115.7443","200.6","AMBOY, CA US","    0",",,7,0800",,,,,"  389",",,7","  244",",,7",,,,,"  294",",,7,0800",,
"USC00040176","2018-09-04","34.5594","-115.7443","200.6","AMBOY, CA US","    0",",,7,0800",,,,,"  383",",,7","  239",",,7",,,,,"  278",",,7,0800",,
"USC00040176","2018-09-05","34.5594","-115.7443","200.6","AMBOY, CA US","    0",",,7,0800",,,,,"  406",",,7","  233",",,7",,,,,"  261",",,7,0800",,
"USC00040176","2018-09-06","34.5594","-115.7443","200.6","AMBOY, CA US","    0",",,7,0800",,,,,"  400",",,7","  233",",,7",,,,,"  250",",,7,0800",,
"USC00040176","2018-09-08","34.5594","-115.7443","200.6","AMBOY, CA US","    0",",,7,0800",,,,,"  439",",,7","  261",",,7",,,,,"  333",",,7,0800",,
"USC00040176","2018-09-09","34.5594","-115.7443","200.6","AMBOY, CA US","    0",",,7,0800",,,,,"  456",",,7","  267",",,7",,,,,"  311",",,7,0800",,
"USC00040176","2018-09-10","34.5594","-115.7443","200.6","AMBOY, CA US","    0",",,7,0800",,,,,"  439",",,7","  228",",,7",,,,,"  256",",,7,0800",,
"USC00040176","2018-09-12","34.5594","-115.7443","200.6","AMBOY, CA US","    0",",,7,0800",,,,,"  422",",,7","  222",",,7",,,,,"  256",",,7,0800",,
"USC00040176","2018-09-13","34.5594","-115.7443","200.6","AMBOY, CA US","    0",",,7,0800",,,,,"  417",",,7","  222",",,7",,,,,"  350",",,7,0800",,
"USC00040176","2018-09-14","34.5594","-115.7443","200.6","AMBOY, CA US","    0",",,7,0800",,,,,"  417",",,7","  222",",,7",,,,,"  239",",,7,0800",,
"USC00040176","2018-09-15","34.5594","-115.7443","200.6","AMBOY, CA US","    0",",,7,0800",,,,,"  406",",,7","  222",",,7",,,,,"  233",",,7,0800",,
"USC00040176","2018-09-16","34.5594","-115.7443","200.6","AMBOY, CA US","    0",",,7,0800",,,,,"  433",",,7","  222",",,7",,,,,"  278",",,7,0800",,
"USC00040176","2018-09-17","34.5594","-115.7443","200.6","AMBOY, CA US","    0",",,7,0800",,,,,"  406",",,7","  239",",,7",,,,,"  272",",,7,0800",,
"USC00040176","2018-09-18","34.5594","-115.7443","200.6","AMBOY, CA US","    0",",,7,0800",,,,,"  411",",,7","  233",",,7",,,,,"  278",",,7,0800",,
"USC00040176","2018-09-19","34.5594","-115.7443","200.6","AMBOY, CA US","    0",",,7,0800",,,,,"  400",",,7","  222",",,7",,,,,"  250",",,7,0800",,
"USC00040176","2018-09-20","34.5594","-115.7443","200.6","AMBOY, CA US","    0",",,7,0800",,,,,"  389",",,7","  250",",,7",,,,,"  272",",,7,0800",,
"USC00040176","2018-09-21","34.5594","-115.7443","200.6","AMBOY, CA US","    0",",,7,0800",,,,,"  428",",,7","  244",",,7",,,,,"  267",",,7,0800",,
"USC00040176","2018-09-22","34.5594","-115.7443","200.6","AMBOY, CA US","    0",",,7,0800",,,,,"  428",",,7","  244",",,7",,,,,"  272",",,7,0800",,
"USC00040176","2018-09-23","34.5594","-115.7443","200.6","AMBOY, CA US","    0",",,7,0800",,,,,"  406",",,7","  272",",,7",,,,,"  300",",,7,0800",,
"USC00040176","2018-09-24","34.5594","-115.7443","200.6","AMBOY, CA US","    0",",,7,0800",,,,,"  411",",,7","  261",",,7",,,,,"  283",",,7,0800",,
"USC00040176","2018-09-25","34.5594","-115.7443","200.6","AMBOY, CA US","    0",",,7,0800",,,,,"  406",",,7","  222",",,7",,,,,"  311",",,7,0800",,
"USC00040176","2018-09-26","34.5594","-115.7443","200.6","AMBOY, CA US","    0",",,7,0800",,,,,"  400",",,7","  217",",,7",,,,,"  322",",,7,0800",,
"USC00040176","2018-09-27","34.5594","-115.7443","200.6","AMBOY, CA US","    0",",,7,0800",,,,,"  411",",,7","  206",",,7",,,,,"  339",",,7,0800",,
"USC00040176","2018-09-28","34.5594","-115.7443","200.6","AMBOY, CA US","    0",",,7,0800",,,,,"  422",",,7","  206",",,7",,,,,"  222",",,7,0800",,
"USC00040176","2018-09-29","34.5594","-115.7443","200.6","AMBOY, CA US","    0",",,7,0800",,,,,"  406",",,7","  222",",,7",,,,,"  272",",,7,0800",,
"USC00040176","2018-09-30","34.5594","-115.7443","200.6","AMBOY, CA US","    0",",,7,0800",,,,,"  406",",,7","  233",",,7",,,,,"  261",",,7,0800",,
"USC00040176","2018-10-01","34.5594","-115.7443","200.6","AMBOY, CA US","    5",",,7,0800",,,,,"  372",",,7","  244",",,7",,,,,"  261",",,7,0800",,
"USC00040176","2018-10-02","34.5594","-115.7443","200.6","AMBOY, CA US","    0",",,7,0800",,,,,"  328",",,7","  239",",,7",,,,,"  239",",,7,0800",,
"USC00040176","2018-10-03","34.5594","-115.7443","200.6","AMBOY, CA US","    0",",,7,0800",,,,,"  339",",,7","  222",",,7",,,,,"  228",",,7,0800",,
"USC00040176","2018-10-04","34.5594","-115.7443","200.6","AMBOY, CA US","    0",",,7,0800",,,,,"  339",",,7","  206",",,7",,,,,"  239",",,7,0800",,
"USC00040176","2018-10-05","34.5594","-115.7443","200.6","AMBOY, CA US","    0",",,7,0800",,,,,"  339",",,7","  206",",,7",,,,,"  217",",,7,0800",,
"USC00040176","2018-10-06","34.5594","-115.7443","200.6","AMBOY, CA US","    0",",,7,0800",,,,,"  322",",,7","  178",",,7",,,,,"  194",",,7,0800",,
"USC00040176","2018-10-07","34.5594","-115.7443","200.6","AMBOY, CA US","    0",",,7,0800",,,,,"  317",",,7","  194",",,7",,,,,"  206",",,7,0800",,
"USC00040176","2018-10-08","34.5594","-115.7443","200.6","AMBOY, CA US","    0",",,7,0800",,,,,"  289",",,7","  183",",,7",,,,,"  194",",,7,0800",,
"USC00040176","2018-10-09","34.5594","-115.7443","200.6","AMBOY, CA US","    0",",,7,0800",,,,,"  289",",,7","  133",",,7",,,,,"  194",",,7,0800",,
"USC00040176","2018-10-10","34.5594","-115.7443","200.6","AMBOY, CA US","    0",",,7,0800",,,,,"  311",",,7","  150",",,7",,,,,"  161",",,7,0800",,
"USC00040176","2018-10-11","34.5594","-115.7443","200.6","AMBOY, CA US","    0",",,7,0800",,,,,"  300",",,7","  161",",,7",,,,,"  161",",,7,0800",,
"USC00040176","2018-10-12","34.5594","-115.7443","200.6","AMBOY, CA US","    0",",,7,0800",,,,,"  300",",,7","  161",",,7",,,,,"  228",",,7,0800",,
"USC00040176","2018-10-13","34.5594","-115.7443","200.6","AMBOY, CA US","  216",",,7,0800",,,,,"  306",",,7","  172",",,7",,,,,"  172",",,7,0800",,
"USC00040176","2018-10-14","34.5594","-115.7443","200.6","AMBOY, CA US","    0",",,7,0800",,,,,"  244",",,7","  150",",,7",,,,,"  189",",,7,0800",,
"USC00040176","2018-10-15","34.5594","-115.7443","200.6","AMBOY, CA US","    0",",,7,0800",,,,,"  278",",,7","  122",",,7",,,,,"  139",",,7,0800",,
"USC00040176","2018-10-16","34.5594","-115.7443","200.6","AMBOY, CA US","    0",",,7,0800",,,,,"  250",",,7","  111",",,7",,,,,"  144",",,7,0800",,
"USC00040176","2018-10-17","34.5594","-115.7443","200.6","AMBOY, CA US","    0",",,7,0800",,,,,"  267",",,7","  111",",,7",,,,,"  144",",,7,0800",,
"USC00040176","2018-10-18","34.5594","-115.7443","200.6","AMBOY, CA US","    0",",,7,0800",,,,,"  261",",,7","  122",",,7",,,,,"  178",",,7,0800",,
"USC00040176","2018-10-19","34.5594","-115.7443","200.6","AMBOY, CA US","    0",",,7,0800",,,,,"  294",",,7","  150",",,7",,,,,"  167",",,7,0800",,
"USC00040176","2018-10-20","34.5594","-115.7443","200.6","AMBOY, CA US","    0",",,7,0800",,,,,"  306",",,7","  167",",,7",,,,,"  167",",,7,0800",,
"USC00040176","2018-10-21","34.5594","-115.7443","200.6","AMBOY, CA US","    0",",,7,0800",,,,,"  317",",,7","  150",",,7",,,,,"  200",",,7,0800",,
"USC00040176","2018-10-22","34.5594","-115.7443","200.6","AMBOY, CA US","    0",",,7,0800",,,,,"  317",",,7","  183",",,7",,,,,"  194",",,7,0800",,
"USC00040176","2018-10-23","34.5594","-115.7443","200.6","AMBOY, CA US","    0",",,7,0800",,,,,"  311",",,7","  194",",,7",,,,,"  206",",,7,0800",,
"USC00040176","2018-10-24","34.5594","-115.7443","200.6","AMBOY, CA US","    0",",,7,0800",,,,,"  328",",,7","  172",",,7",,,,,"  172",",,7,0800",,
"USC00040176","2018-10-26","34.5594","-115.7443","200.6","AMBOY, CA US","    0",",,7,0800",,,,,"  339",",,7","  144",",,7",,,,,"  150",",,7,0800",,
"USC00040176","2018-10-27","34.5594","-115.7443","200.6","AMBOY, CA US","    0",",,7,0800",,,,,"  339",",,7","  150",",,7",,,,,"  183",",,7,0800",,
"USC00040176","2018-10-28","34.5594","-115.7443","200.6","AMBOY, CA US","    0",",,7,0800",,,,,"  339",",,7","  144",",,7",,,,,"  156",",,7,0800",,
"USC00040176","2018-10-29","34.5594","-115.7443","200.6","AMBOY, CA US","    0",",,7,0800",,,,,"  311",",,7","  144",",,7",,,,,"  150",",,7,0800",,
"USC00040176","2018-10-30","34.5594","-115.7443","200.6","AMBOY, CA US","    0",",,7,0800",,,,,"  289",",,7","  150",",,7",,,,,"  211",",,7,0800",,
"USC00040176","2018-10-31","34.5594","-115.7443","200.6","AMBOY, CA US","    0",",,7,0800",,,,,"  294",",,7","  128",",,7",,,,,"  128",",,7,0800",,
"USC00040176","2018-11-01","34.5594","-115.7443","200.6","AMBOY, CA US","    0",",,7,0800",,,,,"  256",",,7","  100",",,7",,,,,"  128",",,7,0800",,
"USC00040176","2018-11-02","34.5594","-115.7443","200.6","AMBOY, CA US","    0",",,7,0800",,,,,"  289",",,7","  128",",,7",,,,,"  161",",,7,0800",,
"USC00040176","2018-11-04","34.5594","-115.7443","200.6","AMBOY, CA US","    0",",,7,0800",,,,,"  317",",,7","  117",",,7",,,,,"  133",",,7,0800",,
"USC00040176","2018-11-05","34.5594","-115.7443","200.6","AMBOY, CA US","    0",",,7,0800",,,,,"  317",",,7","  128",",,7",,,,,"  161",",,7,0800",,
"USC00040176","2018-11-06","34.5594","-115.7443","200.6","AMBOY, CA US","    0",",,7,0800",,,,,"  289",",,7","  122",",,7",,,,,"  167",",,7,0800",,
"USC00040176","2018-11-07","34.5594","-115.7443","200.6","AMBOY, CA US","    0",",,7,0800",,,,,"  300",",,7","  117",",,7",,,,,"  156",",,7,0800",,
"USC00040176","2018-11-08","34.5594","-115.7443","200.6","AMBOY, CA US","    0",",,7,0800",,,,,"  283",",,7","  133",",,7",,,,,"  178",",,7,0800",,
"USC00040176","2018-11-09","34.5594","-115.7443","200.6","AMBOY, CA US","    0",",,7,0800",,,,,"  267",",,7","   72",",,7",,,,,"   83",",,7,0800",,
"USC00040176","2018-11-10","34.5594","-115.7443","200.6","AMBOY, CA US","    0",",,7,0800",,,,,"  267",",,7","   56",",,7",,,,,"  100",",,7,0800",,
"USC00040176","2018-11-11","34.5594","-115.7443","200.6","AMBOY, CA US","    0",",,7,0800",,,,,"  244",",,7","   78",",,7",,,,,"  139",",,7,0800",,
"USC00040176","2018-11-12","34.5594","-115.7443","200.6","AMBOY, CA US","    0",",,7,0800",,,,,"  239",",,7","   33",",,7",,,,,"   72",",,7,0800",,
"USC00040176","2018-11-13","34.5594","-115.7443","200.6","AMBOY, CA US","    0",",,7,0800",,,,,"  211",",,7","   39",",,7",,,,,"   67",",,7,0800",,
"USC00040176","2018-11-14","34.5594","-115.7443","200.6","AMBOY, CA US","    0",",,7,0800",,,,,"  211",",,7","   61",",,7",,,,,"  106",",,7,0800",,
"USC00040176","2018-11-15","34.5594","-115.7443","200.6","AMBOY, CA US","    0",",,7,0800",,,,,"  239",",,7","   50",",,7",,,,,"  106",",,7,0800",,
"USC00040176","2018-11-16","34.5594","-115.7443","200.6","AMBOY, CA US","    0",",,7,0800",,,,,"  261",",,7","   67",",,7",,,,,"  106",",,7,0800",,
"USC00040176","2018-11-17","34.5594","-115.7443","200.6","AMBOY, CA US","    0",",,7,0800",,,,,"  239",",,7","   67",",,7",,,,,"   72",",,7,0800",,
"USC00040176","2018-11-18","34.5594","-115.7443","200.6","AMBOY, CA US","    0",",,7,0800",,,,,"  228",",,7","   67",",,7",,,,,"  100",",,7,0800",,
"USC00040176","2018-11-19","34.5594","-115.7443","200.6","AMBOY, CA US","    0",",,7,0800",,,,,"  244",",,7","   61",",,7",,,,,"   83",",,7,0800",,
"USC00040176","2018-11-20","34.5594","-115.7443","200.6","AMBOY, CA US","    0",",,7,0800",,,,,"  217",",,7","   67",",,7",,,,,"  100",",,7,0800",,
"USC00040176","2018-11-22","34.5594","-115.7443","200.6","AMBOY, CA US","    0",",,7,0800",,,,,"  228",",,7","   89",",,7",,,,,"  144",",,7,0800",,
"USC00040176","2018-11-23","34.5594","-115.7443","200.6","AMBOY, CA US","    0",",,7,0800",,,,,"  244",",,7","   78",",,7",,,,,"   78",",,7,0800",,
"USC00040176","2018-11-24","34.5594","-115.7443","200.6","AMBOY, CA US","    0",",,7,0800",,,,,"  217",",,7","   78",",,7",,,,,"   94",",,7,0800",,
"USC00040176","2018-11-25","34.5594","-115.7443","200.6","AMBOY, CA US","    0",",,7,0800",,,,,"  250",",,7","   78",",,7",,,,,"  111",",,7,0800",,
"USC00040176","2018-11-26","34.5594","-115.7443","200.6","AMBOY, CA US","    0",",,7,0800",,,,,"  228",",,7","   61",",,7",,,,,"   83",",,7,0800",,
"USC00040176","2018-11-27","34.5594","-115.7443","200.6","AMBOY, CA US","    0",",,7,0800",,,,,"  222",",,7","   67",",,7",,,,,"   78",",,7,0800",,
"USC00040176","2018-11-28","34.5594","-115.7443","200.6","AMBOY, CA US","    0",",,7,0800",,,,,"  217",",,7","   56",",,7",,,,,"   94",",,7,0800",,
"USC00040176","2018-11-29","34.5594","-115.7443","200.6","AMBOY, CA US","    0",",,7,0800",,,,,"  222",",,7","   44",",,7",,,,,"   89",",,7,0800",,
"USC00040176","2018-11-30","34.5594","-115.7443","200.6","AMBOY, CA US","    0",",,7,0800",,,,,"  211",",,7","   72",",,7",,,,,"   94",",,7,0800",,
"USC00040176","2018-12-01","34.5594","-115.7443","200.6","AMBOY, CA US","    0",",,7,0800",,,,,"  211",",,7","   78",",,7",,,,,"   94",",,7,0800",,
"USC00040176","2018-12-02","34.5594","-115.7443","200.6","AMBOY, CA US","    0",",,7,0800",,,,,"  200",",,7","   94",",,7",,,,,"  117",",,7,0800",,
"USC00040176","2018-12-03","34.5594","-115.7443","200.6","AMBOY, CA US","    0",",,7,0800",,,,,"  178",",,7","   44",",,7",,,,,"   72",",,7,0800",,
"USC00040176","2018-12-04","34.5594","-115.7443","200.6","AMBOY, CA US","    0",",,7,0800",,,,,"  172",",,7","   39",",,7",,,,,"   61",",,7,0800",,
"USC00040176","2018-12-05","34.5594","-115.7443","200.6","AMBOY, CA US","    0",",,7,0800",,,,,"  194",",,7","   11",",,7",,,,,"   44",",,7,0800",,
"USC00040176","2018-12-06","34.5594","-115.7443","200.6","AMBOY, CA US","   20",",,7,0800",,,,,"  133",",,7","   33",",,7",,,,,"  100",",,7,0800",,
"USC00040176","2018-12-07","34.5594","-115.7443","200.6","AMBOY, CA US","   76",",,7,0800",,,,,"  150",",,7","   89",",,7",,,,,"  111",",,7,0800",,
"USC00040176","2018-12-08","34.5594","-115.7443","200.6","AMBOY, CA US","    0",",,7,0800",,,,,"  178",",,7","   72",",,7",,,,,"   89",",,7,0800",,
"USC00040176","2018-12-09","34.5594","-115.7443","200.6","AMBOY, CA US","    0",",,7,0800",,,,,"  206",",,7","   67",",,7",,,,,"   78",",,7,0800",,
"USC00040176","2018-12-10","34.5594","-115.7443","200.6","AMBOY, CA US","    0",",,7,0800",,,,,"  206",",,7","   78",",,7",,,,,"   83",",,7,0800",,
"USC00040176","2018-12-11","34.5594","-115.7443","200.6","AMBOY, CA US","    0",",,7,0800",,,,,"  178",",,7","   78",",,7",,,,,"  106",",,7,0800",,
"USC00040176","2018-12-12","34.5594","-115.7443","200.6","AMBOY, CA US","    0",",,7,0800",,,,,"  222",",,7","   56",",,7",,,,,"   67",",,7,0800",,
"USC00040176","2018-12-13","34.5594","-115.7443","200.6","AMBOY, CA US","    0",",,7,0800",,,,,"  217",",,7","   56",",,7",,,,,"   83",",,7,0800",,
"USC00040176","2018-12-15","34.5594","-115.7443","200.6","AMBOY, CA US","    0",",,7,0800",,,,,"  144",",,7","   56",",,7",,,,,"   72",",,7,0800",,
"USC00040176","2018-12-16","34.5594","-115.7443","200.6","AMBOY, CA US","    0",",,7,0800",,,,,"  217",",,7","   33",",,7",,,,,"   67",",,7,0800",,
"USC00040176","2018-12-17","34.5594","-115.7443","200.6","AMBOY, CA US","    0",",,7,0800",,,,,"  206",",,7","   67",",,7",,,,,"   67",",,7,0800",,
"USC00040176","2018-12-18","34.5594","-115.7443","200.6","AMBOY, CA US","    0",",,7,0800",,,,,"  183",",,7","   67",",,7",,,,,"   89",",,7,0800",,
"USC00040176","2018-12-19","34.5594","-115.7443","200.6","AMBOY, CA US","    0",",,7,0800",,,,,"  217",",,7","   72",",,7",,,,,"   94",",,7,0800",,
"USC00040176","2018-12-20","34.5594","-115.7443","200.6","AMBOY, CA US","    0",",,7,0800",,,,,"  239",",,7","   44",",,7",,,,,"   61",",,7,0800",,
"USC00040176","2018-12-21","34.5594","-115.7443","200.6","AMBOY, CA US","    0",",,7,0800",,,,,"  211",",,7","   61",",,7",,,,,"  100",",,7,0800",,
"USC00040176","2018-12-22","34.5594","-115.7443","200.6","AMBOY, CA US","    0",",,7,0800",,,,,"  178",",,7","   39",",,7",,,,,"   50",",,7,0800",,
"USC00040176","2018-12-23","34.5594","-115.7443","200.6","AMBOY, CA US","    0",",,7,0800",,,,,"  217",",,7","   39",",,7",,,,,"  100",",,7,0800",,
"USC00040176","2018-12-24","34.5594","-115.7443","200.6","AMBOY, CA US","    0",",,7,0800",,,,,"  206",",,7","   50",",,7",,,,,"   56",",,7,0800",,
"USC00040176","2018-12-25","34.5594","-115.7443","200.6","AMBOY, CA US","    0",",,7,0800",,,,,"  217",",,7","   56",",,7",,,,,"   72",",,7,0800",,
"USC00040176","2018-12-26","34.5594","-115.7443","200.6","AMBOY, CA US","    0",",,7,0800",,,,,"  194",",,7","   72",",,7",,,,,"  133",",,7,0800",,
"USC00040176","2018-12-27","34.5594","-115.7443","200.6","AMBOY, CA US","    0",",,7,0800",,,,,"  183",",,7","   33",",,7",,,,,"   50",",,7,0800",,
"USC00040176","2018-12-28","34.5594","-115.7443","200.6","AMBOY, CA US","    0",",,7,0800",,,,,"  172",",,7","   50",",,7",,,,,"   78",",,7,0800",,
"USC00040176","2018-12-29","34.5594","-115.7443","200.6","AMBOY, CA US","    0",",,7,0800",,,,,"  139",",,7","   17",",,7",,,,,"   28",",,7,0800",,
"USC00040176","2018-12-30","34.5594","-115.7443","200.6","AMBOY, CA US","    0",",,7,0800",,,,,"  144",",,7","   11",",,7",,,,,"   39",",,7,0800",,
"USC00040176","2018-12-31","34.5594","-115.7443","200.6","AMBOY, CA US","    0",",,7,0800",,,,,"  167",",,7","   11",",,7",,,,,"   28",",,7,0800",,
"USC00040176","2019-01-01","34.5594","-115.7443","200.6","AMBOY, CA US","    0",",,7,0800",,,,,"  133",",,7","   22",",,7",,,,,"   50",",,7,0800",,
"USC00040176","2019-01-02","34.5594","-115.7443","200.6","AMBOY, CA US","    0",",,7,0800",,,,,"  128",",,7","  -28",",,7",,,,,"  -17",",,7,0800",,
"USC00040176","2019-01-03","34.5594","-115.7443","200.6","AMBOY, CA US","    0",",,7,0800",,,,,"  150",",,7","  -22",",,7",,,,,"    6",",,7,0800",,
"USC00040176","2019-01-04","34.5594","-115.7443","200.6","AMBOY, CA US","    0",",,7,0800",,,,,"  150",",,7","  -17",",,7",,,,,"   17",",,7,0800",,
"USC00040176","2019-01-05","34.5594","-115.7443","200.6","AMBOY, CA US","    0",",,7,0800",,,,,"  156",",,7","   17",",,7",,,,,"   44",",,7,0800",,
"USC00040176","2019-01-06","34.5594","-115.7443","200.6","AMBOY, CA US","   13",",,7,0800",,,,,"  106",",,7","   44",",,7",,,,,"  100",",,7,0800",,
"USC00040176","2019-01-07","34.5594","-115.7443","200.6","AMBOY, CA US","    0",",,7,0800",,,,,"  133",",,7","   44",",,7",,,,,"   44",",,7,0800",,
"USC00040176","2019-01-08","34.5594","-115.7443","200.6","AMBOY, CA US","    0",",,7,0800",,,,,"  156",",,7","   39",",,7",,,,,"   50",",,7,0800",,
"USC00040176","2019-01-09","34.5594","-115.7443","200.6","AMBOY, CA US","    0",",,7,0800",,,,,"  183",",,7","   39",",,7",,,,,"   61",",,7,0800",,
"USC00040176","2019-01-10","34.5594","-115.7443","200.6","AMBOY, CA US","    0",",,7,0800",,,,,"  194",",,7","   44",",,7",,,,,"   50",",,7,0800",,
"USC00040176","2019-01-11","34.5594","-115.7443","200.6","AMBOY, CA US","    0",",,7,0800",,,,,"  222",",,7","   44",",,7",,,,,"   56",",,7,0800",,
"USC00040176","2019-01-12","34.5594","-115.7443","200.6","AMBOY, CA US","    0",",,7,0800",,,,,"  189",",,7","   56",",,7",,,,,"   89",",,7,0800",,
"USC00040176","2019-01-13","34.5594","-115.7443","200.6","AMBOY, CA US","   25",",,7,0800",,,,,"  189",",,7","   44",",,7",,,,,"   56",",,7,0800",,
"USC00040176","2019-01-14","34.5594","-115.7443","200.6","AMBOY, CA US","    0",",,7,0800",,,,,"  172",",,7","   56",",,7",,,,,"   72",",,7,0800",,
"USC00040176","2019-01-16","34.5594","-115.7443","200.6","AMBOY, CA US","   46",",,7,0800",,,,,"  139",",,7","  100",",,7",,,,,"  122",",,7,0800",,
"USC00040176","2019-01-17","34.5594","-115.7443","200.6","AMBOY, CA US","    0",",,7,0800",,,,,"  178",",,7","  122",",,7",,,,,"  133",",,7,0800",,
"USC00040176","2019-01-18","34.5594","-115.7443","200.6","AMBOY, CA US",,,,,,,"  178",",,7","  111",",,7",,,,,"  144",",,7,0800",,
"USC00040176","2019-01-19","34.5594","-115.7443","200.6","AMBOY, CA US","    0",",,7,0800",,,,,"  211",",,7","   67",",,7",,,,,"   72",",,7,0800",,
"USC00040176","2019-01-20","34.5594","-115.7443","200.6","AMBOY, CA US","    0",",,7,0800",,,,,"  222",",,7","   61",",,7",,,,,"   83",",,7,0800",,
"USC00040176","2019-01-22","34.5594","-115.7443","200.6","AMBOY, CA US","    0",",,7,0800",,,,,"  178",",,7","  100",",,7",,,,,"  139",",,7,0800",,
"USC00040176","2019-01-23","34.5594","-115.7443","200.6","AMBOY, CA US","    0",",,7,0800",,,,,"  161",",,7","   22",",,7",,,,,"   44",",,7,0800",,
"USC00040176","2019-01-24","34.5594","-115.7443","200.6","AMBOY, CA US","    0",",,7,0800",,,,,"  189",",,7","   44",",,7",,,,,"   72",",,7,0800",,
"USC00040176","2019-01-25","34.5594","-115.7443","200.6","AMBOY, CA US","    0",",,7,0800",,,,,"  222",",,7","   33",",,7",,,,,"   39",",,7,0800",,
"USC00040176","2019-01-26","34.5594","-115.7443","200.6","AMBOY, CA US","    0",",,7,0800",,,,,"  233",",,7","   33",",,7",,,,,"   78",",,7,0800",,
"USC00040176","2019-01-27","34.5594","-115.7443","200.6","AMBOY, CA US","    0",",,7,0800",,,,,"  233",",,7","   33",",,7",,,,,"   67",",,7,0800",,
"USC00040176","2019-01-28","34.5594","-115.7443","200.6","AMBOY, CA US","    0",",,7,0800",,,,,"  250",",,7","   61",",,7",,,,,"  100",",,7,0800",,
"USC00040176","2019-01-29","34.5594","-115.7443","200.6","AMBOY, CA US","    0",",,7,0800",,,,,"  250",",,7","   78",",,7",,,,,"  117",",,7,0800",,
"USC00040176","2019-01-30","34.5594","-115.7443","200.6","AMBOY, CA US","    0",",,7,0800",,,,,"  239",",,7","  111",",,7",,,,,"  133",",,7,0800",,
"USC00040176","2019-01-31","34.5594","-115.7443","200.6","AMBOY, CA US","    0",",,7,0800",,,,,"  244",",,7","   78",",,7",,,,,"  100",",,7,0800",,
"USC00040176","2019-02-01","34.5594","-115.7443","200.6","AMBOY, CA US","    0",",,7,0800",,,,,"  228",",,7","   78",",,7",,,,,"  117",",,7,0800",,
"USC00040176","2019-02-02","34.5594","-115.7443","200.6","AMBOY, CA US","    0",",,7,0800",,,,,"  217",",,7","  106",",,7",,,,,"  144",",,7,0800",,
"USC00040176","2019-02-03","34.5594","-115.7443","200.6","AMBOY, CA US","   20",",,7,0800",,,,,"  200",",,7","   61",",,7",,,,,"   67",",,7,0800",,
"USC00040176","2019-02-04","34.5594","-115.7443","200.6","AMBOY, CA US","    0",",,7,0800",,,,,"  189",",,7","   67",",,7",,,,,"  117",",,7,0800",,
"USC00040176","2019-02-05","34.5594","-115.7443","200.6","AMBOY, CA US","    0",",,7,0800",,,,,"  183",",,7","   78",",,7",,,,,"  100",",,7,0800",,
"USC00040176","2019-02-06","34.5594","-115.7443","200.6","AMBOY, CA US","    0",",,7,0800",,,,,"  189",",,7","   44",",,7",,,,,"   72",",,7,0800",,
"USC00040176","2019-02-07","34.5594","-115.7443","200.6","AMBOY, CA US","    0",",,7,0800",,,,,"  144",",,7","   11",",,7",,,,,"   22",",,7,0800",,
"USC00040176","2019-02-08","34.5594","-115.7443","200.6","AMBOY, CA US","    0",",,7,0800",,,,,"  144",",,7","   -6",",,7",,,,,"   28",",,7,0800",,
"USC00040176","2019-02-09","34.5594","-115.7443","200.6","AMBOY, CA US","    0",",,7,0800",,,,,"  156",",,7","   28",",,7",,,,,"   50",",,7,0800",,
"USC00040176","2019-02-10","34.5594","-115.7443","200.6","AMBOY, CA US","    0",",,7,0800",,,,,"  183",",,7","   28",",,7",,,,,"   39",",,7,0800",,
"USC00040176","2019-02-11","34.5594","-115.7443","200.6","AMBOY, CA US","    0",",,7,0800",,,,,"  183",",,7","   39",",,7",,,,,"   72",",,7,0800",,
"USC00040176","2019-02-12","34.5594","-115.7443","200.6","AMBOY, CA US","    0",",,7,0800",,,,,"  161",",,7","  -17",",,7",,,,,"   28",",,7,0800",,
"USC00040176","2019-02-13","34.5594","-115.7443","200.6","AMBOY, CA US","    0",",,7,0800",,,,,"  172",",,7","   28",",,7",,,,,"  117",",,7,0800",,
"USC00040176","2019-02-14","34.5594","-115.7443","200.6","AMBOY, CA US","   51",",,7,0800",,,,,"  183",",,7","   94",",,7",,,,,"  100",",,7,0800",,
"USC00040176","2019-02-15","34.5594","-115.7443","200.6","AMBOY, CA US","  254",",,7,0800",,,,,"  139",",,7","   67",",,7",,,,,"   83",",,7,0800",,
"USC00040176","2019-02-16","34.5594","-115.7443","200.6","AMBOY, CA US","    0",",,7,0800",,,,,"  189",",,7","   67",",,7",,,,,"  106",",,7,0800",,
"USC00040176","2019-02-17","34.5594","-115.7443","200.6","AMBOY, CA US","    0",",,7,0800",,,,,"  189",",,7","   67",",,7",,,,,"  100",",,7,0800",,
"USC00040176","2019-02-18","34.5594","-115.7443","200.6","AMBOY, CA US","   13",",,7,0800",,,,,"  100",",,7","   44",",,7",,,,,"   61",",,7,0800",,
"USC00040176","2019-02-19","34.5594","-115.7443","200.6","AMBOY, CA US","    0",",,7,0800",,,,,"  139",",,7","   44",",,7",,,,,"  100",",,7,0800",,
"USC00040176","2019-02-20","34.5594","-115.7443","200.6","AMBOY, CA US","    0",",,7,0800",,,,,"  139",",,7","  -11",",,7",,,,,"   33",",,7,0800",,
"USC00040176","2019-02-21","34.5594","-115.7443","200.6","AMBOY, CA US","   25",",,7,0800",,,,,"  139",",,7","   28",",,7",,,,,"   50",",,7,0800",,
"USC00040176","2019-02-22","34.5594","-115.7443","200.6","AMBOY, CA US","    0",",,7,0800",,,,,"  106",",,7","   44",",,7",,,,,"   78",",,7,0800",,
"USC00040176","2019-02-23","34.5594","-115.7443","200.6","AMBOY, CA US","    0",",,7,0800",,,,,"  139",",,7","   28",",,7",,,,,"   56",",,7,0800",,
"USC00040176","2019-02-24","34.5594","-115.7443","200.6","AMBOY, CA US","    0",",,7,0800",,,,,"  161",",,7","    0",",,7",,,,,"   56",",,7,0800",,
"USC00040176","2019-02-25","34.5594","-115.7443","200.6","AMBOY, CA US","    0",",,7,0800",,,,,"  139",",,7","   56",",,7",,,,,"   72",",,7,0800",,
"USC00040176","2019-02-26","34.5594","-115.7443","200.6","AMBOY, CA US","    0",",,7,0800",,,,,"  200",",,7","   56",",,7",,,,,"  100",",,7,0800",,
"USC00040176","2019-02-27","34.5594","-115.7443","200.6","AMBOY, CA US","    0",",,7,0800",,,,,"  211",",,7","   78",",,7",,,,,"  139",",,7,0800",,
"USC00040176","2019-02-28","34.5594","-115.7443","200.6","AMBOY, CA US","    0",",,7,0800",,,,,"  244",",,7","   89",",,7",,,,,"  167",",,7,0800",,
"USC00040176","2019-03-01","34.5594","-115.7443","200.6","AMBOY, CA US","    0",",,7,0800",,,,,"  256",",,7","  167",",,7",,,,,"  167",",,7,0800",,
"USC00040176","2019-03-02","34.5594","-115.7443","200.6","AMBOY, CA US","    0","T,,7,0800",,,,,"  256",",,7","  150",",,7",,,,,"  150",",,7,0800",,
"USC00040176","2019-03-03","34.5594","-115.7443","200.6","AMBOY, CA US","    0",",,7,0800",,,,,"  272",",,7","  111",",,7",,,,,"  150",",,7,0800",,
"USC00040176","2019-03-04","34.5594","-115.7443","200.6","AMBOY, CA US","    0",",,7,0800",,,,,"  261",",,7","  128",",,7",,,,,"  161",",,7,0800",,
"USC00040176","2019-03-05","34.5594","-115.7443","200.6","AMBOY, CA US","    0",",,7,0800",,,,,"  244",",,7","   83",",,7",,,,,"  133",",,7,0800",,
"USC00040176","2019-03-06","34.5594","-115.7443","200.6","AMBOY, CA US","    0",",,7,0800",,,,,"  261",",,7","  133",",,7",,,,,"  183",",,7,0800",,
"USC00040176","2019-03-07","34.5594","-115.7443","200.6","AMBOY, CA US","    0",",,7,0800",,,,,"  244",",,7","  117",",,7",,,,,"  150",",,7,0800",,
"USC00040176","2019-03-08","34.5594","-115.7443","200.6","AMBOY, CA US","    0",",,7,0800",,,,,"  239",",,7","  106",",,7",,,,,"  133",",,7,0800",,
"USC00040176","2019-03-09","34.5594","-115.7443","200.6","AMBOY, CA US","    0",",,7,0800",,,,,"  244",",,7","   56",",,7",,,,,"   89",",,7,0800",,
"USC00040176","2019-03-10","34.5594","-115.7443","200.6","AMBOY, CA US","    0",",,7,0800",,,,,"  244",",,7","   56",",,7",,,,,"  106",",,7,0800",,
"USC00040176","2019-03-11","34.5594","-115.7443","200.6","AMBOY, CA US","    0",",,7,0800",,,,,"  183",",,7","   61",",,7",,,,,"   94",",,7,0800",,
"USC00040176","2019-03-12","34.5594","-115.7443","200.6","AMBOY, CA US","    0","T,,7,0800",,,,,"  194",",,7","   89",",,7",,,,,"  106",",,7,0800",,
"USC00040176","2019-03-13","34.5594","-115.7443","200.6","AMBOY, CA US","    0",",,7,0800",,,,,"  211",",,7","  106",",,7",,,,,"  122",",,7,0800",,
"USC00040176","2019-03-14","34.5594","-115.7443","200.6","AMBOY, CA US","    0",",,7,0800",,,,,"  194",",,7","   78",",,7",,,,,"  100",",,7,0800",,
"USC00040176","2019-03-15","34.5594","-115.7443","200.6","AMBOY, CA US","    0",",,7,0800",,,,,"  211",",,7","   56",",,7",,,,,"   94",",,7,0800",,
"USC00040176","2019-03-16","34.5594","-115.7443","200.6","AMBOY, CA US","    0",",,7,0800",,,,,"  239",",,7","   56",",,7",,,,,"  139",",,7,0800",,
"USC00040176","2019-03-17","34.5594","-115.7443","200.6","AMBOY, CA US","    0",",,7,0800",,,,,"  267",",,7","   94",",,7",,,,,"  100",",,7,0800",,
"USC00040176","2019-03-18","34.5594","-115.7443","200.6","AMBOY, CA US","    0",",,7,0800",,,,,"  289",",,7","   94",",,7",,,,,"  100",",,7,0800",,
"USC00040176","2019-03-19","34.5594","-115.7443","200.6","AMBOY, CA US","    0",",,7,0800",,,,,"  294",",,7","  100",",,7",,,,,"  111",",,7,0800",,
"USC00040176","2019-03-20","34.5594","-115.7443","200.6","AMBOY, CA US","    0",",,7,0800",,,,,"  300",",,7","  111",",,7",,,,,"  178",",,7,0800",,
"USC00040176","2019-03-21","34.5594","-115.7443","200.6","AMBOY, CA US","    8",",,7,0800",,,,,"  222",",,7","   94",",,7",,,,,"  111",",,7,0800",,
"USC00040176","2019-03-24","34.5594","-115.7443","200.6","AMBOY, CA US","    0",",,7,0800",,,,,"  272",",,7","   83",",,7",,,,,"  150",",,7,0800",,
"USC00040176","2019-03-31","34.5594","-115.7443","200.6","AMBOY, CA US","    0",",,7,0800",,,,,"  283",",,7","  106",",,7",,,,,"  161",",,7,0800",,
"USC00040176","2019-04-01","34.5594","-115.7443","200.6","AMBOY, CA US","    0",",,7,0800",,,,,"  289",",,7","  100",",,7",,,,,"  150",",,7,0800",,
"USC00040176","2019-04-02","34.5594","-115.7443","200.6","AMBOY, CA US","    0",",,7,0800",,,,,"  311",",,7","  150",",,7",,,,,"  189",",,7,0800",,
"USC00040176","2019-04-03","34.5594","-115.7443","200.6","AMBOY, CA US","    0",",,7,0800",,,,,"  283",",,7","  150",",,7",,,,,"  161",",,7,0800",,
"USC00040176","2019-04-04","34.5594","-115.7443","200.6","AMBOY, CA US","    0",",,7,0800",,,,,"  289",",,7","  161",",,7",,,,,"  189",",,7,0800",,
"USC00040176","2019-04-07","34.5594","-115.7443","200.6","AMBOY, CA US","    0",",,7,0800",,,,,"  300",",,7","  150",",,7",,,,,"  189",",,7,0800",,
"USC00040176","2019-04-08","34.5594","-115.7443","200.6","AMBOY, CA US","    0",",,7,0800",,,,,"  333",",,7","  144",",,7",,,,,"  194",",,7,0800",,
"USC00040176","2019-04-09","34.5594","-115.7443","200.6","AMBOY, CA US","    0",",,7,0800",,,,,"  372",",,7","  189",",,7",,,,,"  228",",,7,0800",,
"USC00040176","2019-04-10","34.5594","-115.7443","200.6","AMBOY, CA US","    0",",,7,0800",,,,,"  322",",,7","  128",",,7",,,,,"  172",",,7,0800",,
"USC00040176","2019-04-11","34.5594","-115.7443","200.6","AMBOY, CA US","    0",",,7,0800",,,,,"  256",",,7","  144",",,7",,,,,"  167",",,7,0800",,
"USC00040176","2019-04-12","34.5594","-115.7443","200.6","AMBOY, CA US","    0",",,7,0800",,,,,"  267",",,7","  167",",,7",,,,,"  189",",,7,0800",,
"USC00040176","2019-04-13","34.5594","-115.7443","200.6","AMBOY, CA US","    0",",,7,0800",,,,,"  261",",,7","  100",",,7",,,,,"  183",",,7,0800",,
"USC00040176","2019-04-14","34.5594","-115.7443","200.6","AMBOY, CA US","    0",",,7,0800",,,,,"  300",",,7","  133",",,7",,,,,"  172",",,7,0800",,
"USC00040176","2019-04-15","34.5594","-115.7443","200.6","AMBOY, CA US","    0",",,7,0800",,,,,"  328",",,7","  156",",,7",,,,,"  183",",,7,0800",,
"USC00040176","2019-04-16","34.5594","-115.7443","200.6","AMBOY, CA US","    3",",,7,0800",,,,,"  311",",,7","  167",",,7",,,,,"  178",",,7,0800",,
"USC00040176","2019-04-17","34.5594","-115.7443","200.6","AMBOY, CA US","    0",",,7,0800",,,,,"  272",",,7","  128",",,7",,,,,"  194",",,7,0800",,
"USC00040176","2019-04-18","34.5594","-115.7443","200.6","AMBOY, CA US","    0",",,7,0800",,,,,"  306",",,7","   67",",,7",,,,,"  183",",,7,0800",,
"USC00040176","2019-04-19","34.5594","-115.7443","200.6","AMBOY, CA US","    0",",,7,0800",,,,,"  350",",,7","  150",",,7",,,,,"  200",",,7,0800",,
"USC00040176","2019-04-20","34.5594","-115.7443","200.6","AMBOY, CA US","    0",",,7,0800",,,,,"  356",",,7","  194",",,7",,,,,"  261",",,7,0800",,
"USC00040176","2019-04-21","34.5594","-115.7443","200.6","AMBOY, CA US","    0",",,7,0800",,,,,"  356",",,7",,,,,,,"  206",",,7,0800",,
"USC00040176","2019-04-22","34.5594","-115.7443","200.6","AMBOY, CA US","    0",",,7,0800",,,,,"  306",",,7","  139",",,7",,,,,"  222",",,7,0800",,
"USC00040176","2019-04-23","34.5594","-115.7443","200.6","AMBOY, CA US","    0",",,7,0800",,,,,"  306",",,7","  117",",,7",,,,,"  261",",,7,0800",,
"USC00040176","2019-04-24","34.5594","-115.7443","200.6","AMBOY, CA US","    0",",,7,0800",,,,,"  344",",,7","  161",",,7",,,,,"  239",",,7,0800",,
"USC00040176","2019-04-25","34.5594","-115.7443","200.6","AMBOY, CA US","    0",",,7,0800",,,,,"  383",",,7","  189",",,7",,,,,"  239",",,7,0800",,
"USC00040176","2019-04-26","34.5594","-115.7443","200.6","AMBOY, CA US","    0",",,7,0800",,,,,"  394",",,7","  194",",,7",,,,,"  222",",,7,0800",,
"USC00040176","2019-04-27","34.5594","-115.7443","200.6","AMBOY, CA US","    0",",,7,0800",,,,,"  394",",,7","  222",",,7",,,,,"  256",",,7,0800",,
"USC00040176","2019-04-29","34.5594","-115.7443","200.6","AMBOY, CA US","    0","T,,7,0800",,,,,"  389",",,7","  211",",,7",,,,,"  211",",,7,0800",,
"USC00040176","2019-04-30","34.5594","-115.7443","200.6","AMBOY, CA US","    0",",,7,0800",,,,,"  294",",,7","  139",",,7",,,,,"  156",",,7,0800",,
"USC00040176","2019-05-01","34.5594","-115.7443","200.6","AMBOY, CA US","    0",",,7,0800",,,,,"  306",",,7","  150",",,7",,,,,"  200",",,7,0800",,
"USC00040176","2019-05-03","34.5594","-115.7443","200.6","AMBOY, CA US","    0",",,7,0800",,,,,"  317",",,7","  172",",,7",,,,,"  217",",,7,0800",,
"USC00040176","2019-05-04","34.5594","-115.7443","200.6","AMBOY, CA US","    0",",,7,0800",,,,,"  344",",,7","  172",",,7",,,,,"  261",",,7,0800",,
"USC00040176","2019-05-06","34.5594","-115.7443","200.6","AMBOY, CA US","    0",",,7,0800",,,,,"  350",",,7","  194",",,7",,,,,"  217",",,7,0800",,
"USC00040176","2019-05-07","34.5594","-115.7443","200.6","AMBOY, CA US","    0",",,7,0800",,,,,"  294",",,7","  189",",,7",,,,,"  217",",,7,0800",,
"USC00040176","2019-05-08","34.5594","-115.7443","200.6","AMBOY, CA US","    0",",,7,0800",,,,,"  328",",,7","  206",",,7",,,,,"  222",",,7,0800",,
"USC00040176","2019-05-09","34.5594","-115.7443","200.6","AMBOY, CA US","    0",",,7,0800",,,,,"  350",",,7","  206",",,7",,,,,"  222",",,7,0800",,
"USC00040176","2019-05-10","34.5594","-115.7443","200.6","AMBOY, CA US","    0",",,7,0800",,,,,"  322",",,7","  200",",,7",,,,,"  211",",,7,0800",,
"USC00040176","2019-05-11","34.5594","-115.7443","200.6","AMBOY, CA US","    0",",,7,0800",,,,,"  322",",,7","  183",",,7",,,,,"  217",",,7,0800",,
"USC00040176","2019-05-12","34.5594","-115.7443","200.6","AMBOY, CA US","    0",",,7,0800",,,,,"  311",",,7","  178",",,7",,,,,"  228",",,7,0800",,
"USC00040176","2019-05-13","34.5594","-115.7443","200.6","AMBOY, CA US","    0",",,7,0800",,,,,"  356",",,7","  200",",,7",,,,,"  250",",,7,0800",,
"USC00040176","2019-05-14","34.5594","-115.7443","200.6","AMBOY, CA US","    0",",,7,0800",,,,,"  367",",,7","  161",",,7",,,,,"  267",",,7,0800",,
"USC00040176","2019-05-15","34.5594","-115.7443","200.6","AMBOY, CA US","    0",",,7,0800",,,,,"  383",",,7","  228",",,7",,,,,"  261",",,7,0800",,
"USC00040176","2019-05-16","34.5594","-115.7443","200.6","AMBOY, CA US","    0",",,7,0800",,,,,"  367",",,7","  194",",,7",,,,,"  200",",,7,0800",,
"USC00040176","2019-05-17","34.5594","-115.7443","200.6","AMBOY, CA US","    0",",,7,0800",,,,,"  300",",,7","  161",",,7",,,,,"  206",",,7,0800",,
"USC00040176","2019-05-18","34.5594","-115.7443","200.6","AMBOY, CA US","    0",",,7,0800",,,,,"  278",",,7","  144",",,7",,,,,"  200",",,7,0800",,
"USC00040176","2019-05-19","34.5594","-115.7443","200.6","AMBOY, CA US","    0",",,7,0800",,,,,"  317",",,7","  144",",,7",,,,,"  183",",,7,0800",,
"USC00040176","2019-05-20","34.5594","-115.7443","200.6","AMBOY, CA US","    0",",,7,0800",,,,,"  283",",,7","  144",",,7",,,,,"  172",",,7,0800",,
"USC00040176","2019-05-21","34.5594","-115.7443","200.6","AMBOY, CA US","    0",",,7,0800",,,,,"  267",",,7","  139",",,7",,,,,"  183",",,7,0800",,
"USC00040176","2019-05-22","34.5594","-115.7443","200.6","AMBOY, CA US","    0",",,7,0800",,,,,"  222",",,7","  150",",,7",,,,,"  156",",,7,0800",,
"USC00040176","2019-05-24","34.5594","-115.7443","200.6","AMBOY, CA US","    0",",,7,0800",,,,,"  239",",,7","  133",",,7",,,,,"  167",",,7,0800",,
"USC00040176","2019-05-25","34.5594","-115.7443","200.6","AMBOY, CA US","    0",",,7,0800",,,,,"  294",",,7","  111",",,7",,,,,"  194",",,7,0800",,
"USC00040176","2019-05-26","34.5594","-115.7443","200.6","AMBOY, CA US","    0",",,7,0800",,,,,"  328",",,7","  106",",,7",,,,,"  222",",,7,0800",,
"USC00040176","2019-05-27","34.5594","-115.7443","200.6","AMBOY, CA US","    0",",,7,0800",,,,,"  289",",,7","  139",",,7",,,,,"  161",",,7,0800",,
"USC00040176","2019-05-28","34.5594","-115.7443","200.6","AMBOY, CA US","    0",",,7,0800",,,,,"  278",",,7","   78",",,7",,,,,"  194",",,7,0800",,
"USC00040176","2019-05-29","34.5594","-115.7443","200.6","AMBOY, CA US","    0",",,7,0800",,,,,"  311",",,7",,,,,,,"  250",",,7,0800",,
"USC00040176","2019-05-30","34.5594","-115.7443","200.6","AMBOY, CA US","    0",",,7,0800",,,,,"  344",",,7",,,,,,,"  267",",,7,0800",,
"USC00040176","2019-05-31","34.5594","-115.7443","200.6","AMBOY, CA US","    0",",,7,0800",,,,,"  361",",,7","  156",",,7",,,,,"  228",",,7,0800",,
"USC00040176","2019-06-01","34.5594","-115.7443","200.6","AMBOY, CA US","    0",",,7,0800",,,,,"  367",",,7","  200",",,7",,,,,"  211",",,7,0800",,
"USC00040176","2019-06-02","34.5594","-115.7443","200.6","AMBOY, CA US","    0",",,7,0800",,,,,"  367",",,7",,,,,,,,,,
"USC00040176","2019-06-06","34.5594","-115.7443","200.6","AMBOY, CA US","    0",",,7,0800",,,,,"  422",",,7","  317",",,7",,,,,"  317",",,7,0800",,
"USC00040176","2019-06-07","34.5594","-115.7443","200.6","AMBOY, CA US","    0",",,7,0800",,,,,"  422",",,7",,,,,,,"  289",",,7,0800",,
"USC00040176","2019-06-08","34.5594","-115.7443","200.6","AMBOY, CA US","    0",",,7,0800",,,,,"  422",",,7",,,,,,,"  267",",,7,0800",,
"USC00040176","2019-06-09","34.5594","-115.7443","200.6","AMBOY, CA US","    0",",,7,0800",,,,,,,,,,,,,,,,
"USC00040176","2019-06-10","34.5594","-115.7443","200.6","AMBOY, CA US","    0",",,7,0800",,,,,,,,,,,,,,,,
"USC00040176","2019-06-11","34.5594","-115.7443","200.6","AMBOY, CA US","    0",",,7,0800",,,,,"  389",",,7",,,,,,,"  289",",,7,0800",,
"USC00040176","2019-06-12","34.5594","-115.7443","200.6","AMBOY, CA US","    0",",,7,0800",,,,,"  433",",,7",,,,,,,"  339",",,7,0800",,
"USC00040176","2019-06-13","34.5594","-115.7443","200.6","AMBOY, CA US","    0",",,7,0800",,,,,"  456",",,7",,,,,,,"  350",",,7,0800",,
"USC00040176","2019-06-14","34.5594","-115.7443","200.6","AMBOY, CA US","    0",",,7,0800",,,,,"  461",",,7",,,,,,,"  322",",,7,0800",,
"USC00040176","2019-06-15","34.5594","-115.7443","200.6","AMBOY, CA US","    0",",,7,0800",,,,,"  417",",,7","  311",",,7",,,,,"  333",",,7,0800",,
"USC00040176","2019-06-17","34.5594","-115.7443","200.6","AMBOY, CA US","    0",",,7,0800",,,,,"  428",",,7","  267",",,7",,,,,"  300",",,7,0800",,
"USC00040176","2019-06-18","34.5594","-115.7443","200.6","AMBOY, CA US","    0",",,7,0800",,,,,"  400",",,7","  239",",,7",,,,,"  294",",,7,0800",,
"USC00040176","2019-06-19","34.5594","-115.7443","200.6","AMBOY, CA US","    0",",,7,0800",,,,,"  411",",,7","  256",",,7",,,,,"  317",",,7,0800",,
"USC00040176","2019-06-21","34.5594","-115.7443","200.6","AMBOY, CA US","    0",",,7,0800",,,,,"  433",",,7","  272",",,7",,,,,"  283",",,7,0800",,
"USC00040176","2019-06-22","34.5594","-115.7443","200.6","AMBOY, CA US","    0",",,7,0800",,,,,"  394",",,7","  244",",,7",,,,,"  278",",,7,0800",,
"USC00040176","2019-06-23","34.5594","-115.7443","200.6","AMBOY, CA US","    0",",,7,0800",,,,,"  400",",,7","  200",",,7",,,,,"  272",",,7,0800",,
"USC00040176","2019-06-24","34.5594","-115.7443","200.6","AMBOY, CA US","    0",",,7,0800",,,,,"  406",",,7","  244",",,7",,,,,"  289",",,7,0800",,
"USC00040176","2019-06-25","34.5594","-115.7443","200.6","AMBOY, CA US","    0",",,7,0800",,,,,"  422",",,7","  228",",,7",,,,,"  289",",,7,0800",,
"USC00040176","2019-06-26","34.5594","-115.7443","200.6","AMBOY, CA US","    0",",,7,0800",,,,,"  406",",,7","  217",",,7",,,,,"  289",",,7,0800",,
"USC00040176","2019-06-27","34.5594","-115.7443","200.6","AMBOY, CA US","    0",",,7,0800",,,,,"  400",",,7","  244",",,7",,,,,"  278",",,7,0800",,
"USC00040176","2019-06-28","34.5594","-115.7443","200.6","AMBOY, CA US","    0",",,7,0800",,,,,"  406",",,7","  239",",,7",,,,,"  272",",,7,0800",,
"USC00040176","2019-06-30","34.5594","-115.7443","200.6","AMBOY, CA US","    0",",,7,0800",,,,,"  422",",,7","  233",",,7",,,,,"  344",",,7,0800",,
"USC00040176","2019-07-01","34.5594","-115.7443","200.6","AMBOY, CA US","    0",",,7,0800",,,,,"  433",",,7","  278",",,7",,,,,"  317",",,7,0800",,
"USC00040176","2019-07-02","34.5594","-115.7443","200.6","AMBOY, CA US","    0",",,7,0800",,,,,"  433",",,7","  278",",,7",,,,,"  322",",,7,0800",,
"USC00040176","2019-07-03","34.5594","-115.7443","200.6","AMBOY, CA US","    0",",,7,0800",,,,,"  422",",,7","  267",",,7",,,,,"  306",",,7,0800",,
"USC00040176","2019-07-04","34.5594","-115.7443","200.6","AMBOY, CA US","    0",",,7,0800",,,,,"  417",",,7","  261",",,7",,,,,"  306",",,7,0800",,
"USC00040176","2019-07-05","34.5594","-115.7443","200.6","AMBOY, CA US","    0",",,7,0800",,,,,"  406",",,7","  272",",,7",,,,,"  306",",,7,0800",,
"USC00040176","2019-07-07","34.5594","-115.7443","200.6","AMBOY, CA US","    0",",,7,0800",,,,,"  422",",,7",,,,,,,"  283",",,7,0800",,
"USC00040176","2019-07-08","34.5594","-115.7443","200.6","AMBOY, CA US","    0",",,7,0800",,,,,"  417",",,7",,,,,,,"  278",",,7,0800",,
"USC00040176","2019-07-10","34.5594","-115.7443","200.6","AMBOY, CA US","    0",",,7,0800",,,,,,,,,,,,,,,,
"USC00040176","2019-07-12","34.5594","-115.7443","200.6","AMBOY, CA US","    0",",,7,0800",,,,,"  456",",,7",,,,,,,"  350",",,7,0800",,
"USC00040176","2019-07-15","34.5594","-115.7443","200.6","AMBOY, CA US","    0",",,7,0800",,,,,"  461",",,7",,,,,,,"  344",",,7,0800",,
"USC00040176","2019-07-16","34.5594","-115.7443","200.6","AMBOY, CA US","    0",",,7,0800",,,,,,,,,,,,,,,,
"USC00040176","2019-07-17","34.5594","-115.7443","200.6","AMBOY, CA US","    0",",,7,0800",,,,,,,,,,,,,,,,
"USC00040176","2019-07-18","34.5594","-115.7443","200.6","AMBOY, CA US","    0",",,7,0800",,,,,,,,,,,,,,,,
"USC00040176","2019-07-19","34.5594","-115.7443","200.6","AMBOY, CA US","    0",",,7,0800",,,,,,,,,,,,,,,,
"USC00040176","2019-07-20","34.5594","-115.7443","200.6","AMBOY, CA US","    0",",,7,0800",,,,,,,,,,,,,,,,
"USC00040176","2019-07-21","34.5594","-115.7443","200.6","AMBOY, CA US","    0",",,7,0800",,,,,,,,,,,,,,,,
"USC00040176","2019-07-28","34.5594","-115.7443","200.6","AMBOY, CA US","    0",",,7,0800",,,,,,,,,,,,,,,,
"USC00040176","2019-07-29","34.5594","-115.7443","200.6","AMBOY, CA US","    0",",,7,0800",,,,,"  467",",,7",,,,,,,"  356",",,7,0800",,
"USC00040176","2019-08-03","34.5594","-115.7443","200.6","AMBOY, CA US","    0",",,7,0800",,,,,"  444",",,7",,,,,,,"  289",",,7,0800",,
"USC00040176","2019-08-04","34.5594","-115.7443","200.6","AMBOY, CA US","    0",",,7,0800",,,,,"  450",",,7",,,,,,,"  283",",,7,0800",,
"USC00040176","2019-08-05","34.5594","-115.7443","200.6","AMBOY, CA US","    0",",,7,0800",,,,,,,,,,,,,,,,
"USC00040176","2019-08-06","34.5594","-115.7443","200.6","AMBOY, CA US","    0",",,7,0800",,,,,"  344",",,7",,,,,,,"  278",",,7,0800",,
"USC00040176","2019-08-18","34.5594","-115.7443","200.6","AMBOY, CA US","    0",",,7,0800",,,,,"  444",",,7",,,,,,,"  278",",,7,0800",,
"USC00040176","2019-08-19","34.5594","-115.7443","200.6","AMBOY, CA US","    0",",,7,0800",,,,,"  411",",,7",,,,,,,"  294",",,7,0800",,
"USC00040176","2019-08-26","34.5594","-115.7443","200.6","AMBOY, CA US","    0",",,7,0800",,,,,"  411",",,7",,,,,,,"  306",",,7,0800",,
"USC00040176","2019-09-01","34.5594","-115.7443","200.6","AMBOY, CA US","    0",",,7,0800",,,,,"  433",",,7",,,,,,,"  289",",,7,0800",,
"USC00040176","2019-09-06","34.5594","-115.7443","200.6","AMBOY, CA US","   53",",,7,0800",,,,,"  433",",,7",,,,,,,"  267",",,7,0800",,
"USC00040176","2019-09-08","34.5594","-115.7443","200.6","AMBOY, CA US","    0",",,7,0800",,,,,"  422",",,7",,,,,,,"  289",",,7,0800",,
"USC00040176","2019-09-09","34.5594","-115.7443","200.6","AMBOY, CA US","    0",",,7,0800",,,,,"  350",",,7",,,,,,,"  228",",,7,0800",,
"USC00040176","2019-09-15","34.5594","-115.7443","200.6","AMBOY, CA US","    0",",,7,0800",,,,,"  400",",,7",,,,,,,"  278",",,7,0800",,
"USC00040176","2019-09-16","34.5594","-115.7443","200.6","AMBOY, CA US","    0",",,7,0800",,,,,"  406",",,7",,,,,,,"  233",",,7,0800",,
"USC00040176","2019-09-17","34.5594","-115.7443","200.6","AMBOY, CA US","    0",",,7,0800",,,,,"  394",",,7",,,,,,,"  256",",,7,0800",,
"USC00040176","2019-09-23","34.5594","-115.7443","200.6","AMBOY, CA US","    0",",,7,0800",,,,,"  367",",,7",,,,,,,"  211",",,7,0800",,
"USC00040176","2019-09-29","34.5594","-115.7443","200.6","AMBOY, CA US","    0",",,7,0800",,,,,,,,,,,,,"  200",",,7,0800",,
"USC00040176","2019-09-30","34.5594","-115.7443","200.6","AMBOY, CA US","    0",",,7,0800",,,,,"  267",",,7","  150",",,7",,,,,"  178",",,7,0800",,
"USC00040176","2019-10-06","34.5594","-115.7443","200.6","AMBOY, CA US","    0",",,7,0800",,,,,"  306",",,7",,,,,,,"  233",",,7,0800",,
"USC00040176","2019-10-07","34.5594","-115.7443","200.6","AMBOY, CA US","    0",",,7,0800",,,,,"  356",",,7",,,,,,,"  167",",,7,0800",,
"USC00040176","2019-10-13","34.5594","-115.7443","200.6","AMBOY, CA US","    0",",,7,0800",,,,,"  361",",,7",,,,,,,"  122",",,7,0800",,
"USC00040176","2019-10-14","34.5594","-115.7443","200.6","AMBOY, CA US","    0",",,7,0800",,,,,"  311",",,7",,,,,,,"  144",",,7,0800",,
"USC00040176","2019-10-20","34.5594","-115.7443","200.6","AMBOY, CA US","    0",",,7,0800",,,,,,,"  189",",,7",,,,,,,,
"USC00040176","2019-10-21","34.5594","-115.7443","200.6","AMBOY, CA US","    0",",,7,0800",,,,,"  283",",,7",,,,,,,"  122",",,7,0800",,
"USC00040176","2019-10-27","34.5594","-115.7443","200.6","AMBOY, CA US","    0",",,7,0800",,,,,"  289",",,7",,,,,,,"  139",",,7,0800",,
"USC00040176","2019-10-28","34.5594","-115.7443","200.6","AMBOY, CA US","    0",",,7,0800",,,,,"  278",",,7",,,,,,,"  100",",,7,0800",,
"USC00040176","2019-11-03","34.5594","-115.7443","200.6","AMBOY, CA US","    0",",,7,0800",,,,,"  283",",,7","   33",",,7",,,,,"  150",",,7,0800",,
"USC00040176","2019-11-04","34.5594","-115.7443","200.6","AMBOY, CA US","    0",",,7,0800",,,,,"  306",",,7","   39",",,7",,,,,"  133",",,7,0800",,
"USC00040176","2019-11-05","34.5594","-115.7443","200.6","AMBOY, CA US","    0",",,7,0800",,,,,"  300",",,7","   89",",,7",,,,,"  139",",,7,0800",,
"USC00040176","2019-11-06","34.5594","-115.7443","200.6","AMBOY, CA US","    0",",,7,0800",,,,,"  317",",,7","   89",",,7",,,,,"  150",",,7,0800",,
"USC00040176","2019-11-08","34.5594","-115.7443","200.6","AMBOY, CA US","    0",",,7,0800",,,,,"  322",",,7","   94",",,7",,,,,"  111",",,7,0800",,
"USC00040176","2019-11-09","34.5594","-115.7443","200.6","AMBOY, CA US","    0",",,7,0800",,,,,"  328",",,7","  106",",,7",,,,,"  117",",,7,0800",,
"USC00040176","2019-11-10","34.5594","-115.7443","200.6","AMBOY, CA US","    0",",,7,0800",,,,,"  328",",,7","   83",",,7",,,,,"  150",",,7,0800",,
"USC00040176","2019-11-11","34.5594","-115.7443","200.6","AMBOY, CA US","    0",",,7,0800",,,,,,,"   83",",,7",,,,,"  150",",,7,0800",,
"USC00040176","2019-11-12","34.5594","-115.7443","200.6","AMBOY, CA US","    0",",,7,0800",,,,,,,"   83",",,7",,,,,"  122",",,7,0800",,
"USC00040176","2019-11-13","34.5594","-115.7443","200.6","AMBOY, CA US","    0",",,7,0800",,,,,,,,,,,,,"  222",",,7,0800",,
"USC00040176","2019-11-14","34.5594","-115.7443","200.6","AMBOY, CA US","    0",",,7,0800",,,,,"  272",",,7","  100",",,7",,,,,"  133",",,7,0800",,
"USC00040176","2019-11-15","34.5594","-115.7443","200.6","AMBOY, CA US","    0",",,7,0800",,,,,"  272",",,7","  100",",,7",,,,,"  133",",,7,0800",,
"USC00040176","2019-11-17","34.5594","-115.7443","200.6","AMBOY, CA US","    0",",,7,0800",,,,,"  306",",,7",,,,,,,"  144",",,7,0800",,
"USC00040176","2019-11-18","34.5594","-115.7443","200.6","AMBOY, CA US","    0",",,7,0800",,,,,"  300",",,7",,,,,,,"  133",",,7,0800",,
"USC00040176","2019-11-19","34.5594","-115.7443","200.6","AMBOY, CA US","    0",",,7,0800",,,,,"  294",",,7","   83",",,7",,,,,"  133",",,7,0800",,
"USC00040176","2019-11-20","34.5594","-115.7443","200.6","AMBOY, CA US","   25",",,7,0800",,,,,"  283",",,7","  111",",,7",,,,,"  167",",,7,0800",,
"USC00040176","2019-11-21","34.5594","-115.7443","200.6","AMBOY, CA US","    3",",,7,0800",,,,,,,"   94",",,7",,,,,"  100",",,7,0800",,
"USC00040176","2019-11-22","34.5594","-115.7443","200.6","AMBOY, CA US","    0",",,7,0800",,,,,"  283",",,7","   61",",,7",,,,,"   89",",,7,0800",,
"USC00040176","2019-11-23","34.5594","-115.7443","200.6","AMBOY, CA US","    0",",,7,0800",,,,,,,"   61",",,7",,,,,"   78",",,7,0800",,
"USC00040176","2019-11-24","34.5594","-115.7443","200.6","AMBOY, CA US","    0",",,7,0800",,,,,,,"   56",",,7",,,,,"  144",",,7,0800",,
"USC00040176","2019-11-25","34.5594","-115.7443","200.6","AMBOY, CA US","    0",",,7,0800",,,,,"  233",",,7","   44",",,7",,,,,"   78",",,7,0800",,
"USC00040176","2019-11-26","34.5594","-115.7443","200.6","AMBOY, CA US","    0",",,7,0800",,,,,"  228",",,7","   72",",,7",,,,,"   83",",,7,0800",,
"USC00040176","2019-11-27","34.5594","-115.7443","200.6","AMBOY, CA US","    0",",,7,0800",,,,,"  228",",,7","   72",",,7",,,,,"  122",",,7,0800",,
"USC00040176","2019-11-28","34.5594","-115.7443","200.6","AMBOY, CA US","    0",",,7,0800",,,,,"  228",",,7","   28",",,7",,,,,"   67",",,7,0800",,
"USC00040176","2019-11-29","34.5594","-115.7443","200.6","AMBOY, CA US","  112",",,7,0800",,,,,"  228",",,7","   28",",,7",,,,,"   61",",,7,0800",,
"USC00040176","2019-12-01","34.5594","-115.7443","200.6","AMBOY, CA US","    0",",,7,0800",,,,,,,,,,,,,"   67",",,7,0800",,
"USC00040176","2019-12-02","34.5594","-115.7443","200.6","AMBOY, CA US","    0",",,7,0800",,,,,"  161",",,7","   67",",,7",,,,,"   72",",,7,0800",,
"USC00040176","2019-12-05","34.5594","-115.7443","200.6","AMBOY, CA US","   25",",,7,0800",,,,,"  200",",,7","   78",",,7",,,,,"  133",",,7,0800",,
"USC00040176","2019-12-06","34.5594","-115.7443","200.6","AMBOY, CA US","    0",",,7,0800",,,,,"  183",",,7","   78",",,7",,,,,"   78",",,7,0800",,
"USC00040176","2019-12-07","34.5594","-115.7443","200.6","AMBOY, CA US","    3",",,7,0800",,,,,"  194",",,7","   72",",,7",,,,,"  106",",,7,0800",,
"USC00040176","2019-12-08","34.5594","-115.7443","200.6","AMBOY, CA US","    0",",,7,0800",,,,,"  200",",,7","   89",",,7",,,,,"  133",",,7,0800",,
"USC00040176","2019-12-09","34.5594","-115.7443","200.6","AMBOY, CA US","    0",",,7,0800",,,,,"  178",",,7","  106",",,7",,,,,"  133",",,7,0800",,
"USC00040176","2019-12-11","34.5594","-115.7443","200.6","AMBOY, CA US","    0",",,7,0800",,,,,"  211",",,7","   50",",,7",,,,,"   78",",,7,0800",,
"USC00040176","2019-12-13","34.5594","-115.7443","200.6","AMBOY, CA US","    0",",,7,0800",,,,,"  211",",,7","   67",",,7",,,,,"   67",",,7,0800",,
"USC00040176","2019-12-14","34.5594","-115.7443","200.6","AMBOY, CA US","    0",",,7,0800",,,,,"  211",",,7","   67",",,7",,,,,"   94",",,7,0800",,
"USC00040176","2019-12-15","34.5594","-115.7443","200.6","AMBOY, CA US","    0",",,7,0800",,,,,"  244",",,7","   67",",,7",,,,,"  128",",,7,0800",,
"USC00040176","2019-12-16","34.5594","-115.7443","200.6","AMBOY, CA US","    0",",,7,0800",,,,,,,"   78",",,7",,,,,"   78",",,7,0800",,
"USC00040176","2019-12-17","34.5594","-115.7443","200.6","AMBOY, CA US","    0",",,7,0800",,,,,"  167",",,7","    0",",,7",,,,,"   17",",,7,0800",,
"USC00040176","2019-12-18","34.5594","-115.7443","200.6","AMBOY, CA US","    0",",,7,0800",,,,,"  167",",,7","    0",",,7",,,,,"   17",",,7,0800",,
"USC00040176","2019-12-19","34.5594","-115.7443","200.6","AMBOY, CA US","    0",",,7,0800",,,,,"  167",",,7","    0",",,7",,,,,"   22",",,7,0800",,
"USC00040176","2019-12-20","34.5594","-115.7443","200.6","AMBOY, CA US","    0",",,7,0800",,,,,"  183",",,7","    0",",,7",,,,,"   44",",,7,0800",,
"USC00040176","2019-12-21","34.5594","-115.7443","200.6","AMBOY, CA US","    0",",,7,0800",,,,,"  200",",,7","    0",",,7",,,,,"   33",",,7,0800",,
"USC00040176","2019-12-22","34.5594","-115.7443","200.6","AMBOY, CA US","    0",",,7,0800",,,,,"  200",",,7","    0",",,7",,,,,"   50",",,7,0800",,
"USC00040176","2019-12-23","34.5594","-115.7443","200.6","AMBOY, CA US","    0",",,7,0800",,,,,"  161",",,7","   50",",,7",,,,,"  106",",,7,0800",,
"USC00040176","2019-12-24","34.5594","-115.7443","200.6","AMBOY, CA US","   25",",,7,0800",,,,,"  150",",,7","   61",",,7",,,,,"   89",",,7,0800",,
"USC00040176","2019-12-25","34.5594","-115.7443","200.6","AMBOY, CA US","    0",",,7,0800",,,,,"  161",",,7","   56",",,7",,,,,"   78",",,7,0800",,
"USC00040176","2019-12-26","34.5594","-115.7443","200.6","AMBOY, CA US","   76",",,7,0800",,,,,"  178",",,7","   72",",,7",,,,,"  100",",,7,0800",,
"USC00040176","2019-12-27","34.5594","-115.7443","200.6","AMBOY, CA US","   20",",,7,0800",,,,,"  117",",,7","   72",",,7",,,,,"  100",",,7,0800",,
"USC00040176","2019-12-28","34.5594","-115.7443","200.6","AMBOY, CA US","    0",",,7,0800",,,,,"  144",",,7","   44",",,7",,,,,"  100",",,7,0800",,
"USC00040176","2019-12-29","34.5594","-115.7443","200.6","AMBOY, CA US","    0",",,7,0800",,,,,"  144",",,7","    6",",,7",,,,,"   33",",,7,0800",,
"USC00040176","2019-12-30","34.5594","-115.7443","200.6","AMBOY, CA US","    0",",,7,0800",,,,,"  144",",,7","   11",",,7",,,,,"   56",",,7,0800",,
"USC00040176","2019-12-31","34.5594","-115.7443","200.6","AMBOY, CA US","    0",",,7,0800",,,,,"  133",",,7","   50",",,7",,,,,"   67",",,7,0800",,
"USC00040176","2020-01-01","34.5594","-115.7443","200.6","AMBOY, CA US","    0",",,7,0800",,,,,"  194",",,7","   39",",,7",,,,,"  106",",,7,0800",,
"USC00040176","2020-01-03","34.5594","-115.7443","200.6","AMBOY, CA US","    0",",,7,0800",,,,,"  200",",,7",,,,,,,"   78",",,7,0800",,
"USC00040176","2020-01-04","34.5594","-115.7443","200.6","AMBOY, CA US","    0",",,7,0800",,,,,"  200",",,7","  -22",",,7",,,,,"   44",",,7,0800",,
"USC00040176","2020-01-05","34.5594","-115.7443","200.6","AMBOY, CA US","    0",",,7,0800",,,,,"  144",",,7","   44",",,7",,,,,"   89",",,7,0800",,
"USC00040176","2020-01-06","34.5594","-115.7443","200.6","AMBOY, CA US","    0",",,7,0800",,,,,"  217",",,7","   50",",,7",,,,,"  106",",,7,0800",,
"USC00040176","2020-01-07","34.5594","-115.7443","200.6","AMBOY, CA US","    0",",,7,0800",,,,,"  217",",,7","   28",",,7",,,,,"   72",",,7,0800",,
"USC00040176","2020-01-08","34.5594","-115.7443","200.6","AMBOY, CA US","    0",",,7,0800",,,,,"  217",",,7","   28",",,7",,,,,"   56",",,7,0800",,
"USC00040176","2020-01-12","34.5594","-115.7443","200.6","AMBOY, CA US","    0",",,7,0800",,,,,,,"    0",",,7",,,,,"   50",",,7,0800",,
"USC00040176","2020-01-13","34.5594","-115.7443","200.6","AMBOY, CA US","    0",",,7,0800",,,,,"  167",",,7","   17",",,7",,,,,"   33",",,7,0800",,
"USC00040176","2020-01-14","34.5594","-115.7443","200.6","AMBOY, CA US","    0",",,7,0800",,,,,"  172",",,7","   22",",,7",,,,,"   28",",,7,0800",,
"USC00040176","2020-01-19","34.5594","-115.7443","200.6","AMBOY, CA US","    0",",,7,0800",,,,,"  194",",,7",,,,,,,"   89",",,7,0800",,
"USC00040176","2020-01-20","34.5594","-115.7443","200.6","AMBOY, CA US","    0",",,7,0800",,,,,"  228",",,7","   89",",,7",,,,,"  122",",,7,0800",,
"USC00040176","2020-01-21","34.5594","-115.7443","200.6","AMBOY, CA US","    0",",,7,0800",,,,,"  172",",,7","  106",",,7",,,,,"  111",",,7,0800",,
"USC00040176","2020-01-24","34.5594","-115.7443","200.6","AMBOY, CA US","    0",",,7,0800",,,,,"  239",",,7","   61",",,7",,,,,"  144",",,7,0800",,
"USC00040176","2020-01-26","34.5594","-115.7443","200.6","AMBOY, CA US","    0",",,7,0800",,,,,"  250",",,7","   72",",,7",,,,,"  100",",,7,0800",,
"USC00040176","2020-01-28","34.5594","-115.7443","200.6","AMBOY, CA US","    0",",,7,0800",,,,,"  228",",,7",,,,,,,"  111",",,7,0800",,
"USC00040176","2020-01-29","34.5594","-115.7443","200.6","AMBOY, CA US","    0",",,7,0800",,,,,"  244",",,7","  -56",",,7",,,,,"  144",",,7,0800",,
"USC00040176","2020-02-02","34.5594","-115.7443","200.6","AMBOY, CA US","    0",",,7,0800",,,,,"  267",",,7",,,,,,,"  106",",,7,0800",,
"USC00040176","2020-02-03","34.5594","-115.7443","200.6","AMBOY, CA US","    0",",,7,0800",,,,,"  256",",,7","   83",",,7",,,,,"   89",",,7,0800",,
"USC00040176","2020-02-04","34.5594","-115.7443","200.6","AMBOY, CA US","    0",",,7,0800",,,,,"  133",",,7","   78",",,7",,,,,"   78",",,7,0800",,
"USC00040176","2020-02-08","34.5594","-115.7443","200.6","AMBOY, CA US","    0",",,7,0800",,,,,"  261",",,7","    0",",,7",,,,,"  100",",,7,0800",,
"USC00040176","2020-02-09","34.5594","-115.7443","200.6","AMBOY, CA US","    0",",,7,0800",,,,,"  233",",,7","   72",",,7",,,,,"  128",",,7,0800",,
"USC00040176","2020-02-10","34.5594","-115.7443","200.6","AMBOY, CA US","    0",",,7,0800",,,,,"  206",",,7","   89",",,7",,,,,"  122",",,7,0800",,
"USC00040176","2020-02-11","34.5594","-115.7443","200.6","AMBOY, CA US","    0",",,7,0800",,,,,"  217",",,7","   94",",,7",,,,,"  139",",,7,0800",,
"USC00040176","2020-02-12","34.5594","-115.7443","200.6","AMBOY, CA US","    0",",,7,0800",,,,,"  200",",,7","   33",",,7",,,,,"   67",",,7,0800",,
"USC00040176","2020-02-13","34.5594","-115.7443","200.6","AMBOY, CA US","    0",",,7,0800",,,,,,,"   67",",,7",,,,,"   78",",,7,0800",,
"USC00040176","2020-02-14","34.5594","-115.7443","200.6","AMBOY, CA US","    0",",,7,0800",,,,,"  211",",,7","   11",",,7",,,,,"  100",",,7,0800",,
"USC00040176","2020-02-15","34.5594","-115.7443","200.6","AMBOY, CA US","    0",",,7,0800",,,,,"  222",",,7","   39",",,7",,,,,"   78",",,7,0800",,
"USC00040176","2020-02-16","34.5594","-115.7443","200.6","AMBOY, CA US","    0",",,7,0800",,,,,"  256",",,7","   72",",,7",,,,,"  122",",,7,0800",,
"USC00040176","2020-02-17","34.5594","-115.7443","200.6","AMBOY, CA US","    0",",,7,0800",,,,,"  244",",,7","   94",",,7",,,,,"  139",",,7,0800",,
"USC00040176","2020-02-18","34.5594","-115.7443","200.6","AMBOY, CA US","    0",",,7,0800",,,,,"  261",",,7","   67",",,7",,,,,"  128",",,7,0800",,
"USC00040176","2020-02-22","34.5594","-115.7443","200.6","AMBOY, CA US","    0","T,,7,0800",,,,,"  261",",,7","  167",",,7",,,,,"  172",",,7,0800",,
"USC00040176","2020-02-23","34.5594","-115.7443","200.6","AMBOY, CA US","    0",",,7,0800",,,,,"  233",",,7","  139",",,7",,,,,"  167",",,7,0800",,
"USC00040176","2020-02-24","34.5594","-115.7443","200.6","AMBOY, CA US","    0",",,7,0800",,,,,"  250",",,7","   94",",,7",,,,,"  172",",,7,0800",,
"USC00040176","2020-02-25","34.5594","-115.7443","200.6","AMBOY, CA US","    0",",,7,0800",,,,,"  278",",,7","  100",",,7",,,,,"  150",",,7,0800",,
"USC00040176","2020-02-28","34.5594","-115.7443","200.6","AMBOY, CA US","    0",",,7,0800",,,,,"  256",",,7","   44",",,7",,,,,"  111",",,7,0800",,
"USC00040176","2020-02-29","34.5594","-115.7443","200.6","AMBOY, CA US","    0",",,7,0800",,,,,"  267",",,7","   44",",,7",,,,,"  122",",,7,0800",,
"USC00040176","2020-03-01","34.5594","-115.7443","200.6","AMBOY, CA US","    0",",,7,0800",,,,,"  261",",,7","   83",",,7",,,,,"  111",",,7,0800",,
"USC00040176","2020-03-03","34.5594","-115.7443","200.6","AMBOY, CA US","    0",",,7,0800",,,,,"  239",",,7",,,,,,,"  167",",,7,0800",,
"USC00040176","2020-03-06","34.5594","-115.7443","200.6","AMBOY, CA US","    0",",,7,0800",,,,,"  283",",,7",,,,,,,"  150",",,7,0800",,
"USC00040176","2020-03-08","34.5594","-115.7443","200.6","AMBOY, CA US","    0",",,7,0800",,,,,"  278",",,7","  133",",,7",,,,,"  139",",,7,0800",,
"USC00040176","2020-03-09","34.5594","-115.7443","200.6","AMBOY, CA US","    0",",,7,0800",,,,,"  233",",,7","  111",",,7",,,,,"  122",",,7,0800",,
"USC00040176","2020-03-10","34.5594","-115.7443","200.6","AMBOY, CA US","   64",",,7,0800",,,,,"  244",",,7","  111",",,7",,,,,"  139",",,7,0800",,
"USC00040176","2020-03-13","34.5594","-115.7443","200.6","AMBOY, CA US","  330",",,7,0800",,,,,"  167",",,7","   94",",,7",,,,,"  128",",,7,0800",,
"USC00040176","2020-03-14","34.5594","-115.7443","200.6","AMBOY, CA US","    0",",,7,0800",,,,,"  200",",,7","  100",",,7",,,,,"  122",",,7,0800",,
"USC00040176","2020-03-15","34.5594","-115.7443","200.6","AMBOY, CA US","    0",",,7,0800",,,,,"  228",",,7","  106",",,7",,,,,"  133",",,7,0800",,
"USC00040176","2020-03-16","34.5594","-115.7443","200.6","AMBOY, CA US","    0",",,7,0800",,,,,"  228",",,7","  100",",,7",,,,,"  106",",,7,0800",,
"USC00040176","2020-03-18","34.5594","-115.7443","200.6","AMBOY, CA US","    0",",,7,0800",,,,,"  256",",,7","   89",",,7",,,,,"  128",",,7,0800",,
"USC00040176","2020-03-19","34.5594","-115.7443","200.6","AMBOY, CA US","    0",",,7,0800",,,,,"  167",",,7","   61",",,7",,,,,"   78",",,7,0800",,
"USC00040176","2020-03-22","34.5594","-115.7443","200.6","AMBOY, CA US","    0",",,7,0800",,,,,"  233",",,7","   61",",,7",,,,,"  133",",,7,0800",,
"USC00040176","2020-03-24","34.5594","-115.7443","200.6","AMBOY, CA US","    0",",,7,0800",,,,,"  244",",,7","  111",",,7",,,,,"  128",",,7,0800",,
"USC00040176","2020-03-29","34.5594","-115.7443","200.6","AMBOY, CA US","    0",",,7,0800",,,,,"  244",",,7",,,,,,,"  144",",,7,0800",,
"USC00040176","2020-04-05","34.5594","-115.7443","200.6","AMBOY, CA US","    0",",,7,0800",,,,,"  311",",,7",,,,,,,"  183",",,7,0800",,
"USC00040176","2020-04-06","34.5594","-115.7443","200.6","AMBOY, CA US","    0",",,7,0800",,,,,"  278",",,7",,,,,,,"  172",",,7,0800",,
"USC00040176","2020-04-07","34.5594","-115.7443","200.6","AMBOY, CA US","    0",",,7,0800",,,,,"  244",",,7","  106",",,7",,,,,"  133",",,7,0800",,
"USC00040176","2020-04-12","34.5594","-115.7443","200.6","AMBOY, CA US","    0",",,7,0800",,,,,"  256",",,7","   83",",,7",,,,,"  150",",,7,0800",,
"USC00040176","2020-04-13","34.5594","-115.7443","200.6","AMBOY, CA US","   48",",,7,0800",,,,,"  278",",,7","  144",",,7",,,,,"  183",",,7,0800",,
"USC00040176","2020-04-14","34.5594","-115.7443","200.6","AMBOY, CA US","    0",",,7,0800",,,,,"  272",",,7","  139",",,7",,,,,"  194",",,7,0800",,
"USC00040176","2020-04-19","34.5594","-115.7443","200.6","AMBOY, CA US","    0",",,7,0800",,,,,"  311",",,7",,,,,,,"  172",",,7,0800",,
"USC00040176","2020-04-20","34.5594","-115.7443","200.6","AMBOY, CA US","    0",",,7,0800",,,,,"  289",",,7","   50",",,7",,,,,"  194",",,7,0800",,
"USC00040176","2020-04-21","34.5594","-115.7443","200.6","AMBOY, CA US","    0",",,7,0800",,,,,"  283",",,7",,,,,,,"  189",",,7,0800",,
"USC00040176","2020-04-26","34.5594","-115.7443","200.6","AMBOY, CA US","    0",",,7,0800",,,,,"  378",",,7",,,,,,,"  256",",,7,0800",,
"USC00040176","2020-04-27","34.5594","-115.7443","200.6","AMBOY, CA US","    0",",,7,0800",,,,,"  394",",,7",,,,,,,"  267",",,7,0800",,
"USC00040176","2020-04-28","34.5594","-115.7443","200.6","AMBOY, CA US","    0",",,7,0800",,,,,"  378",",,7",,,,,,,"  256",",,7,0800",,
"USC00040176","2020-05-04","34.5594","-115.7443","200.6","AMBOY, CA US","    0",",,7,0800",,,,,"  367",",,7",,,,,,,"  233",",,7,0800",,
"USC00040176","2020-05-05","34.5594","-115.7443","200.6","AMBOY, CA US","    0",",,7,0800",,,,,"  367",",,7",,,,,,,"  194",",,7,0800",,
"USC00040176","2020-05-10","34.5594","-115.7443","200.6","AMBOY, CA US","    0","T,,7,0800",,,,,"  406",",,7",,,,,,,"  289",",,7,0800",,
"USC00040176","2020-05-11","34.5594","-115.7443","200.6","AMBOY, CA US","    0",",,7,0800",,,,,"  400",",,7",,,,,,,"  256",",,7,0800",,
"USC00040176","2020-05-12","34.5594","-115.7443","200.6","AMBOY, CA US","    0",",,7,0800",,,,,"  383",",,7",,,,,,,"  244",",,7,0800",,
"USC00040176","2020-05-17","34.5594","-115.7443","200.6","AMBOY, CA US","    0",",,7,0800",,,,,"  372",",,7",,,,,,,"  283",",,7,0800",,
"USC00040176","2020-05-18","34.5594","-115.7443","200.6","AMBOY, CA US","    0",",,7,0800",,,,,"  383",",,7",,,,,,,"  272",",,7,0800",,
"USC00040176","2020-05-19","34.5594","-115.7443","200.6","AMBOY, CA US","    0",",,7,0800",,,,,,,,,,,,,"  194",",,7,0800",,
"USC00040176","2020-05-24","34.5594","-115.7443","200.6","AMBOY, CA US","    0",",,7,0800",,,,,"  367",",,7",,,,,,,"  233",",,7,0800",,
"USC00040176","2020-05-25","34.5594","-115.7443","200.6","AMBOY, CA US","    0",",,7,0800",,,,,"  350",",,7",,,,,,,"  267",",,7,0800",,
"USC00040176","2020-05-31","34.5594","-115.7443","200.6","AMBOY, CA US","    0",",,7,0800",,,,,"  417",",,7",,,,,,,"  250",",,7,0800",,
"USC00040176","2020-06-01","34.5594","-115.7443","200.6","AMBOY, CA US","    0",",,7,0800",,,,,"  417",",,7",,,,,,,"  278",",,7,0800",,
"USC00040176","2023-07-01","34.5594","-115.7443","200.6","AMBOY, CA US","    0",",,7,","    0",",,7",,,,,,,,,,,,,,
"USC00040176","2023-07-02","34.5594","-115.7443","200.6","AMBOY, CA US","    0",",,7,0900","    0",",,7",,,,,,,,,,,,,,
"USC00040176","2023-07-03","34.5594","-115.7443","200.6","AMBOY, CA US","    0",",,7,0900","    0",",,7",,,,,,,,,,,,,,
"USC00040176","2023-07-04","34.5594","-115.7443","200.6","AMBOY, CA US","    0",",,7,0900","    0",",,7",,,,,,,,,,,,,,
"USC00040176","2023-07-05","34.5594","-115.7443","200.6","AMBOY, CA US","    0",",,7,0900","    0",",,7",,,,,,,,,,,,,,
"USC00040176","2023-07-06","34.5594","-115.7443","200.6","AMBOY, CA US","    0",",,7,0900","    0",",,7",,,,,,,,,,,,,,
"USC00040176","2023-07-07","34.5594","-115.7443","200.6","AMBOY, CA US","    0",",,7,0900","    0",",,7",,,,,,,,,,,,,,
"USC00040176","2023-07-08","34.5594","-115.7443","200.6","AMBOY, CA US","    0",",,7,0900","    0",",,7",,,,,,,,,,,,,,
"USC00040176","2023-07-09","34.5594","-115.7443","200.6","AMBOY, CA US","    0",",,7,0900","    0",",,7",,,,,,,,,,,,,,
"USC00040176","2023-07-10","34.5594","-115.7443","200.6","AMBOY, CA US","    0",",,7,0900","    0",",,7",,,,,,,,,,,,,,
"USC00040176","2023-07-11","34.5594","-115.7443","200.6","AMBOY, CA US","    0",",,7,0900","    0",",,7",,,,,,,,,,,,,,
"USC00040176","2023-07-12","34.5594","-115.7443","200.6","AMBOY, CA US","    0",",,7,0900","    0",",,7",,,,,,,,,,,,,,
"USC00040176","2023-07-13","34.5594","-115.7443","200.6","AMBOY, CA US","    0",",,7,0900","    0",",,7",,,,,,,,,,,,,,
"USC00040176","2023-07-14","34.5594","-115.7443","200.6","AMBOY, CA US","    0",",,7,0900","    0",",,7",,,,,,,,,,,,,,
"USC00040176","2023-07-15","34.5594","-115.7443","200.6","AMBOY, CA US","    0",",,7,0900","    0",",,7",,,,,,,,,,,,,,
"USC00040176","2023-07-16","34.5594","-115.7443","200.6","AMBOY, CA US","    0",",,7,0900","    0",",,7",,,,,,,,,,,,,,
"USC00040176","2023-07-17","34.5594","-115.7443","200.6","AMBOY, CA US","    0",",,7,0900","    0",",,7",,,,,,,,,,,,,,
"USC00040176","2023-07-18","34.5594","-115.7443","200.6","AMBOY, CA US","    0",",,7,0900","    0",",,7",,,,,,,,,,,,,,
"USC00040176","2023-07-19","34.5594","-115.7443","200.6","AMBOY, CA US","    0",",,7,0900","    0",",,7",,,"  489",",,7","  317",",,7",,,,,"  372",",,7,0900",,
"USC00040176","2023-07-20","34.5594","-115.7443","200.6","AMBOY, CA US","    0",",,7,0900","    0",",,7",,,"  489",",,7","  311",",,7",,,,,,,,
"USC00040176","2023-07-21","34.5594","-115.7443","200.6","AMBOY, CA US","    0",",,7,0900","    0",",,7",,,"  494",",,7","  306",",,7",,,,,,,,
"USC00040176","2023-07-22","34.5594","-115.7443","200.6","AMBOY, CA US","    0",",,7,0900","    0",",,7",,,"  500",",,7","  317",",,7",,,,,,,,
"USC00040176","2023-07-23","34.5594","-115.7443","200.6","AMBOY, CA US","    0",",,7,0900","    0",",,7",,,"  489",",,7","  322",",,7",,,,,,,,
"USC00040176","2023-07-24","34.5594","-115.7443","200.6","AMBOY, CA US","    0","T,,7,0900","    0",",,7",,,"  489",",,7","  311",",,7",,,,,,,,
"USC00040176","2023-07-25","34.5594","-115.7443","200.6","AMBOY, CA US","    0",",,7,0900","    0",",,7",,,"  489",",,7","  311",",,7",,,,,,,,
"USC00040176","2023-07-26","34.5594","-115.7443","200.6","AMBOY, CA US","    0",",,7,0900","    0",",,7",,,"  500",",,7","  311",",,7",,,,,"  378",",,7,0900",,
"USC00040176","2023-07-27","34.5594","-115.7443","200.6","AMBOY, CA US","    0",",,7,0900","    0",",,7",,,"  489",",,7","  322",",,7",,,,,"  356",",,7,0900",,
"USC00040176","2023-07-28","34.5594","-115.7443","200.6","AMBOY, CA US","    0",",,7,0900","    0",",,7",,,"  483",",,7","  322",",,7",,,,,"  367",",,7,0900",,
"USC00040176","2023-07-29","34.5594","-115.7443","200.6","AMBOY, CA US","    0",",,7,0900","    0",",,7",,,"  483",",,7","  328",",,7",,,,,"  356",",,7,0900",,
"USC00040176","2023-07-30","34.5594","-115.7443","200.6","AMBOY, CA US","    0",",,7,0900","    0",",,7",,,"  483",",,7","  344",",,7",,,,,"  378",",,7,0900",,
"USC00040176","2023-07-31","34.5594","-115.7443","200.6","AMBOY, CA US","    0",",,7,0900","    0",",,7",,,"  433",",,7","  317",",,7",,,,,"  328",",,7,0900",,
"USC00040176","2023-08-01","34.5594","-115.7443","200.6","AMBOY, CA US","    0","T,,7,0900","    0",",,7",,,"  422",",,7","  317",",,7",,,,,"  344",",,7,0900",,
"USC00040176","2023-08-02","34.5594","-115.7443","200.6","AMBOY, CA US","    0",",,7,0900","    0",",,7",,,"  422",",,7","  311",",,7",,,,,"  350",",,7,0900",,
"USC00040176","2023-08-03","34.5594","-115.7443","200.6","AMBOY, CA US","    0",",,7,0900","    0",",,7",,,"  444",",,7","  289",",,7",,,,,"  322",",,7,0900",,
"USC00040176","2023-08-04","34.5594","-115.7443","200.6","AMBOY, CA US","    0",",,7,0900","    0",",,7",,,,,,,,,,,,,,
"USC00040176","2023-08-05","34.5594","-115.7443","200.6","AMBOY, CA US","    0",",,7,0900","    0",",,7",,,,,,,,,,,,,,
"USC00040176","2023-08-06","34.5594","-115.7443","200.6","AMBOY, CA US","    0",",,7,0900","    0",",,7",,,,,,,,,,,,,,
"USC00040176","2023-08-07","34.5594","-115.7443","200.6","AMBOY, CA US","    0",",,7,0900","    0",",,7",,,,,,,,,,,,,,
"USC00040176","2023-08-08","34.5594","-115.7443","200.6","AMBOY, CA US","    0",",,7,0900","    0",",,7",,,"  456",",,7","  306",",,7",,,,,"  328",",,7,0900",,
"USC00040176","2023-08-09","34.5594","-115.7443","200.6","AMBOY, CA US","    0",",,7,0900","    0",",,7",,,"  439",",,7","  300",",,7",,,,,"  333",",,7,0900",,
"USC00040176","2023-08-10","34.5594","-115.7443","200.6","AMBOY, CA US","    0",",,7,0900","    0",",,7",,,,,,,,,,,,,,
"USC00040176","2023-08-11","34.5594","-115.7443","200.6","AMBOY, CA US",,,,,,,"  422",",,7","  278",",,7",,,,,,,,
"USC00040176","2023-08-12","34.5594","-115.7443","200.6","AMBOY, CA US",,,,,,,"  406",",,7","  294",",,7",,,,,,,,
"USC00040176","2023-08-13","34.5594","-115.7443","200.6","AMBOY, CA US",,,,,,,"  417",",,7","  272",",,7",,,,,,,,
"USC00040176","2023-08-14","34.5594","-115.7443","200.6","AMBOY, CA US",,,"    0",",,7",,,"  433",",,7","  250",",,7","    4",",,7","    0","T,,7","  300",",,7,0900",,
"USC00040176","2023-08-15","34.5594","-115.7443","200.6","AMBOY, CA US","    0",",,7,0900","    0",",,7",,,"  444",",,7","  300",",,7",,,,,"  356",",,7,0900",,
"USC00040176","2023-08-16","34.5594","-115.7443","200.6","AMBOY, CA US","    0",",,7,0900","    0",",,7",,,"  456",",,7","  322",",,7",,,,,"  356",",,7,0900",,
"USC00040176","2023-08-17","34.5594","-115.7443","200.6","AMBOY, CA US","    0",",,7,0900","    0",",,7",,,"  450",",,7","  311",",,7",,,,,"  328",",,7,0900",,
"USC00040176","2023-08-18","34.5594","-115.7443","200.6","AMBOY, CA US","    0",",,7,0900","    0",",,7",,,"  461",",,7","  306",",,7",,,,,,,,
"USC00040176","2023-08-19","34.5594","-115.7443","200.6","AMBOY, CA US","    0",",,7,0900","    0",",,7",,,"  433",",,7","  228",",,7",,,,,,,,
"USC00040176","2023-08-20","34.5594","-115.7443","200.6","AMBOY, CA US",,,"    0",",,7",,,"  272",",O,7","  222",",,7",,,,,,,,
"USC00040176","2023-08-21","34.5594","-115.7443","200.6","AMBOY, CA US",,,"    0",",,7",,,"  311",",,7","  211",",,7",,,,,,,,
"USC00040176","2023-08-22","34.5594","-115.7443","200.6","AMBOY, CA US",,,"    0",",,7",,,"  322",",,7","  217",",,7","    3",",,7","  419",",,7","  261",",,7,0900",,
"USC00040176","2023-08-23","34.5594","-115.7443","200.6","AMBOY, CA US","    0",",,7,0900","    0",",,7",,,"  372",",,7","  233",",,7",,,,,"  278",",,7,0900",,
"USC00040176","2023-08-24","34.5594","-115.7443","200.6","AMBOY, CA US","    0",",,7,0900","    0",",,7",,,"  406",",,7","  278",",,7",,,,,,,,
"USC00040176","2023-08-25","34.5594","-115.7443","200.6","AMBOY, CA US","    0",",,7,0900","    0",",,7",,,"  417",",,7","  283",",,7",,,,,,,,
"USC00040176","2023-08-26","34.5594","-115.7443","200.6","AMBOY, CA US","    0",",,7,0900","    0",",,7",,,"  428",",,7","  267",",,7",,,,,,,,
"USC00040176","2023-08-27","34.5594","-115.7443","200.6","AMBOY, CA US","    0",",,7,0900","    0",",,7",,,"  444",",,7","  289",",,7",,,,,,,,
"USC00040176","2023-08-28","34.5594","-115.7443","200.6","AMBOY, CA US","    0",",,7,0900","    0",",,7",,,"  450",",,7","  306",",,7",,,,,,,,
"USC00040176","2023-08-29","34.5594","-115.7443","200.6","AMBOY, CA US","    0",",,7,0900","    0",",,7",,,"  456",",,7","  294",",,7",,,,,,,,
"USC00040176","2023-08-30","34.5594","-115.7443","200.6","AMBOY, CA US","    0",",,7,0900","    0",",,7",,,"  472",",,7","  306",",,7",,,,,,,,
"USC00040176","2023-08-31","34.5594","-115.7443","200.6","AMBOY, CA US","    0",",,7,0900","    0",",,7",,,"  467",",,7","  294",",,7",,,,,,,,
"USC00040176","2023-09-01","34.5594","-115.7443","200.6","AMBOY, CA US",,,,,,,"  450",",,7","  300",",,7",,,,,,,,
"USC00040176","2023-09-02","34.5594","-115.7443","200.6","AMBOY, CA US",,,,,,,"  372",",,7","  233",",,7",,,,,,,,
"USC00040176","2023-09-03","34.5594","-115.7443","200.6","AMBOY, CA US",,,"    0",",,7",,,"  356",",,7","  244",",,7","    3",",,7","  188",",,7",,,,
"USC00040176","2023-09-04","34.5594","-115.7443","200.6","AMBOY, CA US","    0",",,7,0900","    0",",,7",,,"  389",",,7","  228",",,7",,,,,,,,
"USC00040176","2023-09-05","34.5594","-115.7443","200.6","AMBOY, CA US","    0",",,7,0900","    0",",,7",,,"  356",",,7","  228",",,7",,,,,,,,
"USC00040176","2023-09-06","34.5594","-115.7443","200.6","AMBOY, CA US","    0",",,7,0900","    0",",,7",,,"  372",",,7","  239",",,7",,,,,,,,
"USC00040176","2023-09-07","34.5594","-115.7443","200.6","AMBOY, CA US","    0",",,7,0900","    0",",,7",,,"  389",",,7","  239",",,7",,,,,,,,
"USC00040176","2023-09-08","34.5594","-115.7443","200.6","AMBOY, CA US","    0",",,7,0900","    0",",,7",,,"  411",",,7","  256",",,7",,,,,,,,
"USC00040176","2023-09-09","34.5594","-115.7443","200.6","AMBOY, CA US","    0",",,7,0900","    0",",,7",,,"  422",",,7","  344",",,7",,,,,,,,
"USC00040176","2023-09-10","34.5594","-115.7443","200.6","AMBOY, CA US","    0",",,7,0900","    0",",,7",,,"  444",",,7","  328",",,7",,,,,,,,
"USC00040176","2023-09-11","34.5594","-115.7443","200.6","AMBOY, CA US","    0",",,7,0900","    0",",,7",,,"  383",",,7","  256",",,7",,,,,,,,
"USC00040176","2023-09-12","34.5594","-115.7443","200.6","AMBOY, CA US","    0",",,7,0900","    0",",,7",,,"  389",",,7","  283",",,7",,,,,,,,
"USC00040176","2023-09-13","34.5594","-115.7443","200.6","AMBOY, CA US","    0",",,7,0900","    0",",,7",,,"  394",",,7","  261",",,7",,,,,"  294",",,7,0900",,
"USC00040176","2023-09-14","34.5594","-115.7443","200.6","AMBOY, CA US","    0",",,7,0900","    0",",,7",,,"  383",",,7","  250",",,7",,,,,,,,
"USC00040176","2023-09-15","34.5594","-115.7443","200.6","AMBOY, CA US","    0",",,7,0900","    0",",,7",,,"  378",",,7","  244",",,7",,,,,,,,
"USC00040176","2023-09-16","34.5594","-115.7443","200.6","AMBOY, CA US","    0",",,7,0900","    0",",,7",,,"  383",",,7","  239",",,7",,,,,,,,
"USC00040176","2023-09-17","34.5594","-115.7443","200.6","AMBOY, CA US","    0","T,,7,0900","    0",",,7",,,"  389",",,7","  222",",,7",,,,,,,,
"USC00040176","2023-09-18","34.5594","-115.7443","200.6","AMBOY, CA US","    0",",,7,0900","    0",",,7",,,"  389",",,7","  239",",,7",,,,,,,,
"USC00040176","2023-09-19","34.5594","-115.7443","200.6","AMBOY, CA US","    0",",,7,0900","    0",",,7",,,"  367",",,7","  217",",,7",,,,,,,,
"USC00040176","2023-09-20","34.5594","-115.7443","200.6","AMBOY, CA US","    0","T,,7,0900","    0",",,7",,,"  367",",,7","  222",",,7",,,,,,,,
"USC00040176","2023-09-21","34.5594","-115.7443","200.6","AMBOY, CA US","    0","T,,7,0900","    0",",,7",,,"  333",",,7","  206",",,7",,,,,,,,
"USC00040176","2023-09-22","34.5594","-115.7443","200.6","AMBOY, CA US","    0",",,7,0900","    0",",,7",,,"  333",",,7","  189",",,7",,,,,,,,
"USC00040176","2023-09-23","34.5594","-115.7443","200.6","AMBOY, CA US","    0","T,,7,0900","    0",",,7",,,"  328",",,7","  239",",,7",,,,,,,,
"USC00040176","2023-09-24","34.5594","-115.7443","200.6","AMBOY, CA US","    0",",,7,0900","    0",",,7",,,"  350",",,7","  194",",,7",,,,,,,,
"USC00040176","2023-09-25","34.5594","-115.7443","200.6","AMBOY, CA US","    0",",,7,0900","    0",",,7",,,"  372",",,7","  189",",,7",,,,,"  267",",,7,0900",,
"USC00040176","2023-09-26","34.5594","-115.7443","200.6","AMBOY, CA US","    0",",,7,0900","    0",",,7",,,"  378",",,7","  200",",,7",,,,,"  244",",,7,0900",,
"USC00040176","2023-09-27","34.5594","-115.7443","200.6","AMBOY, CA US","    0",",,7,0900","    0",",,7",,,"  389",",,7","  189",",,7",,,,,"  250",",,7,0900",,
"USC00040176","2023-09-28","34.5594","-115.7443","200.6","AMBOY, CA US","    0",",,7,0900","    0",",,7",,,"  372",",,7","  206",",,7",,,,,,,,
"USC00040176","2023-09-29","34.5594","-115.7443","200.6","AMBOY, CA US","    0",",,7,0900","    0",",,7",,,"  378",",,7","  178",",,7",,,,,"  239",",,7,0900",,
"USC00040176","2023-09-30","34.5594","-115.7443","200.6","AMBOY, CA US","    0",",,7,0900","    0",",,7",,,"  361",",,7","  194",",,7",,,,,,,,
"USC00040176","2023-10-01","34.5594","-115.7443","200.6","AMBOY, CA US","    0","T,,7,0900","    0",",,7",,,"  250",",,7","   94",",,7",,,,,"  156",",,7,0900",,
"USC00040176","2023-10-02","34.5594","-115.7443","200.6","AMBOY, CA US","    0",",,7,0900","    0",",,7",,,"  272",",,7","  156",",,7",,,,,"  189",",,7,0900",,
"USC00040176","2023-10-03","34.5594","-115.7443","200.6","AMBOY, CA US","    0",",,7,0900","    0",",,7",,,"  289",",,7","  161",",,7",,,,,"  200",",,7,0900",,
"USC00040176","2023-10-04","34.5594","-115.7443","200.6","AMBOY, CA US","    0",",,7,0900","    0",",,7",,,"  289",",,7","  172",",,7",,,,,"  211",",,7,0900",,
"USC00040176","2023-10-05","34.5594","-115.7443","200.6","AMBOY, CA US","    0",",,7,0900","    0",",,7",,,"  289",",,7","  178",",,7",,,,,"  228",",,7,0900",,
"USC00040176","2023-10-06","34.5594","-115.7443","200.6","AMBOY, CA US","    0",",,7,0900","    0",",,7",,,"  311",",,7","  189",",,7",,,,,"  267",",,7,0900",,
"USC00040176","2023-10-07","34.5594","-115.7443","200.6","AMBOY, CA US","    0",",,7,0900","    0",",,7",,,"  333",",,7","  172",",,7",,,,,"  267",",,7,0900",,
"USC00040176","2023-10-08","34.5594","-115.7443","200.6","AMBOY, CA US","    0",",,7,0900","    0",",,7",,,"  339",",,7","  200",",,7",,,,,"  278",",,7,0900",,
"USC00040176","2023-10-09","34.5594","-115.7443","200.6","AMBOY, CA US","    0",",,7,0900","    0",",,7",,,"  400",",,7","  222",",,7",,,,,"  233",",,7,0900",,
"USC00040176","2023-10-10","34.5594","-115.7443","200.6","AMBOY, CA US","    0",",,7,0900","    0",",,7",,,"  400",",,7","  189",",,7",,,,,"  228",",,7,0900",,
"USC00040176","2023-10-11","34.5594","-115.7443","200.6","AMBOY, CA US","    0","T,,7,0900","    0",",,7",,,"  322",",,7","  161",",,7",,,,,"  178",",,7,0900",,
"USC00040176","2023-10-12","34.5594","-115.7443","200.6","AMBOY, CA US","    0",",,7,0900","    0",",,7",,,"  267",",,7","  106",",,7",,,,,"  178",",,7,0900",,
"USC00040176","2023-10-13","34.5594","-115.7443","200.6","AMBOY, CA US","    0",",,7,0900","    0",",,7",,,"  239",",,7","  133",",,7",,,,,"  200",",,7,0900",,
"USC00040176","2023-10-14","34.5594","-115.7443","200.6","AMBOY, CA US","    0",",,7,0900","    0",",,7",,,"  256",",,7","  128",",,7",,,,,"  183",",,7,0900",,
"USC00040176","2023-10-15","34.5594","-115.7443","200.6","AMBOY, CA US","    0",",,7,0900","    0",",,7",,,"  272",",,7","  167",",,7",,,,,"  222",",,7,0900",,
"USC00040176","2023-10-16","34.5594","-115.7443","200.6","AMBOY, CA US","    0",",,7,0900","    0",",,7",,,"  317",",,7","  144",",,7",,,,,"  189",",,7,0900",,
"USC00040176","2023-10-17","34.5594","-115.7443","200.6","AMBOY, CA US","    0",",,7,0900","    0",",,7",,,"  344",",,7","  156",",,7",,,,,"  194",",,7,0900",,
"USC00040176","2023-10-18","34.5594","-115.7443","200.6","AMBOY, CA US","    0",",,7,0900","    0",",,7",,,"  378",",,7","  167",",,7",,,,,"  189",",,7,0900",,
"USC00040176","2023-10-19","34.5594","-115.7443","200.6","AMBOY, CA US","    0",",,7,0900","    0",",,7",,,,,,,,,,,,,,
"USC00040176","2023-10-20","34.5594","-115.7443","200.6","AMBOY, CA US","    0",",,7,0900","    0",",,7",,,"  389",",,7","  167",",,7",,,,,"  189",",,7,0900",,
"USC00040176","2023-10-21","34.5594","-115.7443","200.6","AMBOY, CA US","    0",",,7,0900","    0",",,7",,,"  400",",,7","  178",",,7",,,,,"  222",",,7,0900",,
"USC00040176","2023-10-22","34.5594","-115.7443","200.6","AMBOY, CA US","    0",",,7,0900","    0",",,7",,,"  389",",,7","  200",",,7",,,,,"  239",",,7,0900",,
"USC00040176","2023-10-23","34.5594","-115.7443","200.6","AMBOY, CA US","    0",",,7,0900","    0",",,7",,,"  350",",,7","  189",",,7",,,,,"  222",",,7,0900",,
"USC00040176","2023-10-25","34.5594","-115.7443","200.6","AMBOY, CA US",,,"    0",",,7",,,"  367",",,7","  133",",,7","    2",",,7","    0",",,7","  167",",,7,0900",,
"USC00040176","2023-10-26","34.5594","-115.7443","200.6","AMBOY, CA US","    0",",,7,0900","    0",",,7",,,"  322",",,7","  133",",,7",,,,,"  178",",,7,0900",,
"USC00040176","2023-10-27","34.5594","-115.7443","200.6","AMBOY, CA US","    0",",,7,0900","    0",",,7",,,"  317",",,7","  133",",,7",,,,,"  167",",,7,0900",,
"USC00040176","2023-10-28","34.5594","-115.7443","200.6","AMBOY, CA US","    0",",,7,0900","    0",",,7",,,"  300",",,7","  156",",,7",,,,,"  183",",,7,0900",,
"USC00040176","2023-10-29","34.5594","-115.7443","200.6","AMBOY, CA US","    0",",,7,0900","    0",",,7",,,"  261",",,7","  117",",,7",,,,,"  144",",,7,0900",,
"USC00040176","2023-10-31","34.5594","-115.7443","200.6","AMBOY, CA US",,,"    0",",,7",,,"  261",",,7","  100",",,7","    2",",,7","    0",",,7","  144",",,7,0900",,
"USC00040176","2023-11-01","34.5594","-115.7443","200.6","AMBOY, CA US","    0",",,7,0900","    0",",,7",,,"  272",",,7","   44",",,7",,,,,"   67",",,7,0900",,
"USC00040176","2023-11-02","34.5594","-115.7443","200.6","AMBOY, CA US","    0",",,7,0900","    0",",,7",,,"  272",",,7","   67",",,7",,,,,"  106",",,7,0900",,
"USC00040176","2023-11-03","34.5594","-115.7443","200.6","AMBOY, CA US","    0",",,7,0900","    0",",,7",,,"  289",",,7","   78",",,7",,,,,"  117",",,7,0900",,
"USC00040176","2023-11-04","34.5594","-115.7443","200.6","AMBOY, CA US","    0",",,7,0900","    0",",,7",,,"  300",",,7","   78",",,7",,,,,"  128",",,7,0900",,
"USC00040176","2023-11-05","34.5594","-115.7443","200.6","AMBOY, CA US","    0",",,7,0900","    0",",,7",,,"  306",",,7","   89",",,7",,,,,"  172",",,7,0900",,
"USC00040176","2023-11-06","34.5594","-115.7443","200.6","AMBOY, CA US","    0",",,7,0900","    0",",,7",,,"  294",",,7","  106",",,7",,,,,"  172",",,7,0900",,
"USC00040176","2023-11-07","34.5594","-115.7443","200.6","AMBOY, CA US","    0",",,7,0900","    0",",,7",,,"  300",",,7","  150",",,7",,,,,"  172",",,7,0900",,
"USC00040176","2023-11-08","34.5594","-115.7443","200.6","AMBOY, CA US","    0",",,7,0900","    0",",,7",,,"  267",",,7","  139",",,7",,,,,"  183",",,7,0900",,
"USC00040176","2023-11-09","34.5594","-115.7443","200.6","AMBOY, CA US","    0",",,7,0900","    0",",,7",,,"  244",",,7","   83",",,7",,,,,"  128",",,7,0900",,
"USC00040176","2023-11-10","34.5594","-115.7443","200.6","AMBOY, CA US","    0",",,7,0900","    0",",,7",,,"  239",",,7","   56",",,7",,,,,"  133",",,7,0900",,
"USC00040176","2023-11-11","34.5594","-115.7443","200.6","AMBOY, CA US","    0",",,7,0900","    0",",,7",,,"  228",",,7","   56",",,7",,,,,"  122",",,7,0900",,
"USC00040176","2023-11-12","34.5594","-115.7443","200.6","AMBOY, CA US","    0",",,7,0900","    0",",,7",,,"  267",",,7","   67",",,7",,,,,"  117",",,7,0900",,
"USC00040176","2023-11-13","34.5594","-115.7443","200.6","AMBOY, CA US","    0",",,7,0900","    0",",,7",,,"  267",",,7","   78",",,7",,,,,"  111",",,7,0900",,
"USC00040176","2023-11-14","34.5594","-115.7443","200.6","AMBOY, CA US","    0",",,7,0900","    0",",,7",,,"  272",",,7","   78",",,7",,,,,"  128",",,7,0900",,
"USC00040176","2023-11-15","34.5594","-115.7443","200.6","AMBOY, CA US","    0",",,7,0900","    0",",,7",,,"  256",",,7","   78",",,7",,,,,,,,
"USC00040176","2023-11-16","34.5594","-115.7443","200.6","AMBOY, CA US","   23",",,7,0900","    0",",,7",,,"  239",",,7","  106",",,7",,,,,"  139",",,7,0900",,
"USC00040176","2023-11-17","34.5594","-115.7443","200.6","AMBOY, CA US","    0",",,7,0900","    0",",,7",,,"  233",",,7","   89",",,7",,,,,"  128",",,7,0900",,
"USC00040176","2023-11-18","34.5594","-115.7443","200.6","AMBOY, CA US","    0","T,,7,0900","    0",",,7",,,"  222",",,7","   89",",,7",,,,,"  128",",,7,0900",,
"USC00040176","2023-11-19","34.5594","-115.7443","200.6","AMBOY, CA US","    0","T,,7,0900","    0",",,7",,,"  244",",,7","  117",",,7",,,,,"  178",",,7,0900",,
"USC00040176","2023-11-20","34.5594","-115.7443","200.6","AMBOY, CA US","    0",",,7,0900","    0",",,7",,,"  233",",,7","   89",",,7",,,,,"  122",",,7,0900",,
"USC00040176","2023-11-21","34.5594","-115.7443","200.6","AMBOY, CA US","    0",",,7,0900","    0",",,7",,,"  189",",,7","   78",",,7",,,,,"  139",",,7,0900",,
"USC00040176","2023-11-22","34.5594","-115.7443","200.6","AMBOY, CA US","    0",",,7,0900","    0",",,7",,,"  228",",,7","   56",",,7",,,,,"  106",",,7,0900",,
"USC00040176","2023-11-23","34.5594","-115.7443","200.6","AMBOY, CA US","    0",",,7,0900","    0",",,7",,,"  244",",,7","   89",",,7",,,,,"  100",",,7,0900",,
"USC00040176","2023-11-24","34.5594","-115.7443","200.6","AMBOY, CA US","    0",",,7,0900","    0",",,7",,,"  217",",,7","  100",",,7",,,,,"  144",",,7,0900",,
"USC00040176","2023-11-25","34.5594","-115.7443","200.6","AMBOY, CA US","    0",",,7,0900","    0",",,7",,,"  217",",,7","   56",",,7",,,,,"   94",",,7,0900",,
"USC00040176","2023-11-26","34.5594","-115.7443","200.6","AMBOY, CA US","    0",",,7,0900","    0",",,7",,,"  189",",,7","   39",",,7",,,,,"   61",",,7,0900",,
"USC00040176","2023-11-27","34.5594","-115.7443","200.6","AMBOY, CA US","    0",",,7,0900","    0",",,7",,,"  183",",,7","   61",",,7",,,,,,,,
"USC00040176","2023-11-28","34.5594","-115.7443","200.6","AMBOY, CA US","    0",",,7,0900","    0",",,7",,,"  211",",,7","   50",",,7",,,,,,,,
"USC00040176","2023-11-29","34.5594","-115.7443","200.6","AMBOY, CA US","    0",",,7,0900","    0",",,7",,,"  228",",,7","   56",",,7",,,,,,,,
"USC00040176","2023-11-30","34.5594","-115.7443","200.6","AMBOY, CA US","    0",",,7,0900","    0",",,7",,,"  217",",,7","   78",",,7",,,,,,,,
"USC00040176","2023-12-01","34.5594","-115.7443","200.6","AMBOY, CA US","    0",",,7,0900","    0",",,7",,,"  167",",,7","   78",",,7",,,,,,,,
"USC00040176","2023-12-02","34.5594","-115.7443","200.6","AMBOY, CA US","    0",",,7,0900","    0",",,7",,,"  172",",,7","   39",",,7",,,,,,,,
"USC00040176","2023-12-03","34.5594","-115.7443","200.6","AMBOY, CA US","    0",",,7,0900","    0",",,7",,,"  194",",,7","   44",",,7",,,,,,,,
"USC00040176","2023-12-04","34.5594","-115.7443","200.6","AMBOY, CA US","    0",",,7,0900","    0",",,7",,,"  211",",,7","   61",",,7",,,,,,,,
"USC00040176","2023-12-05","34.5594","-115.7443","200.6","AMBOY, CA US","    0",",,7,0900","    0",",,7",,,"  217",",,7","   61",",,7",,,,,,,,
"USC00040176","2023-12-06","34.5594","-115.7443","200.6","AMBOY, CA US","    0",",,7,0900","    0",",,7",,,"  217",",,7","   78",",,7",,,,,,,,
"USC00040176","2023-12-07","34.5594","-115.7443","200.6","AMBOY, CA US","    0",",,7,0900","    0",",,7",,,"  211",",,7","   78",",,7",,,,,,,,
"USC00040176","2023-12-08","34.5594","-115.7443","200.6","AMBOY, CA US","    0",",,7,0900","    0",",,7",,,"  167",",,7","   44",",,7",,,,,,,,
"USC00040176","2023-12-09","34.5594","-115.7443","200.6","AMBOY, CA US","    0",",,7,0900","    0",",,7",,,"  183",",,7","   44",",,7",,,,,,,,
"USC00040176","2023-12-10","34.5594","-115.7443","200.6","AMBOY, CA US","    0",",,7,0900","    0",",,7",,,"  150",",,7","   28",",,7",,,,,,,,
"USC00040176","2023-12-11","34.5594","-115.7443","200.6","AMBOY, CA US","    0",",,7,0900","    0",",,7",,,"  172",",,7","   50",",,7",,,,,,,,
"USC00040176","2023-12-12","34.5594","-115.7443","200.6","AMBOY, CA US","    0",",,7,0900","    0",",,7",,,"  189",",,7","   44",",,7",,,,,,,,
"USC00040176","2023-12-13","34.5594","-115.7443","200.6","AMBOY, CA US","    0",",,7,0900","    0",",,7",,,"  189",",,7","   44",",,7",,,,,,,,
"USC00040176","2023-12-14","34.5594","-115.7443","200.6","AMBOY, CA US","    0",",,7,0900","    0",",,7",,,"  172",",,7","   39",",,7",,,,,,,,
"USC00040176","2023-12-15","34.5594","-115.7443","200.6","AMBOY, CA US","    0",",,7,0900","    0",",,7",,,"  183",",,7","   22",",,7",,,,,,,,
"USC00040176","2023-12-16","34.5594","-115.7443","200.6","AMBOY, CA US","    0",",,7,0900","    0",",,7",,,"  206",",,7","   44",",,7",,,,,,,,
"USC00040176","2023-12-17","34.5594","-115.7443","200.6","AMBOY, CA US","    0",",,7,0900","    0",",,7",,,"  211",",,7","   44",",,7",,,,,,,,
"USC00040176","2023-12-18","34.5594","-115.7443","200.6","AMBOY, CA US","    0",",,7,0900","    0",",,7",,,"  211",",,7","   44",",,7",,,,,,,,
"USC00040176","2023-12-19","34.5594","-115.7443","200.6","AMBOY, CA US","    0",",,7,0900","    0",",,7",,,"  183",",,7","   67",",,7",,,,,,,,
"USC00040176","2023-12-20","34.5594","-115.7443","200.6","AMBOY, CA US","    0",",,7,0900","    0",",,7",,,"  200",",,7","   61",",,7",,,,,,,,
"USC00040176","2023-12-21","34.5594","-115.7443","200.6","AMBOY, CA US","    0",",,7,0900","    0",",,7",,,"  200",",,7","   83",",,7",,,,,,,,
"USC00040176","2023-12-22","34.5594","-115.7443","200.6","AMBOY, CA US","   56",",,7,0900","    0",",,7",,,"  189",",,7","  100",",,7",,,,,,,,
"USC00040176","2023-12-23","34.5594","-115.7443","200.6","AMBOY, CA US","   53",",,7,0900","    0",",,7",,,"  156",",,7","   78",",,7",,,,,,,,
"USC00040176","2023-12-24","34.5594","-115.7443","200.6","AMBOY, CA US","    0",",,7,0900","    0",",,7",,,"  183",",,7","   56",",,7",,,,,,,,
"USC00040176","2023-12-25","34.5594","-115.7443","200.6","AMBOY, CA US","    0",",,7,0900","    0",",,7",,,"  156",",,7","   39",",,7",,,,,,,,
"USC00040176","2023-12-26","34.5594","-115.7443","200.6","AMBOY, CA US","    0",",,7,0900","    0",",,7",,,"  178",",,7","   50",",,7",,,,,,,,
"USC00040176","2023-12-27","34.5594","-115.7443","200.6","AMBOY, CA US","    0",",,7,0900","    0",",,7",,,"  178",",,7","   56",",,7",,,,,,,,
"USC00040176","2023-12-28","34.5594","-115.7443","200.6","AMBOY, CA US","    0",",,7,0900","    0",",,7",,,"  183",",,7","   56",",,7",,,,,,,,
"USC00040176","2023-12-29","34.5594","-115.7443","200.6","AMBOY, CA US","    0",",,7,0900","    0",",,7",,,"  206",",,7","   50",",,7",,,,,,,,
"USC00040176","2023-12-30","34.5594","-115.7443","200.6","AMBOY, CA US","    0",",,7,0900","    0",",,7",,,"  178",",,7","   44",",,7",,,,,,,,
"USC00040176","2023-12-31","34.5594","-115.7443","200.6","AMBOY, CA US","    0","T,,7,0900","    0",",,7",,,"  172",",,7","   50",",,7",,,,,,,,
"USC00040176","2024-01-01","34.5594","-115.7443","200.6","AMBOY, CA US","    0",",,7,0900","    0",",,7",,,"  189",",,7","   22",",,7",,,,,,,,
"USC00040176","2024-01-02","34.5594","-115.7443","200.6","AMBOY, CA US","    0",",,7,0900","    0",",,7",,,"  206",",,7","   44",",,7",,,,,,,,
"USC00040176","2024-01-03","34.5594","-115.7443","200.6","AMBOY, CA US","    0",",,7,0900","    0",",,7",,,"  139",",,7","   44",",,7",,,,,,,,
"USC00040176","2024-01-04","34.5594","-115.7443","200.6","AMBOY, CA US","   20",",,7,0900","    0",",,7",,,"  183",",,7","   67",",,7",,,,,,,,
"USC00040176","2024-01-05","34.5594","-115.7443","200.6","AMBOY, CA US","    0",",,7,0900","    0",",,7",,,"  172",",,7","   39",",,7",,,,,,,,
"USC00040176","2024-01-06","34.5594","-115.7443","200.6","AMBOY, CA US","    0",",,7,0900","    0",",,7",,,"  150",",,7","   17",",,7",,,,,,,,
"USC00040176","2024-01-07","34.5594","-115.7443","200.6","AMBOY, CA US","    5",",,7,0900","    0",",,7",,,"  144",",,7","   44",",,7",,,,,,,,
"USC00040176","2024-01-08","34.5594","-115.7443","200.6","AMBOY, CA US","    0",",,7,0900","    0",",,7",,,"  139",",,7","   22",",,7",,,,,,,,
"USC00040176","2024-01-09","34.5594","-115.7443","200.6","AMBOY, CA US","    0",",,7,0900","    0",",,7",,,"  139",",,7","    0",",,7",,,,,,,,
"USC00040176","2024-01-10","34.5594","-115.7443","200.6","AMBOY, CA US","    0",",,7,0900","    0",",,7",,,"  150",",,7","   22",",,7",,,,,,,,
"USC00040176","2024-01-11","34.5594","-115.7443","200.6","AMBOY, CA US","    0",",,7,0900","    0",",,7",,,"  144",",,7","   39",",,7",,,,,,,,
"USC00040176","2024-01-12","34.5594","-115.7443","200.6","AMBOY, CA US","    0","T,,7,0900","    0",",,7",,,"  133",",,7","  -11",",,7",,,,,,,,
"USC00040176","2024-01-13","34.5594","-115.7443","200.6","AMBOY, CA US","    0",",,7,0900","    0",",,7",,,"  156",",,7","   28",",,7",,,,,,,,
"USC00040176","2024-01-14","34.5594","-115.7443","200.6","AMBOY, CA US","    0",",,7,0900","    0",",,7",,,"  178",",,7",,,,,,,,,,
"USC00040176","2024-01-15","34.5594","-115.7443","200.6","AMBOY, CA US","    0",",,7,0900","    0",",,7",,,"  217",",,7",,,,,,,,,,
"USC00040176","2024-01-16","34.5594","-115.7443","200.6","AMBOY, CA US","    0",",,7,0900","    0",",,7",,,"  211",",,7",,,,,,,,,,
"USC00040176","2024-01-17","34.5594","-115.7443","200.6","AMBOY, CA US","    0",",,7,0900","    0",",,7",,,"  189",",,7",,,,,,,,,,
"USC00040176","2024-01-18","34.5594","-115.7443","200.6","AMBOY, CA US","    0",",,7,0900","    0",",,7",,,"  222",",,7",,,,,,,,,,
"USC00040176","2024-01-19","34.5594","-115.7443","200.6","AMBOY, CA US","    0",",,7,0900","    0",",,7",,,"  178",",,7",,,,,,,,,,
"USC00040176","2024-01-20","34.5594","-115.7443","200.6","AMBOY, CA US","    0",",,7,0900","    0",",,7",,,"  200",",,7",,,,,,,,,,
"USC00040176","2024-01-21","34.5594","-115.7443","200.6","AMBOY, CA US","   30",",,7,0900","    0",",,7",,,"  167",",,7",,,,,,,,,,
"USC00040176","2024-01-22","34.5594","-115.7443","200.6","AMBOY, CA US","    5",",,7,0900","    0",",,7",,,"  144",",,7",,,,,,,,,,
"USC00040176","2024-01-23","34.5594","-115.7443","200.6","AMBOY, CA US","   79",",,7,0900","    0",",,7",,,"  183",",,7",,,,,,,,,,
"USC00040176","2024-01-24","34.5594","-115.7443","200.6","AMBOY, CA US","    0",",,7,0900","    0",",,7",,,"  161",",,7",,,,,,,,,,
"USC00040176","2024-01-25","34.5594","-115.7443","200.6","AMBOY, CA US","    0",",,7,0900","    0",",,7",,,"  206",",,7",,,,,,,,,,
"USC00040176","2024-01-26","34.5594","-115.7443","200.6","AMBOY, CA US","    0",",,7,0900","    0",",,7",,,"  194",",,7",,,,,,,,,,
"USC00040176","2024-01-27","34.5594","-115.7443","200.6","AMBOY, CA US","    0",",,7,0900","    0",",,7",,,"  217",",,7",,,,,,,,,,
"USC00040176","2024-01-28","34.5594","-115.7443","200.6","AMBOY, CA US","    0",",,7,0900","    0",",,7",,,"  217",",,7",,,,,,,,,,
"USC00040176","2024-01-29","34.5594","-115.7443","200.6","AMBOY, CA US","    0",",,7,0900","    0",",,7",,,"  244",",,7",,,,,,,,,,
"USC00040176","2024-01-30","34.5594","-115.7443","200.6","AMBOY, CA US","    0",",,7,0900","    0",",,7",,,"  267",",,7",,,,,,,,,,
"USC00040176","2024-01-31","34.5594","-115.7443","200.6","AMBOY, CA US","    0",",,7,0900","    0",",,7",,,"  250",",,7",,,,,,,,,,
"USC00040176","2024-02-01","34.5594","-115.7443","200.6","AMBOY, CA US","    0",",,7,0900","    0",",,7",,,"  206",",,7",,,,,,,,,,
"USC00040176","2024-02-02","34.5594","-115.7443","200.6","AMBOY, CA US",,,,,,,"  139",",,7",,,,,,,,,,
"USC00040176","2024-02-03","34.5594","-115.7443","200.6","AMBOY, CA US",,,,,,,"  161",",,7",,,,,,,,,,
"USC00040176","2024-02-04","34.5594","-115.7443","200.6","AMBOY, CA US",,,,,,,"  150",",,7",,,,,,,,,,
"USC00040176","2024-02-05","34.5594","-115.7443","200.6","AMBOY, CA US",,,,,,,"  167",",,7",,,,,,,,,,
"USC00040176","2024-02-06","34.5594","-115.7443","200.6","AMBOY, CA US",,,,,,,"  150",",,7",,,,,,,,,,
"USC00040176","2024-02-07","34.5594","-115.7443","200.6","AMBOY, CA US",,,,,,,"  122",",,7",,,,,,,,,,
"USC00040176","2024-02-08","34.5594","-115.7443","200.6","AMBOY, CA US",,,"    0",",,7",,,"  150",",,7",,,"    7",",,7","   86",",,7",,,,
"USC00040176","2024-02-09","34.5594","-115.7443","200.6","AMBOY, CA US",,,,,,,"  133",",,7",,,,,,,,,,
"USC00040176","2024-02-10","34.5594","-115.7443","200.6","AMBOY, CA US",,,,,,,"  111",",,7",,,,,,,,,,
"USC00040176","2024-02-11","34.5594","-115.7443","200.6","AMBOY, CA US",,,"    0",",,7",,,"  117",",,7",,,"    3",",,7","    8",",,7",,,,
"USC00040176","2024-02-12","34.5594","-115.7443","200.6","AMBOY, CA US","    0",",,7,0900","    0",",,7",,,"  128",",,7",,,,,,,,,,
"USC00040176","2024-02-13","34.5594","-115.7443","200.6","AMBOY, CA US","    0",",,7,0900","    0",",,7",,,"  150",",,7",,,,,,,,,,
"USC00040176","2024-02-14","34.5594","-115.7443","200.6","AMBOY, CA US","    0",",,7,0900","    0",",,7",,,"  172",",,7",,,,,,,,,,
"USC00040176","2024-02-15","34.5594","-115.7443","200.6","AMBOY, CA US","    0",",,7,0900","    0",",,7",,,"  178",",,7",,,,,,,,,,
"USC00040176","2024-02-16","34.5594","-115.7443","200.6","AMBOY, CA US","    0",",,7,0900","    0",",,7",,,"  206",",,7",,,,,,,,,,
"USC00040176","2024-02-17","34.5594","-115.7443","200.6","AMBOY, CA US","    0",",,7,0900","    0",",,7",,,"  194",",,7",,,,,,,,,,
"USC00040176","2024-02-18","34.5594","-115.7443","200.6","AMBOY, CA US","    0",",,7,0900","    0",",,7",,,"  217",",,7",,,,,,,,,,
"USC00040176","2024-02-19","34.5594","-115.7443","200.6","AMBOY, CA US","    0",",,7,0900","    0",",,7",,,"  206",",,7",,,,,,,,,,
"USC00040176","2024-02-20","34.5594","-115.7443","200.6","AMBOY, CA US","    0",",,7,0900","    0",",,7",,,"  206",",,7",,,,,,,,,,
"USC00040176","2024-02-21","34.5594","-115.7443","200.6","AMBOY, CA US","    0","T,,7,0900","    0",",,7",,,"  156",",,7",,,,,,,,,,
"USC00040176","2024-02-22","34.5594","-115.7443","200.6","AMBOY, CA US","    0","T,,7,0900","    0",",,7",,,"  183",",,7",,,,,,,,,,
"USC00040176","2024-02-23","34.5594","-115.7443","200.6","AMBOY, CA US","    0",",,7,0900","    0",",,7",,,"  194",",,7",,,,,,,,,,
"USC00040176","2024-02-24","34.5594","-115.7443","200.6","AMBOY, CA US","    0",",,7,0900","    0",",,7",,,"  200",",,7",,,,,,,,,,
"USC00040176","2024-02-25","34.5594","-115.7443","200.6","AMBOY, CA US","    0",",,7,0900","    0",",,7",,,"  206",",,7",,,,,,,,,,
"USC00040176","2024-02-26","34.5594","-115.7443","200.6","AMBOY, CA US","    0",",,7,0900","    0",",,7",,,"  233",",,7",,,,,,,,,,
"USC00040176","2024-02-27","34.5594","-115.7443","200.6","AMBOY, CA US","    0",",,7,0900","    0",",,7",,,"  194",",,7",,,,,,,,,,
"USC00040176","2024-02-28","34.5594","-115.7443","200.6","AMBOY, CA US","    0",",,7,0900","    0",",,7",,,"  217",",,7",,,,,,,,,,
"USC00040176","2024-02-29","34.5594","-115.7443","200.6","AMBOY, CA US","    0",",,7,0900","    0",",,7",,,"  217",",,7",,,,,,,,,,
"USC00040176","2024-03-01","34.5594","-115.7443","200.6","AMBOY, CA US","    0",",,7,0900","    0",",,7",,,"  233",",,7",,,,,,,,,,
"USC00040176","2024-03-02","34.5594","-115.7443","200.6","AMBOY, CA US","    0",",,7,0900","    0",",,7",,,"  217",",,7",,,,,,,,,,
"USC00040176","2024-03-03","34.5594","-115.7443","200.6","AMBOY, CA US","    0",",,7,0900","    0",",,7",,,"  200",",,7",,,,,,,,,,
"USC00040176","2024-03-04","34.5594","-115.7443","200.6","AMBOY, CA US","    0",",,7,0900","    0",",,7",,,"  200",",,7",,,,,,,,,,
"USC00040176","2024-03-05","34.5594","-115.7443","200.6","AMBOY, CA US","    0",",,7,0900","    0",",,7",,,"  217",",,7",,,,,,,,,,
"USC00040176","2024-03-06","34.5594","-115.7443","200.6","AMBOY, CA US","    0","T,,7,0900","    0",",,7",,,"  217",",,7",,,,,,,,,,
"USC00040176","2024-03-07","34.5594","-115.7443","200.6","AMBOY, CA US","    5",",,7,0900","    0",",,7",,,"  194",",,7",,,,,,,,,,
"USC00040176","2024-03-08","34.5594","-115.7443","200.6","AMBOY, CA US","   10",",,7,0900","    0",",,7",,,"  172",",,7",,,,,,,,,,
"USC00040176","2024-03-09","34.5594","-115.7443","200.6","AMBOY, CA US","    0",",,7,0900","    0",",,7",,,"  189",",,7",,,,,,,,,,
"USC00040176","2024-03-10","34.5594","-115.7443","200.6","AMBOY, CA US","    0",",,7,0900","    0",",,7",,,"  194",",,7",,,,,,,,,,
"USC00040176","2024-03-11","34.5594","-115.7443","200.6","AMBOY, CA US","    0",",,7,0900","    0",",,7",,,"  211",",,7",,,,,,,,,,
"USC00040176","2024-03-12","34.5594","-115.7443","200.6","AMBOY, CA US","    0",",,7,0900","    0",",,7",,,"  222",",,7",,,,,,,,,,
"USC00040176","2024-03-13","34.5594","-115.7443","200.6","AMBOY, CA US","    0",",,7,0900","    0",",,7",,,"  228",",,7",,,,,,,,,,
"USC00040176","2024-03-14","34.5594","-115.7443","200.6","AMBOY, CA US","    0",",,7,0900","    0",",,7",,,"  200",",,7",,,,,,,,,,
"USC00040176","2024-03-15","34.5594","-115.7443","200.6","AMBOY, CA US","    8",",,7,0900","    0",",,7",,,"  133",",,7",,,,,,,"  100",",,7,0900",,
"USC00040176","2024-03-16","34.5594","-115.7443","200.6","AMBOY, CA US","   43",",,7,0900","    0",",,7",,,"  117",",,7",,,,,,,"   72",",,7,0900",,
"USC00040176","2024-03-17","34.5594","-115.7443","200.6","AMBOY, CA US","   41",",,7,0900","    0",",,7",,,"  128",",,7",,,,,,,"  106",",,7,0900",,
"USC00040176","2024-03-18","34.5594","-115.7443","200.6","AMBOY, CA US","    0",",,7,0900","    0",",,7",,,"  189",",,7",,,,,,,"  139",",,7,0900",,
"USC00040176","2024-03-19","34.5594","-115.7443","200.6","AMBOY, CA US","    0",",,7,0900","    0",",,7",,,"  211",",,7",,,,,,,"  144",",,7,0900",,
"USC00040176","2024-03-20","34.5594","-115.7443","200.6","AMBOY, CA US","    0",",,7,0900","    0",",,7",,,"  222",",,7","   61",",,7",,,,,"  156",",,7,0900",,
"USC00040176","2024-03-21","34.5594","-115.7443","200.6","AMBOY, CA US","    0",",,7,0900","    0",",,7",,,"  256",",,7",,,,,,,"  183",",,7,0900",,
"USC00040176","2024-03-22","34.5594","-115.7443","200.6","AMBOY, CA US","    0",",,7,0900","    0",",,7",,,"  267",",,7",,,,,,,,,,
"USC00040176","2024-03-23","34.5594","-115.7443","200.6","AMBOY, CA US","    0","T,,7,0900","    0",",,7",,,"  267",",,7",,,,,,,,,,
"USC00040176","2024-03-24","34.5594","-115.7443","200.6","AMBOY, CA US","    0","T,,7,0900","    0",",,7",,,"  222",",,7",,,,,,,,,,
"USC00040176","2024-03-25","34.5594","-115.7443","200.6","AMBOY, CA US","    0",",,7,0900","    0",",,7",,,"  189",",,7",,,,,,,,,,
"USC00040176","2024-03-26","34.5594","-115.7443","200.6","AMBOY, CA US","    0",",,7,0900","    0",",,7",,,"  200",",,7",,,,,,,,,,
"USC00040176","2024-03-27","34.5594","-115.7443","200.6","AMBOY, CA US","    0",",,7,0900","    0",",,7",,,"  211",",,7",,,,,,,,,,
"USC00040176","2024-03-28","34.5594","-115.7443","200.6","AMBOY, CA US","    0",",,7,0900","    0",",,7",,,"  233",",,7",,,,,,,,,,
"USC00040176","2024-03-29","34.5594","-115.7443","200.6","AMBOY, CA US","    0",",,7,0900","    0",",,7",,,"  250",",,7",,,,,,,,,,
"USC00040176","2024-03-30","34.5594","-115.7443","200.6","AMBOY, CA US","    0","T,,7,0900","    0",",,7",,,"  228",",,7",,,,,,,,,,
"USC00040176","2024-03-31","34.5594","-115.7443","200.6","AMBOY, CA US","   25",",,7,0900","    0",",,7",,,"  172",",,7",,,,,,,,,,
"USC00040176","2024-04-01","34.5594","-115.7443","200.6","AMBOY, CA US","    0","T,,7,0900","    0",",,7",,,"  111",",,7",,,,,,,"   78",",,7,0900",,
"USC00040176","2024-04-02","34.5594","-115.7443","200.6","AMBOY, CA US","    0","T,,7,0900","    0",",,7",,,"  156",",,7",,,,,,,"  139",",,7,0900",,
"USC00040176","2024-04-03","34.5594","-115.7443","200.6","AMBOY, CA US","    0",",,7,0900","    0",",,7",,,"  200",",,7",,,,,,,"  172",",,7,0900",,
"USC00040176","2024-04-04","34.5594","-115.7443","200.6","AMBOY, CA US","    0",",,7,0900","    0",",,7",,,"  228",",,7",,,,,,,"  144",",,7,0900",,
"USC00040176","2024-04-05","34.5594","-115.7443","200.6","AMBOY, CA US","    0",",,7,0900","    0",",,7",,,"  189",",,7",,,,,,,"   61",",,7,0900",,
"USC00040176","2024-04-06","34.5594","-115.7443","200.6","AMBOY, CA US","    0","T,,7,0900","    0",",,7",,,"  100",",,7",,,,,,,"   78",",,7,0900",,
"USC00040176","2024-04-07","34.5594","-115.7443","200.6","AMBOY, CA US","    0",",,7,0900","    0",",,7",,,"  156",",,7",,,,,,,"  106",",,7,0900",,
"USC00040176","2024-04-08","34.5594","-115.7443","200.6","AMBOY, CA US","    0",",,7,0900","    0",",,7",,,"  172",",,7",,,,,,,"  106",",,7,0900",,
"USC00040176","2024-04-09","34.5594","-115.7443","200.6","AMBOY, CA US","    0",",,7,0900","    0",",,7",,,"  167",",,7",,,,,,,"  139",",,7,0900",,
"USC00040176","2024-04-10","34.5594","-115.7443","200.6","AMBOY, CA US","    0",",,7,0900","    0",",,7",,,"  211",",,7",,,,,,,"  206",",,7,0900",,
"USC00040176","2024-04-11","34.5594","-115.7443","200.6","AMBOY, CA US","    0",",,7,0900","    0",",,7",,,"  261",",,7",,,,,,,"  222",",,7,0900",,
"USC00040176","2024-04-12","34.5594","-115.7443","200.6","AMBOY, CA US","    0",",,7,0900","    0",",,7",,,"  278",",,7",,,,,,,"  228",",,7,0900",,
"USC00040176","2024-04-13","34.5594","-115.7443","200.6","AMBOY, CA US","    0",",,7,0900","    0",",,7",,,"  250",",,7",,,,,,,"  167",",,7,0900",,
"USC00040176","2024-04-14","34.5594","-115.7443","200.6","AMBOY, CA US","    0",",,7,0900","    0",",,7",,,"  194",",,7",,,,,,,"  100",",,7,0900",,
"USC00040176","2024-04-15","34.5594","-115.7443","200.6","AMBOY, CA US","    0",",,7,0900","    0",",,7",,,"  150",",,7",,,,,,,"  106",",,7,0900",,
"USC00040176","2024-04-16","34.5594","-115.7443","200.6","AMBOY, CA US","    0",",,7,0900","    0",",,7",,,"  200",",,7",,,,,,,"  183",",,7,0900",,
"USC00040176","2024-04-17","34.5594","-115.7443","200.6","AMBOY, CA US","    0",",,7,0900","    0",",,7",,,"  283",",,7",,,,,,,"  194",",,7,0900",,
"USC00040176","2024-04-18","34.5594","-115.7443","200.6","AMBOY, CA US","    0",",,7,0900","    0",",,7",,,"  322",",,7",,,,,,,"  222",",,7,0900",,
"USC00040176","2024-04-19","34.5594","-115.7443","200.6","AMBOY, CA US","    0",",,7,0900","    0",",,7",,,"  317",",,7",,,,,,,,,,
"USC00040176","2024-04-20","34.5594","-115.7443","200.6","AMBOY, CA US","    0",",,7,0900","    0",",,7",,,"  311",",,7",,,,,,,,,,
"USC00040176","2024-04-21","34.5594","-115.7443","200.6","AMBOY, CA US","    0",",,7,0900","    0",",,7",,,"  333",",,7",,,,,,,,,,
"USC00040176","2024-04-22","34.5594","-115.7443","200.6","AMBOY, CA US","    0",",,7,0900","    0",",,7",,,"  350",",,7",,,,,,,,,,
"USC00040176","2024-04-23","34.5594","-115.7443","200.6","AMBOY, CA US","    0",",,7,0900","    0",",,7",,,"  339",",,7",,,,,,,,,,
"USC00040176","2024-04-24","34.5594","-115.7443","200.6","AMBOY, CA US","    0",",,7,0900","    0",",,7",,,"  322",",,7",,,,,,,,,,
"USC00040176","2024-04-25","34.5594","-115.7443","200.6","AMBOY, CA US","    0",",,7,0900","    0",",,7",,,"  283",",,7",,,,,,,,,,
"USC00040176","2024-04-26","34.5594","-115.7443","200.6","AMBOY, CA US","    0",",,7,0900","    0",",,7",,,"  233",",,7",,,,,,,,,,
"USC00040176","2024-04-27","34.5594","-115.7443","200.6","AMBOY, CA US","    0",",,7,0900","    0",",,7",,,"  239",",,7",,,,,,,,,,
"USC00040176","2024-04-28","34.5594","-115.7443","200.6","AMBOY, CA US","    0",",,7,0900","    0",",,7",,,"  267",",,7",,,,,,,,,,
"USC00040176","2024-04-29","34.5594","-115.7443","200.6","AMBOY, CA US","    0",",,7,0900","    0",",,7",,,"  294",",,7",,,,,,,,,,
"USC00040176","2024-04-30","34.5594","-115.7443","200.6","AMBOY, CA US","    0",",,7,0900","    0",",,7",,,"  311",",,7",,,,,,,,,,
"USC00040176","2024-05-01","34.5594","-115.7443","200.6","AMBOY, CA US","    0",",,7,0900","    0",",,7",,,"  322",",,7",,,,,,,"  250",",,7,0900",,
"USC00040176","2024-05-02","34.5594","-115.7443","200.6","AMBOY, CA US","    0",",,7,0900","    0",",,7",,,"  317",",,7",,,,,,,"  250",",,7,0900",,
"USC00040176","2024-05-03","34.5594","-115.7443","200.6","AMBOY, CA US","    0",",,7,0900","    0",",,7",,,"  322",",,7",,,,,,,"  250",",,7,0900",,
"USC00040176","2024-05-04","34.5594","-115.7443","200.6","AMBOY, CA US","    0",",,7,0900","    0",",,7",,,"  328",",,7",,,,,,,"  250",",,7,0900",,
"USC00040176","2024-05-05","34.5594","-115.7443","200.6","AMBOY, CA US","    0",",,7,0900","    0",",,7",,,"  317",",,7",,,,,,,"  200",",,7,0900",,
"USC00040176","2024-05-06","34.5594","-115.7443","200.6","AMBOY, CA US","    0",",,7,0900","    0",",,7",,,"  217",",,7",,,,,,,"  183",",,7,0900",,
"USC00040176","2024-05-07","34.5594","-115.7443","200.6","AMBOY, CA US","    0",",,7,0900","    0",",,7",,,"  267",",,7",,,,,,,,,,
"USC00040176","2024-05-08","34.5594","-115.7443","200.6","AMBOY, CA US","    0",",,7,0900","    0",",,7",,,"  328",",,7",,,,,,,,,,
"USC00040176","2024-05-09","34.5594","-115.7443","200.6","AMBOY, CA US","    0",",,7,0900","    0",",,7",,,"  261",",,7",,,,,,,,,,
"USC00040176","2024-05-10","34.5594","-115.7443","200.6","AMBOY, CA US","    0",",,7,0900","    0",",,7",,,"  278",",,7",,,,,,,,,,
"USC00040176","2024-05-11","34.5594","-115.7443","200.6","AMBOY, CA US","    0",",,7,0900","    0",",,7",,,"  300",",,7",,,,,,,,,,
"USC00040176","2024-05-12","34.5594","-115.7443","200.6","AMBOY, CA US","    0",",,7,0900","    0",",,7",,,"  300",",,7",,,,,,,,,,
"USC00040176","2024-05-13","34.5594","-115.7443","200.6","AMBOY, CA US","    0",",,7,0900","    0",",,7",,,"  344",",,7",,,,,,,,,,
"USC00040176","2024-05-14","34.5594","-115.7443","200.6","AMBOY, CA US","    0",",,7,0900","    0",",,7",,,"  350",",,7",,,,,,,,,,
"USC00040176","2024-05-15","34.5594","-115.7443","200.6","AMBOY, CA US","    0",",,7,0900","    0",",,7",,,"  344",",,7",,,,,,,,,,
"USC00040176","2024-05-16","34.5594","-115.7443","200.6","AMBOY, CA US","    0",",,7,0900","    0",",,7",,,"  344",",,7",,,,,,,,,,
"USC00040176","2024-05-17","34.5594","-115.7443","200.6","AMBOY, CA US","    0",",,7,0900","    0",",,7",,,"  372",",,7",,,,,,,,,,
"USC00040176","2024-05-18","34.5594","-115.7443","200.6","AMBOY, CA US","    0",",,7,0900","    0",",,7",,,"  372",",,7",,,,,,,,,,
"USC00040176","2024-05-19","34.5594","-115.7443","200.6","AMBOY, CA US","    0",",,7,0900","    0",",,7",,,"  367",",,7",,,,,,,,,,
"USC00040176","2024-05-20","34.5594","-115.7443","200.6","AMBOY, CA US","    0",",,7,0900","    0",",,7",,,"  350",",,7",,,,,,,,,,
"USC00040176","2024-05-21","34.5594","-115.7443","200.6","AMBOY, CA US","    0",",,7,0900","    0",",,7",,,"  322",",,7",,,,,,,,,,
"USC00040176","2024-05-22","34.5594","-115.7443","200.6","AMBOY, CA US","    0",",,7,0900","    0",",,7",,,"  317",",,7",,,,,,,,,,
"USC00040176","2024-05-23","34.5594","-115.7443","200.6","AMBOY, CA US","    0",",,7,0900","    0",",,7",,,"  339",",,7",,,,,,,,,,
"USC00040176","2024-05-24","34.5594","-115.7443","200.6","AMBOY, CA US","    0",",,7,0900","    0",",,7",,,"  356",",,7",,,,,,,,,,
"USC00040176","2024-05-25","34.5594","-115.7443","200.6","AMBOY, CA US","    0",",,7,0900","    0",",,7",,,"  322",",,7",,,,,,,,,,
"USC00040176","2024-05-26","34.5594","-115.7443","200.6","AMBOY, CA US","    0",",,7,0900","    0",",,7",,,"  322",",,7",,,,,,,,,,
"USC00040176","2024-05-27","34.5594","-115.7443","200.6","AMBOY, CA US","    0",",,7,0900","    0",",,7",,,"  339",",,7",,,,,,,,,,
"USC00040176","2024-05-28","34.5594","-115.7443","200.6","AMBOY, CA US","    0",",,7,0900","    0",",,7",,,"  356",",,7",,,,,,,,,,
"USC00040176","2024-05-29","34.5594","-115.7443","200.6","AMBOY, CA US","    0",",,7,0900","    0",",,7",,,"  367",",,7",,,,,,,,,,
"USC00040176","2024-05-30","34.5594","-115.7443","200.6","AMBOY, CA US","    0",",,7,0900","    0",",,7",,,"  372",",,7",,,,,,,,,,
"USC00040176","2024-05-31","34.5594","-115.7443","200.6","AMBOY, CA US","    0",",,7,0900","    0",",,7",,,"  394",",,7",,,,,,,,,,
"USC00040176","2024-06-01","34.5594","-115.7443","200.6","AMBOY, CA US","    0",",,7,0900","    0",",,7",,,"  367",",,7",,,,,,,,,,
"USC00040176","2024-06-02","34.5594","-115.7443","200.6","AMBOY, CA US","    0",",,7,0900","    0",",,7",,,"  361",",,7",,,,,,,,,,
"USC00040176","2024-06-03","34.5594","-115.7443","200.6","AMBOY, CA US","    0",",,7,0900","    0",",,7",,,"  361",",,7",,,,,,,,,,
"USC00040176","2024-06-04","34.5594","-115.7443","200.6","AMBOY, CA US","    0",",,7,0900","    0",",,7",,,"  378",",,7",,,,,,,,,,
"USC00040176","2024-06-05","34.5594","-115.7443","200.6","AMBOY, CA US","    0",",,7,0900","    0",",,7",,,"  372",",,7",,,,,,,,,,
"USC00040176","2024-06-06","34.5594","-115.7443","200.6","AMBOY, CA US","    0",",,7,0900","    0",",,7",,,"  411",",,7",,,,,,,,,,
"USC00040176","2024-06-07","34.5594","-115.7443","200.6","AMBOY, CA US","    0",",,7,0900","    0",",,7",,,"  422",",,7",,,,,,,,,,
"USC00040176","2024-06-08","34.5594","-115.7443","200.6","AMBOY, CA US","    0",",,7,0900","    0",",,7",,,"  411",",,7",,,,,,,,,,
"USC00040176","2024-06-09","34.5594","-115.7443","200.6","AMBOY, CA US","    0",",,7,0900","    0",",,7",,,"  394",",,7",,,,,,,,,,
"USC00040176","2024-06-10","34.5594","-115.7443","200.6","AMBOY, CA US","    0",",,7,0900","    0",",,7",,,"  378",",,7",,,,,,,,,,
"USC00040176","2024-06-11","34.5594","-115.7443","200.6","AMBOY, CA US","    0",",,7,0900","    0",",,7",,,"  372",",,7",,,,,,,,,,
"USC00040176","2024-06-12","34.5594","-115.7443","200.6","AMBOY, CA US","    0",",,7,0900","    0",",,7",,,"  394",",,7",,,,,,,,,,
"USC00040176","2024-06-13","34.5594","-115.7443","200.6","AMBOY, CA US","    0",",,7,0900","    0",",,7",,,"  400",",,7",,,,,,,,,,
"USC00040176","2024-06-14","34.5594","-115.7443","200.6","AMBOY, CA US","    0",",,7,0900","    0",",,7",,,"  389",",,7",,,,,,,,,,
"USC00040176","2024-06-15","34.5594","-115.7443","200.6","AMBOY, CA US","    0",",,7,0900","    0",",,7",,,"  422",",,7",,,,,,,,,,
"USC00040176","2024-06-16","34.5594","-115.7443","200.6","AMBOY, CA US","    0",",,7,0900","    0",",,7",,,"  422",",,7",,,,,,,,,,
"USC00040176","2024-06-17","34.5594","-115.7443","200.6","AMBOY, CA US","    0",",,7,0900","    0",",,7",,,"  394",",,7",,,,,,,,,,
"USC00040176","2024-06-18","34.5594","-115.7443","200.6","AMBOY, CA US","    0",",,7,0900","    0",",,7",,,"  383",",,7",,,,,,,,,,
"USC00040176","2024-06-19","34.5594","-115.7443","200.6","AMBOY, CA US","    0",",,7,0900","    0",",,7",,,"  356",",,7",,,,,,,,,,
"USC00040176","2024-06-20","34.5594","-115.7443","200.6","AMBOY, CA US","    0",",,7,0900","    0",",,7",,,"  378",",,7",,,,,,,,,,
"USC00040176","2024-06-21","34.5594","-115.7443","200.6","AMBOY, CA US","    0",",,7,0900","    0",",,7",,,"  389",",,7",,,,,,,,,,
"USC00040176","2024-06-22","34.5594","-115.7443","200.6","AMBOY, CA US","    0",",,7,0900","    0",",,7",,,"  406",",,7",,,,,,,,,,
"USC00040176","2024-06-23","34.5594","-115.7443","200.6","AMBOY, CA US","    0",",,7,0900","    0",",,7",,,"  411",",,7",,,,,,,,,,
"USC00040176","2024-06-24","34.5594","-115.7443","200.6","AMBOY, CA US","    0",",,7,0900","    0",",,7",,,"  422",",,7",,,,,,,,,,
"USC00040176","2024-06-25","34.5594","-115.7443","200.6","AMBOY, CA US","    0",",,7,0900","    0",",,7",,,"  422",",,7",,,,,,,,,,
"USC00040176","2024-06-26","34.5594","-115.7443","200.6","AMBOY, CA US","    0",",,7,0900","    0",",,7",,,"  422",",,7",,,,,,,,,,
"USC00040176","2024-06-27","34.5594","-115.7443","200.6","AMBOY, CA US","    0",",,7,0900","    0",",,7",,,"  417",",,7",,,,,,,,,,
"USC00040176","2024-06-28","34.5594","-115.7443","200.6","AMBOY, CA US","    0",",,7,0900","    0",",,7",,,"  422",",,7",,,,,,,,,,
"USC00040176","2024-06-29","34.5594","-115.7443","200.6","AMBOY, CA US","    0",",,7,0900","    0",",,7",,,"  406",",,7",,,,,,,,,,
"USC00040176","2024-06-30","34.5594","-115.7443","200.6","AMBOY, CA US","    0",",,7,0900","    0",",,7",,,"  411",",,7",,,,,,,,,,
"USC00040176","2024-07-01","34.5594","-115.7443","200.6","AMBOY, CA US","    0",",,7,0900","    0",",,7",,,,,,,,,,,,,,
"USC00040176","2024-07-02","34.5594","-115.7443","200.6","AMBOY, CA US","    0",",,7,0900","    0",",,7",,,,,,,,,,,,,,
"USC00040176","2024-07-03","34.5594","-115.7443","200.6","AMBOY, CA US","    0",",,7,0900","    0",",,7",,,,,,,,,,,,,,
"USC00040176","2024-07-04","34.5594","-115.7443","200.6","AMBOY, CA US","    0",",,7,0900","    0",",,7",,,,,,,,,,,,,,
"USC00040176","2024-07-05","34.5594","-115.7443","200.6","AMBOY, CA US","    0",",,7,0900","    0",",,7",,,,,,,,,,,,,,
"USC00040176","2024-07-06","34.5594","-115.7443","200.6","AMBOY, CA US","    0",",,7,0900","    0",",,7",,,,,,,,,,,,,,
"USC00040176","2024-07-07","34.5594","-115.7443","200.6","AMBOY, CA US","    0",",,7,0900","    0",",,7",,,,,,,,,,,,,,
"USC00040176","2024-07-08","34.5594","-115.7443","200.6","AMBOY, CA US","    0",",,7,0900","    0",",,7",,,,,,,,,,,,,,
"USC00040176","2024-07-09","34.5594","-115.7443","200.6","AMBOY, CA US","    0",",,7,0900","    0",",,7",,,,,,,,,,,,,,
"USC00040176","2024-07-10","34.5594","-115.7443","200.6","AMBOY, CA US","    0",",,7,0900","    0",",,7",,,,,,,,,,,,,,
"USC00040176","2024-07-11","34.5594","-115.7443","200.6","AMBOY, CA US","    0",",,7,0900","    0",",,7",,,,,,,,,,,,,,
"USC00040176","2024-07-12","34.5594","-115.7443","200.6","AMBOY, CA US","    0",",,7,0900","    0",",,7",,,,,,,,,,,,,,
"USC00040176","2024-07-13","34.5594","-115.7443","200.6","AMBOY, CA US","    0",",,7,0900","    0",",,7",,,,,,,,,,,,,,
"USC00040176","2024-07-14","34.5594","-115.7443","200.6","AMBOY, CA US","    3",",,7,0900","    0",",,7",,,,,,,,,,,,,,
"USC00040176","2024-07-15","34.5594","-115.7443","200.6","AMBOY, CA US","    0","T,,7,0900","    0",",,7",,,,,,,,,,,,,,
"USC00040176","2024-07-16","34.5594","-115.7443","200.6","AMBOY, CA US","    3",",,7,0900","    0",",,7",,,,,,,,,,,,,,
"USC00040176","2024-07-17","34.5594","-115.7443","200.6","AMBOY, CA US","    0",",,7,0900","    0",",,7",,,,,,,,,,,,,,
"USC00040176","2024-07-18","34.5594","-115.7443","200.6","AMBOY, CA US","    0",",,7,0900","    0",",,7",,,,,,,,,,,,,,
"USC00040176","2024-07-19","34.5594","-115.7443","200.6","AMBOY, CA US","    0",",,7,0900","    0",",,7",,,,,,,,,,,,,,
"USC00040176","2024-07-20","34.5594","-115.7443","200.6","AMBOY, CA US","    0",",,7,0900","    0",",,7",,,,,,,,,,,,,,
"USC00040176","2024-07-21","34.5594","-115.7443","200.6","AMBOY, CA US","    0",",,7,0900","    0",",,7",,,,,,,,,,,,,,
"USC00040176","2024-07-22","34.5594","-115.7443","200.6","AMBOY, CA US","    0",",,7,0900","    0",",,7",,,,,,,,,,,,,,
"USC00040176","2024-07-23","34.5594","-115.7443","200.6","AMBOY, CA US","    0",",,7,0900","    0",",,7",,,,,,,,,,,,,,
"USC00040176","2024-07-24","34.5594","-115.7443","200.6","AMBOY, CA US","   13",",,7,0900","    0",",,7",,,,,,,,,,,,,,
"USC00040176","2024-07-25","34.5594","-115.7443","200.6","AMBOY, CA US","    0",",,7,0900","    0",",,7",,,,,,,,,,,,,,
"USC00040176","2024-07-26","34.5594","-115.7443","200.6","AMBOY, CA US","    0",",,7,0900","    0",",,7",,,,,,,,,,,,,,
"USC00040176","2024-07-27","34.5594","-115.7443","200.6","AMBOY, CA US","    0",",,7,0900","    0",",,7",,,,,,,,,,,,,,
"USC00040176","2024-07-28","34.5594","-115.7443","200.6","AMBOY, CA US","    0",",,7,0900","    0",",,7",,,,,,,,,,,,,,
"USC00040176","2024-07-29","34.5594","-115.7443","200.6","AMBOY, CA US","    0",",,7,0900","    0",",,7",,,,,,,,,,,,,,
"USC00040176","2024-07-30","34.5594","-115.7443","200.6","AMBOY, CA US","    0",",,7,0900","    0",",,7",,,,,,,,,,,,,,
"USC00040176","2024-07-31","34.5594","-115.7443","200.6","AMBOY, CA US","    0",",,7,0900","    0",",,7",,,,,,,,,,,,,,
"USC00040176","2024-08-01","34.5594","-115.7443","200.6","AMBOY, CA US","    0",",,7,0900","    0",",,7",,,,,,,,,,,,,,
"USC00040176","2024-08-02","34.5594","-115.7443","200.6","AMBOY, CA US","    0",",,7,0900","    0",",,7",,,,,,,,,,,,,,
"USC00040176","2024-08-03","34.5594","-115.7443","200.6","AMBOY, CA US","    0",",,7,0900","    0",",,7",,,,,,,,,,,,,,
"USC00040176","2024-08-04","34.5594","-115.7443","200.6","AMBOY, CA US","    0",",,7,0900","    0",",,7",,,,,,,,,,,,,,
"USC00040176","2024-08-05","34.5594","-115.7443","200.6","AMBOY, CA US","    0",",,7,0900","    0",",,7",,,,,,,,,,,,,,
"USC00040176","2024-08-06","34.5594","-115.7443","200.6","AMBOY, CA US","    0",",,7,0900","    0",",,7",,,,,,,,,,,,,,
"USC00040176","2024-08-07","34.5594","-115.7443","200.6","AMBOY, CA US","    0",",,7,0900","    0",",,7",,,,,,,,,,,,,,
"USC00040176","2024-08-08","34.5594","-115.7443","200.6","AMBOY, CA US","    0",",,7,0900","    0",",,7",,,,,,,,,,,,,,
"USC00040176","2024-08-09","34.5594","-115.7443","200.6","AMBOY, CA US","    0",",,7,0900","    0",",,7",,,,,,,,,,,,,,
"USC00040176","2024-08-10","34.5594","-115.7443","200.6","AMBOY, CA US","    0",",,7,0900","    0",",,7",,,,,,,,,,,,,,
"USC00040176","2024-08-11","34.5594","-115.7443","200.6","AMBOY, CA US","    0",",,7,0900","    0",",,7",,,,,,,,,,,,,,
"USC00040176","2024-08-12","34.5594","-115.7443","200.6","AMBOY, CA US","    0",",,7,0900","    0",",,7",,,,,,,,,,,,,,
"USC00040176","2024-08-13","34.5594","-115.7443","200.6","AMBOY, CA US","    0",",,7,0900","    0",",,7",,,,,,,,,,,,,,
"USC00040176","2024-08-14","34.5594","-115.7443","200.6","AMBOY, CA US","    0",",,7,0900","    0",",,7",,,,,,,,,,,,,,
"USC00040176","2024-08-15","34.5594","-115.7443","200.6","AMBOY, CA US","    0",",,7,0900","    0",",,7",,,,,,,,,,,,,,
"USC00040176","2024-08-16","34.5594","-115.7443","200.6","AMBOY, CA US","    0",",,7,0900","    0",",,7",,,,,,,,,,,,,,
"USC00040176","2024-08-17","34.5594","-115.7443","200.6","AMBOY, CA US","    0",",,7,0900","    0",",,7",,,,,,,,,,,,,,
"USC00040176","2024-08-18","34.5594","-115.7443","200.6","AMBOY, CA US","    0",",,7,0900","    0",",,7",,,,,,,,,,,,,,
"USC00040176","2024-08-19","34.5594","-115.7443","200.6","AMBOY, CA US","    0",",,7,0900","    0",",,7",,,,,,,,,,,,,,
"USC00040176","2024-08-20","34.5594","-115.7443","200.6","AMBOY, CA US","    0",",,7,0900","    0",",,7",,,,,,,,,,,,,,
"USC00040176","2024-08-21","34.5594","-115.7443","200.6","AMBOY, CA US","    0",",,7,0900","    0",",,7",,,,,,,,,,,,,,
"USC00040176","2024-08-22","34.5594","-115.7443","200.6","AMBOY, CA US","    0",",,7,0900","    0",",,7",,,,,,,,,,,,,,
"USC00040176","2024-08-23","34.5594","-115.7443","200.6","AMBOY, CA US","    0",",,7,0900","    0",",,7",,,,,,,,,,,,,,
"USC00040176","2024-08-24","34.5594","-115.7443","200.6","AMBOY, CA US","    0",",,7,0900","    0",",,7",,,,,,,,,,,,,,
"USC00040176","2024-08-25","34.5594","-115.7443","200.6","AMBOY, CA US","    0",",,7,0900","    0",",,7",,,,,,,,,,,,,,
"USC00040176","2024-08-26","34.5594","-115.7443","200.6","AMBOY, CA US","    0",",,7,0900","    0",",,7",,,,,,,,,,,,,,
"USC00040176","2024-08-27","34.5594","-115.7443","200.6","AMBOY, CA US","    0",",,7,0900","    0",",,7",,,,,,,,,,,,,,
"USC00040176","2024-08-28","34.5594","-115.7443","200.6","AMBOY, CA US","    0",",,7,0900","    0",",,7",,,,,,,,,,,,,,
"USC00040176","2024-08-29","34.5594","-115.7443","200.6","AMBOY, CA US","    0",",,7,0900","    0",",,7",,,,,,,,,,,,,,
"USC00040176","2024-08-30","34.5594","-115.7443","200.6","AMBOY, CA US","    0",",,7,0900","    0",",,7",,,,,,,,,,,,,,
"USC00040176","2024-08-31","34.5594","-115.7443","200.6","AMBOY, CA US","    0",",,7,0900","    0",",,7",,,,,,,,,,,,,,
"USC00040176","2024-09-01","34.5594","-115.7443","200.6","AMBOY, CA US","    0",",,7,0900","    0",",,7",,,,,,,,,,,,,,
"USC00040176","2024-09-02","34.5594","-115.7443","200.6","AMBOY, CA US","    0",",,7,0900","    0",",,7",,,,,,,,,,,,,,
"USC00040176","2024-09-03","34.5594","-115.7443","200.6","AMBOY, CA US","    0",",,7,0900","    0",",,7",,,,,,,,,,,,,,
"USC00040176","2024-09-04","34.5594","-115.7443","200.6","AMBOY, CA US","    0",",,7,0900","    0",",,7",,,,,,,,,,,,,,
"USC00040176","2024-09-05","34.5594","-115.7443","200.6","AMBOY, CA US","    0",",,7,0900","    0",",,7",,,,,,,,,,,,,,
"USC00040176","2024-09-06","34.5594","-115.7443","200.6","AMBOY, CA US","    0",",,7,0900","    0",",,7",,,,,,,,,,,,,,
"USC00040176","2024-09-07","34.5594","-115.7443","200.6","AMBOY, CA US","    0",",,7,0900","    0",",,7",,,,,,,,,,,,,,
"USC00040176","2024-09-08","34.5594","-115.7443","200.6","AMBOY, CA US","    0",",,7,0900","    0",",,7",,,,,,,,,,,,,,
"USC00040176","2024-09-09","34.5594","-115.7443","200.6","AMBOY, CA US","    0",",,7,0900","    0",",,7",,,,,,,,,,,,,,
"USC00040176","2024-09-10","34.5594","-115.7443","200.6","AMBOY, CA US","    0",",,7,0900","    0",",,7",,,,,,,,,,,,,,
"USC00040176","2024-09-11","34.5594","-115.7443","200.6","AMBOY, CA US","    0",",,7,0900","    0",",,7",,,,,,,,,,,,,,
"USC00040176","2024-09-12","34.5594","-115.7443","200.6","AMBOY, CA US","    0",",,7,0900","    0",",,7",,,,,,,,,,,,,,
"USC00040176","2024-09-13","34.5594","-115.7443","200.6","AMBOY, CA US","    0",",,7,0900","    0",",,7",,,,,,,,,,,,,,
"USC00040176","2024-09-14","34.5594","-115.7443","200.6","AMBOY, CA US","    0",",,7,0900","    0",",,7",,,,,,,,,,,,,,
"USC00040176","2024-09-15","34.5594","-115.7443","200.6","AMBOY, CA US","    0",",,7,0900","    0",",,7",,,,,,,,,,,,,,
"USC00040176","2024-09-16","34.5594","-115.7443","200.6","AMBOY, CA US","    0",",,7,0900","    0",",,7",,,,,,,,,,,,,,
"USC00040176","2024-09-17","34.5594","-115.7443","200.6","AMBOY, CA US","    0",",,7,0900","    0",",,7",,,,,,,,,,,,,,
"USC00040176","2024-09-18","34.5594","-115.7443","200.6","AMBOY, CA US","    0",",,7,0900","    0",",,7",,,,,,,,,,,,,,
"USC00040176","2024-09-19","34.5594","-115.7443","200.6","AMBOY, CA US","    0",",,7,0900","    0",",,7",,,,,,,,,,,,,,
"USC00040176","2024-09-20","34.5594","-115.7443","200.6","AMBOY, CA US","    0",",,7,0900","    0",",,7",,,,,,,,,,,,,,
"USC00040176","2024-09-21","34.5594","-115.7443","200.6","AMBOY, CA US","    0","T,,7,0900","    0",",,7",,,,,,,,,,,,,,
"USC00040176","2024-09-22","34.5594","-115.7443","200.6","AMBOY, CA US","    0",",,7,0900","    0",",,7",,,,,,,,,,,,,,
"USC00040176","2024-09-23","34.5594","-115.7443","200.6","AMBOY, CA US","    0",",,7,0900","    0",",,7",,,,,,,,,,,,,,
"USC00040176","2024-09-24","34.5594","-115.7443","200.6","AMBOY, CA US","    0",",,7,0900","    0",",,7",,,,,,,,,,,,,,
"USC00040176","2024-09-25","34.5594","-115.7443","200.6","AMBOY, CA US","    0",",,7,0900","    0",",,7",,,,,,,,,,,,,,
"USC00040176","2024-09-26","34.5594","-115.7443","200.6","AMBOY, CA US","    0",",,7,0900","    0",",,7",,,,,,,,,,,,,,
"USC00040176","2024-09-27","34.5594","-115.7443","200.6","AMBOY, CA US","    0",",,7,0900","    0",",,7",,,,,,,,,,,,,,
"USC00040176","2024-09-28","34.5594","-115.7443","200.6","AMBOY, CA US","    0",",,7,0900","    0",",,7",,,,,,,,,,,,,,
"USC00040176","2024-09-29","34.5594","-115.7443","200.6","AMBOY, CA US","    0",",,7,0900","    0",",,7",,,,,,,,,,,,,,
"USC00040176","2024-09-30","34.5594","-115.7443","200.6","AMBOY, CA US","    0",",,7,0900","    0",",,7",,,,,,,,,,,,,,
"USC00040176","2024-10-01","34.5594","-115.7443","200.6","AMBOY, CA US","    0",",,7,0900","    0",",,7",,,,,,,,,,,,,,
"USC00040176","2024-10-02","34.5594","-115.7443","200.6","AMBOY, CA US","    0",",,7,0900","    0",",,7",,,,,,,,,,,,,,
"USC00040176","2024-10-03","34.5594","-115.7443","200.6","AMBOY, CA US","    0",",,7,0900","    0",",,7",,,,,,,,,,,,,,
"USC00040176","2024-10-04","34.5594","-115.7443","200.6","AMBOY, CA US","    0",",,7,0900","    0",",,7",,,,,,,,,,,,,,
"USC00040176","2024-10-05","34.5594","-115.7443","200.6","AMBOY, CA US","    0",",,7,0900","    0",",,7",,,,,,,,,,,,,,
"USC00040176","2024-10-06","34.5594","-115.7443","200.6","AMBOY, CA US","    0",",,7,0900","    0",",,7",,,,,,,,,,,,,,
"USC00040176","2024-10-07","34.5594","-115.7443","200.6","AMBOY, CA US","    0",",,7,0900","    0",",,7",,,,,,,,,,,,,,
"USC00040176","2024-10-08","34.5594","-115.7443","200.6","AMBOY, CA US","    0",",,7,0900","    0",",,7",,,,,,,,,,,,,,
"USC00040176","2024-10-09","34.5594","-115.7443","200.6","AMBOY, CA US","    0",",,7,0900","    0",",,7",,,,,,,,,,,,,,
"USC00040176","2024-10-10","34.5594","-115.7443","200.6","AMBOY, CA US","    0",",,7,0900","    0",",,7",,,,,,,,,,,,,,
"USC00040176","2024-10-11","34.5594","-115.7443","200.6","AMBOY, CA US","    0",",,7,0900","    0",",,7",,,,,,,,,,,,,,
"USC00040176","2024-10-12","34.5594","-115.7443","200.6","AMBOY, CA US","    0",",,7,0900","    0",",,7",,,,,,,,,,,,,,
"USC00040176","2024-10-13","34.5594","-115.7443","200.6","AMBOY, CA US","    0",",,7,0900","    0",",,7",,,,,,,,,,,,,,
"USC00040176","2024-10-14","34.5594","-115.7443","200.6","AMBOY, CA US","    0",",,7,0900","    0",",,7",,,,,,,,,,,,,,
"USC00040176","2024-10-15","34.5594","-115.7443","200.6","AMBOY, CA US","    0",",,7,0900","    0",",,7",,,,,,,,,,,,,,
"USC00040176","2024-10-16","34.5594","-115.7443","200.6","AMBOY, CA US","    0",",,7,0900","    0",",,7",,,,,,,,,,,,,,
"USC00040176","2024-10-17","34.5594","-115.7443","200.6","AMBOY, CA US","    0",",,7,0900","    0",",,7",,,,,,,,,,,,,,
"USC00040176","2024-10-18","34.5594","-115.7443","200.6","AMBOY, CA US","    0",",,7,0900","    0",",,7",,,,,,,,,,,,,,
"USC00040176","2024-10-19","34.5594","-115.7443","200.6","AMBOY, CA US","    0",",,7,0900","    0",",,7",,,,,,,,,,,,,,
"USC00040176","2024-10-20","34.5594","-115.7443","200.6","AMBOY, CA US","    0",",,7,0900","    0",",,7",,,,,,,,,,,,,,
"USC00040176","2024-10-21","34.5594","-115.7443","200.6","AMBOY, CA US","    0",",,7,0900","    0",",,7",,,,,,,,,,,,,,
"USC00040176","2024-10-22","34.5594","-115.7443","200.6","AMBOY, CA US","    0",",,7,0900","    0",",,7",,,,,,,,,,,,,,
"USC00040176","2024-10-23","34.5594","-115.7443","200.6","AMBOY, CA US","    0",",,7,0900","    0",",,7",,,,,,,,,,,,,,
"USC00040176","2024-10-24","34.5594","-115.7443","200.6","AMBOY, CA US","    0",",,7,0900","    0",",,7",,,,,,,,,,,,,,
"USC00040176","2024-10-25","34.5594","-115.7443","200.6","AMBOY, CA US","    0",",,7,0900","    0",",,7",,,,,,,,,,,,,,
"USC00040176","2024-10-26","34.5594","-115.7443","200.6","AMBOY, CA US","    0",",,7,0900","    0",",,7",,,,,,,,,,,,,,
"USC00040176","2024-10-27","34.5594","-115.7443","200.6","AMBOY, CA US","    0",",,7,0900","    0",",,7",,,,,,,,,,,,,,
"USC00040176","2024-10-28","34.5594","-115.7443","200.6","AMBOY, CA US","    0",",,7,0900","    0",",,7",,,,,,,,,,,,,,
"USC00040176","2024-10-29","34.5594","-115.7443","200.6","AMBOY, CA US","    0",",,7,0900","    0",",,7",,,,,,,,,,,,,,
"USC00040176","2024-10-30","34.5594","-115.7443","200.6","AMBOY, CA US","    0",",,7,0900","    0",",,7",,,,,,,,,,,,,,
"USC00040176","2024-10-31","34.5594","-115.7443","200.6","AMBOY, CA US","    0",",,7,0900","    0",",,7",,,,,,,,,,,,,,
"USC00040176","2024-11-01","34.5594","-115.7443","200.6","AMBOY, CA US","    0",",,7,0900","    0",",,7",,,,,,,,,,,,,,
"USC00040176","2024-11-02","34.5594","-115.7443","200.6","AMBOY, CA US","    0",",,7,0900","    0",",,7",,,,,,,,,,,,,,
"USC00040176","2024-11-03","34.5594","-115.7443","200.6","AMBOY, CA US","    0",",,7,0900","    0",",,7",,,,,,,,,,,,,,
"USC00040176","2024-11-04","34.5594","-115.7443","200.6","AMBOY, CA US","    0",",,7,0900","    0",",,7",,,,,,,,,,,,,,
"USC00040176","2024-11-05","34.5594","-115.7443","200.6","AMBOY, CA US","    0",",,7,0900","    0",",,7",,,,,,,,,,,,,,
"USC00040176","2024-11-06","34.5594","-115.7443","200.6","AMBOY, CA US","    0",",,7,0900","    0",",,7",,,,,,,,,,,,,,
"USC00040176","2024-11-07","34.5594","-115.7443","200.6","AMBOY, CA US","    0",",,7,0900","    0",",,7",,,,,,,,,,,,,,
"USC00040176","2024-11-08","34.5594","-115.7443","200.6","AMBOY, CA US","    0",",,7,0900","    0",",,7",,,,,,,,,,,,,,
"USC00040176","2024-11-09","34.5594","-115.7443","200.6","AMBOY, CA US","    0",",,7,0900","    0",",,7",,,,,,,,,,,,,,
"USC00040176","2024-11-10","34.5594","-115.7443","200.6","AMBOY, CA US","    0",",,7,0900","    0",",,7",,,,,,,,,,,,,,
"USC00040176","2024-11-11","34.5594","-115.7443","200.6","AMBOY, CA US","    0",",,7,0900","    0",",,7",,,,,,,,,,,,,,
"USC00040176","2024-11-12","34.5594","-115.7443","200.6","AMBOY, CA US","    0",",,7,0900","    0",",,7",,,,,,,,,,,,,,
"USC00040176","2024-11-13","34.5594","-115.7443","200.6","AMBOY, CA US","    0",",,7,0900","    0",",,7",,,,,,,,,,,,,,
"USC00040176","2024-11-14","34.5594","-115.7443","200.6","AMBOY, CA US","    0",",,7,0900","    0",",,7",,,,,,,,,,,,,,
"USC00040176","2024-11-15","34.5594","-115.7443","200.6","AMBOY, CA US","    0",",,7,0900","    0",",,7",,,,,,,,,,,,,,
"USC00040176","2024-11-16","34.5594","-115.7443","200.6","AMBOY, CA US","    0","T,,7,0900","    0",",,7",,,,,,,,,,,,,,
"USC00040176","2024-11-17","34.5594","-115.7443","200.6","AMBOY, CA US","    0",",,7,0900","    0",",,7",,,,,,,,,,,,,,
"USC00040176","2024-11-18","34.5594","-115.7443","200.6","AMBOY, CA US","    0",",,7,0900","    0",",,7",,,,,,,,,,,,,,
"USC00040176","2024-11-19","34.5594","-115.7443","200.6","AMBOY, CA US","    0",",,7,0900","    0",",,7",,,,,,,,,,,,,,
"USC00040176","2024-11-20","34.5594","-115.7443","200.6","AMBOY, CA US","    0",",,7,0900","    0",",,7",,,,,,,,,,,,,,
"USC00040176","2024-11-21","34.5594","-115.7443","200.6","AMBOY, CA US","    0",",,7,0900","    0",",,7",,,,,,,,,,,,,,
"USC00040176","2024-11-22","34.5594","-115.7443","200.6","AMBOY, CA US","    0",",,7,0900","    0",",,7",,,,,,,,,,,,,,
"USC00040176","2024-11-23","34.5594","-115.7443","200.6","AMBOY, CA US","    0",",,7,0900","    0",",,7",,,,,,,,,,,,,,
"USC00040176","2024-11-24","34.5594","-115.7443","200.6","AMBOY, CA US","    0",",,7,0900","    0",",,7",,,,,,,,,,,,,,
"USC00040176","2024-11-25","34.5594","-115.7443","200.6","AMBOY, CA US","    0",",,7,0900","    0",",,7",,,,,,,,,,,,,,
"USC00040176","2024-11-26","34.5594","-115.7443","200.6","AMBOY, CA US","    0","T,,7,0900","    0",",,7",,,,,,,,,,,,,,
"USC00040176","2024-11-27","34.5594","-115.7443","200.6","AMBOY, CA US","    0","T,,7,0900","    0",",,7",,,,,,,,,,,,,,
"USC00040176","2024-11-28","34.5594","-115.7443","200.6","AMBOY, CA US","    0",",,7,0900","    0",",,7",,,,,,,,,,,,,,
"USC00040176","2024-11-29","34.5594","-115.7443","200.6","AMBOY, CA US","    0",",,7,0900","    0",",,7",,,,,,,,,,,,,,
"USC00040176","2024-11-30","34.5594","-115.7443","200.6","AMBOY, CA US","    0",",,7,0900","    0",",,7",,,,,,,,,,,,,,
"USC00040176","2024-12-01","34.5594","-115.7443","200.6","AMBOY, CA US","    0",",,7,0900","    0",",,7",,,,,,,,,,,,,,
"USC00040176","2024-12-02","34.5594","-115.7443","200.6","AMBOY, CA US","    0",",,7,0900","    0",",,7",,,,,,,,,,,,,,
"USC00040176","2024-12-03","34.5594","-115.7443","200.6","AMBOY, CA US","    0",",,7,0900","    0",",,7",,,,,,,,,,,,,,
"USC00040176","2024-12-04","34.5594","-115.7443","200.6","AMBOY, CA US","    0",",,7,0900","    0",",,7",,,,,,,,,,,,,,
"USC00040176","2024-12-05","34.5594","-115.7443","200.6","AMBOY, CA US","    0",",,7,0900","    0",",,7",,,,,,,,,,,,,,
"USC00040176","2024-12-06","34.5594","-115.7443","200.6","AMBOY, CA US","    0",",,7,0900","    0",",,7",,,,,,,,,,,,,,
"USC00040176","2024-12-07","34.5594","-115.7443","200.6","AMBOY, CA US","    0",",,7,0900","    0",",,7",,,,,,,,,,,,,,
"USC00040176","2024-12-08","34.5594","-115.7443","200.6","AMBOY, CA US","    0",",,7,0900","    0",",,7",,,,,,,,,,,,,,
"USC00040176","2024-12-09","34.5594","-115.7443","200.6","AMBOY, CA US","    0",",,7,0900","    0",",,7",,,,,,,,,,,,,,
"USC00040176","2024-12-10","34.5594","-115.7443","200.6","AMBOY, CA US","    0",",,7,0900","    0",",,7",,,,,,,,,,,,,,
"USC00040176","2024-12-11","34.5594","-115.7443","200.6","AMBOY, CA US","    0",",,7,0900","    0",",,7",,,,,,,,,,,,,,
"USC00040176","2024-12-12","34.5594","-115.7443","200.6","AMBOY, CA US","    0",",,7,0900","    0",",,7",,,,,,,,,,,,,,
"USC00040176","2024-12-13","34.5594","-115.7443","200.6","AMBOY, CA US","    0",",,7,0900","    0",",,7",,,,,,,,,,,,,,
"USC00040176","2024-12-14","34.5594","-115.7443","200.6","AMBOY, CA US","    0",",,7,0900","    0",",,7",,,,,,,,,,,,,,
"USC00040176","2024-12-15","34.5594","-115.7443","200.6","AMBOY, CA US","    0",",,7,0900","    0",",,7",,,,,,,,,,,,,,
"USC00040176","2024-12-16","34.5594","-115.7443","200.6","AMBOY, CA US","    0",",,7,0900","    0",",,7",,,,,,,,,,,,,,
"USC00040176","2024-12-17","34.5594","-115.7443","200.6","AMBOY, CA US","    0",",,7,0900","    0",",,7",,,,,,,,,,,,,,
"USC00040176","2024-12-18","34.5594","-115.7443","200.6","AMBOY, CA US","    0",",,7,0900","    0",",,7",,,,,,,,,,,,,,
"USC00040176","2024-12-19","34.5594","-115.7443","200.6","AMBOY, CA US","    0",",,7,0900","    0",",,7",,,,,,,,,,,,,,
"USC00040176","2024-12-20","34.5594","-115.7443","200.6","AMBOY, CA US","    0",",,7,0900","    0",",,7",,,,,,,,,,,,,,
"USC00040176","2024-12-21","34.5594","-115.7443","200.6","AMBOY, CA US","    0",",,7,0900","    0",",,7",,,,,,,,,,,,,,
"USC00040176","2024-12-22","34.5594","-115.7443","200.6","AMBOY, CA US","    0",",,7,0900","    0",",,7",,,,,,,,,,,,,,
"USC00040176","2024-12-23","34.5594","-115.7443","200.6","AMBOY, CA US","    0",",,7,0900","    0",",,7",,,,,,,,,,,,,,
"USC00040176","2024-12-24","34.5594","-115.7443","200.6","AMBOY, CA US","    0",",,7,0900","    0",",,7",,,,,,,,,,,,,,
"USC00040176","2024-12-25","34.5594","-115.7443","200.6","AMBOY, CA US","    0",",,7,0900","    0",",,7",,,,,,,,,,,,,,
"USC00040176","2024-12-26","34.5594","-115.7443","200.6","AMBOY, CA US","    0",",,7,0900","    0",",,7",,,,,,,,,,,,,,
"USC00040176","2024-12-27","34.5594","-115.7443","200.6","AMBOY, CA US","    0",",,7,0900","    0",",,7",,,,,,,,,,,,,,
"USC00040176","2024-12-28","34.5594","-115.7443","200.6","AMBOY, CA US","    0",",,7,0900","    0",",,7",,,,,,,,,,,,,,
"USC00040176","2024-12-29","34.5594","-115.7443","200.6","AMBOY, CA US","    0",",,7,0900","    0",",,7",,,,,,,,,,,,,,
"USC00040176","2024-12-30","34.5594","-115.7443","200.6","AMBOY, CA US","    0",",,7,0900","    0",",,7",,,,,,,,,,,,,,
"USC00040176","2024-12-31","34.5594","-115.7443","200.6","AMBOY, CA US","    0",",,7,0900","    0",",,7",,,,,,,,,,,,,,
"USC00040176","2025-01-01","34.5594","-115.7443","200.6","AMBOY, CA US","    0",",,7,0900","    0",",,7",,,,,,,,,,,,,,
"USC00040176","2025-01-02","34.5594","-115.7443","200.6","AMBOY, CA US","    0",",,7,0900","    0",",,7",,,,,,,,,,,,,,
"USC00040176","2025-01-03","34.5594","-115.7443","200.6","AMBOY, CA US","    0",",,7,0900","    0",",,7",,,,,,,,,,,,,,
"USC00040176","2025-01-04","34.5594","-115.7443","200.6","AMBOY, CA US","    0",",,7,0900","    0",",,7",,,,,,,,,,,,,,
"USC00040176","2025-01-05","34.5594","-115.7443","200.6","AMBOY, CA US","    0",",,7,0900","    0",",,7",,,,,,,,,,,,,,
"USC00040176","2025-01-06","34.5594","-115.7443","200.6","AMBOY, CA US","    0",",,7,0900","    0",",,7",,,,,,,,,,,,,,
"USC00040176","2025-01-07","34.5594","-115.7443","200.6","AMBOY, CA US","   10",",,7,0900","    0",",,7",,,,,,,,,,,,,,
"USC00040176","2025-01-08","34.5594","-115.7443","200.6","AMBOY, CA US","    0",",,7,0900","    0",",,7",,,,,,,,,,,,,,
"USC00040176","2025-01-09","34.5594","-115.7443","200.6","AMBOY, CA US","    0",",,7,0900","    0",",,7",,,,,,,,,,,,,,
"USC00040176","2025-01-10","34.5594","-115.7443","200.6","AMBOY, CA US","    0",",,7,0900","    0",",,7",,,,,,,,,,,,,,
"USC00040176","2025-01-11","34.5594","-115.7443","200.6","AMBOY, CA US","    0",",,7,0900","    0",",,7",,,,,,,,,,,,,,
"USC00040176","2025-01-12","34.5594","-115.7443","200.6","AMBOY, CA US","    0",",,7,0900","    0",",,7",,,,,,,,,,,,,,
"USC00040176","2025-01-13","34.5594","-115.7443","200.6","AMBOY, CA US","    0",",,7,0900","    0",",,7",,,,,,,,,,,,,,
"USC00040176","2025-01-14","34.5594","-115.7443","200.6","AMBOY, CA US","    0",",,7,0900","    0",",,7",,,,,,,,,,,,,,
"USC00040176","2025-01-15","34.5594","-115.7443","200.6","AMBOY, CA US","    0",",,7,0900","    0",",,7",,,,,,,,,,,,,,
"USC00040176","2025-01-16","34.5594","-115.7443","200.6","AMBOY, CA US","    0",",,7,0900","    0",",,7",,,,,,,,,,,,,,
"USC00040176","2025-01-17","34.5594","-115.7443","200.6","AMBOY, CA US","    0",",,7,0900","    0",",,7",,,,,,,,,,,,,,
"USC00040176","2025-01-18","34.5594","-115.7443","200.6","AMBOY, CA US","    0",",,7,0900","    0",",,7",,,,,,,,,,,,,,
"USC00040176","2025-01-19","34.5594","-115.7443","200.6","AMBOY, CA US","    0",",,7,0900","    0",",,7",,,,,,,,,,,,,,
"USC00040176","2025-01-20","34.5594","-115.7443","200.6","AMBOY, CA US","    0",",,7,0900","    0",",,7",,,,,,,,,,,,,,
"USC00040176","2025-01-21","34.5594","-115.7443","200.6","AMBOY, CA US","    0",",,7,0900","    0",",,7",,,,,,,,,,,,,,
"USC00040176","2025-01-22","34.5594","-115.7443","200.6","AMBOY, CA US","    0",",,7,0900","    0",",,7",,,,,,,,,,,,,,
"USC00040176","2025-01-23","34.5594","-115.7443","200.6","AMBOY, CA US","    0",",,7,0900","    0",",,7",,,,,,,,,,,,,,
"USC00040176","2025-01-24","34.5594","-115.7443","200.6","AMBOY, CA US","    0",",,7,0900","    0",",,7",,,,,,,,,,,,,,
"USC00040176","2025-01-25","34.5594","-115.7443","200.6","AMBOY, CA US","    0",",,7,0900","    0",",,7",,,,,,,,,,,,,,
"USC00040176","2025-01-26","34.5594","-115.7443","200.6","AMBOY, CA US","    0","T,,7,0900","    0",",,7",,,,,,,,,,,,,,
"USC00040176","2025-01-27","34.5594","-115.7443","200.6","AMBOY, CA US","   91",",,7,0900","    0",",,7",,,,,,,,,,,,,,
"USC00040176","2025-01-28","34.5594","-115.7443","200.6","AMBOY, CA US","   48",",,7,0900","    0",",,7",,,,,,,,,,,,,,
"USC00040176","2025-01-29","34.5594","-115.7443","200.6","AMBOY, CA US","    0",",,7,0900","    0",",,7",,,,,,,,,,,,,,
"USC00040176","2025-01-30","34.5594","-115.7443","200.6","AMBOY, CA US","    0",",,7,0900","    0",",,7",,,,,,,,,,,,,,
"USC00040176","2025-01-31","34.5594","-115.7443","200.6","AMBOY, CA US","    0",",,7,0900","    0",",,7",,,,,,,,,,,,,,
"USC00040176","2025-02-01","34.5594","-115.7443","200.6","AMBOY, CA US","    0",",,7,0900","    0",",,7",,,,,,,,,,,,,,
"USC00040176","2025-02-02","34.5594","-115.7443","200.6","AMBOY, CA US","    0",",,7,0900","    0",",,7",,,,,,,,,,,,,,
"USC00040176","2025-02-03","34.5594","-115.7443","200.6","AMBOY, CA US","    0",",,7,0900","    0",",,7",,,,,,,,,,,,,,
"USC00040176","2025-02-04","34.5594","-115.7443","200.6","AMBOY, CA US","    0",",,7,0900","    0",",,7",,,,,,,,,,,,,,
"USC00040176","2025-02-05","34.5594","-115.7443","200.6","AMBOY, CA US","    0",",,7,0900","    0",",,7",,,,,,,,,,,,,,
"USC00040176","2025-02-06","34.5594","-115.7443","200.6","AMBOY, CA US","    0",",,7,0900","    0",",,7",,,,,,,,,,,,,,
"USC00040176","2025-02-07","34.5594","-115.7443","200.6","AMBOY, CA US","    0",",,7,0900","    0",",,7",,,,,,,,,,,,,,
"USC00040176","2025-02-08","34.5594","-115.7443","200.6","AMBOY, CA US","    0",",,7,0900","    0",",,7",,,,,,,,,,,,,,
"USC00040176","2025-02-09","34.5594","-115.7443","200.6","AMBOY, CA US","    0",",,7,0900","    0",",,7",,,,,,,,,,,,,,
"USC00040176","2025-02-10","34.5594","-115.7443","200.6","AMBOY, CA US","    0",",,7,0900","    0",",,7",,,,,,,,,,,,,,
"USC00040176","2025-02-11","34.5594","-115.7443","200.6","AMBOY, CA US","    0",",,7,0900","    0",",,7",,,,,,,,,,,,,,
"USC00040176","2025-02-12","34.5594","-115.7443","200.6","AMBOY, CA US","    0",",,7,0900","    0",",,7",,,,,,,,,,,,,,
"USC00040176","2025-02-13","34.5594","-115.7443","200.6","AMBOY, CA US","   48",",,7,0900","    0",",,7",,,,,,,,,,,,,,
"USC00040176","2025-02-14","34.5594","-115.7443","200.6","AMBOY, CA US","   56",",,7,0900","    0",",,7",,,,,,,,,,,,,,
"USC00040176","2025-02-15","34.5594","-115.7443","200.6","AMBOY, CA US","    0","T,,7,0900","    0",",,7",,,,,,,,,,,,,,
"USC00040176","2025-02-16","34.5594","-115.7443","200.6","AMBOY, CA US","    0",",,7,0900","    0",",,7",,,,,,,,,,,,,,
"USC00040176","2025-02-17","34.5594","-115.7443","200.6","AMBOY, CA US","    0",",,7,0900","    0",",,7",,,,,,,,,,,,,,
"USC00040176","2025-02-18","34.5594","-115.7443","200.6","AMBOY, CA US","    0",",,7,0900","    0",",,7",,,,,,,,,,,,,,
"USC00040176","2025-02-19","34.5594","-115.7443","200.6","AMBOY, CA US","    0",",,7,0900","    0",",,7",,,,,,,,,,,,,,
"USC00040176","2025-02-20","34.5594","-115.7443","200.6","AMBOY, CA US","    0",",,7,0900","    0",",,7",,,,,,,,,,,,,,
"USC00040176","2025-02-21","34.5594","-115.7443","200.6","AMBOY, CA US","    0",",,7,0900","    0",",,7",,,,,,,,,,,,,,
"USC00040176","2025-02-22","34.5594","-115.7443","200.6","AMBOY, CA US","    0",",,7,0900","    0",",,7",,,,,,,,,,,,,,
"USC00040176","2025-02-23","34.5594","-115.7443","200.6","AMBOY, CA US","    0",",,7,0900","    0",",,7",,,,,,,,,,,,,,
"USC00040176","2025-02-24","34.5594","-115.7443","200.6","AMBOY, CA US","    0",",,7,0900","    0",",,7",,,,,,,,,,,,,,
"USC00040176","2025-02-25","34.5594","-115.7443","200.6","AMBOY, CA US","    0",",,7,0900","    0",",,7",,,,,,,,,,,,,,
"USC00040176","2025-02-26","34.5594","-115.7443","200.6","AMBOY, CA US","    0",",,7,0900","    0",",,7",,,,,,,,,,,,,,
"USC00040176","2025-02-27","34.5594","-115.7443","200.6","AMBOY, CA US","    0",",,7,0900","    0",",,7",,,,,,,,,,,,,,
"USC00040176","2025-02-28","34.5594","-115.7443","200.6","AMBOY, CA US","    0",",,7,0900","    0",",,7",,,,,,,,,,,,,,
"USC00040176","2025-03-01","34.5594","-115.7443","200.6","AMBOY, CA US","    0",",,7,0900","    0",",,7",,,,,,,,,,,,,,
"USC00040176","2025-03-02","34.5594","-115.7443","200.6","AMBOY, CA US","    0",",,7,0900","    0",",,7",,,,,,,,,,,,,,
"USC00040176","2025-03-03","34.5594","-115.7443","200.6","AMBOY, CA US","    8",",,7,0900","    0",",,7",,,,,,,,,,,,,,
"USC00040176","2025-03-04","34.5594","-115.7443","200.6","AMBOY, CA US","    0",",,7,0900","    0",",,7",,,,,,,,,,,,,,
"USC00040176","2025-03-05","34.5594","-115.7443","200.6","AMBOY, CA US","    0",",,7,0900","    0",",,7",,,,,,,,,,,,,,
"USC00040176","2025-03-06","34.5594","-115.7443","200.6","AMBOY, CA US","    0","T,,7,0900","    0",",,7",,,,,,,,,,,,,,
"USC00040176","2025-03-07","34.5594","-115.7443","200.6","AMBOY, CA US","   41",",,7,0900","    0",",,7",,,,,,,,,,,,,,
"USC00040176","2025-03-08","34.5594","-115.7443","200.6","AMBOY, CA US","    0",",,7,0900","    0",",,7",,,,,,,,,,,,,,
"USC00040176","2025-03-09","34.5594","-115.7443","200.6","AMBOY, CA US","    0",",,7,0900","    0",",,7",,,,,,,,,,,,,,
"USC00040176","2025-03-10","34.5594","-115.7443","200.6","AMBOY, CA US","    0",",,7,0900","    0",",,7",,,,,,,,,,,,,,
"USC00040176","2025-03-11","34.5594","-115.7443","200.6","AMBOY, CA US","    0",",,7,0900","    0",",,7",,,,,,,,,,,,,,
"USC00040176","2025-03-12","34.5594","-115.7443","200.6","AMBOY, CA US","    0","T,,7,0900","    0",",,7",,,,,,,,,,,,,,
"USC00040176","2025-03-13","34.5594","-115.7443","200.6","AMBOY, CA US","    0",",,7,0900","    0",",,7",,,,,,,,,,,,,,
"USC00040176","2025-03-14","34.5594","-115.7443","200.6","AMBOY, CA US","   28",",,7,0900","    0",",,7",,,,,,,,,,,,,,
"USC00040176","2025-03-15","34.5594","-115.7443","200.6","AMBOY, CA US","   18",",,7,0900","    0",",,7",,,,,,,,,,,,,,
"USC00040176","2025-03-16","34.5594","-115.7443","200.6","AMBOY, CA US","    0",",,7,0900","    0",",,7",,,,,,,,,,,,,,
"USC00040176","2025-03-17","34.5594","-115.7443","200.6","AMBOY, CA US","    0",",,7,0900","    0",",,7",,,,,,,,,,,,,,
"USC00040176","2025-03-18","34.5594","-115.7443","200.6","AMBOY, CA US","    0",",,7,0900","    0",",,7",,,,,,,,,,,,,,
"USC00040176","2025-03-19","34.5594","-115.7443","200.6","AMBOY, CA US","    0",",,7,0900","    0",",,7",,,,,,,,,,,,,,
"USC00040176","2025-03-20","34.5594","-115.7443","200.6","AMBOY, CA US","    0",",,7,0900","    0",",,7",,,,,,,,,,,,,,
"USC00040176","2025-03-21","34.5594","-115.7443","200.6","AMBOY, CA US","    0",",,7,0900","    0",",,7",,,,,,,,,,,,,,
"USC00040176","2025-03-22","34.5594","-115.7443","200.6","AMBOY, CA US","    0",",,7,0900","    0",",,7",,,,,,,,,,,,,,
"USC00040176","2025-03-23","34.5594","-115.7443","200.6","AMBOY, CA US","    0",",,7,0900","    0",",,7",,,,,,,,,,,,,,
"USC00040176","2025-03-24","34.5594","-115.7443","200.6","AMBOY, CA US","    0",",,7,0900","    0",",,7",,,,,,,,,,,,,,
"USC00040176","2025-03-25","34.5594","-115.7443","200.6","AMBOY, CA US","    0",",,7,0900","    0",",,7",,,,,,,,,,,,,,
"USC00040176","2025-03-26","34.5594","-115.7443","200.6","AMBOY, CA US","    0",",,7,0900","    0",",,7",,,,,,,,,,,,,,
"USC00040176","2025-03-27","34.5594","-115.7443","200.6","AMBOY, CA US","    0",",,7,0900","    0",",,7",,,,,,,,,,,,,,
"USC00040176","2025-03-28","34.5594","-115.7443","200.6","AMBOY, CA US","    0",",,7,0900","    0",",,7",,,,,,,,,,,,,,
"USC00040176","2025-03-29","34.5594","-115.7443","200.6","AMBOY, CA US","    0",",,7,0900","    0",",,7",,,,,,,,,,,,,,
"USC00040176","2025-03-30","34.5594","-115.7443","200.6","AMBOY, CA US","    0",",,7,0900","    0",",,7",,,,,,,,,,,,,,
"USC00040176","2025-03-31","34.5594","-115.7443","200.6","AMBOY, CA US","    0",",,7,0900","    0",",,7",,,,,,,,,,,,,,
"USC00040176","2025-04-01","34.5594","-115.7443","200.6","AMBOY, CA US","    0",",,7,0900","    0",",,7",,,,,,,,,,,,,,
"USC00040176","2025-04-02","34.5594","-115.7443","200.6","AMBOY, CA US","    0",",,7,0900","    0",",,7",,,,,,,,,,,,,,
"USC00040176","2025-04-03","34.5594","-115.7443","200.6","AMBOY, CA US","    0","T,,7,0900","    0",",,7",,,,,,,,,,,,,,
"USC00040176","2025-04-04","34.5594","-115.7443","200.6","AMBOY, CA US","    0","T,,7,0900","    0",",,7",,,,,,,,,,,,,,
"USC00040176","2025-04-05","34.5594","-115.7443","200.6","AMBOY, CA US","    0",",,7,0900","    0",",,7",,,,,,,,,,,,,,
"USC00040176","2025-04-06","34.5594","-115.7443","200.6","AMBOY, CA US","    0",",,7,0900","    0",",,7",,,,,,,,,,,,,,
"USC00040176","2025-04-07","34.5594","-115.7443","200.6","AMBOY, CA US","    0",",,7,0900","    0",",,7",,,,,,,,,,,,,,
"USC00040176","2025-04-08","34.5594","-115.7443","200.6","AMBOY, CA US","    0",",,7,0900","    0",",,7",,,,,,,,,,,,,,
"USC00040176","2025-04-09","34.5594","-115.7443","200.6","AMBOY, CA US","    0",",,7,0900","    0",",,7",,,,,,,,,,,,,,
"USC00040176","2025-04-10","34.5594","-115.7443","200.6","AMBOY, CA US","    0",",,7,0900","    0",",,7",,,,,,,,,,,,,,
"USC00040176","2025-04-11","34.5594","-115.7443","200.6","AMBOY, CA US","    0",",,7,0900","    0",",,7",,,,,,,,,,,,,,
"USC00040176","2025-04-12","34.5594","-115.7443","200.6","AMBOY, CA US","    0",",,7,0900","    0",",,7",,,,,,,,,,,,,,
"USC00040176","2025-04-13","34.5594","-115.7443","200.6","AMBOY, CA US","    0",",,7,0900","    0",",,7",,,,,,,,,,,,,,
"USC00040176","2025-04-14","34.5594","-115.7443","200.6","AMBOY, CA US","    0",",,7,0900","    0",",,7",,,,,,,,,,,,,,
"USC00040176","2025-04-15","34.5594","-115.7443","200.6","AMBOY, CA US","    0",",,7,0900","    0",",,7",,,,,,,,,,,,,,
"USC00040176","2025-04-16","34.5594","-115.7443","200.6","AMBOY, CA US","    0",",,7,0900","    0",",,7",,,,,,,,,,,,,,
"USC00040176","2025-04-17","34.5594","-115.7443","200.6","AMBOY, CA US","    0",",,7,0900","    0",",,7",,,,,,,,,,,,,,
"USC00040176","2025-04-18","34.5594","-115.7443","200.6","AMBOY, CA US","    0",",,7,0900","    0",",,7",,,,,,,,,,,,,,
"USC00040176","2025-04-19","34.5594","-115.7443","200.6","AMBOY, CA US","    0",",,7,0900","    0",",,7",,,,,,,,,,,,,,
"USC00040176","2025-04-20","34.5594","-115.7443","200.6","AMBOY, CA US","    0",",,7,0900","    0",",,7",,,,,,,,,,,,,,
"USC00040176","2025-04-21","34.5594","-115.7443","200.6","AMBOY, CA US","    0",",,7,0900","    0",",,7",,,,,,,,,,,,,,
"USC00040176","2025-04-22","34.5594","-115.7443","200.6","AMBOY, CA US","    0",",,7,0900","    0",",,7",,,,,,,,,,,,,,
"USC00040176","2025-04-23","34.5594","-115.7443","200.6","AMBOY, CA US","    0",",,7,0900","    0",",,7",,,,,,,,,,,,,,
"USC00040176","2025-04-24","34.5594","-115.7443","200.6","AMBOY, CA US","    0",",,7,0900","    0",",,7",,,,,,,,,,,,,,
"USC00040176","2025-04-25","34.5594","-115.7443","200.6","AMBOY, CA US","    0",",,7,0900","    0",",,7",,,,,,,,,,,,,,
"USC00040176","2025-04-26","34.5594","-115.7443","200.6","AMBOY, CA US","    0",",,7,0900","    0",",,7",,,,,,,,,,,,,,
"USC00040176","2025-04-27","34.5594","-115.7443","200.6","AMBOY, CA US","    0",",,7,0900","    0",",,7",,,,,,,,,,,,,,
"USC00040176","2025-04-28","34.5594","-115.7443","200.6","AMBOY, CA US","    0",",,7,0900","    0",",,7",,,,,,,,,,,,,,
"USC00040176","2025-04-29","34.5594","-115.7443","200.6","AMBOY, CA US","    0",",,7,0900","    0",",,7",,,,,,,,,,,,,,
"USC00040176","2025-04-30","34.5594","-115.7443","200.6","AMBOY, CA US","    0",",,7,0900","    0",",,7",,,,,,,,,,,,,,
"USC00040176","2025-05-01","34.5594","-115.7443","200.6","AMBOY, CA US","    0",",,7,0900","    0",",,7",,,,,,,,,,,,,,
"USC00040176","2025-05-02","34.5594","-115.7443","200.6","AMBOY, CA US","    0",",,7,0900","    0",",,7",,,,,,,,,,,,,,
"USC00040176","2025-05-03","34.5594","-115.7443","200.6","AMBOY, CA US","    0",",,7,0900","    0",",,7",,,,,,,,,,,,,,
"USC00040176","2025-05-04","34.5594","-115.7443","200.6","AMBOY, CA US","    0","T,,7,0900","    0",",,7",,,,,,,,,,,,,,
"USC00040176","2025-05-05","34.5594","-115.7443","200.6","AMBOY, CA US","   30",",,7,0900","    0",",,7",,,,,,,,,,,,,,
"USC00040176","2025-05-06","34.5594","-115.7443","200.6","AMBOY, CA US","   56",",,7,0900","    0",",,7",,,,,,,,,,,,,,
"USC00040176","2025-05-07","34.5594","-115.7443","200.6","AMBOY, CA US","    0",",,7,0900","    0",",,7",,,,,,,,,,,,,,
"USC00040176","2025-05-08","34.5594","-115.7443","200.6","AMBOY, CA US","    0",",,7,0900","    0",",,7",,,,,,,,,,,,,,
"USC00040176","2025-05-09","34.5594","-115.7443","200.6","AMBOY, CA US","    0",",,7,0900","    0",",,7",,,,,,,,,,,,,,
"USC00040176","2025-05-10","34.5594","-115.7443","200.6","AMBOY, CA US","    0",",,7,0900","    0",",,7",,,,,,,,,,,,,,
"USC00040176","2025-05-11","34.5594","-115.7443","200.6","AMBOY, CA US","    0",",,7,0900","    0",",,7",,,,,,,,,,,,,,
"USC00040176","2025-05-12","34.5594","-115.7443","200.6","AMBOY, CA US","    0",",,7,0900","    0",",,7",,,,,,,,,,,,,,
"USC00040176","2025-05-13","34.5594","-115.7443","200.6","AMBOY, CA US","    0",",,7,0900","    0",",,7",,,,,,,,,,,,,,
"USC00040176","2025-05-14","34.5594","-115.7443","200.6","AMBOY, CA US","    0",",,7,0900","    0",",,7",,,,,,,,,,,,,,
"USC00040176","2025-05-15","34.5594","-115.7443","200.6","AMBOY, CA US","    0",",,7,0900","    0",",,7",,,,,,,,,,,,,,
"USC00040176","2025-05-16","34.5594","-115.7443","200.6","AMBOY, CA US","    0",",,7,0900","    0",",,7",,,,,,,,,,,,,,
"USC00040176","2025-05-17","34.5594","-115.7443","200.6","AMBOY, CA US","    0",",,7,0900","    0",",,7",,,,,,,,,,,,,,
"USC00040176","2025-05-18","34.5594","-115.7443","200.6","AMBOY, CA US","    0",",,7,0900","    0",",,7",,,,,,,,,,,,,,
"USC00040176","2025-05-19","34.5594","-115.7443","200.6","AMBOY, CA US","    0",",,7,0900","    0",",,7",,,,,,,,,,,,,,
"USC00040176","2025-05-20","34.5594","-115.7443","200.6","AMBOY, CA US","    0",",,7,0900","    0",",,7",,,,,,,,,,,,,,
"USC00040176","2025-05-21","34.5594","-115.7443","200.6","AMBOY, CA US","    0",",,7,0900","    0",",,7",,,,,,,,,,,,,,
"USC00040176","2025-05-22","34.5594","-115.7443","200.6","AMBOY, CA US","    0",",,7,0900","    0",",,7",,,,,,,,,,,,,,
"USC00040176","2025-05-23","34.5594","-115.7443","200.6","AMBOY, CA US","    0",",,7,0900","    0",",,7",,,,,,,,,,,,,,
"USC00040176","2025-05-24","34.5594","-115.7443","200.6","AMBOY, CA US","    0",",,7,0900","    0",",,7",,,,,,,,,,,,,,
"USC00040176","2025-05-25","34.5594","-115.7443","200.6","AMBOY, CA US","    0",",,7,0900","    0",",,7",,,,,,,,,,,,,,
"USC00040176","2025-05-26","34.5594","-115.7443","200.6","AMBOY, CA US","    0",",,7,0900","    0",",,7",,,,,,,,,,,,,,
"USC00040176","2025-05-27","34.5594","-115.7443","200.6","AMBOY, CA US","    0",",,7,0900","    0",",,7",,,,,,,,,,,,,,
"USC00040176","2025-05-28","34.5594","-115.7443","200.6","AMBOY, CA US","    0",",,7,0900","    0",",,7",,,,,,,,,,,,,,
"USC00040176","2025-05-29","34.5594","-115.7443","200.6","AMBOY, CA US","    0",",,7,0900","    0",",,7",,,,,,,,,,,,,,
"USC00040176","2025-05-30","34.5594","-115.7443","200.6","AMBOY, CA US","    0",",,7,0900","    0",",,7",,,,,,,,,,,,,,
"USC00040176","2025-05-31","34.5594","-115.7443","200.6","AMBOY, CA US","    0",",,7,0900","    0",",,7",,,,,,,,,,,,,,
"USC00040176","2025-06-01","34.5594","-115.7443","200.6","AMBOY, CA US","    0",",,7,0900","    0",",,7",,,,,,,,,,,,,,
"USC00040176","2025-06-02","34.5594","-115.7443","200.6","AMBOY, CA US","    0","T,,7,0900","    0",",,7",,,,,,,,,,,,,,
"USC00040176","2025-06-03","34.5594","-115.7443","200.6","AMBOY, CA US","    0","T,,7,0900","    0",",,7",,,,,,,,,,,,,,
"USC00040176","2025-06-04","34.5594","-115.7443","200.6","AMBOY, CA US","    3",",,7,0900","    0",",,7",,,,,,,,,,,,,,
"USC00040176","2025-06-05","34.5594","-115.7443","200.6","AMBOY, CA US","    0",",,7,0900","    0",",,7",,,,,,,,,,,,,,
"USC00040176","2025-06-06","34.5594","-115.7443","200.6","AMBOY, CA US","    0",",,7,0900","    0",",,7",,,,,,,,,,,,,,
"USC00040176","2025-06-07","34.5594","-115.7443","200.6","AMBOY, CA US","    0",",,7,0900","    0",",,7",,,,,,,,,,,,,,
"USC00040176","2025-06-08","34.5594","-115.7443","200.6","AMBOY, CA US","    0",",,7,0900","    0",",,7",,,,,,,,,,,,,,
"USC00040176","2025-06-09","34.5594","-115.7443","200.6","AMBOY, CA US","    0",",,7,0900","    0",",,7",,,,,,,,,,,,,,
"USC00040176","2025-06-10","34.5594","-115.7443","200.6","AMBOY, CA US","    0",",,7,0900","    0",",,7",,,,,,,,,,,,,,
"USC00040176","2025-06-11","34.5594","-115.7443","200.6","AMBOY, CA US","    0",",,7,0900","    0",",,7",,,,,,,,,,,,,,
"USC00040176","2025-06-12","34.5594","-115.7443","200.6","AMBOY, CA US","    0",",,7,0900","    0",",,7",,,,,,,,,,,,,,
"USC00040176","2025-06-13","34.5594","-115.7443","200.6","AMBOY, CA US","    0",",,7,0900","    0",",,7",,,,,,,,,,,,,,
"USC00040176","2025-06-14","34.5594","-115.7443","200.6","AMBOY, CA US","    0",",,7,0900","    0",",,7",,,,,,,,,,,,,,
"USC00040176","2025-06-15","34.5594","-115.7443","200.6","AMBOY, CA US","    0",",,7,0900","    0",",,7",,,,,,,,,,,,,,
"USC00040176","2025-06-16","34.5594","-115.7443","200.6","AMBOY, CA US","    0",",,7,0900","    0",",,7",,,,,,,,,,,,,,
"USC00040176","2025-06-17","34.5594","-115.7443","200.6","AMBOY, CA US","    0",",,7,0900","    0",",,7",,,,,,,,,,,,,,
"USC00040176","2025-06-18","34.5594","-115.7443","200.6","AMBOY, CA US","    0",",,7,0900","    0",",,7",,,,,,,,,,,,,,
"USC00040176","2025-06-19","34.5594","-115.7443","200.6","AMBOY, CA US","    0",",,7,0900","    0",",,7",,,,,,,,,,,,,,
"USC00040176","2025-06-20","34.5594","-115.7443","200.6","AMBOY, CA US","    0",",,7,0900","    0",",,7",,,,,,,,,,,,,,
"USC00040176","2025-06-21","34.5594","-115.7443","200.6","AMBOY, CA US","    0",",,7,0900","    0",",,7",,,,,,,,,,,,,,
"USC00040176","2025-06-22","34.5594","-115.7443","200.6","AMBOY, CA US","    0",",,7,0900","    0",",,7",,,,,,,,,,,,,,
"USC00040176","2025-06-23","34.5594","-115.7443","200.6","AMBOY, CA US","    0",",,7,0900","    0",",,7",,,,,,,,,,,,,,
"USC00040176","2025-06-24","34.5594","-115.7443","200.6","AMBOY, CA US","    0",",,7,0900","    0",",,7",,,,,,,,,,,,,,
"USC00040176","2025-06-25","34.5594","-115.7443","200.6","AMBOY, CA US","    0",",,7,0900","    0",",,7",,,,,,,,,,,,,,
"USC00040176","2025-06-26","34.5594","-115.7443","200.6","AMBOY, CA US","    0",",,7,0900","    0",",,7",,,,,,,,,,,,,,
"USC00040176","2025-06-27","34.5594","-115.7443","200.6","AMBOY, CA US","    0",",,7,0900","    0",",,7",,,,,,,,,,,,,,
"USC00040176","2025-06-28","34.5594","-115.7443","200.6","AMBOY, CA US","    0",",,7,0900","    0",",,7",,,,,,,,,,,,,,
"USC00040176","2025-06-29","34.5594","-115.7443","200.6","AMBOY, CA US","    0",",,7,0900","    0",",,7",,,,,,,,,,,,,,
"USC00040176","2025-06-30","34.5594","-115.7443","200.6","AMBOY, CA US","    0",",,7,0900","    0",",,7",,,,,,,,,,,,,,
"USC00040176","2025-07-01","34.5594","-115.7443","200.6","AMBOY, CA US","    0",",,7,0900","    0",",,7",,,,,,,,,,,,,,
"USC00040176","2025-07-02","34.5594","-115.7443","200.6","AMBOY, CA US","    0",",,7,0900","    0",",,7",,,,,,,,,,,,,,
"USC00040176","2025-07-03","34.5594","-115.7443","200.6","AMBOY, CA US","    0",",,7,0900","    0",",,7",,,,,,,,,,,,,,
"USC00040176","2025-07-04","34.5594","-115.7443","200.6","AMBOY, CA US","    0",",,7,0900","    0",",,7",,,,,,,,,,,,,,
"USC00040176","2025-07-05","34.5594","-115.7443","200.6","AMBOY, CA US","    0",",,7,0900","    0",",,7",,,,,,,,,,,,,,
"USC00040176","2025-07-06","34.5594","-115.7443","200.6","AMBOY, CA US","    0",",,7,0900","    0",",,7",,,,,,,,,,,,,,
"USC00040176","2025-07-07","34.5594","-115.7443","200.6","AMBOY, CA US","    0",",,7,0900","    0",",,7",,,,,,,,,,,,,,
"USC00040176","2025-07-08","34.5594","-115.7443","200.6","AMBOY, CA US","    0",",,7,0900","    0",",,7",,,,,,,,,,,,,,
"USC00040176","2025-07-09","34.5594","-115.7443","200.6","AMBOY, CA US","    0",",,7,0900","    0",",,7",,,,,,,,,,,,,,
"USC00040176","2025-07-10","34.5594","-115.7443","200.6","AMBOY, CA US","    0",",,7,0900","    0",",,7",,,,,,,,,,,,,,
"USC00040176","2025-07-11","34.5594","-115.7443","200.6","AMBOY, CA US","    0",",,7,0900","    0",",,7",,,,,,,,,,,,,,
"USC00040176","2025-07-12","34.5594","-115.7443","200.6","AMBOY, CA US","    0",",,7,0900","    0",",,7",,,,,,,,,,,,,,
"USC00040176","2025-07-13","34.5594","-115.7443","200.6","AMBOY, CA US","    0",",,7,0900","    0",",,7",,,,,,,,,,,,,,
"USC00040176","2025-07-14","34.5594","-115.7443","200.6","AMBOY, CA US","    0",",,7,0900","    0",",,7",,,,,,,,,,,,,,
"USC00040176","2025-07-15","34.5594","-115.7443","200.6","AMBOY, CA US","    0",",,7,0900","    0",",,7",,,,,,,,,,,,,,
"USC00040176","2025-07-16","34.5594","-115.7443","200.6","AMBOY, CA US","    0",",,7,0900","    0",",,7",,,,,,,,,,,,,,
"USC00040176","2025-07-17","34.5594","-115.7443","200.6","AMBOY, CA US","    0",",,7,0900","    0",",,7",,,,,,,,,,,,,,
"USC00040176","2025-07-18","34.5594","-115.7443","200.6","AMBOY, CA US","    5",",,7,0900","    0",",,7",,,,,,,,,,,,,,
"USC00040176","2025-07-19","34.5594","-115.7443","200.6","AMBOY, CA US","    0","T,,7,0900","    0",",,7",,,,,,,,,,,,,,
"USC00040176","2025-07-20","34.5594","-115.7443","200.6","AMBOY, CA US","    0",",,7,0900","    0",",,7",,,,,,,,,,,,,,
"USC00040176","2025-07-21","34.5594","-115.7443","200.6","AMBOY, CA US","    0",",,7,0900","    0",",,7",,,,,,,,,,,,,,
"USC00040176","2025-07-22","34.5594","-115.7443","200.6","AMBOY, CA US","    0",",,7,0900","    0",",,7",,,,,,,,,,,,,,
"USC00040176","2025-07-23","34.5594","-115.7443","200.6","AMBOY, CA US","    0",",,7,0900","    0",",,7",,,,,,,,,,,,,,
"USC00040176","2025-07-24","34.5594","-115.7443","200.6","AMBOY, CA US","    0",",,7,0900","    0",",,7",,,,,,,,,,,,,,
"USC00040176","2025-07-25","34.5594","-115.7443","200.6","AMBOY, CA US","    0",",,7,0900","    0",",,7",,,,,,,,,,,,,,
"USC00040176","2025-07-26","34.5594","-115.7443","200.6","AMBOY, CA US","    0",",,7,0900","    0",",,7",,,,,,,,,,,,,,
"USC00040176","2025-07-27","34.5594","-115.7443","200.6","AMBOY, CA US","    0",",,7,0900","    0",",,7",,,,,,,,,,,,,,
"USC00040176","2025-07-28","34.5594","-115.7443","200.6","AMBOY, CA US","    0",",,7,0900","    0",",,7",,,,,,,,,,,,,,
"USC00040176","2025-07-29","34.5594","-115.7443","200.6","AMBOY, CA US","    0",",,7,0900","    0",",,7",,,,,,,,,,,,,,
"USC00040176","2025-07-30","34.5594","-115.7443","200.6","AMBOY, CA US","    0",",,7,0900","    0",",,7",,,,,,,,,,,,,,
"USC00040176","2025-07-31","34.5594","-115.7443","200.6","AMBOY, CA US","    0",",,7,0900","    0",",,7",,,,,,,,,,,,,,
"USC00040176","2025-08-01","34.5594","-115.7443","200.6","AMBOY, CA US","    0",",,7,0900","    0",",,7",,,,,,,,,,,,,,
"USC00040176","2025-08-02","34.5594","-115.7443","200.6","AMBOY, CA US","    0",",,7,0900","    0",",,7",,,,,,,,,,,,,,
"USC00040176","2025-08-03","34.5594","-115.7443","200.6","AMBOY, CA US","    0",",,7,0900","    0",",,7",,,,,,,,,,,,,,
"USC00040176","2025-08-04","34.5594","-115.7443","200.6","AMBOY, CA US","    0",",,7,0900","    0",",,7",,,,,,,,,,,,,,
"USC00040176","2025-08-05","34.5594","-115.7443","200.6","AMBOY, CA US","    0",",,7,0900","    0",",,7",,,,,,,,,,,,,,
"USC00040176","2025-08-06","34.5594","-115.7443","200.6","AMBOY, CA US","    0",",,7,0900","    0",",,7",,,,,,,,,,,,,,
"USC00040176","2025-08-07","34.5594","-115.7443","200.6","AMBOY, CA US","    0",",,7,0900","    0",",,7",,,,,,,,,,,,,,
"USC00040176","2025-08-08","34.5594","-115.7443","200.6","AMBOY, CA US","    0",",,7,0900","    0",",,7",,,,,,,,,,,,,,
"USC00040176","2025-08-09","34.5594","-115.7443","200.6","AMBOY, CA US","    0",",,7,0900","    0",",,7",,,,,,,,,,,,,,
"USC00040176","2025-08-10","34.5594","-115.7443","200.6","AMBOY, CA US","    0",",,7,0900","    0",",,7",,,,,,,,,,,,,,
"USC00040176","2025-08-11","34.5594","-115.7443","200.6","AMBOY, CA US","    0",",,7,0900","    0",",,7",,,,,,,,,,,,,,
"USC00040176","2025-08-12","34.5594","-115.7443","200.6","AMBOY, CA US","    0",",,7,0900","    0",",,7",,,,,,,,,,,,,,
"USC00040176","2025-08-13","34.5594","-115.7443","200.6","AMBOY, CA US","    0",",,7,0900","    0",",,7",,,,,,,,,,,,,,
"USC00040176","2025-08-14","34.5594","-115.7443","200.6","AMBOY, CA US","    0",",,7,0900","    0",",,7",,,,,,,,,,,,,,
"USC00040176","2025-08-15","34.5594","-115.7443","200.6","AMBOY, CA US","    0",",,7,0900","    0",",,7",,,,,,,,,,,,,,
"USC00040176","2025-08-16","34.5594","-115.7443","200.6","AMBOY, CA US","    0",",,7,0900","    0",",,7",,,,,,,,,,,,,,
"USC00040176","2025-08-17","34.5594","-115.7443","200.6","AMBOY, CA US","    0",",,7,0900","    0",",,7",,,,,,,,,,,,,,
"USC00040176","2025-08-18","34.5594","-115.7443","200.6","AMBOY, CA US","    0",",,7,0900","    0",",,7",,,,,,,,,,,,,,
"USC00040176","2025-08-19","34.5594","-115.7443","200.6","AMBOY, CA US","    0",",,7,0900","    0",",,7",,,,,,,,,,,,,,
"USC00040176","2025-08-20","34.5594","-115.7443","200.6","AMBOY, CA US","    0",",,7,0900","    0",",,7",,,,,,,,,,,,,,
"USC00040176","2025-08-21","34.5594","-115.7443","200.6","AMBOY, CA US","    0",",,7,0900","    0",",,7",,,,,,,,,,,,,,
"USC00040176","2025-08-22","34.5594","-115.7443","200.6","AMBOY, CA US","    0",",,7,0900","    0",",,7",,,,,,,,,,,,,,
"USC00040176","2025-08-23","34.5594","-115.7443","200.6","AMBOY, CA US","    0","T,,7,0900","    0",",,7",,,,,,,,,,,,,,
"USC00040176","2025-08-24","34.5594","-115.7443","200.6","AMBOY, CA US","    0",",,7,0900","    0",",,7",,,,,,,,,,,,,,
"USC00040176","2025-08-25","34.5594","-115.7443","200.6","AMBOY, CA US","    5",",,7,0900","    0",",,7",,,,,,,,,,,,,,
"USC00040176","2025-08-26","34.5594","-115.7443","200.6","AMBOY, CA US","    8",",,7,0900","    0",",,7",,,,,,,,,,,,,,
"USC00040176","2025-08-27","34.5594","-115.7443","200.6","AMBOY, CA US","    0",",,7,0900","    0",",,7",,,,,,,,,,,,,,
"USC00040176","2025-08-28","34.5594","-115.7443","200.6","AMBOY, CA US","    0",",,7,0900","    0",",,7",,,,,,,,,,,,,,
"USC00040176","2025-08-29","34.5594","-115.7443","200.6","AMBOY, CA US","    0","T,,7,0900","    0",",,7",,,,,,,,,,,,,,
"USC00040176","2025-08-30","34.5594","-115.7443","200.6","AMBOY, CA US","    0",",,7,0900","    0",",,7",,,,,,,,,,,,,,
"USC00040176","2025-08-31","34.5594","-115.7443","200.6","AMBOY, CA US","    0",",,7,0900","    0",",,7",,,,,,,,,,,,,,
"USC00040176","2025-09-01","34.5594","-115.7443","200.6","AMBOY, CA US","    0",",,7,0900","    0",",,7",,,,,,,,,,,,,,
"USC00040176","2025-09-02","34.5594","-115.7443","200.6","AMBOY, CA US","    0","T,,7,0900","    0",",,7",,,,,,,,,,,,,,
"USC00040176","2025-09-03","34.5594","-115.7443","200.6","AMBOY, CA US","    0",",,7,0900","    0",",,7",,,,,,,,,,,,,,
"USC00040176","2025-09-04","34.5594","-115.7443","200.6","AMBOY, CA US","    0",",,7,0900","    0",",,7",,,,,,,,,,,,,,
"USC00040176","2025-09-05","34.5594","-115.7443","200.6","AMBOY, CA US","    0","T,,7,0900","    0",",,7",,,,,,,,,,,,,,
"USC00040176","2025-09-06","34.5594","-115.7443","200.6","AMBOY, CA US","    0",",,7,0900","    0",",,7",,,,,,,,,,,,,,
"USC00040176","2025-09-07","34.5594","-115.7443","200.6","AMBOY, CA US","    0",",,7,0900","    0",",,7",,,,,,,,,,,,,,
"USC00040176","2025-09-08","34.5594","-115.7443","200.6","AMBOY, CA US","    0",",,7,0900","    0",",,7",,,,,,,,,,,,,,
"USC00040176","2025-09-09","34.5594","-115.7443","200.6","AMBOY, CA US","    0",",,7,0900","    0",",,7",,,,,,,,,,,,,,
"USC00040176","2025-09-10","34.5594","-115.7443","200.6","AMBOY, CA US","    0",",,7,0900","    0",",,7",,,,,,,,,,,,,,
"USC00040176","2025-09-11","34.5594","-115.7443","200.6","AMBOY, CA US","    0",",,7,0900","    0",",,7",,,,,,,,,,,,,,
"USC00040176","2025-09-12","34.5594","-115.7443","200.6","AMBOY, CA US","    0",",,7,0900","    0",",,7",,,,,,,,,,,,,,
"USC00040176","2025-09-13","34.5594","-115.7443","200.6","AMBOY, CA US","    0",",,7,0900","    0",",,7",,,,,,,,,,,,,,
"USC00040176","2025-09-14","34.5594","-115.7443","200.6","AMBOY, CA US","    0",",,7,0900","    0",",,7",,,,,,,,,,,,,,
"USC00040176","2025-09-15","34.5594","-115.7443","200.6","AMBOY, CA US","    0",",,7,0900","    0",",,7",,,,,,,,,,,,,,
"USC00040176","2025-09-16","34.5594","-115.7443","200.6","AMBOY, CA US","    0",",,7,0900","    0",",,7",,,,,,,,,,,,,,
"USC00040176","2025-09-17","34.5594","-115.7443","200.6","AMBOY, CA US","    0",",,7,0900","    0",",,7",,,,,,,,,,,,,,
"USC00040176","2025-09-18","34.5594","-115.7443","200.6","AMBOY, CA US","  114",",,7,0900","    0",",,7",,,,,,,,,,,,,,
"USC00040176","2025-09-19","34.5594","-115.7443","200.6","AMBOY, CA US","   41",",,7,0900","    0",",,7",,,,,,,,,,,,,,
"USC00040176","2025-09-20","34.5594","-115.7443","200.6","AMBOY, CA US","    0",",,7,0900","    0",",,7",,,,,,,,,,,,,,
"USC00040176","2025-09-21","34.5594","-115.7443","200.6","AMBOY, CA US","    0",",,7,0900","    0",",,7",,,,,,,,,,,,,,
"USC00040176","2025-09-22","34.5594","-115.7443","200.6","AMBOY, CA US","    0",",,7,0900","    0",",,7",,,,,,,,,,,,,,
"USC00040176","2025-09-23","34.5594","-115.7443","200.6","AMBOY, CA US","    0",",,7,0900","    0",",,7",,,,,,,,,,,,,,
"USC00040176","2025-09-24","34.5594","-115.7443","200.6","AMBOY, CA US","    0",",,7,0900","    0",",,7",,,,,,,,,,,,,,
"USC00040176","2025-09-25","34.5594","-115.7443","200.6","AMBOY, CA US","   56",",,7,0900","    0",",,7",,,,,,,,,,,,,,
"USC00040176","2025-09-26","34.5594","-115.7443","200.6","AMBOY, CA US","   25",",,7,0900","    0",",,7",,,,,,,,,,,,,,
"USC00040176","2025-09-27","34.5594","-115.7443","200.6","AMBOY, CA US","    0",",,7,0900","    0",",,7",,,,,,,,,,,,,,
"USC00040176","2025-09-28","34.5594","-115.7443","200.6","AMBOY, CA US","    0",",,7,0900","    0",",,7",,,,,,,,,,,,,,
"USC00040176","2025-09-29","34.5594","-115.7443","200.6","AMBOY, CA US","    0",",,7,0900","    0",",,7",,,,,,,,,,,,,,
"USC00040176","2025-09-30","34.5594","-115.7443","200.6","AMBOY, CA US","    0",",,7,0900","    0",",,7",,,,,,,,,,,,,,
"USC00040176","2025-10-01","34.5594","-115.7443","200.6","AMBOY, CA US","    0",",,7,0900","    0",",,7",,,,,,,,,,,,,,
"USC00040176","2025-10-02","34.5594","-115.7443","200.6","AMBOY, CA US","    0",",,7,0900","    0",",,7",,,,,,,,,,,,,,
"USC00040176","2025-10-03","34.5594","-115.7443","200.6","AMBOY, CA US","    0",",,7,0900","    0",",,7",,,,,,,,,,,,,,
"USC00040176","2025-10-04","34.5594","-115.7443","200.6","AMBOY, CA US","    0",",,7,0900","    0",",,7",,,,,,,,,,,,,,
"USC00040176","2025-10-05","34.5594","-115.7443","200.6","AMBOY, CA US","    0",",,7,0900","    0",",,7",,,,,,,,,,,,,,
"USC00040176","2025-10-06","34.5594","-115.7443","200.6","AMBOY, CA US","    0",",,7,0900","    0",",,7",,,,,,,,,,,,,,
"USC00040176","2025-10-07","34.5594","-115.7443","200.6","AMBOY, CA US","    0",",,7,0900","    0",",,7",,,,,,,,,,,,,,
"USC00040176","2025-10-08","34.5594","-115.7443","200.6","AMBOY, CA US","    0",",,7,0900","    0",",,7",,,,,,,,,,,,,,
"USC00040176","2025-10-09","34.5594","-115.7443","200.6","AMBOY, CA US","    0","T,,7,0900","    0",",,7",,,,,,,,,,,,,,
"USC00040176","2025-10-10","34.5594","-115.7443","200.6","AMBOY, CA US","   25",",,7,0900","    0",",,7",,,,,,,,,,,,,,
"USC00040176","2025-10-11","34.5594","-115.7443","200.6","AMBOY, CA US","    0","T,,7,0900","    0",",,7",,,,,,,,,,,,,,
"USC00040176","2025-10-12","34.5594","-115.7443","200.6","AMBOY, CA US","    0",",,7,0900","    0",",,7",,,,,,,,,,,,,,
"USC00040176","2025-10-13","34.5594","-115.7443","200.6","AMBOY, CA US","    0",",,7,0900","    0",",,7",,,,,,,,,,,,,,
"USC00040176","2025-10-14","34.5594","-115.7443","200.6","AMBOY, CA US","    0",",,7,0900","    0",",,7",,,,,,,,,,,,,,
"USC00040176","2025-10-15","34.5594","-115.7443","200.6","AMBOY, CA US","   13",",,7,0900","    0",",,7",,,,,,,,,,,,,,
"USC00040176","2025-10-16","34.5594","-115.7443","200.6","AMBOY, CA US","    0",",,7,0900","    0",",,7",,,,,,,,,,,,,,
"USC00040176","2025-10-17","34.5594","-115.7443","200.6","AMBOY, CA US","    0",",,7,0900","    0",",,7",,,,,,,,,,,,,,
"USC00040176","2025-10-18","34.5594","-115.7443","200.6","AMBOY, CA US","    0",",,7,0900","    0",",,7",,,,,,,,,,,,,,
"USC00040176","2025-10-19","34.5594","-115.7443","200.6","AMBOY, CA US","    0",",,7,0900","    0",",,7",,,,,,,,,,,,,,
"USC00040176","2025-10-20","34.5594","-115.7443","200.6","AMBOY, CA US","    0",",,7,0900","    0",",,7",,,,,,,,,,,,,,
"USC00040176","2025-10-21","34.5594","-115.7443","200.6","AMBOY, CA US","    0",",,7,0900","    0",",,7",,,,,,,,,,,,,,
"USC00040176","2025-10-22","34.5594","-115.7443","200.6","AMBOY, CA US","    0","T,,7,0900","    0",",,7",,,,,,,,,,,,,,
"USC00040176","2025-10-23","34.5594","-115.7443","200.6","AMBOY, CA US","    0",",,7,0900","    0",",,7",,,,,,,,,,,,,,
"USC00040176","2025-10-24","34.5594","-115.7443","200.6","AMBOY, CA US","    0",",,7,0900","    0",",,7",,,,,,,,,,,,,,
"USC00040176","2025-10-25","34.5594","-115.7443","200.6","AMBOY, CA US","    0",",,7,0900","    0",",,7",,,,,,,,,,,,,,
"USC00040176","2025-10-26","34.5594","-115.7443","200.6","AMBOY, CA US","    0",",,7,0900","    0",",,7",,,,,,,,,,,,,,
"USC00040176","2025-10-27","34.5594","-115.7443","200.6","AMBOY, CA US","    0",",,7,0900","    0",",,7",,,,,,,,,,,,,,
"USC00040176","2025-10-28","34.5594","-115.7443","200.6","AMBOY, CA US","    0",",,7,0900","    0",",,7",,,,,,,,,,,,,,
"USC00040176","2025-10-29","34.5594","-115.7443","200.6","AMBOY, CA US","    0",",,7,0900","    0",",,7",,,,,,,,,,,,,,
"USC00040176","2025-10-30","34.5594","-115.7443","200.6","AMBOY, CA US","    0",",,7,0900","    0",",,7",,,,,,,,,,,,,,
"USC00040176","2025-10-31","34.5594","-115.7443","200.6","AMBOY, CA US","    0",",,7,0900","    0",",,7",,,,,,,,,,,,,,
"USC00040176","2025-11-01","34.5594","-115.7443","200.6","AMBOY, CA US","    0",",,7,0900","    0",",,7",,,,,,,,,,,,,,
"USC00040176","2025-11-02","34.5594","-115.7443","200.6","AMBOY, CA US","    0",",,7,0900","    0",",,7",,,,,,,,,,,,,,
"USC00040176","2025-11-03","34.5594","-115.7443","200.6","AMBOY, CA US","    0",",,7,0900","    0",",,7",,,,,,,,,,,,,,
"USC00040176","2025-11-04","34.5594","-115.7443","200.6","AMBOY, CA US","    0",",,7,0900","    0",",,7",,,,,,,,,,,,,,
"USC00040176","2025-11-05","34.5594","-115.7443","200.6","AMBOY, CA US","    0",",,7,0900","    0",",,7",,,,,,,,,,,,,,
"USC00040176","2025-11-06","34.5594","-115.7443","200.6","AMBOY, CA US","    0",",,7,0900","    0",",,7",,,,,,,,,,,,,,
"USC00040176","2025-11-07","34.5594","-115.7443","200.6","AMBOY, CA US","    0",",,7,0900","    0",",,7",,,,,,,,,,,,,,
"USC00040176","2025-11-08","34.5594","-115.7443","200.6","AMBOY, CA US","    0",",,7,0900","    0",",,7",,,,,,,,,,,,,,
"USC00040176","2025-11-09","34.5594","-115.7443","200.6","AMBOY, CA US","    0",",,7,0900","    0",",,7",,,,,,,,,,,,,,
"USC00040176","2025-11-10","34.5594","-115.7443","200.6","AMBOY, CA US","    0",",,7,0900","    0",",,7",,,,,,,,,,,,,,
"USC00040176","2025-11-11","34.5594","-115.7443","200.6","AMBOY, CA US","    0",",,7,0900","    0",",,7",,,,,,,,,,,,,,
"USC00040176","2025-11-12","34.5594","-115.7443","200.6","AMBOY, CA US","    0",",,7,0900","    0",",,7",,,,,,,,,,,,,,
"USC00040176","2025-11-13","34.5594","-115.7443","200.6","AMBOY, CA US","    0",",,7,0900","    0",",,7",,,,,,,,,,,,,,
"USC00040176","2025-11-14","34.5594","-115.7443","200.6","AMBOY, CA US","    5",",,7,0900","    0",",,7",,,,,,,,,,,,,,
"USC00040176","2025-11-15","34.5594","-115.7443","200.6","AMBOY, CA US","   94",",,7,0900","    0",",,7",,,,,,,,,,,,,,
"USC00040176","2025-11-16","34.5594","-115.7443","200.6","AMBOY, CA US","  173",",,7,0900","    0",",,7",,,,,,,,,,,,,,
"USC00040176","2025-11-17","34.5594","-115.7443","200.6","AMBOY, CA US","    0","T,,7,0900","    0",",,7",,,,,,,,,,,,,,
"USC00040176","2025-11-18","34.5594","-115.7443","200.6","AMBOY, CA US","   33",",,7,0900","    0",",,7",,,,,,,,,,,,,,
"USC00040176","2025-11-19","34.5594","-115.7443","200.6","AMBOY, CA US","    5",",,7,0900","    0",",,7",,,,,,,,,,,,,,
"USC00040176","2025-11-21","34.5594","-115.7443","200.6","AMBOY, CA US",,,"    0",",,7",,,,,,,"    2",",,7","   66",",,7",,,,
"USC00040176","2025-11-22","34.5594","-115.7443","200.6","AMBOY, CA US","   56",",,7,0900","    0",",,7",,,,,,,,,,,,,,
"USC00040176","2025-11-23","34.5594","-115.7443","200.6","AMBOY, CA US","    5",",,7,0900","    0",",,7",,,,,,,,,,,,,,
"USC00040176","2025-11-24","34.5594","-115.7443","200.6","AMBOY, CA US","    0",",,7,0900","    0",",,7",,,,,,,,,,,,,,
"USC00040176","2025-11-25","34.5594","-115.7443","200.6","AMBOY, CA US","    0",",,7,0900","    0",",,7",,,,,,,,,,,,,,
"USC00040176","2025-11-26","34.5594","-115.7443","200.6","AMBOY, CA US","    0",",,7,0900","    0",",,7",,,,,,,,,,,,,,
"USC00040176","2025-11-27","34.5594","-115.7443","200.6","AMBOY, CA US","    0",",,7,0900","    0",",,7",,,,,,,,,,,,,,
"USC00040176","2025-11-28","34.5594","-115.7443","200.6","AMBOY, CA US","    0",",,7,0900","    0",",,7",,,,,,,,,,,,,,
"USC00040176","2025-11-29","34.5594","-115.7443","200.6","AMBOY, CA US","    0",",,7,0900","    0",",,7",,,,,,,,,,,,,,
"USC00040176","2025-11-30","34.5594","-115.7443","200.6","AMBOY, CA US","    0",",,7,0900","    0",",,7",,,,,,,,,,,,,,
"USC00040176","2025-12-01","34.5594","-115.7443","200.6","AMBOY, CA US","    0",",,7,0900","    0",",,7",,,,,,,,,,,,,,
"USC00040176","2025-12-02","34.5594","-115.7443","200.6","AMBOY, CA US","    0",",,7,0900","    0",",,7",,,,,,,,,,,,,,
"USC00040176","2025-12-03","34.5594","-115.7443","200.6","AMBOY, CA US","    0",",,7,0900","    0",",,7",,,,,,,,,,,,,,
"USC00040176","2025-12-04","34.5594","-115.7443","200.6","AMBOY, CA US","    0",",,7,0900","    0",",,7",,,,,,,,,,,,,,
"USC00040176","2025-12-05","34.5594","-115.7443","200.6","AMBOY, CA US","    0",",,7,0900","    0",",,7",,,,,,,,,,,,,,
"USC00040176","2025-12-06","34.5594","-115.7443","200.6","AMBOY, CA US","    0",",,7,0900","    0",",,7",,,,,,,,,,,,,,
"USC00040176","2025-12-07","34.5594","-115.7443","200.6","AMBOY, CA US","    0",",,7,0900","    0",",,7",,,,,,,,,,,,,,
"USC00040176","2025-12-08","34.5594","-115.7443","200.6","AMBOY, CA US","    0",",,7,0900","    0",",,7",,,,,,,,,,,,,,
"USC00040176","2025-12-09","34.5594","-115.7443","200.6","AMBOY, CA US","    0",",,7,0900","    0",",,7",,,,,,,,,,,,,,
"USC00040176","2025-12-10","34.5594","-115.7443","200.6","AMBOY, CA US","    0",",,7,0900","    0",",,7",,,,,,,,,,,,,,
"USC00040176","2025-12-11","34.5594","-115.7443","200.6","AMBOY, CA US","    0",",,7,0900","    0",",,7",,,,,,,,,,,,,,
"USC00040176","2025-12-12","34.5594","-115.7443","200.6","AMBOY, CA US","    0",",,7,0900","    0",",,7",,,,,,,,,,,,,,
"USC00040176","2025-12-13","34.5594","-115.7443","200.6","AMBOY, CA US","    0",",,7,0900","    0",",,7",,,,,,,,,,,,,,
"USC00040176","2025-12-14","34.5594","-115.7443","200.6","AMBOY, CA US","    0",",,7,0900","    0",",,7",,,,,,,,,,,,,,
"USC00040176","2025-12-15","34.5594","-115.7443","200.6","AMBOY, CA US","    0",",,7,0900","    0",",,7",,,,,,,,,,,,,,
"USC00040176","2025-12-16","34.5594","-115.7443","200.6","AMBOY, CA US","    0",",,7,0900","    0",",,7",,,,,,,,,,,,,,
"USC00040176","2025-12-17","34.5594","-115.7443","200.6","AMBOY, CA US","    0",",,7,0900","    0",",,7",,,,,,,,,,,,,,
"USC00040176","2025-12-18","34.5594","-115.7443","200.6","AMBOY, CA US","    0",",,7,0900","    0",",,7",,,,,,,,,,,,,,
"USC00040176","2025-12-19","34.5594","-115.7443","200.6","AMBOY, CA US","    0",",,7,0900","    0",",,7",,,,,,,,,,,,,,
"USC00040176","2025-12-20","34.5594","-115.7443","200.6","AMBOY, CA US","    0",",,7,0900","    0",",,7",,,,,,,,,,,,,,
"USC00040176","2025-12-21","34.5594","-115.7443","200.6","AMBOY, CA US","    0",",,7,0900","    0",",,7",,,,,,,,,,,,,,
"USC00040176","2025-12-22","34.5594","-115.7443","200.6","AMBOY, CA US","    0",",,7,0900","    0",",,7",,,,,,,,,,,,,,
"USC00040176","2025-12-23","34.5594","-115.7443","200.6","AMBOY, CA US","    0",",,7,0900","    0",",,7",,,,,,,,,,,,,,
"USC00040176","2025-12-24","34.5594","-115.7443","200.6","AMBOY, CA US","    3",",,7,0900","    0",",,7",,,,,,,,,,,,,,
"USC00040176","2025-12-25","34.5594","-115.7443","200.6","AMBOY, CA US","   13",",,7,0900","    0",",,7",,,,,,,,,,,,,,
"USC00040176","2025-12-26","34.5594","-115.7443","200.6","AMBOY, CA US","    0","T,,7,0900","    0",",,7",,,,,,,,,,,,,,
"USC00040176","2025-12-27","34.5594","-115.7443","200.6","AMBOY, CA US","    5",",,7,0900","    0",",,7",,,,,,,,,,,,,,
"USC00040176","2025-12-28","34.5594","-115.7443","200.6","AMBOY, CA US","    0",",,7,0900","    0",",,7",,,,,,,,,,,,,,
"USC00040176","2025-12-29","34.5594","-115.7443","200.6","AMBOY, CA US","    0",",,7,0900","    0",",,7",,,,,,,,,,,,,,
"USC00040176","2025-12-30","34.5594","-115.7443","200.6","AMBOY, CA US","    0",",,7,0900","    0",",,7",,,,,,,,,,,,,,
"USC00040176","2025-12-31","34.5594","-115.7443","200.6","AMBOY, CA US","    0","T,,7,0900","    0",",,7",,,,,,,,,,,,,,
"USC00040176","2026-01-01","34.5594","-115.7443","200.6","AMBOY, CA US","   84",",,7,0900","    0",",,7",,,,,,,,,,,,,,
"USC00040176","2026-01-02","34.5594","-115.7443","200.6","AMBOY, CA US","   33",",,7,0900","    0",",,7",,,,,,,,,,,,,,
"USC00040176","2026-01-03","34.5594","-115.7443","200.6","AMBOY, CA US","   13",",,7,0900","    0",",,7",,,,,,,,,,,,,,
"USC00040176","2026-01-04","34.5594","-115.7443","200.6","AMBOY, CA US","    5",",,7,0900","    0",",,7",,,,,,,,,,,,,,
"USC00040176","2026-01-05","34.5594","-115.7443","200.6","AMBOY, CA US","    5",",,7,0900","    0",",,7",,,,,,,,,,,,,,
"USC00040176","2026-01-06","34.5594","-115.7443","200.6","AMBOY, CA US","    0",",,7,0900","    0",",,7",,,,,,,,,,,,,,
"USC00040176","2026-01-07","34.5594","-115.7443","200.6","AMBOY, CA US","    0","T,,7,0900","    0",",,7",,,,,,,,,,,,,,
"USC00040176","2026-01-08","34.5594","-115.7443","200.6","AMBOY, CA US","    0","T,,7,0900","    0",",,7",,,,,,,,,,,,,,
"USC00040176","2026-01-09","34.5594","-115.7443","200.6","AMBOY, CA US","    0",",,7,0900","    0",",,7",,,,,,,,,,,,,,
"USC00040176","2026-01-10","34.5594","-115.7443","200.6","AMBOY, CA US","    0",",,7,0900","    0",",,7",,,,,,,,,,,,,,
"USC00040176","2026-01-11","34.5594","-115.7443","200.6","AMBOY, CA US","    0",",,7,0900","    0",",,7",,,,,,,,,,,,,,
"USC00040176","2026-01-12","34.5594","-115.7443","200.6","AMBOY, CA US","    0",",,7,0900","    0",",,7",,,,,,,,,,,,,,
"USC00040176","2026-01-13","34.5594","-115.7443","200.6","AMBOY, CA US","    0",",,7,0900","    0",",,7",,,,,,,,,,,,,,
"USC00040176","2026-01-14","34.5594","-115.7443","200.6","AMBOY, CA US","    0",",,7,0900","    0",",,7",,,,,,,,,,,,,,
"USC00040176","2026-01-15","34.5594","-115.7443","200.6","AMBOY, CA US","    0",",,7,0900","    0",",,7",,,,,,,,,,,,,,
"USC00040176","2026-01-16","34.5594","-115.7443","200.6","AMBOY, CA US","    0",",,7,0900","    0",",,7",,,,,,,,,,,,,,
"USC00040176","2026-01-17","34.5594","-115.7443","200.6","AMBOY, CA US","    0",",,7,0900","    0",",,7",,,,,,,,,,,,,,
"USC00040176","2026-01-18","34.5594","-115.7443","200.6","AMBOY, CA US","    0",",,7,0900","    0",",,7",,,,,,,,,,,,,,
"USC00040176","2026-01-19","34.5594","-115.7443","200.6","AMBOY, CA US","    0",",,7,0900","    0",",,7",,,,,,,,,,,,,,
"USC00040176","2026-01-20","34.5594","-115.7443","200.6","AMBOY, CA US","    0",",,7,0900","    0",",,7",,,,,,,,,,,,,,
"USC00040176","2026-01-21","34.5594","-115.7443","200.6","AMBOY, CA US","    0",",,7,0900","    0",",,7",,,,,,,,,,,,,,
"USC00040176","2026-01-22","34.5594","-115.7443","200.6","AMBOY, CA US","    0",",,7,0900","    0",",,7",,,,,,,,,,,,,,
"USC00040176","2026-01-23","34.5594","-115.7443","200.6","AMBOY, CA US","    0","T,,7,0900","    0",",,7",,,,,,,,,,,,,,
"USC00040176","2026-01-24","34.5594","-115.7443","200.6","AMBOY, CA US","    0",",,7,0900","    0",",,7",,,,,,,,,,,,,,
"USC00040176","2026-01-25","34.5594","-115.7443","200.6","AMBOY, CA US","    0",",,7,0900","    0",",,7",,,,,,,,,,,,,,
"USC00040176","2026-01-26","34.5594","-115.7443","200.6","AMBOY, CA US","    0",",,7,0900","    0",",,7",,,,,,,,,,,,,,
"USC00040176","2026-01-27","34.5594","-115.7443","200.6","AMBOY, CA US","    0",",,7,0900","    0",",,7",,,,,,,,,,,,,,
"USC00040176","2026-01-28","34.5594","-115.7443","200.6","AMBOY, CA US","    0",",,7,0900","    0",",,7",,,,,,,,,,,,,,
"USC00040176","2026-01-29","34.5594","-115.7443","200.6","AMBOY, CA US","    0",",,7,0900","    0",",,7",,,,,,,,,,,,,,
"USC00040176","2026-01-30","34.5594","-115.7443","200.6","AMBOY, CA US","    0",",,7,0900","    0",",,7",,,,,,,,,,,,,,
"USC00040176","2026-01-31","34.5594","-115.7443","200.6","AMBOY, CA US","    0",",,7,0900","    0",",,7",,,,,,,,,,,,,,
"USC00040176","2026-02-01","34.5594","-115.7443","200.6","AMBOY, CA US","    0",",,7,0900","    0",",,7",,,,,,,,,,,,,,
"USC00040176","2026-02-02","34.5594","-115.7443","200.6","AMBOY, CA US","    0",",,7,0900","    0",",,7",,,,,,,,,,,,,,
"USC00040176","2026-02-03","34.5594","-115.7443","200.6","AMBOY, CA US","    0",",,7,0900","    0",",,7",,,,,,,,,,,,,,
"USC00040176","2026-02-04","34.5594","-115.7443","200.6","AMBOY, CA US","    0",",,7,0900","    0",",,7",,,,,,,,,,,,,,
"USC00040176","2026-02-05","34.5594","-115.7443","200.6","AMBOY, CA US","    0",",,7,0900","    0",",,7",,,,,,,,,,,,,,
"USC00040176","2026-02-06","34.5594","-115.7443","200.6","AMBOY, CA US","    0",",,7,0900","    0",",,7",,,,,,,,,,,,,,
"USC00040176","2026-02-07","34.5594","-115.7443","200.6","AMBOY, CA US","    0",",,7,0900","    0",",,7",,,,,,,,,,,,,,
"USC00040176","2026-02-08","34.5594","-115.7443","200.6","AMBOY, CA US","    0",",,7,0900","    0",",,7",,,,,,,,,,,,,,
"USC00040176","2026-02-09","34.5594","-115.7443","200.6","AMBOY, CA US","    0",",,7,0900","    0",",,7",,,,,,,,,,,,,,
"USC00040176","2026-02-10","34.5594","-115.7443","200.6","AMBOY, CA US","    0",",,7,0900","    0",",,7",,,,,,,,,,,,,,
"USC00040176","2026-02-11","34.5594","-115.7443","200.6","AMBOY, CA US","    0","T,,7,0900","    0",",,7",,,,,,,,,,,,,,
"USC00040176","2026-02-12","34.5594","-115.7443","200.6","AMBOY, CA US","    0","T,,7,0900","    0",",,7",,,,,,,,,,,,,,
"USC00040176","2026-02-13","34.5594","-115.7443","200.6","AMBOY, CA US","    0",",,7,0900","    0",",,7",,,,,,,,,,,,,,
"USC00040176","2026-02-14","34.5594","-115.7443","200.6","AMBOY, CA US","    0",",,7,0900","    0",",,7",,,,,,,,,,,,,,
"USC00040176","2026-02-15","34.5594","-115.7443","200.6","AMBOY, CA US","    0",",,7,0900","    0",",,7",,,,,,,,,,,,,,
"USC00040176","2026-02-16","34.5594","-115.7443","200.6","AMBOY, CA US","    0",",,7,0900","    0",",,7",,,,,,,,,,,,,,
"USC00040176","2026-02-17","34.5594","-115.7443","200.6","AMBOY, CA US","   20",",,7,0900","    0",",,7",,,,,,,,,,,,,,
"USC00040176","2026-02-18","34.5594","-115.7443","200.6","AMBOY, CA US","   71",",,7,0900","    0",",,7",,,,,,,,,,,,,,
"USC00040176","2026-02-19","34.5594","-115.7443","200.6","AMBOY, CA US","   13",",,7,0900","    0",",,7",,,,,,,,,,,,,,
"USC00040176","2026-02-20","34.5594","-115.7443","200.6","AMBOY, CA US","    5",",,7,0900","    0",",,7",,,,,,,,,,,,,,
"USC00040176","2026-02-21","34.5594","-115.7443","200.6","AMBOY, CA US","    0",",,7,0900","    0",",,7",,,,,,,,,,,,,,
"USC00040176","2026-02-22","34.5594","-115.7443","200.6","AMBOY, CA US","    0",",,7,0900","    0",",,7",,,,,,,,,,,,,,
"USC00040176","2026-02-23","34.5594","-115.7443","200.6","AMBOY, CA US","    0",",,7,0900","    0",",,7",,,,,,,,,,,,,,
"USC00040176","2026-02-24","34.5594","-115.7443","200.6","AMBOY, CA US","    0",",,7,0900","    0",",,7",,,,,,,,,,,,,,
"USC00040176","2026-02-25","34.5594","-115.7443","200.6","AMBOY, CA US","    0",",,7,0900","    0",",,7",,,,,,,,,,,,,,
"USC00040176","2026-02-26","34.5594","-115.7443","200.6","AMBOY, CA US","    0",",,7,0900","    0",",,7",,,,,,,,,,,,,,
"USC00040176","2026-02-27","34.5594","-115.7443","200.6","AMBOY, CA US","    0",",,7,0900","    0",",,7",,,,,,,,,,,,,,
"USC00040176","2026-02-28","34.5594","-115.7443","200.6","AMBOY, CA US","    0",",,7,0900","    0",",,7",,,,,,,,,,,,,,
"USC00040176","2026-03-01","34.5594","-115.7443","200.6","AMBOY, CA US","    0",",,7,0900","    0",",,7",,,,,,,,,,,,,,
"USC00040176","2026-03-02","34.5594","-115.7443","200.6","AMBOY, CA US","    0",",,7,0900","    0",",,7",,,,,,,,,,,,,,
"USC00040176","2026-03-03","34.5594","-115.7443","200.6","AMBOY, CA US","    0",",,7,0900","    0",",,7",,,,,,,,,,,,,,
"USC00040176","2026-03-04","34.5594","-115.7443","200.6","AMBOY, CA US","    0",",,7,0900","    0",",,7",,,,,,,,,,,,,,
"USC00040176","2026-03-05","34.5594","-115.7443","200.6","AMBOY, CA US","    0",",,7,0900","    0",",,7",,,,,,,,,,,,,,
"USC00040176","2026-03-06","34.5594","-115.7443","200.6","AMBOY, CA US","    0",",,7,0900","    0",",,7",,,,,,,,,,,,,,
"USC00040176","2026-03-07","34.5594","-115.7443","200.6","AMBOY, CA US","    0",",,7,0900","    0",",,7",,,,,,,,,,,,,,
"USC00040176","2026-03-08","34.5594","-115.7443","200.6","AMBOY, CA US","    0",",,7,0900","    0",",,7",,,,,,,,,,,,,,
"USC00040176","2026-03-09","34.5594","-115.7443","200.6","AMBOY, CA US","    0",",,7,0900","    0",",,7",,,,,,,,,,,,,,
"USC00040176","2026-03-10","34.5594","-115.7443","200.6","AMBOY, CA US","    0",",,7,0900","    0",",,7",,,,,,,,,,,,,,
"USC00040176","2026-03-11","34.5594","-115.7443","200.6","AMBOY, CA US","    0",",,7,0900","    0",",,7",,,,,,,,,,,,,,
"USC00040176","2026-03-12","34.5594","-115.7443","200.6","AMBOY, CA US","    0",",,7,0900","    0",",,7",,,,,,,,,,,,,,
"USC00040176","2026-03-13","34.5594","-115.7443","200.6","AMBOY, CA US","    0",",,7,0900","    0",",,7",,,,,,,,,,,,,,
"USC00040176","2026-03-14","34.5594","-115.7443","200.6","AMBOY, CA US","    0",",,7,0900","    0",",,7",,,,,,,,,,,,,,
"USC00040176","2026-03-15","34.5594","-115.7443","200.6","AMBOY, CA US","    0",",,7,0900","    0",",,7",,,,,,,,,,,,,,
"USC00040176","2026-03-16","34.5594","-115.7443","200.6","AMBOY, CA US","    0",",,7,0900","    0",",,7",,,,,,,,,,,,,,
"USC00040176","2026-03-17","34.5594","-115.7443","200.6","AMBOY, CA US","    0",",,7,0900","    0",",,7",,,,,,,,,,,,,,
"USC00040176","2026-03-18","34.5594","-115.7443","200.6","AMBOY, CA US","    0",",,7,0900","    0",",,7",,,,,,,,,,,,,,
"USC00040176","2026-03-19","34.5594","-115.7443","200.6","AMBOY, CA US","    0",",,7,0900","    0",",,7",,,,,,,,,,,,,,
"USC00040176","2026-03-20","34.5594","-115.7443","200.6","AMBOY, CA US","    0",",,7,0900","    0",",,7",,,,,,,,,,,,,,
"USC00040176","2026-03-21","34.5594","-115.7443","200.6","AMBOY, CA US","    0",",,7,0900","    0",",,7",,,,,,,,,,,,,,
"USC00040176","2026-03-22","34.5594","-115.7443","200.6","AMBOY, CA US","    0",",,7,0900","    0",",,7",,,,,,,,,,,,,,
"USC00040176","2026-03-23","34.5594","-115.7443","200.6","AMBOY, CA US","    0",",,7,0900","    0",",,7",,,,,,,,,,,,,,
"USC00040176","2026-03-24","34.5594","-115.7443","200.6","AMBOY, CA US","    0",",,7,0900","    0",",,7",,,,,,,,,,,,,,
"USC00040176","2026-03-25","34.5594","-115.7443","200.6","AMBOY, CA US","    0",",,7,0900","    0",",,7",,,,,,,,,,,,,,
"USC00040176","2026-03-26","34.5594","-115.7443","200.6","AMBOY, CA US","    0",",,7,0900","    0",",,7",,,,,,,,,,,,,,
"USC00040176","2026-03-27","34.5594","-115.7443","200.6","AMBOY, CA US","    0",",,7,0900","    0",",,7",,,,,,,,,,,,,,
"USC00040176","2026-03-28","34.5594","-115.7443","200.6","AMBOY, CA US","    0",",,7,0900","    0",",,7",,,,,,,,,,,,,,
"USC00040176","2026-03-29","34.5594","-115.7443","200.6","AMBOY, CA US","    0",",,7,0900","    0",",,7",,,,,,,,,,,,,,
"USC00040176","2026-03-30","34.5594","-115.7443","200.6","AMBOY, CA US","    0",",,7,0900","    0",",,7",,,,,,,,,,,,,,
"USC00040176","2026-03-31","34.5594","-115.7443","200.6","AMBOY, CA US","    0",",,7,0900","    0",",,7",,,,,,,,,,,,,,
"USC00040176","2026-04-01","34.5594","-115.7443","200.6","AMBOY, CA US","    0",",,7,0900","    0",",,7",,,,,,,,,,,,,,
"USC00040176","2026-04-02","34.5594","-115.7443","200.6","AMBOY, CA US","    0",",,7,0900","    0",",,7",,,,,,,,,,,,,,
"USC00040176","2026-04-03","34.5594","-115.7443","200.6","AMBOY, CA US","    0",",,7,0900","    0",",,7",,,,,,,,,,,,,,
"USC00040176","2026-04-04","34.5594","-115.7443","200.6","AMBOY, CA US","    0",",,7,0900","    0",",,7",,,,,,,,,,,,,,
"USC00040176","2026-04-05","34.5594","-115.7443","200.6","AMBOY, CA US","    0",",,7,0900","    0",",,7",,,,,,,,,,,,,,
"USC00040176","2026-04-06","34.5594","-115.7443","200.6","AMBOY, CA US","    0",",,7,0900","    0",",,7",,,,,,,,,,,,,,
"USC00040176","2026-04-07","34.5594","-115.7443","200.6","AMBOY, CA US","    0",",,7,0900","    0",",,7",,,,,,,,,,,,,,
"USC00040176","2026-04-08","34.5594","-115.7443","200.6","AMBOY, CA US","    0",",,7,0900","    0",",,7",,,,,,,,,,,,,,
"USC00040176","2026-04-09","34.5594","-115.7443","200.6","AMBOY, CA US","    0",",,7,0900","    0",",,7",,,,,,,,,,,,,,
"USC00040176","2026-04-10","34.5594","-115.7443","200.6","AMBOY, CA US","    0",",,7,0900","    0",",,7",,,,,,,,,,,,,,
"USC00040176","2026-04-11","34.5594","-115.7443","200.6","AMBOY, CA US","    0",",,7,0900","    0",",,7",,,,,,,,,,,,,,
"USC00040176","2026-04-12","34.5594","-115.7443","200.6","AMBOY, CA US","    0",",,7,0900","    0",",,7",,,,,,,,,,,,,,
"USC00040176","2026-04-13","34.5594","-115.7443","200.6","AMBOY, CA US","    0","T,,7,0900","    0",",,7",,,,,,,,,,,,,,
"USC00040176","2026-04-14","34.5594","-115.7443","200.6","AMBOY, CA US","    0",",,7,0900","    0",",,7",,,,,,,,,,,,,,
"USC00040176","2026-04-15","34.5594","-115.7443","200.6","AMBOY, CA US","    0",",,7,0900","    0",",,7",,,,,,,,,,,,,,
"USC00040176","2026-04-16","34.5594","-115.7443","200.6","AMBOY, CA US","    0",",,7,0900","    0",",,7",,,,,,,,,,,,,,
"USC00040176","2026-04-17","34.5594","-115.7443","200.6","AMBOY, CA US","    0",",,7,0900","    0",",,7",,,,,,,,,,,,,,
"USC00040176","2026-04-18","34.5594","-115.7443","200.6","AMBOY, CA US","    0",",,7,0900","    0",",,7",,,,,,,,,,,,,,
"USC00040176","2026-04-19","34.5594","-115.7443","200.6","AMBOY, CA US","    0",",,7,0900","    0",",,7",,,,,,,,,,,,,,
"USC00040176","2026-04-20","34.5594","-115.7443","200.6","AMBOY, CA US","    0",",,7,0900","    0",",,7",,,,,,,,,,,,,,
"USC00040176","2026-04-21","34.5594","-115.7443","200.6","AMBOY, CA US","    0",",,7,0900","    0",",,7",,,,,,,,,,,,,,
"USC00040176","2026-04-22","34.5594","-115.7443","200.6","AMBOY, CA US","    0",",,7,0900","    0",",,7",,,,,,,,,,,,,,
"USC00040176","2026-04-23","34.5594","-115.7443","200.6","AMBOY, CA US","    0",",,7,0900","    0",",,7",,,,,,,,,,,,,,
"USC00040176","2026-04-24","34.5594","-115.7443","200.6","AMBOY, CA US","    0",",,7,0900","    0",",,7",,,,,,,,,,,,,,
"USC00040176","2026-04-25","34.5594","-115.7443","200.6","AMBOY, CA US","    0",",,7,0900","    0",",,7",,,,,,,,,,,,,,
"USC00040176","2026-04-26","34.5594","-115.7443","200.6","AMBOY, CA US","    0",",,7,0900","    0",",,7",,,,,,,,,,,,,,
"USC00040176","2026-04-27","34.5594","-115.7443","200.6","AMBOY, CA US","    0",",,7,0900","    0",",,7",,,,,,,,,,,,,,
"USC00040176","2026-04-28","34.5594","-115.7443","200.6","AMBOY, CA US","    0",",,7,0900","    0",",,7",,,,,,,,,,,,,,
"USC00040176","2026-04-29","34.5594","-115.7443","200.6","AMBOY, CA US","    0",",,7,0900","    0",",,7",,,,,,,,,,,,,,
"USC00040176","2026-04-30","34.5594","-115.7443","200.6","AMBOY, CA US","    0",",,7,0900","    0",",,7",,,,,,,,,,,,,,
"USC00040176","2026-05-16","34.5594","-115.7443","200.6","AMBOY, CA US","    0",",,H,0900","    0",",,H",,,,,,,,,,,,,,
"USC00040176","2026-05-17","34.5594","-115.7443","200.6","AMBOY, CA US","    0",",,H,0900","    0",",,H",,,,,,,,,,,,,,
"USC00040176","2026-05-18","34.5594","-115.7443","200.6","AMBOY, CA US","    0",",,H,0900","    0",",,H",,,,,,,,,,,,,,
"USC00040176","2026-05-24","34.5594","-115.7443","200.6","AMBOY, CA US","    0",",,H,0900","    0",",,H",,,,,,,,,,,,,,
"USC00040176","2026-05-25","34.5594","-115.7443","200.6","AMBOY, CA US","    0",",,H,0900","    0",",,H",,,,,,,,,,,,,,
"USC00040176","2026-05-26","34.5594","-115.7443","200.6","AMBOY, CA US","    0",",,H,0900","    0",",,H",,,,,,,,,,,,,,
