"STATION","DATE","LATITUDE","LONGITUDE","ELEVATION","NAME","PRCP","PRCP_ATTRIBUTES","SNOW","SNOW_ATTRIBUTES","SNWD","SNWD_ATTRIBUTES","DAPR","DAPR_ATTRIBUTES","MDPR","MDPR_ATTRIBUTES"
"USC00045151","1948-07-01","35.6181","-119.6892","87.8","LOST HILLS, CA US","    0",",,0,","    0",",,0","    0",",,0",,,,
"USC00045151","1948-07-02","35.6181","-119.6892","87.8","LOST HILLS, CA US","    0",",,0,","    0",",,0","    0",",,0",,,,
"USC00045151","1948-07-03","35.6181","-119.6892","87.8","LOST HILLS, CA US","    0",",,0,","    0",",,0","    0",",,0",,,,
"USC00045151","1948-07-04","35.6181","-119.6892","87.8","LOST HILLS, CA US","    0",",,0,","    0",",,0","    0",",,0",,,,
"USC00045151","1948-07-05","35.6181","-119.6892","87.8","LOST HILLS, CA US","    0",",,0,","    0",",,0","    0",",,0",,,,
"USC00045151","1948-07-06","35.6181","-119.6892","87.8","LOST HILLS, CA US","    0",",,0,","    0",",,0","    0",",,0",,,,
"USC00045151","1948-07-07","35.6181","-119.6892","87.8","LOST HILLS, CA US","    0",",,0,","    0",",,0","    0",",,0",,,,
"USC00045151","1948-07-08","35.6181","-119.6892","87.8","LOST HILLS, CA US","    0",",,0,","    0",",,0","    0",",,0",,,,
"USC00045151","1948-07-09","35.6181","-119.6892","87.8","LOST HILLS, CA US","    0",",,0,","    0",",,0","    0",",,0",,,,
"USC00045151","1948-07-10","35.6181","-119.6892","87.8","LOST HILLS, CA US","    0",",,0,","    0",",,0","    0",",,0",,,,
"USC00045151","1948-07-11","35.6181","-119.6892","87.8","LOST HILLS, CA US","    0",",,0,","    0",",,0","    0",",,0",,,,
"USC00045151","1948-07-12","35.6181","-119.6892","87.8","LOST HILLS, CA US","    0",",,0,","    0",",,0","    0",",,0",,,,
"USC00045151","1948-07-13","35.6181","-119.6892","87.8","LOST HILLS, CA US","    0",",,0,","    0",",,0","    0",",,0",,,,
"USC00045151","1948-07-14","35.6181","-119.6892","87.8","LOST HILLS, CA US","    0",",,0,","    0",",,0","    0",",,0",,,,
"USC00045151","1948-07-15","35.6181","-119.6892","87.8","LOST HILLS, CA US","    0",",,0,","    0",",,0","    0",",,0",,,,
"USC00045151","1948-07-16","35.6181","-119.6892","87.8","LOST HILLS, CA US","    0",",,0,","    0",",,0","    0",",,0",,,,
"USC00045151","1948-07-17","35.6181","-119.6892","87.8","LOST HILLS, CA US","    0",",,0,","    0",",,0","    0",",,0",,,,
"USC00045151","1948-07-18","35.6181","-119.6892","87.8","LOST HILLS, CA US","    0",",,0,","    0",",,0","    0",",,0",,,,
"USC00045151","1948-07-19","35.6181","-119.6892","87.8","LOST HILLS, CA US","    0",",,0,","    0",",,0","    0",",,0",,,,
"USC00045151","1948-07-20","35.6181","-119.6892","87.8","LOST HILLS, CA US","    0",",,0,","    0",",,0","    0",",,0",,,,
"USC00045151","1948-07-21","35.6181","-119.6892","87.8","LOST HILLS, CA US","    0",",,0,","    0",",,0","    0",",,0",,,,
"USC00045151","1948-07-22","35.6181","-119.6892","87.8","LOST HILLS, CA US","    0",",,0,","    0",",,0","    0",",,0",,,,
"USC00045151","1948-07-23","35.6181","-119.6892","87.8","LOST HILLS, CA US","    0",",,0,","    0",",,0","    0",",,0",,,,
"USC00045151","1948-07-24","35.6181","-119.6892","87.8","LOST HILLS, CA US","    0",",,0,","    0",",,0","    0",",,0",,,,
"USC00045151","1948-07-25","35.6181","-119.6892","87.8","LOST HILLS, CA US","    0",",,0,","    0",",,0","    0",",,0",,,,
"USC00045151","1948-07-26","35.6181","-119.6892","87.8","LOST HILLS, CA US","    0",",,0,","    0",",,0","    0",",,0",,,,
"USC00045151","1948-07-27","35.6181","-119.6892","87.8","LOST HILLS, CA US","    0",",,0,","    0",",,0","    0",",,0",,,,
"USC00045151","1948-07-28","35.6181","-119.6892","87.8","LOST HILLS, CA US","    0",",,0,","    0",",,0","    0",",,0",,,,
"USC00045151","1948-07-29","35.6181","-119.6892","87.8","LOST HILLS, CA US","    0",",,0,","    0",",,0","    0",",,0",,,,
"USC00045151","1948-07-30","35.6181","-119.6892","87.8","LOST HILLS, CA US","    0",",,0,","    0",",,0","    0",",,0",,,,
"USC00045151","1948-07-31","35.6181","-119.6892","87.8","LOST HILLS, CA US","    0",",,0,","    0",",,0","    0",",,0",,,,
"USC00045151","1948-08-01","35.6181","-119.6892","87.8","LOST HILLS, CA US","    0",",,0,","    0",",,0","    0",",,0",,,,
"USC00045151","1948-08-02","35.6181","-119.6892","87.8","LOST HILLS, CA US","    0",",,0,","    0",",,0","    0",",,0",,,,
"USC00045151","1948-08-03","35.6181","-119.6892","87.8","LOST HILLS, CA US","    0",",,0,","    0",",,0","    0",",,0",,,,
"USC00045151","1948-08-04","35.6181","-119.6892","87.8","LOST HILLS, CA US","    0",",,0,","    0",",,0","    0",",,0",,,,
"USC00045151","1948-08-05","35.6181","-119.6892","87.8","LOST HILLS, CA US","    0",",,0,","    0",",,0","    0",",,0",,,,
"USC00045151","1948-08-06","35.6181","-119.6892","87.8","LOST HILLS, CA US","    0",",,0,","    0",",,0","    0",",,0",,,,
"USC00045151","1948-08-07","35.6181","-119.6892","87.8","LOST HILLS, CA US","    0",",,0,","    0",",,0","    0",",,0",,,,
"USC00045151","1948-08-08","35.6181","-119.6892","87.8","LOST HILLS, CA US","    0",",,0,","    0",",,0","    0",",,0",,,,
"USC00045151","1948-08-09","35.6181","-119.6892","87.8","LOST HILLS, CA US","    0",",,0,","    0",",,0","    0",",,0",,,,
"USC00045151","1948-08-10","35.6181","-119.6892","87.8","LOST HILLS, CA US","    0",",,0,","    0",",,0","    0",",,0",,,,
"USC00045151","1948-08-11","35.6181","-119.6892","87.8","LOST HILLS, CA US","    0",",,0,","    0",",,0","    0",",,0",,,,
"USC00045151","1948-08-12","35.6181","-119.6892","87.8","LOST HILLS, CA US","    0",",,0,","    0",",,0","    0",",,0",,,,
"USC00045151","1948-08-13","35.6181","-119.6892","87.8","LOST HILLS, CA US","    0",",,0,","    0",",,0","    0",",,0",,,,
"USC00045151","1948-08-14","35.6181","-119.6892","87.8","LOST HILLS, CA US","    0",",,0,","    0",",,0","    0",",,0",,,,
"USC00045151","1948-08-15","35.6181","-119.6892","87.8","LOST HILLS, CA US","    0",",,0,","    0",",,0","    0",",,0",,,,
"USC00045151","1948-08-16","35.6181","-119.6892","87.8","LOST HILLS, CA US","    0",",,0,","    0",",,0","    0",",,0",,,,
"USC00045151","1948-08-17","35.6181","-119.6892","87.8","LOST HILLS, CA US","    0",",,0,","    0",",,0","    0",",,0",,,,
"USC00045151","1948-08-18","35.6181","-119.6892","87.8","LOST HILLS, CA US","    0",",,0,","    0",",,0","    0",",,0",,,,
"USC00045151","1948-08-19","35.6181","-119.6892","87.8","LOST HILLS, CA US","    0",",,0,","    0",",,0","    0",",,0",,,,
"USC00045151","1948-08-20","35.6181","-119.6892","87.8","LOST HILLS, CA US","    0",",,0,","    0",",,0","    0",",,0",,,,
"USC00045151","1948-08-21","35.6181","-119.6892","87.8","LOST HILLS, CA US","    0",",,0,","    0",",,0","    0",",,0",,,,
"USC00045151","1948-08-22","35.6181","-119.6892","87.8","LOST HILLS, CA US","    0",",,0,","    0",",,0","    0",",,0",,,,
"USC00045151","1948-08-23","35.6181","-119.6892","87.8","LOST HILLS, CA US","    0",",,0,","    0",",,0","    0",",,0",,,,
"USC00045151","1948-08-24","35.6181","-119.6892","87.8","LOST HILLS, CA US","    0",",,0,","    0",",,0","    0",",,0",,,,
"USC00045151","1948-08-25","35.6181","-119.6892","87.8","LOST HILLS, CA US","    0",",,0,","    0",",,0","    0",",,0",,,,
"USC00045151","1948-08-26","35.6181","-119.6892","87.8","LOST HILLS, CA US","    0",",,0,","    0",",,0","    0",",,0",,,,
"USC00045151","1948-08-27","35.6181","-119.6892","87.8","LOST HILLS, CA US","    0",",,0,","    0",",,0","    0",",,0",,,,
"USC00045151","1948-08-28","35.6181","-119.6892","87.8","LOST HILLS, CA US","    0",",,0,","    0",",,0","    0",",,0",,,,
"USC00045151","1948-08-29","35.6181","-119.6892","87.8","LOST HILLS, CA US","    0",",,0,","    0",",,0","    0",",,0",,,,
"USC00045151","1948-08-30","35.6181","-119.6892","87.8","LOST HILLS, CA US","    0",",,0,","    0",",,0","    0",",,0",,,,
"USC00045151","1948-08-31","35.6181","-119.6892","87.8","LOST HILLS, CA US","    0",",,0,","    0",",,0","    0",",,0",,,,
"USC00045151","1948-09-01","35.6181","-119.6892","87.8","LOST HILLS, CA US","    0",",,0,","    0",",,0","    0",",,0",,,,
"USC00045151","1948-09-02","35.6181","-119.6892","87.8","LOST HILLS, CA US","    0",",,0,","    0",",,0","    0",",,0",,,,
"USC00045151","1948-09-03","35.6181","-119.6892","87.8","LOST HILLS, CA US","    0",",,0,","    0",",,0","    0",",,0",,,,
"USC00045151","1948-09-04","35.6181","-119.6892","87.8","LOST HILLS, CA US","    0",",,0,","    0",",,0","    0",",,0",,,,
"USC00045151","1948-09-05","35.6181","-119.6892","87.8","LOST HILLS, CA US","    0",",,0,","    0",",,0","    0",",,0",,,,
"USC00045151","1948-09-06","35.6181","-119.6892","87.8","LOST HILLS, CA US","    0",",,0,","    0",",,0","    0",",,0",,,,
"USC00045151","1948-09-07","35.6181","-119.6892","87.8","LOST HILLS, CA US","    0",",,0,","    0",",,0","    0",",,0",,,,
"USC00045151","1948-09-08","35.6181","-119.6892","87.8","LOST HILLS, CA US","    0",",,0,","    0",",,0","    0",",,0",,,,
"USC00045151","1948-09-09","35.6181","-119.6892","87.8","LOST HILLS, CA US","    0",",,0,","    0",",,0","    0",",,0",,,,
"USC00045151","1948-09-10","35.6181","-119.6892","87.8","LOST HILLS, CA US","    0",",,0,","    0",",,0","    0",",,0",,,,
"USC00045151","1948-09-11","35.6181","-119.6892","87.8","LOST HILLS, CA US","    0",",,0,","    0",",,0","    0",",,0",,,,
"USC00045151","1948-09-12","35.6181","-119.6892","87.8","LOST HILLS, CA US","    0",",,0,","    0",",,0","    0",",,0",,,,
"USC00045151","1948-09-13","35.6181","-119.6892","87.8","LOST HILLS, CA US","    0",",,0,","    0",",,0","    0",",,0",,,,
"USC00045151","1948-09-14","35.6181","-119.6892","87.8","LOST HILLS, CA US","    0",",,0,","    0",",,0","    0",",,0",,,,
"USC00045151","1948-09-15","35.6181","-119.6892","87.8","LOST HILLS, CA US","    0",",,0,","    0",",,0","    0",",,0",,,,
"USC00045151","1948-09-16","35.6181","-119.6892","87.8","LOST HILLS, CA US","    0",",,0,","    0",",,0","    0",",,0",,,,
"USC00045151","1948-09-17","35.6181","-119.6892","87.8","LOST HILLS, CA US","    0",",,0,","    0",",,0","    0",",,0",,,,
"USC00045151","1948-09-18","35.6181","-119.6892","87.8","LOST HILLS, CA US","    0",",,0,","    0",",,0","    0",",,0",,,,
"USC00045151","1948-09-19","35.6181","-119.6892","87.8","LOST HILLS, CA US","    0",",,0,","    0",",,0","    0",",,0",,,,
"USC00045151","1948-09-20","35.6181","-119.6892","87.8","LOST HILLS, CA US","    0",",,0,","    0",",,0","    0",",,0",,,,
"USC00045151","1948-09-21","35.6181","-119.6892","87.8","LOST HILLS, CA US","    0",",,0,","    0",",,0","    0",",,0",,,,
"USC00045151","1948-09-22","35.6181","-119.6892","87.8","LOST HILLS, CA US","    0",",,0,","    0",",,0","    0",",,0",,,,
"USC00045151","1948-09-23","35.6181","-119.6892","87.8","LOST HILLS, CA US","    0",",,0,","    0",",,0","    0",",,0",,,,
"USC00045151","1948-09-24","35.6181","-119.6892","87.8","LOST HILLS, CA US","    0",",,0,","    0",",,0","    0",",,0",,,,
"USC00045151","1948-09-25","35.6181","-119.6892","87.8","LOST HILLS, CA US","    0",",,0,","    0",",,0","    0",",,0",,,,
"USC00045151","1948-09-26","35.6181","-119.6892","87.8","LOST HILLS, CA US","    0",",,0,","    0",",,0","    0",",,0",,,,
"USC00045151","1948-09-27","35.6181","-119.6892","87.8","LOST HILLS, CA US","    0",",,0,","    0",",,0","    0",",,0",,,,
"USC00045151","1948-09-28","35.6181","-119.6892","87.8","LOST HILLS, CA US","    0",",,0,","    0",",,0","    0",",,0",,,,
"USC00045151","1948-09-29","35.6181","-119.6892","87.8","LOST HILLS, CA US","    0",",,0,","    0",",,0","    0",",,0",,,,
"USC00045151","1948-09-30","35.6181","-119.6892","87.8","LOST HILLS, CA US","    0",",,0,","    0",",,0","    0",",,0",,,,
"USC00045151","1948-10-01","35.6181","-119.6892","87.8","LOST HILLS, CA US","    0",",,0,","    0",",,0","    0",",,0",,,,
"USC00045151","1948-10-02","35.6181","-119.6892","87.8","LOST HILLS, CA US","    0",",,0,","    0",",,0","    0",",,0",,,,
"USC00045151","1948-10-03","35.6181","-119.6892","87.8","LOST HILLS, CA US","    0",",,0,","    0",",,0","    0",",,0",,,,
"USC00045151","1948-10-04","35.6181","-119.6892","87.8","LOST HILLS, CA US","    0",",,0,","    0",",,0","    0",",,0",,,,
"USC00045151","1948-10-05","35.6181","-119.6892","87.8","LOST HILLS, CA US","    0",",,0,","    0",",,0","    0",",,0",,,,
"USC00045151","1948-10-06","35.6181","-119.6892","87.8","LOST HILLS, CA US","    0",",,0,","    0",",,0","    0",",,0",,,,
"USC00045151","1948-10-07","35.6181","-119.6892","87.8","LOST HILLS, CA US","    0",",,0,","    0",",,0","    0",",,0",,,,
"USC00045151","1948-10-08","35.6181","-119.6892","87.8","LOST HILLS, CA US","    0",",,0,","    0",",,0","    0",",,0",,,,
"USC00045151","1948-10-09","35.6181","-119.6892","87.8","LOST HILLS, CA US","    0",",,0,","    0",",,0","    0",",,0",,,,
"USC00045151","1948-10-10","35.6181","-119.6892","87.8","LOST HILLS, CA US","    0",",,0,","    0",",,0","    0",",,0",,,,
"USC00045151","1948-10-11","35.6181","-119.6892","87.8","LOST HILLS, CA US","    5",",,0,","    0",",,0","    0",",,0",,,,
"USC00045151","1948-10-12","35.6181","-119.6892","87.8","LOST HILLS, CA US","    0",",,0,","    0",",,0","    0",",,0",,,,
"USC00045151","1948-10-13","35.6181","-119.6892","87.8","LOST HILLS, CA US","    0",",,0,","    0",",,0","    0",",,0",,,,
"USC00045151","1948-10-14","35.6181","-119.6892","87.8","LOST HILLS, CA US","    0",",,0,","    0",",,0","    0",",,0",,,,
"USC00045151","1948-10-15","35.6181","-119.6892","87.8","LOST HILLS, CA US","    0",",,0,","    0",",,0","    0",",,0",,,,
"USC00045151","1948-10-16","35.6181","-119.6892","87.8","LOST HILLS, CA US","    0",",,0,","    0",",,0","    0",",,0",,,,
"USC00045151","1948-10-17","35.6181","-119.6892","87.8","LOST HILLS, CA US","    0",",,0,","    0",",,0","    0",",,0",,,,
"USC00045151","1948-10-18","35.6181","-119.6892","87.8","LOST HILLS, CA US","    0",",,0,","    0",",,0","    0",",,0",,,,
"USC00045151","1948-10-19","35.6181","-119.6892","87.8","LOST HILLS, CA US","    0",",,0,","    0",",,0","    0",",,0",,,,
"USC00045151","1948-10-20","35.6181","-119.6892","87.8","LOST HILLS, CA US","    0",",,0,","    0",",,0","    0",",,0",,,,
"USC00045151","1948-10-21","35.6181","-119.6892","87.8","LOST HILLS, CA US","    0",",,0,","    0",",,0","    0",",,0",,,,
"USC00045151","1948-10-22","35.6181","-119.6892","87.8","LOST HILLS, CA US","    0",",,0,","    0",",,0","    0",",,0",,,,
"USC00045151","1948-10-23","35.6181","-119.6892","87.8","LOST HILLS, CA US","    0",",,0,","    0",",,0","    0",",,0",,,,
"USC00045151","1948-10-24","35.6181","-119.6892","87.8","LOST HILLS, CA US","    0",",,0,","    0",",,0","    0",",,0",,,,
"USC00045151","1948-10-25","35.6181","-119.6892","87.8","LOST HILLS, CA US","    0",",,0,","    0",",,0","    0",",,0",,,,
"USC00045151","1948-10-26","35.6181","-119.6892","87.8","LOST HILLS, CA US","    0",",,0,","    0",",,0","    0",",,0",,,,
"USC00045151","1948-10-27","35.6181","-119.6892","87.8","LOST HILLS, CA US","    0",",,0,","    0",",,0","    0",",,0",,,,
"USC00045151","1948-10-28","35.6181","-119.6892","87.8","LOST HILLS, CA US","    0",",,0,","    0",",,0","    0",",,0",,,,
"USC00045151","1948-10-29","35.6181","-119.6892","87.8","LOST HILLS, CA US","    0",",,0,","    0",",,0","    0",",,0",,,,
"USC00045151","1948-10-30","35.6181","-119.6892","87.8","LOST HILLS, CA US","    0",",,0,","    0",",,0","    0",",,0",,,,
"USC00045151","1948-10-31","35.6181","-119.6892","87.8","LOST HILLS, CA US","    0",",,0,","    0",",,0","    0",",,0",,,,
"USC00045151","1948-11-01","35.6181","-119.6892","87.8","LOST HILLS, CA US","    0",",,0,",,,,,,,,
"USC00045151","1948-11-02","35.6181","-119.6892","87.8","LOST HILLS, CA US","    0",",,0,",,,,,,,,
"USC00045151","1948-11-03","35.6181","-119.6892","87.8","LOST HILLS, CA US","    0",",,0,",,,,,,,,
"USC00045151","1948-11-04","35.6181","-119.6892","87.8","LOST HILLS, CA US","    0",",,0,",,,,,,,,
"USC00045151","1948-11-05","35.6181","-119.6892","87.8","LOST HILLS, CA US","    0",",,0,",,,,,,,,
"USC00045151","1948-11-06","35.6181","-119.6892","87.8","LOST HILLS, CA US","    0",",,0,",,,,,,,,
"USC00045151","1948-11-07","35.6181","-119.6892","87.8","LOST HILLS, CA US","    0",",,0,",,,,,,,,
"USC00045151","1948-11-08","35.6181","-119.6892","87.8","LOST HILLS, CA US","    0",",,0,",,,,,,,,
"USC00045151","1948-11-09","35.6181","-119.6892","87.8","LOST HILLS, CA US","    0",",,0,",,,,,,,,
"USC00045151","1948-11-10","35.6181","-119.6892","87.8","LOST HILLS, CA US","    0",",,0,",,,,,,,,
"USC00045151","1948-11-11","35.6181","-119.6892","87.8","LOST HILLS, CA US","    0",",,0,",,,,,,,,
"USC00045151","1948-11-12","35.6181","-119.6892","87.8","LOST HILLS, CA US","    0",",,0,",,,,,,,,
"USC00045151","1948-11-13","35.6181","-119.6892","87.8","LOST HILLS, CA US","    0",",,0,",,,,,,,,
"USC00045151","1948-11-14","35.6181","-119.6892","87.8","LOST HILLS, CA US","    0",",,0,",,,,,,,,
"USC00045151","1948-11-15","35.6181","-119.6892","87.8","LOST HILLS, CA US","    0",",,0,",,,,,,,,
"USC00045151","1948-11-16","35.6181","-119.6892","87.8","LOST HILLS, CA US","    0",",,0,",,,,,,,,
"USC00045151","1948-11-17","35.6181","-119.6892","87.8","LOST HILLS, CA US","    0",",,0,",,,,,,,,
"USC00045151","1948-11-18","35.6181","-119.6892","87.8","LOST HILLS, CA US","    0",",,0,",,,,,,,,
"USC00045151","1948-11-19","35.6181","-119.6892","87.8","LOST HILLS, CA US","    0",",,0,",,,,,,,,
"USC00045151","1948-11-20","35.6181","-119.6892","87.8","LOST HILLS, CA US","    0",",,0,",,,,,,,,
"USC00045151","1948-11-21","35.6181","-119.6892","87.8","LOST HILLS, CA US","    0",",,0,",,,,,,,,
"USC00045151","1948-11-22","35.6181","-119.6892","87.8","LOST HILLS, CA US","    0",",,0,",,,,,,,,
"USC00045151","1948-11-23","35.6181","-119.6892","87.8","LOST HILLS, CA US","    0",",,0,",,,,,,,,
"USC00045151","1948-11-24","35.6181","-119.6892","87.8","LOST HILLS, CA US","    0",",,0,",,,,,,,,
"USC00045151","1948-11-25","35.6181","-119.6892","87.8","LOST HILLS, CA US","    0",",,0,",,,,,,,,
"USC00045151","1948-11-26","35.6181","-119.6892","87.8","LOST HILLS, CA US","    0",",,0,",,,,,,,,
"USC00045151","1948-11-27","35.6181","-119.6892","87.8","LOST HILLS, CA US","    0",",,0,",,,,,,,,
"USC00045151","1948-11-28","35.6181","-119.6892","87.8","LOST HILLS, CA US","    0",",,0,",,,,,,,,
"USC00045151","1948-11-29","35.6181","-119.6892","87.8","LOST HILLS, CA US","    0",",,0,",,,,,,,,
"USC00045151","1948-11-30","35.6181","-119.6892","87.8","LOST HILLS, CA US","    0",",,0,",,,,,,,,
"USC00045151","1948-12-05","35.6181","-119.6892","87.8","LOST HILLS, CA US","    0",",,0,",,,,,,,,
"USC00045151","1948-12-06","35.6181","-119.6892","87.8","LOST HILLS, CA US","    0",",,0,",,,,,,,,
"USC00045151","1948-12-07","35.6181","-119.6892","87.8","LOST HILLS, CA US","    0",",,0,",,,,,,,,
"USC00045151","1948-12-08","35.6181","-119.6892","87.8","LOST HILLS, CA US","    0",",,0,",,,,,,,,
"USC00045151","1948-12-09","35.6181","-119.6892","87.8","LOST HILLS, CA US","    0",",,0,",,,,,,,,
"USC00045151","1948-12-10","35.6181","-119.6892","87.8","LOST HILLS, CA US","    0",",,0,",,,,,,,,
"USC00045151","1948-12-11","35.6181","-119.6892","87.8","LOST HILLS, CA US","    0",",,0,",,,,,,,,
"USC00045151","1948-12-12","35.6181","-119.6892","87.8","LOST HILLS, CA US","    0",",,0,",,,,,,,,
"USC00045151","1948-12-13","35.6181","-119.6892","87.8","LOST HILLS, CA US","   10",",,0,",,,,,,,,
"USC00045151","1948-12-14","35.6181","-119.6892","87.8","LOST HILLS, CA US","    3",",,0,",,,,,,,,
"USC00045151","1948-12-15","35.6181","-119.6892","87.8","LOST HILLS, CA US","    0",",,0,",,,,,,,,
"USC00045151","1948-12-16","35.6181","-119.6892","87.8","LOST HILLS, CA US","   23",",,0,",,,,,,,,
"USC00045151","1948-12-17","35.6181","-119.6892","87.8","LOST HILLS, CA US","    0",",,0,",,,,,,,,
"USC00045151","1948-12-18","35.6181","-119.6892","87.8","LOST HILLS, CA US","    0",",,0,",,,,,,,,
"USC00045151","1948-12-19","35.6181","-119.6892","87.8","LOST HILLS, CA US","    0",",,0,",,,,,,,,
"USC00045151","1948-12-20","35.6181","-119.6892","87.8","LOST HILLS, CA US","    0",",,0,",,,,,,,,
"USC00045151","1948-12-21","35.6181","-119.6892","87.8","LOST HILLS, CA US","    0",",,0,",,,,,,,,
"USC00045151","1948-12-22","35.6181","-119.6892","87.8","LOST HILLS, CA US","    0",",,0,",,,,,,,,
"USC00045151","1948-12-23","35.6181","-119.6892","87.8","LOST HILLS, CA US","    0",",,0,",,,,,,,,
"USC00045151","1948-12-24","35.6181","-119.6892","87.8","LOST HILLS, CA US","    0",",,0,",,,,,,,,
"USC00045151","1948-12-25","35.6181","-119.6892","87.8","LOST HILLS, CA US","    0",",,0,",,,,,,,,
"USC00045151","1948-12-26","35.6181","-119.6892","87.8","LOST HILLS, CA US","   61",",,0,",,,,,,,,
"USC00045151","1948-12-27","35.6181","-119.6892","87.8","LOST HILLS, CA US","   58",",,0,",,,,,,,,
"USC00045151","1948-12-28","35.6181","-119.6892","87.8","LOST HILLS, CA US","    0",",,0,",,,,,,,,
"USC00045151","1948-12-29","35.6181","-119.6892","87.8","LOST HILLS, CA US","    0",",,0,",,,,,,,,
"USC00045151","1948-12-30","35.6181","-119.6892","87.8","LOST HILLS, CA US","    0",",,0,",,,,,,,,
"USC00045151","1948-12-31","35.6181","-119.6892","87.8","LOST HILLS, CA US","    0",",,0,",,,,,,,,
"USC00045151","1949-01-01","35.6181","-119.6892","87.8","LOST HILLS, CA US","    0",",,0,",,,,,,,,
"USC00045151","1949-01-02","35.6181","-119.6892","87.8","LOST HILLS, CA US","    0",",,0,",,,,,,,,
"USC00045151","1949-01-03","35.6181","-119.6892","87.8","LOST HILLS, CA US","    0",",,0,",,,,,,,,
"USC00045151","1949-01-04","35.6181","-119.6892","87.8","LOST HILLS, CA US","    0",",,0,",,,,,,,,
"USC00045151","1949-01-05","35.6181","-119.6892","87.8","LOST HILLS, CA US","    0",",,0,",,,,,,,,
"USC00045151","1949-01-06","35.6181","-119.6892","87.8","LOST HILLS, CA US","    0",",,0,",,,,,,,,
"USC00045151","1949-01-07","35.6181","-119.6892","87.8","LOST HILLS, CA US","    0",",,0,",,,,,,,,
"USC00045151","1949-01-08","35.6181","-119.6892","87.8","LOST HILLS, CA US","    0",",,0,",,,,,,,,
"USC00045151","1949-01-09","35.6181","-119.6892","87.8","LOST HILLS, CA US","    0",",,0,",,,,,,,,
"USC00045151","1949-01-10","35.6181","-119.6892","87.8","LOST HILLS, CA US","    0",",,0,",,,,,,,,
"USC00045151","1949-01-11","35.6181","-119.6892","87.8","LOST HILLS, CA US","    0",",,0,",,,,,,,,
"USC00045151","1949-01-12","35.6181","-119.6892","87.8","LOST HILLS, CA US","    0",",,0,",,,,,,,,
"USC00045151","1949-01-13","35.6181","-119.6892","87.8","LOST HILLS, CA US","    0",",,0,",,,,,,,,
"USC00045151","1949-01-14","35.6181","-119.6892","87.8","LOST HILLS, CA US","    0",",,0,",,,,,,,,
"USC00045151","1949-01-15","35.6181","-119.6892","87.8","LOST HILLS, CA US","    0",",,0,",,,,,,,,
"USC00045151","1949-01-16","35.6181","-119.6892","87.8","LOST HILLS, CA US","    0",",,0,",,,,,,,,
"USC00045151","1949-01-17","35.6181","-119.6892","87.8","LOST HILLS, CA US","    0",",,0,",,,,,,,,
"USC00045151","1949-01-18","35.6181","-119.6892","87.8","LOST HILLS, CA US","    0",",,0,",,,,,,,,
"USC00045151","1949-01-19","35.6181","-119.6892","87.8","LOST HILLS, CA US","   41",",,0,",,,,,,,,
"USC00045151","1949-01-20","35.6181","-119.6892","87.8","LOST HILLS, CA US","    0",",,0,",,,,,,,,
"USC00045151","1949-01-21","35.6181","-119.6892","87.8","LOST HILLS, CA US","    0",",,0,",,,,,,,,
"USC00045151","1949-01-22","35.6181","-119.6892","87.8","LOST HILLS, CA US","   18",",,0,",,,,,,,,
"USC00045151","1949-01-23","35.6181","-119.6892","87.8","LOST HILLS, CA US","    0",",,0,",,,,,,,,
"USC00045151","1949-01-24","35.6181","-119.6892","87.8","LOST HILLS, CA US","    0",",,0,",,,,,,,,
"USC00045151","1949-01-25","35.6181","-119.6892","87.8","LOST HILLS, CA US","    0",",,0,",,,,,,,,
"USC00045151","1949-01-26","35.6181","-119.6892","87.8","LOST HILLS, CA US","    0",",,0,",,,,,,,,
"USC00045151","1949-01-27","35.6181","-119.6892","87.8","LOST HILLS, CA US","    0",",,0,",,,,,,,,
"USC00045151","1949-01-28","35.6181","-119.6892","87.8","LOST HILLS, CA US","    0",",,0,",,,,,,,,
"USC00045151","1949-01-29","35.6181","-119.6892","87.8","LOST HILLS, CA US","    0",",,0,",,,,,,,,
"USC00045151","1949-01-30","35.6181","-119.6892","87.8","LOST HILLS, CA US","    0",",,0,",,,,,,,,
"USC00045151","1949-01-31","35.6181","-119.6892","87.8","LOST HILLS, CA US","    0",",,0,",,,,,,,,
"USC00045151","1949-02-01","35.6181","-119.6892","87.8","LOST HILLS, CA US","    0",",,0,",,,,,,,,
"USC00045151","1949-02-03","35.6181","-119.6892","87.8","LOST HILLS, CA US",,,,,,,"    2",",,0","   25",",,0"
"USC00045151","1949-02-04","35.6181","-119.6892","87.8","LOST HILLS, CA US","    0",",,0,",,,,,,,,
"USC00045151","1949-02-05","35.6181","-119.6892","87.8","LOST HILLS, CA US","    0",",,0,",,,,,,,,
"USC00045151","1949-02-06","35.6181","-119.6892","87.8","LOST HILLS, CA US","    0",",,0,",,,,,,,,
"USC00045151","1949-02-07","35.6181","-119.6892","87.8","LOST HILLS, CA US","   30",",,0,",,,,,,,,
"USC00045151","1949-02-08","35.6181","-119.6892","87.8","LOST HILLS, CA US","    0",",,0,",,,,,,,,
"USC00045151","1949-02-09","35.6181","-119.6892","87.8","LOST HILLS, CA US","    0",",,0,",,,,,,,,
"USC00045151","1949-02-10","35.6181","-119.6892","87.8","LOST HILLS, CA US","    0",",,0,",,,,,,,,
"USC00045151","1949-02-11","35.6181","-119.6892","87.8","LOST HILLS, CA US","   23",",,0,",,,,,,,,
"USC00045151","1949-02-12","35.6181","-119.6892","87.8","LOST HILLS, CA US","    0",",,0,",,,,,,,,
"USC00045151","1949-02-13","35.6181","-119.6892","87.8","LOST HILLS, CA US","    0",",,0,",,,,,,,,
"USC00045151","1949-02-14","35.6181","-119.6892","87.8","LOST HILLS, CA US","    0",",,0,",,,,,,,,
"USC00045151","1949-02-15","35.6181","-119.6892","87.8","LOST HILLS, CA US","    0",",,0,",,,,,,,,
"USC00045151","1949-02-16","35.6181","-119.6892","87.8","LOST HILLS, CA US","    0",",,0,",,,,,,,,
"USC00045151","1949-02-17","35.6181","-119.6892","87.8","LOST HILLS, CA US","    0",",,0,",,,,,,,,
"USC00045151","1949-02-18","35.6181","-119.6892","87.8","LOST HILLS, CA US","    0",",,0,",,,,,,,,
"USC00045151","1949-02-19","35.6181","-119.6892","87.8","LOST HILLS, CA US","    0",",,0,",,,,,,,,
"USC00045151","1949-02-20","35.6181","-119.6892","87.8","LOST HILLS, CA US","    0",",,0,",,,,,,,,
"USC00045151","1949-02-21","35.6181","-119.6892","87.8","LOST HILLS, CA US","    0",",,0,",,,,,,,,
"USC00045151","1949-02-22","35.6181","-119.6892","87.8","LOST HILLS, CA US","    0",",,0,",,,,,,,,
"USC00045151","1949-02-23","35.6181","-119.6892","87.8","LOST HILLS, CA US","    0",",,0,",,,,,,,,
"USC00045151","1949-02-24","35.6181","-119.6892","87.8","LOST HILLS, CA US","   97",",,0,",,,,,,,,
"USC00045151","1949-02-25","35.6181","-119.6892","87.8","LOST HILLS, CA US","   10",",,0,",,,,,,,,
"USC00045151","1949-02-26","35.6181","-119.6892","87.8","LOST HILLS, CA US","   81",",,0,",,,,,,,,
"USC00045151","1949-02-27","35.6181","-119.6892","87.8","LOST HILLS, CA US","    8",",,0,",,,,,,,,
"USC00045151","1949-02-28","35.6181","-119.6892","87.8","LOST HILLS, CA US","    0",",,0,",,,,,,,,
"USC00045151","1949-03-01","35.6181","-119.6892","87.8","LOST HILLS, CA US","    0",",,0,",,,,,,,,
"USC00045151","1949-03-02","35.6181","-119.6892","87.8","LOST HILLS, CA US","    8",",,0,",,,,,,,,
"USC00045151","1949-03-03","35.6181","-119.6892","87.8","LOST HILLS, CA US","   25",",,0,",,,,,,,,
"USC00045151","1949-03-04","35.6181","-119.6892","87.8","LOST HILLS, CA US","   89",",,0,",,,,,,,,
"USC00045151","1949-03-05","35.6181","-119.6892","87.8","LOST HILLS, CA US","    0",",,0,",,,,,,,,
"USC00045151","1949-03-06","35.6181","-119.6892","87.8","LOST HILLS, CA US","    0",",,0,",,,,,,,,
"USC00045151","1949-03-07","35.6181","-119.6892","87.8","LOST HILLS, CA US","    0",",,0,",,,,,,,,
"USC00045151","1949-03-08","35.6181","-119.6892","87.8","LOST HILLS, CA US","    0",",,0,",,,,,,,,
"USC00045151","1949-03-09","35.6181","-119.6892","87.8","LOST HILLS, CA US","    0",",,0,",,,,,,,,
"USC00045151","1949-03-10","35.6181","-119.6892","87.8","LOST HILLS, CA US","   18",",,0,",,,,,,,,
"USC00045151","1949-03-11","35.6181","-119.6892","87.8","LOST HILLS, CA US","    0",",,0,",,,,,,,,
"USC00045151","1949-03-12","35.6181","-119.6892","87.8","LOST HILLS, CA US","    0",",,0,",,,,,,,,
"USC00045151","1949-03-13","35.6181","-119.6892","87.8","LOST HILLS, CA US","    0",",,0,",,,,,,,,
"USC00045151","1949-03-14","35.6181","-119.6892","87.8","LOST HILLS, CA US","    0",",,0,",,,,,,,,
"USC00045151","1949-03-15","35.6181","-119.6892","87.8","LOST HILLS, CA US","    0",",,0,",,,,,,,,
"USC00045151","1949-03-16","35.6181","-119.6892","87.8","LOST HILLS, CA US","    0",",,0,",,,,,,,,
"USC00045151","1949-03-17","35.6181","-119.6892","87.8","LOST HILLS, CA US","    0",",,0,",,,,,,,,
"USC00045151","1949-03-18","35.6181","-119.6892","87.8","LOST HILLS, CA US","    0",",,0,",,,,,,,,
"USC00045151","1949-03-19","35.6181","-119.6892","87.8","LOST HILLS, CA US","   76",",,0,",,,,,,,,
"USC00045151","1949-03-20","35.6181","-119.6892","87.8","LOST HILLS, CA US","    0",",,0,",,,,,,,,
"USC00045151","1949-03-21","35.6181","-119.6892","87.8","LOST HILLS, CA US","    0",",,0,",,,,,,,,
"USC00045151","1949-03-22","35.6181","-119.6892","87.8","LOST HILLS, CA US","    0",",,0,",,,,,,,,
"USC00045151","1949-03-23","35.6181","-119.6892","87.8","LOST HILLS, CA US","   43",",,0,",,,,,,,,
"USC00045151","1949-03-24","35.6181","-119.6892","87.8","LOST HILLS, CA US","    0",",,0,",,,,,,,,
"USC00045151","1949-03-25","35.6181","-119.6892","87.8","LOST HILLS, CA US","    0",",,0,",,,,,,,,
"USC00045151","1949-03-26","35.6181","-119.6892","87.8","LOST HILLS, CA US","    0",",,0,",,,,,,,,
"USC00045151","1949-03-27","35.6181","-119.6892","87.8","LOST HILLS, CA US","    0",",,0,",,,,,,,,
"USC00045151","1949-03-28","35.6181","-119.6892","87.8","LOST HILLS, CA US","    0",",,0,",,,,,,,,
"USC00045151","1949-03-29","35.6181","-119.6892","87.8","LOST HILLS, CA US","    0",",,0,",,,,,,,,
"USC00045151","1949-03-30","35.6181","-119.6892","87.8","LOST HILLS, CA US","    0",",,0,",,,,,,,,
"USC00045151","1949-03-31","35.6181","-119.6892","87.8","LOST HILLS, CA US","    0",",,0,",,,,,,,,
"USC00045151","1949-04-01","35.6181","-119.6892","87.8","LOST HILLS, CA US","    0",",,0,",,,,,,,,
"USC00045151","1949-04-02","35.6181","-119.6892","87.8","LOST HILLS, CA US","    0",",,0,",,,,,,,,
"USC00045151","1949-04-03","35.6181","-119.6892","87.8","LOST HILLS, CA US","    0",",,0,",,,,,,,,
"USC00045151","1949-04-04","35.6181","-119.6892","87.8","LOST HILLS, CA US","    0",",,0,",,,,,,,,
"USC00045151","1949-04-05","35.6181","-119.6892","87.8","LOST HILLS, CA US","    0",",,0,",,,,,,,,
"USC00045151","1949-04-06","35.6181","-119.6892","87.8","LOST HILLS, CA US","    0",",,0,",,,,,,,,
"USC00045151","1949-04-08","35.6181","-119.6892","87.8","LOST HILLS, CA US",,,,,,,"    2",",,0","   18",",,0"
"USC00045151","1949-04-09","35.6181","-119.6892","87.8","LOST HILLS, CA US","    0",",,0,",,,,,,,,
"USC00045151","1949-04-10","35.6181","-119.6892","87.8","LOST HILLS, CA US","    0",",,0,",,,,,,,,
"USC00045151","1949-04-11","35.6181","-119.6892","87.8","LOST HILLS, CA US","    0",",,0,",,,,,,,,
"USC00045151","1949-04-12","35.6181","-119.6892","87.8","LOST HILLS, CA US","    0",",,0,",,,,,,,,
"USC00045151","1949-04-13","35.6181","-119.6892","87.8","LOST HILLS, CA US","    0",",,0,",,,,,,,,
"USC00045151","1949-04-14","35.6181","-119.6892","87.8","LOST HILLS, CA US","    0",",,0,",,,,,,,,
"USC00045151","1949-04-15","35.6181","-119.6892","87.8","LOST HILLS, CA US","    0",",,0,",,,,,,,,
"USC00045151","1949-04-16","35.6181","-119.6892","87.8","LOST HILLS, CA US","    0",",,0,",,,,,,,,
"USC00045151","1949-04-17","35.6181","-119.6892","87.8","LOST HILLS, CA US","   94",",,0,",,,,,,,,
"USC00045151","1949-04-18","35.6181","-119.6892","87.8","LOST HILLS, CA US","    3",",,0,",,,,,,,,
"USC00045151","1949-04-19","35.6181","-119.6892","87.8","LOST HILLS, CA US","    0",",,0,",,,,,,,,
"USC00045151","1949-04-20","35.6181","-119.6892","87.8","LOST HILLS, CA US","    0",",,0,",,,,,,,,
"USC00045151","1949-04-21","35.6181","-119.6892","87.8","LOST HILLS, CA US","    0",",,0,",,,,,,,,
"USC00045151","1949-04-22","35.6181","-119.6892","87.8","LOST HILLS, CA US","    0",",,0,",,,,,,,,
"USC00045151","1949-04-23","35.6181","-119.6892","87.8","LOST HILLS, CA US","    0",",,0,",,,,,,,,
"USC00045151","1949-04-24","35.6181","-119.6892","87.8","LOST HILLS, CA US","    0",",,0,",,,,,,,,
"USC00045151","1949-04-25","35.6181","-119.6892","87.8","LOST HILLS, CA US","    0",",,0,",,,,,,,,
"USC00045151","1949-04-26","35.6181","-119.6892","87.8","LOST HILLS, CA US","    0",",,0,",,,,,,,,
"USC00045151","1949-04-27","35.6181","-119.6892","87.8","LOST HILLS, CA US","    0",",,0,",,,,,,,,
"USC00045151","1949-04-28","35.6181","-119.6892","87.8","LOST HILLS, CA US","    0",",,0,",,,,,,,,
"USC00045151","1949-04-29","35.6181","-119.6892","87.8","LOST HILLS, CA US","    0",",,0,",,,,,,,,
"USC00045151","1949-04-30","35.6181","-119.6892","87.8","LOST HILLS, CA US","    0",",,0,",,,,,,,,
"USC00045151","1949-05-01","35.6181","-119.6892","87.8","LOST HILLS, CA US","    0",",,0,",,,,,,,,
"USC00045151","1949-05-02","35.6181","-119.6892","87.8","LOST HILLS, CA US","    0",",,0,",,,,,,,,
"USC00045151","1949-05-03","35.6181","-119.6892","87.8","LOST HILLS, CA US","    0",",,0,",,,,,,,,
"USC00045151","1949-05-04","35.6181","-119.6892","87.8","LOST HILLS, CA US","    0",",,0,",,,,,,,,
"USC00045151","1949-05-05","35.6181","-119.6892","87.8","LOST HILLS, CA US","    0",",,0,",,,,,,,,
"USC00045151","1949-05-06","35.6181","-119.6892","87.8","LOST HILLS, CA US","    0",",,0,",,,,,,,,
"USC00045151","1949-05-07","35.6181","-119.6892","87.8","LOST HILLS, CA US","    0",",,0,",,,,,,,,
"USC00045151","1949-05-08","35.6181","-119.6892","87.8","LOST HILLS, CA US","    0",",,0,",,,,,,,,
"USC00045151","1949-05-09","35.6181","-119.6892","87.8","LOST HILLS, CA US","    0",",,0,",,,,,,,,
"USC00045151","1949-05-10","35.6181","-119.6892","87.8","LOST HILLS, CA US","    0",",,0,",,,,,,,,
"USC00045151","1949-05-11","35.6181","-119.6892","87.8","LOST HILLS, CA US","    0",",,0,",,,,,,,,
"USC00045151","1949-05-12","35.6181","-119.6892","87.8","LOST HILLS, CA US","    0",",,0,",,,,,,,,
"USC00045151","1949-05-14","35.6181","-119.6892","87.8","LOST HILLS, CA US","   56",",,0,",,,,,,,,
"USC00045151","1949-05-15","35.6181","-119.6892","87.8","LOST HILLS, CA US","    0",",,0,",,,,,,,,
"USC00045151","1949-05-16","35.6181","-119.6892","87.8","LOST HILLS, CA US","    0",",,0,",,,,,,,,
"USC00045151","1949-05-17","35.6181","-119.6892","87.8","LOST HILLS, CA US","    0",",,0,",,,,,,,,
"USC00045151","1949-05-18","35.6181","-119.6892","87.8","LOST HILLS, CA US","    8",",,0,",,,,,,,,
"USC00045151","1949-05-19","35.6181","-119.6892","87.8","LOST HILLS, CA US","   33",",,0,",,,,,,,,
"USC00045151","1949-05-20","35.6181","-119.6892","87.8","LOST HILLS, CA US","    0",",,0,",,,,,,,,
"USC00045151","1949-05-21","35.6181","-119.6892","87.8","LOST HILLS, CA US","    0",",,0,",,,,,,,,
"USC00045151","1949-05-22","35.6181","-119.6892","87.8","LOST HILLS, CA US","    0",",,0,",,,,,,,,
"USC00045151","1949-05-23","35.6181","-119.6892","87.8","LOST HILLS, CA US","    0",",,0,",,,,,,,,
"USC00045151","1949-05-24","35.6181","-119.6892","87.8","LOST HILLS, CA US","    0",",,0,",,,,,,,,
"USC00045151","1949-05-25","35.6181","-119.6892","87.8","LOST HILLS, CA US","    0",",,0,",,,,,,,,
"USC00045151","1949-05-26","35.6181","-119.6892","87.8","LOST HILLS, CA US","    0",",,0,",,,,,,,,
"USC00045151","1949-05-27","35.6181","-119.6892","87.8","LOST HILLS, CA US","    0",",,0,",,,,,,,,
"USC00045151","1949-05-28","35.6181","-119.6892","87.8","LOST HILLS, CA US","    0",",,0,",,,,,,,,
"USC00045151","1949-05-29","35.6181","-119.6892","87.8","LOST HILLS, CA US","    0",",,0,",,,,,,,,
"USC00045151","1949-05-30","35.6181","-119.6892","87.8","LOST HILLS, CA US","    0",",,0,",,,,,,,,
"USC00045151","1949-05-31","35.6181","-119.6892","87.8","LOST HILLS, CA US","    0",",,0,",,,,,,,,
"USC00045151","1949-06-01","35.6181","-119.6892","87.8","LOST HILLS, CA US","    0",",,0,",,,,,,,,
"USC00045151","1949-06-02","35.6181","-119.6892","87.8","LOST HILLS, CA US","    0",",,0,",,,,,,,,
"USC00045151","1949-06-03","35.6181","-119.6892","87.8","LOST HILLS, CA US","    0",",,0,",,,,,,,,
"USC00045151","1949-06-04","35.6181","-119.6892","87.8","LOST HILLS, CA US","    0",",,0,",,,,,,,,
"USC00045151","1949-06-05","35.6181","-119.6892","87.8","LOST HILLS, CA US","    0",",,0,",,,,,,,,
"USC00045151","1949-06-06","35.6181","-119.6892","87.8","LOST HILLS, CA US","    0",",,0,",,,,,,,,
"USC00045151","1949-06-07","35.6181","-119.6892","87.8","LOST HILLS, CA US","    0",",,0,",,,,,,,,
"USC00045151","1949-06-08","35.6181","-119.6892","87.8","LOST HILLS, CA US","    0",",,0,",,,,,,,,
"USC00045151","1949-06-09","35.6181","-119.6892","87.8","LOST HILLS, CA US","    0",",,0,",,,,,,,,
"USC00045151","1949-06-10","35.6181","-119.6892","87.8","LOST HILLS, CA US","    0",",,0,",,,,,,,,
"USC00045151","1949-06-11","35.6181","-119.6892","87.8","LOST HILLS, CA US","    0",",,0,",,,,,,,,
"USC00045151","1949-06-12","35.6181","-119.6892","87.8","LOST HILLS, CA US","    0",",,0,",,,,,,,,
"USC00045151","1949-06-13","35.6181","-119.6892","87.8","LOST HILLS, CA US","    0",",,0,",,,,,,,,
"USC00045151","1949-06-14","35.6181","-119.6892","87.8","LOST HILLS, CA US","    0",",,0,",,,,,,,,
"USC00045151","1949-06-15","35.6181","-119.6892","87.8","LOST HILLS, CA US","    0",",,0,",,,,,,,,
"USC00045151","1949-06-16","35.6181","-119.6892","87.8","LOST HILLS, CA US","    0",",,0,",,,,,,,,
"USC00045151","1949-06-17","35.6181","-119.6892","87.8","LOST HILLS, CA US","    0",",,0,",,,,,,,,
"USC00045151","1949-06-18","35.6181","-119.6892","87.8","LOST HILLS, CA US","    0",",,0,",,,,,,,,
"USC00045151","1949-06-19","35.6181","-119.6892","87.8","LOST HILLS, CA US","    0",",,0,",,,,,,,,
"USC00045151","1949-06-20","35.6181","-119.6892","87.8","LOST HILLS, CA US","    0",",,0,",,,,,,,,
"USC00045151","1949-06-21","35.6181","-119.6892","87.8","LOST HILLS, CA US","    0",",,0,",,,,,,,,
"USC00045151","1949-06-22","35.6181","-119.6892","87.8","LOST HILLS, CA US","    0",",,0,",,,,,,,,
"USC00045151","1949-06-23","35.6181","-119.6892","87.8","LOST HILLS, CA US","    0",",,0,",,,,,,,,
"USC00045151","1949-06-24","35.6181","-119.6892","87.8","LOST HILLS, CA US","    0",",,0,",,,,,,,,
"USC00045151","1949-06-25","35.6181","-119.6892","87.8","LOST HILLS, CA US","    0",",,0,",,,,,,,,
"USC00045151","1949-06-26","35.6181","-119.6892","87.8","LOST HILLS, CA US","    0",",,0,",,,,,,,,
"USC00045151","1949-06-27","35.6181","-119.6892","87.8","LOST HILLS, CA US","    0",",,0,",,,,,,,,
"USC00045151","1949-06-28","35.6181","-119.6892","87.8","LOST HILLS, CA US","    0",",,0,",,,,,,,,
"USC00045151","1949-06-29","35.6181","-119.6892","87.8","LOST HILLS, CA US","    0",",,0,",,,,,,,,
"USC00045151","1949-06-30","35.6181","-119.6892","87.8","LOST HILLS, CA US","    0",",,0,",,,,,,,,
"USC00045151","1949-07-01","35.6181","-119.6892","87.8","LOST HILLS, CA US","    0",",,0,",,,,,,,,
"USC00045151","1949-07-02","35.6181","-119.6892","87.8","LOST HILLS, CA US","    0",",,0,",,,,,,,,
"USC00045151","1949-07-03","35.6181","-119.6892","87.8","LOST HILLS, CA US","    0",",,0,",,,,,,,,
"USC00045151","1949-07-04","35.6181","-119.6892","87.8","LOST HILLS, CA US","    0",",,0,",,,,,,,,
"USC00045151","1949-07-05","35.6181","-119.6892","87.8","LOST HILLS, CA US","    0",",,0,",,,,,,,,
"USC00045151","1949-07-06","35.6181","-119.6892","87.8","LOST HILLS, CA US","    0",",,0,",,,,,,,,
"USC00045151","1949-07-07","35.6181","-119.6892","87.8","LOST HILLS, CA US","    0",",,0,",,,,,,,,
"USC00045151","1949-07-08","35.6181","-119.6892","87.8","LOST HILLS, CA US","    0",",,0,",,,,,,,,
"USC00045151","1949-07-09","35.6181","-119.6892","87.8","LOST HILLS, CA US","    0",",,0,",,,,,,,,
"USC00045151","1949-07-10","35.6181","-119.6892","87.8","LOST HILLS, CA US","    0",",,0,",,,,,,,,
"USC00045151","1949-07-11","35.6181","-119.6892","87.8","LOST HILLS, CA US","    0",",,0,",,,,,,,,
"USC00045151","1949-07-12","35.6181","-119.6892","87.8","LOST HILLS, CA US","    0",",,0,",,,,,,,,
"USC00045151","1949-07-13","35.6181","-119.6892","87.8","LOST HILLS, CA US","    0",",,0,",,,,,,,,
"USC00045151","1949-07-14","35.6181","-119.6892","87.8","LOST HILLS, CA US","    0",",,0,",,,,,,,,
"USC00045151","1949-07-15","35.6181","-119.6892","87.8","LOST HILLS, CA US","    0",",,0,",,,,,,,,
"USC00045151","1949-07-16","35.6181","-119.6892","87.8","LOST HILLS, CA US","    0",",,0,",,,,,,,,
"USC00045151","1949-07-17","35.6181","-119.6892","87.8","LOST HILLS, CA US","    0",",,0,",,,,,,,,
"USC00045151","1949-07-18","35.6181","-119.6892","87.8","LOST HILLS, CA US","    0",",,0,",,,,,,,,
"USC00045151","1949-07-19","35.6181","-119.6892","87.8","LOST HILLS, CA US","    0",",,0,",,,,,,,,
"USC00045151","1949-07-20","35.6181","-119.6892","87.8","LOST HILLS, CA US","    0",",,0,",,,,,,,,
"USC00045151","1949-07-21","35.6181","-119.6892","87.8","LOST HILLS, CA US","    0",",,0,",,,,,,,,
"USC00045151","1949-07-22","35.6181","-119.6892","87.8","LOST HILLS, CA US","    0",",,0,",,,,,,,,
"USC00045151","1949-07-23","35.6181","-119.6892","87.8","LOST HILLS, CA US","    0",",,0,",,,,,,,,
"USC00045151","1949-07-24","35.6181","-119.6892","87.8","LOST HILLS, CA US","    0",",,0,",,,,,,,,
"USC00045151","1949-07-25","35.6181","-119.6892","87.8","LOST HILLS, CA US","    0",",,0,",,,,,,,,
"USC00045151","1949-07-26","35.6181","-119.6892","87.8","LOST HILLS, CA US","    0",",,0,",,,,,,,,
"USC00045151","1949-07-27","35.6181","-119.6892","87.8","LOST HILLS, CA US","    0",",,0,",,,,,,,,
"USC00045151","1949-07-28","35.6181","-119.6892","87.8","LOST HILLS, CA US","    0",",,0,",,,,,,,,
"USC00045151","1949-07-29","35.6181","-119.6892","87.8","LOST HILLS, CA US","    0",",,0,",,,,,,,,
"USC00045151","1949-07-30","35.6181","-119.6892","87.8","LOST HILLS, CA US","    0",",,0,",,,,,,,,
"USC00045151","1949-07-31","35.6181","-119.6892","87.8","LOST HILLS, CA US","    0",",,0,",,,,,,,,
"USC00045151","1949-08-01","35.6181","-119.6892","87.8","LOST HILLS, CA US","    0",",,0,",,,,,,,,
"USC00045151","1949-08-02","35.6181","-119.6892","87.8","LOST HILLS, CA US","    0",",,0,",,,,,,,,
"USC00045151","1949-08-03","35.6181","-119.6892","87.8","LOST HILLS, CA US","    0",",,0,",,,,,,,,
"USC00045151","1949-08-04","35.6181","-119.6892","87.8","LOST HILLS, CA US","    0",",,0,",,,,,,,,
"USC00045151","1949-08-05","35.6181","-119.6892","87.8","LOST HILLS, CA US","    0",",,0,",,,,,,,,
"USC00045151","1949-08-06","35.6181","-119.6892","87.8","LOST HILLS, CA US","    0",",,0,",,,,,,,,
"USC00045151","1949-08-07","35.6181","-119.6892","87.8","LOST HILLS, CA US","    0",",,0,",,,,,,,,
"USC00045151","1949-08-08","35.6181","-119.6892","87.8","LOST HILLS, CA US","    0",",,0,",,,,,,,,
"USC00045151","1949-08-09","35.6181","-119.6892","87.8","LOST HILLS, CA US","    0",",,0,",,,,,,,,
"USC00045151","1949-08-10","35.6181","-119.6892","87.8","LOST HILLS, CA US","    0",",,0,",,,,,,,,
"USC00045151","1949-08-11","35.6181","-119.6892","87.8","LOST HILLS, CA US","    0",",,0,",,,,,,,,
"USC00045151","1949-08-12","35.6181","-119.6892","87.8","LOST HILLS, CA US","    0",",,0,",,,,,,,,
"USC00045151","1949-08-13","35.6181","-119.6892","87.8","LOST HILLS, CA US","    0",",,0,",,,,,,,,
"USC00045151","1949-08-14","35.6181","-119.6892","87.8","LOST HILLS, CA US","    0",",,0,",,,,,,,,
"USC00045151","1949-08-15","35.6181","-119.6892","87.8","LOST HILLS, CA US","    0",",,0,",,,,,,,,
"USC00045151","1949-08-16","35.6181","-119.6892","87.8","LOST HILLS, CA US","    0",",,0,",,,,,,,,
"USC00045151","1949-08-17","35.6181","-119.6892","87.8","LOST HILLS, CA US","    0",",,0,",,,,,,,,
"USC00045151","1949-08-18","35.6181","-119.6892","87.8","LOST HILLS, CA US","    0",",,0,",,,,,,,,
"USC00045151","1949-08-19","35.6181","-119.6892","87.8","LOST HILLS, CA US","    0",",,0,",,,,,,,,
"USC00045151","1949-08-20","35.6181","-119.6892","87.8","LOST HILLS, CA US","    0",",,0,",,,,,,,,
"USC00045151","1949-08-21","35.6181","-119.6892","87.8","LOST HILLS, CA US","    0",",,0,",,,,,,,,
"USC00045151","1949-08-22","35.6181","-119.6892","87.8","LOST HILLS, CA US","    3",",,0,",,,,,,,,
"USC00045151","1949-08-23","35.6181","-119.6892","87.8","LOST HILLS, CA US","    0",",,0,",,,,,,,,
"USC00045151","1949-08-24","35.6181","-119.6892","87.8","LOST HILLS, CA US","    0",",,0,",,,,,,,,
"USC00045151","1949-08-25","35.6181","-119.6892","87.8","LOST HILLS, CA US","    0",",,0,",,,,,,,,
"USC00045151","1949-08-26","35.6181","-119.6892","87.8","LOST HILLS, CA US","    0",",,0,",,,,,,,,
"USC00045151","1949-08-27","35.6181","-119.6892","87.8","LOST HILLS, CA US","    0",",,0,",,,,,,,,
"USC00045151","1949-08-28","35.6181","-119.6892","87.8","LOST HILLS, CA US","    0",",,0,",,,,,,,,
"USC00045151","1949-08-29","35.6181","-119.6892","87.8","LOST HILLS, CA US","    0",",,0,",,,,,,,,
"USC00045151","1949-08-30","35.6181","-119.6892","87.8","LOST HILLS, CA US","    0",",,0,",,,,,,,,
"USC00045151","1949-08-31","35.6181","-119.6892","87.8","LOST HILLS, CA US","    0",",,0,",,,,,,,,
"USC00045151","1949-09-01","35.6181","-119.6892","87.8","LOST HILLS, CA US","    0",",,0,",,,,,,,,
"USC00045151","1949-09-02","35.6181","-119.6892","87.8","LOST HILLS, CA US","    0",",,0,",,,,,,,,
"USC00045151","1949-09-03","35.6181","-119.6892","87.8","LOST HILLS, CA US","    0",",,0,",,,,,,,,
"USC00045151","1949-09-04","35.6181","-119.6892","87.8","LOST HILLS, CA US","    0",",,0,",,,,,,,,
"USC00045151","1949-09-05","35.6181","-119.6892","87.8","LOST HILLS, CA US","    0",",,0,",,,,,,,,
"USC00045151","1949-09-06","35.6181","-119.6892","87.8","LOST HILLS, CA US","    0",",,0,",,,,,,,,
"USC00045151","1949-09-07","35.6181","-119.6892","87.8","LOST HILLS, CA US","    0",",,0,",,,,,,,,
"USC00045151","1949-09-08","35.6181","-119.6892","87.8","LOST HILLS, CA US","    0",",,0,",,,,,,,,
"USC00045151","1949-09-09","35.6181","-119.6892","87.8","LOST HILLS, CA US","    0",",,0,",,,,,,,,
"USC00045151","1949-09-10","35.6181","-119.6892","87.8","LOST HILLS, CA US","    0",",,0,",,,,,,,,
"USC00045151","1949-09-11","35.6181","-119.6892","87.8","LOST HILLS, CA US","    0",",,0,",,,,,,,,
"USC00045151","1949-09-12","35.6181","-119.6892","87.8","LOST HILLS, CA US","    0",",,0,",,,,,,,,
"USC00045151","1949-09-13","35.6181","-119.6892","87.8","LOST HILLS, CA US","    0",",,0,",,,,,,,,
"USC00045151","1949-09-14","35.6181","-119.6892","87.8","LOST HILLS, CA US","    0",",,0,",,,,,,,,
"USC00045151","1949-09-15","35.6181","-119.6892","87.8","LOST HILLS, CA US","    0",",,0,",,,,,,,,
"USC00045151","1949-09-16","35.6181","-119.6892","87.8","LOST HILLS, CA US","    0",",,0,",,,,,,,,
"USC00045151","1949-09-17","35.6181","-119.6892","87.8","LOST HILLS, CA US","    0",",,0,",,,,,,,,
"USC00045151","1949-09-18","35.6181","-119.6892","87.8","LOST HILLS, CA US","    0",",,0,",,,,,,,,
"USC00045151","1949-09-19","35.6181","-119.6892","87.8","LOST HILLS, CA US","    0",",,0,",,,,,,,,
"USC00045151","1949-09-20","35.6181","-119.6892","87.8","LOST HILLS, CA US","    0",",,0,",,,,,,,,
"USC00045151","1949-09-21","35.6181","-119.6892","87.8","LOST HILLS, CA US","    0",",,0,",,,,,,,,
"USC00045151","1949-09-22","35.6181","-119.6892","87.8","LOST HILLS, CA US","    0",",,0,",,,,,,,,
"USC00045151","1949-09-23","35.6181","-119.6892","87.8","LOST HILLS, CA US","    0",",,0,",,,,,,,,
"USC00045151","1949-09-24","35.6181","-119.6892","87.8","LOST HILLS, CA US","    0",",,0,",,,,,,,,
"USC00045151","1949-09-25","35.6181","-119.6892","87.8","LOST HILLS, CA US","    0",",,0,",,,,,,,,
"USC00045151","1949-09-26","35.6181","-119.6892","87.8","LOST HILLS, CA US","    0",",,0,",,,,,,,,
"USC00045151","1949-09-27","35.6181","-119.6892","87.8","LOST HILLS, CA US","    0",",,0,",,,,,,,,
"USC00045151","1949-09-28","35.6181","-119.6892","87.8","LOST HILLS, CA US","    0",",,0,",,,,,,,,
"USC00045151","1949-09-29","35.6181","-119.6892","87.8","LOST HILLS, CA US","    0",",,0,",,,,,,,,
"USC00045151","1949-09-30","35.6181","-119.6892","87.8","LOST HILLS, CA US","    0",",,0,",,,,,,,,
"USC00045151","1949-10-01","35.6181","-119.6892","87.8","LOST HILLS, CA US","    0",",,0,",,,,,,,,
"USC00045151","1949-10-02","35.6181","-119.6892","87.8","LOST HILLS, CA US","    0",",,0,",,,,,,,,
"USC00045151","1949-10-03","35.6181","-119.6892","87.8","LOST HILLS, CA US","    0",",,0,",,,,,,,,
"USC00045151","1949-10-04","35.6181","-119.6892","87.8","LOST HILLS, CA US","    0",",,0,",,,,,,,,
"USC00045151","1949-10-05","35.6181","-119.6892","87.8","LOST HILLS, CA US","    0",",,0,",,,,,,,,
"USC00045151","1949-10-06","35.6181","-119.6892","87.8","LOST HILLS, CA US","    0",",,0,",,,,,,,,
"USC00045151","1949-10-07","35.6181","-119.6892","87.8","LOST HILLS, CA US","    0",",,0,",,,,,,,,
"USC00045151","1949-10-08","35.6181","-119.6892","87.8","LOST HILLS, CA US","    0",",,0,",,,,,,,,
"USC00045151","1949-10-09","35.6181","-119.6892","87.8","LOST HILLS, CA US","    0",",,0,",,,,,,,,
"USC00045151","1949-10-10","35.6181","-119.6892","87.8","LOST HILLS, CA US","    0",",,0,",,,,,,,,
"USC00045151","1949-10-11","35.6181","-119.6892","87.8","LOST HILLS, CA US","    0",",,0,",,,,,,,,
"USC00045151","1949-10-12","35.6181","-119.6892","87.8","LOST HILLS, CA US","    0",",,0,",,,,,,,,
"USC00045151","1949-10-13","35.6181","-119.6892","87.8","LOST HILLS, CA US","    0",",,0,",,,,,,,,
"USC00045151","1949-10-14","35.6181","-119.6892","87.8","LOST HILLS, CA US","    0",",,0,",,,,,,,,
"USC00045151","1949-10-15","35.6181","-119.6892","87.8","LOST HILLS, CA US","    0",",,0,",,,,,,,,
"USC00045151","1949-10-16","35.6181","-119.6892","87.8","LOST HILLS, CA US","    0",",,0,",,,,,,,,
"USC00045151","1949-10-17","35.6181","-119.6892","87.8","LOST HILLS, CA US","    0",",,0,",,,,,,,,
"USC00045151","1949-10-18","35.6181","-119.6892","87.8","LOST HILLS, CA US","    0",",,0,",,,,,,,,
"USC00045151","1949-10-19","35.6181","-119.6892","87.8","LOST HILLS, CA US","    0",",,0,",,,,,,,,
"USC00045151","1949-10-20","35.6181","-119.6892","87.8","LOST HILLS, CA US","    0",",,0,",,,,,,,,
"USC00045151","1949-10-21","35.6181","-119.6892","87.8","LOST HILLS, CA US","    0",",,0,",,,,,,,,
"USC00045151","1949-10-22","35.6181","-119.6892","87.8","LOST HILLS, CA US","    0",",,0,",,,,,,,,
"USC00045151","1949-10-23","35.6181","-119.6892","87.8","LOST HILLS, CA US","    0",",,0,",,,,,,,,
"USC00045151","1949-10-24","35.6181","-119.6892","87.8","LOST HILLS, CA US","    0",",,0,",,,,,,,,
"USC00045151","1949-10-25","35.6181","-119.6892","87.8","LOST HILLS, CA US","    0",",,0,",,,,,,,,
"USC00045151","1949-10-26","35.6181","-119.6892","87.8","LOST HILLS, CA US","    0",",,0,",,,,,,,,
"USC00045151","1949-10-27","35.6181","-119.6892","87.8","LOST HILLS, CA US","    0",",,0,",,,,,,,,
"USC00045151","1949-10-28","35.6181","-119.6892","87.8","LOST HILLS, CA US","    0",",,0,",,,,,,,,
"USC00045151","1949-10-29","35.6181","-119.6892","87.8","LOST HILLS, CA US","    0",",,0,",,,,,,,,
"USC00045151","1949-10-30","35.6181","-119.6892","87.8","LOST HILLS, CA US","    0",",,0,",,,,,,,,
"USC00045151","1949-10-31","35.6181","-119.6892","87.8","LOST HILLS, CA US","    0",",,0,",,,,,,,,
"USC00045151","1949-11-01","35.6181","-119.6892","87.8","LOST HILLS, CA US","    0",",,0,",,,,,,,,
"USC00045151","1949-11-02","35.6181","-119.6892","87.8","LOST HILLS, CA US","    0",",,0,",,,,,,,,
"USC00045151","1949-11-03","35.6181","-119.6892","87.8","LOST HILLS, CA US","    0",",,0,",,,,,,,,
"USC00045151","1949-11-04","35.6181","-119.6892","87.8","LOST HILLS, CA US","    0",",,0,",,,,,,,,
"USC00045151","1949-11-05","35.6181","-119.6892","87.8","LOST HILLS, CA US","    0",",,0,",,,,,,,,
"USC00045151","1949-11-06","35.6181","-119.6892","87.8","LOST HILLS, CA US","    0",",,0,",,,,,,,,
"USC00045151","1949-11-07","35.6181","-119.6892","87.8","LOST HILLS, CA US","    0",",,0,",,,,,,,,
"USC00045151","1949-11-08","35.6181","-119.6892","87.8","LOST HILLS, CA US","    0",",,0,",,,,,,,,
"USC00045151","1949-11-09","35.6181","-119.6892","87.8","LOST HILLS, CA US","    0",",,0,",,,,,,,,
"USC00045151","1949-11-10","35.6181","-119.6892","87.8","LOST HILLS, CA US","   46",",,0,",,,,,,,,
"USC00045151","1949-11-11","35.6181","-119.6892","87.8","LOST HILLS, CA US","    0",",,0,",,,,,,,,
"USC00045151","1949-11-12","35.6181","-119.6892","87.8","LOST HILLS, CA US","    0",",,0,",,,,,,,,
"USC00045151","1949-11-13","35.6181","-119.6892","87.8","LOST HILLS, CA US","    0",",,0,",,,,,,,,
"USC00045151","1949-11-14","35.6181","-119.6892","87.8","LOST HILLS, CA US","    0",",,0,",,,,,,,,
"USC00045151","1949-11-15","35.6181","-119.6892","87.8","LOST HILLS, CA US","    0",",,0,",,,,,,,,
"USC00045151","1949-11-16","35.6181","-119.6892","87.8","LOST HILLS, CA US","    0",",,0,",,,,,,,,
"USC00045151","1949-11-17","35.6181","-119.6892","87.8","LOST HILLS, CA US","    0",",,0,",,,,,,,,
"USC00045151","1949-11-18","35.6181","-119.6892","87.8","LOST HILLS, CA US","    0",",,0,",,,,,,,,
"USC00045151","1949-11-19","35.6181","-119.6892","87.8","LOST HILLS, CA US","    0",",,0,",,,,,,,,
"USC00045151","1949-11-20","35.6181","-119.6892","87.8","LOST HILLS, CA US","    0",",,0,",,,,,,,,
"USC00045151","1949-11-21","35.6181","-119.6892","87.8","LOST HILLS, CA US","    0",",,0,",,,,,,,,
"USC00045151","1949-11-22","35.6181","-119.6892","87.8","LOST HILLS, CA US","    0",",,0,",,,,,,,,
"USC00045151","1949-11-23","35.6181","-119.6892","87.8","LOST HILLS, CA US","    0",",,0,",,,,,,,,
"USC00045151","1949-11-24","35.6181","-119.6892","87.8","LOST HILLS, CA US","    0",",,0,",,,,,,,,
"USC00045151","1949-11-25","35.6181","-119.6892","87.8","LOST HILLS, CA US","    0",",,0,",,,,,,,,
"USC00045151","1949-11-26","35.6181","-119.6892","87.8","LOST HILLS, CA US","    0",",,0,",,,,,,,,
"USC00045151","1949-11-27","35.6181","-119.6892","87.8","LOST HILLS, CA US","    0",",,0,",,,,,,,,
"USC00045151","1949-11-28","35.6181","-119.6892","87.8","LOST HILLS, CA US","    0",",,0,",,,,,,,,
"USC00045151","1949-11-29","35.6181","-119.6892","87.8","LOST HILLS, CA US","    0",",,0,",,,,,,,,
"USC00045151","1949-11-30","35.6181","-119.6892","87.8","LOST HILLS, CA US","    0",",,0,",,,,,,,,
"USC00045151","1949-12-01","35.6181","-119.6892","87.8","LOST HILLS, CA US","    0",",,0,",,,,,,,,
"USC00045151","1949-12-02","35.6181","-119.6892","87.8","LOST HILLS, CA US","    0",",,0,",,,,,,,,
"USC00045151","1949-12-03","35.6181","-119.6892","87.8","LOST HILLS, CA US","    0",",,0,",,,,,,,,
"USC00045151","1949-12-04","35.6181","-119.6892","87.8","LOST HILLS, CA US","    0",",,0,",,,,,,,,
"USC00045151","1949-12-05","35.6181","-119.6892","87.8","LOST HILLS, CA US","    0",",,0,",,,,,,,,
"USC00045151","1949-12-06","35.6181","-119.6892","87.8","LOST HILLS, CA US","    0",",,0,",,,,,,,,
"USC00045151","1949-12-07","35.6181","-119.6892","87.8","LOST HILLS, CA US","   66",",,0,",,,,,,,,
"USC00045151","1949-12-08","35.6181","-119.6892","87.8","LOST HILLS, CA US","   71",",,0,",,,,,,,,
"USC00045151","1949-12-09","35.6181","-119.6892","87.8","LOST HILLS, CA US","    0",",,0,",,,,,,,,
"USC00045151","1949-12-10","35.6181","-119.6892","87.8","LOST HILLS, CA US","    0",",,0,",,,,,,,,
"USC00045151","1949-12-11","35.6181","-119.6892","87.8","LOST HILLS, CA US","    0",",,0,",,,,,,,,
"USC00045151","1949-12-12","35.6181","-119.6892","87.8","LOST HILLS, CA US","    0",",,0,",,,,,,,,
"USC00045151","1949-12-13","35.6181","-119.6892","87.8","LOST HILLS, CA US","    0",",,0,",,,,,,,,
"USC00045151","1949-12-14","35.6181","-119.6892","87.8","LOST HILLS, CA US","    0",",,0,",,,,,,,,
"USC00045151","1949-12-15","35.6181","-119.6892","87.8","LOST HILLS, CA US","    0",",,0,",,,,,,,,
"USC00045151","1949-12-16","35.6181","-119.6892","87.8","LOST HILLS, CA US","    0",",,0,",,,,,,,,
"USC00045151","1949-12-17","35.6181","-119.6892","87.8","LOST HILLS, CA US","    0",",,0,",,,,,,,,
"USC00045151","1949-12-18","35.6181","-119.6892","87.8","LOST HILLS, CA US","   30",",,0,",,,,,,,,
"USC00045151","1949-12-19","35.6181","-119.6892","87.8","LOST HILLS, CA US","   43",",,0,",,,,,,,,
"USC00045151","1949-12-20","35.6181","-119.6892","87.8","LOST HILLS, CA US","    0",",,0,",,,,,,,,
"USC00045151","1949-12-21","35.6181","-119.6892","87.8","LOST HILLS, CA US","    0",",,0,",,,,,,,,
"USC00045151","1949-12-22","35.6181","-119.6892","87.8","LOST HILLS, CA US","    0",",,0,",,,,,,,,
"USC00045151","1949-12-23","35.6181","-119.6892","87.8","LOST HILLS, CA US","    0",",,0,",,,,,,,,
"USC00045151","1949-12-24","35.6181","-119.6892","87.8","LOST HILLS, CA US","    0",",,0,",,,,,,,,
"USC00045151","1949-12-25","35.6181","-119.6892","87.8","LOST HILLS, CA US","    0",",,0,",,,,,,,,
"USC00045151","1949-12-26","35.6181","-119.6892","87.8","LOST HILLS, CA US","    0",",,0,",,,,,,,,
"USC00045151","1949-12-27","35.6181","-119.6892","87.8","LOST HILLS, CA US","    0",",,0,",,,,,,,,
"USC00045151","1949-12-28","35.6181","-119.6892","87.8","LOST HILLS, CA US","    0",",,0,",,,,,,,,
"USC00045151","1949-12-29","35.6181","-119.6892","87.8","LOST HILLS, CA US","    0",",,0,",,,,,,,,
"USC00045151","1949-12-30","35.6181","-119.6892","87.8","LOST HILLS, CA US","    0",",,0,",,,,,,,,
"USC00045151","1949-12-31","35.6181","-119.6892","87.8","LOST HILLS, CA US","    0",",,0,",,,,,,,,
"USC00045151","1950-01-01","35.6181","-119.6892","87.8","LOST HILLS, CA US","    0",",,0,",,,,,,,,
"USC00045151","1950-01-02","35.6181","-119.6892","87.8","LOST HILLS, CA US","    0",",,0,",,,,,,,,
"USC00045151","1950-01-03","35.6181","-119.6892","87.8","LOST HILLS, CA US","    0",",,0,",,,,,,,,
"USC00045151","1950-01-04","35.6181","-119.6892","87.8","LOST HILLS, CA US","    0",",,0,",,,,,,,,
"USC00045151","1950-01-05","35.6181","-119.6892","87.8","LOST HILLS, CA US","    0",",,0,",,,,,,,,
"USC00045151","1950-01-06","35.6181","-119.6892","87.8","LOST HILLS, CA US","    0",",,0,",,,,,,,,
"USC00045151","1950-01-07","35.6181","-119.6892","87.8","LOST HILLS, CA US","    0",",,0,",,,,,,,,
"USC00045151","1950-01-08","35.6181","-119.6892","87.8","LOST HILLS, CA US","   18",",,0,",,,,,,,,
"USC00045151","1950-01-09","35.6181","-119.6892","87.8","LOST HILLS, CA US","    0",",,0,",,,,,,,,
"USC00045151","1950-01-10","35.6181","-119.6892","87.8","LOST HILLS, CA US","    0",",,0,",,,,,,,,
"USC00045151","1950-01-11","35.6181","-119.6892","87.8","LOST HILLS, CA US","   64",",,0,",,,,,,,,
"USC00045151","1950-01-12","35.6181","-119.6892","87.8","LOST HILLS, CA US","   58",",,0,",,,,,,,,
"USC00045151","1950-01-13","35.6181","-119.6892","87.8","LOST HILLS, CA US","    0",",,0,",,,,,,,,
"USC00045151","1950-01-14","35.6181","-119.6892","87.8","LOST HILLS, CA US","   41",",,0,",,,,,,,,
"USC00045151","1950-01-15","35.6181","-119.6892","87.8","LOST HILLS, CA US","    0",",,0,",,,,,,,,
"USC00045151","1950-01-16","35.6181","-119.6892","87.8","LOST HILLS, CA US","    0",",,0,",,,,,,,,
"USC00045151","1950-01-17","35.6181","-119.6892","87.8","LOST HILLS, CA US","    0",",,0,",,,,,,,,
"USC00045151","1950-01-18","35.6181","-119.6892","87.8","LOST HILLS, CA US","    0",",,0,",,,,,,,,
"USC00045151","1950-01-19","35.6181","-119.6892","87.8","LOST HILLS, CA US","    0",",,0,",,,,,,,,
"USC00045151","1950-01-20","35.6181","-119.6892","87.8","LOST HILLS, CA US","    0",",,0,",,,,,,,,
"USC00045151","1950-01-21","35.6181","-119.6892","87.8","LOST HILLS, CA US","    0",",,0,",,,,,,,,
"USC00045151","1950-01-22","35.6181","-119.6892","87.8","LOST HILLS, CA US","    0",",,0,",,,,,,,,
"USC00045151","1950-01-23","35.6181","-119.6892","87.8","LOST HILLS, CA US","    0",",,0,",,,,,,,,
"USC00045151","1950-01-24","35.6181","-119.6892","87.8","LOST HILLS, CA US","    0",",,0,",,,,,,,,
"USC00045151","1950-01-25","35.6181","-119.6892","87.8","LOST HILLS, CA US","    0",",,0,",,,,,,,,
"USC00045151","1950-01-26","35.6181","-119.6892","87.8","LOST HILLS, CA US","    0",",,0,",,,,,,,,
"USC00045151","1950-01-27","35.6181","-119.6892","87.8","LOST HILLS, CA US","    0",",,0,",,,,,,,,
"USC00045151","1950-01-28","35.6181","-119.6892","87.8","LOST HILLS, CA US","   94",",,0,",,,,,,,,
"USC00045151","1950-01-29","35.6181","-119.6892","87.8","LOST HILLS, CA US","    0",",,0,",,,,,,,,
"USC00045151","1950-01-30","35.6181","-119.6892","87.8","LOST HILLS, CA US","    0",",,0,",,,,,,,,
"USC00045151","1950-01-31","35.6181","-119.6892","87.8","LOST HILLS, CA US","    0",",,0,",,,,,,,,
"USC00045151","1950-02-01","35.6181","-119.6892","87.8","LOST HILLS, CA US","    0",",,0,",,,,,,,,
"USC00045151","1950-02-02","35.6181","-119.6892","87.8","LOST HILLS, CA US","    0",",,0,",,,,,,,,
"USC00045151","1950-02-03","35.6181","-119.6892","87.8","LOST HILLS, CA US","    0",",,0,",,,,,,,,
"USC00045151","1950-02-04","35.6181","-119.6892","87.8","LOST HILLS, CA US","   46",",,0,",,,,,,,,
"USC00045151","1950-02-05","35.6181","-119.6892","87.8","LOST HILLS, CA US","   51",",,0,",,,,,,,,
"USC00045151","1950-02-06","35.6181","-119.6892","87.8","LOST HILLS, CA US","   10",",,0,",,,,,,,,
"USC00045151","1950-02-07","35.6181","-119.6892","87.8","LOST HILLS, CA US","    0",",,0,",,,,,,,,
"USC00045151","1950-02-08","35.6181","-119.6892","87.8","LOST HILLS, CA US","    0",",,0,",,,,,,,,
"USC00045151","1950-02-09","35.6181","-119.6892","87.8","LOST HILLS, CA US","    0",",,0,",,,,,,,,
"USC00045151","1950-02-10","35.6181","-119.6892","87.8","LOST HILLS, CA US","   79",",,0,",,,,,,,,
"USC00045151","1950-02-11","35.6181","-119.6892","87.8","LOST HILLS, CA US","    0",",,0,",,,,,,,,
"USC00045151","1950-02-12","35.6181","-119.6892","87.8","LOST HILLS, CA US","    0",",,0,",,,,,,,,
"USC00045151","1950-02-13","35.6181","-119.6892","87.8","LOST HILLS, CA US","    0",",,0,",,,,,,,,
"USC00045151","1950-02-14","35.6181","-119.6892","87.8","LOST HILLS, CA US","    0",",,0,",,,,,,,,
"USC00045151","1950-02-15","35.6181","-119.6892","87.8","LOST HILLS, CA US","    0",",,0,",,,,,,,,
"USC00045151","1950-02-16","35.6181","-119.6892","87.8","LOST HILLS, CA US","    0",",,0,",,,,,,,,
"USC00045151","1950-02-17","35.6181","-119.6892","87.8","LOST HILLS, CA US","    0",",,0,",,,,,,,,
"USC00045151","1950-02-18","35.6181","-119.6892","87.8","LOST HILLS, CA US","    0",",,0,",,,,,,,,
"USC00045151","1950-02-19","35.6181","-119.6892","87.8","LOST HILLS, CA US","    0",",,0,",,,,,,,,
"USC00045151","1950-02-20","35.6181","-119.6892","87.8","LOST HILLS, CA US","    0",",,0,",,,,,,,,
"USC00045151","1950-02-21","35.6181","-119.6892","87.8","LOST HILLS, CA US","    0",",,0,",,,,,,,,
"USC00045151","1950-02-22","35.6181","-119.6892","87.8","LOST HILLS, CA US","    0",",,0,",,,,,,,,
"USC00045151","1950-02-23","35.6181","-119.6892","87.8","LOST HILLS, CA US","    0",",,0,",,,,,,,,
"USC00045151","1950-02-24","35.6181","-119.6892","87.8","LOST HILLS, CA US","    0",",,0,",,,,,,,,
"USC00045151","1950-02-25","35.6181","-119.6892","87.8","LOST HILLS, CA US","    0",",,0,",,,,,,,,
"USC00045151","1950-02-26","35.6181","-119.6892","87.8","LOST HILLS, CA US","    0",",,0,",,,,,,,,
"USC00045151","1950-02-27","35.6181","-119.6892","87.8","LOST HILLS, CA US","    0",",,0,",,,,,,,,
"USC00045151","1950-02-28","35.6181","-119.6892","87.8","LOST HILLS, CA US","    0",",,0,",,,,,,,,
"USC00045151","1950-03-01","35.6181","-119.6892","87.8","LOST HILLS, CA US","    0",",,0,",,,,,,,,
"USC00045151","1950-03-02","35.6181","-119.6892","87.8","LOST HILLS, CA US","    0",",,0,",,,,,,,,
"USC00045151","1950-03-03","35.6181","-119.6892","87.8","LOST HILLS, CA US","    0",",,0,",,,,,,,,
"USC00045151","1950-03-04","35.6181","-119.6892","87.8","LOST HILLS, CA US","    0",",,0,",,,,,,,,
"USC00045151","1950-03-05","35.6181","-119.6892","87.8","LOST HILLS, CA US","    0",",,0,",,,,,,,,
"USC00045151","1950-03-06","35.6181","-119.6892","87.8","LOST HILLS, CA US","    0",",,0,",,,,,,,,
"USC00045151","1950-03-07","35.6181","-119.6892","87.8","LOST HILLS, CA US","    0",",,0,",,,,,,,,
"USC00045151","1950-03-08","35.6181","-119.6892","87.8","LOST HILLS, CA US","    0",",,0,",,,,,,,,
"USC00045151","1950-03-09","35.6181","-119.6892","87.8","LOST HILLS, CA US","    0",",,0,",,,,,,,,
"USC00045151","1950-03-10","35.6181","-119.6892","87.8","LOST HILLS, CA US","    0",",,0,",,,,,,,,
"USC00045151","1950-03-11","35.6181","-119.6892","87.8","LOST HILLS, CA US","    0",",,0,",,,,,,,,
"USC00045151","1950-03-12","35.6181","-119.6892","87.8","LOST HILLS, CA US","    0",",,0,",,,,,,,,
"USC00045151","1950-03-13","35.6181","-119.6892","87.8","LOST HILLS, CA US","    0",",,0,",,,,,,,,
"USC00045151","1950-03-14","35.6181","-119.6892","87.8","LOST HILLS, CA US","    0",",,0,",,,,,,,,
"USC00045151","1950-03-15","35.6181","-119.6892","87.8","LOST HILLS, CA US","    0",",,0,",,,,,,,,
"USC00045151","1950-03-16","35.6181","-119.6892","87.8","LOST HILLS, CA US","    0",",,0,",,,,,,,,
"USC00045151","1950-03-17","35.6181","-119.6892","87.8","LOST HILLS, CA US","    0",",,0,",,,,,,,,
"USC00045151","1950-03-18","35.6181","-119.6892","87.8","LOST HILLS, CA US","    0",",,0,",,,,,,,,
"USC00045151","1950-03-19","35.6181","-119.6892","87.8","LOST HILLS, CA US","    0",",,0,",,,,,,,,
"USC00045151","1950-03-20","35.6181","-119.6892","87.8","LOST HILLS, CA US","    0",",,0,",,,,,,,,
"USC00045151","1950-03-21","35.6181","-119.6892","87.8","LOST HILLS, CA US","    0",",,0,",,,,,,,,
"USC00045151","1950-03-22","35.6181","-119.6892","87.8","LOST HILLS, CA US","    0",",,0,",,,,,,,,
"USC00045151","1950-03-23","35.6181","-119.6892","87.8","LOST HILLS, CA US","    0",",,0,",,,,,,,,
"USC00045151","1950-03-24","35.6181","-119.6892","87.8","LOST HILLS, CA US","   71",",,0,",,,,,,,,
"USC00045151","1950-03-25","35.6181","-119.6892","87.8","LOST HILLS, CA US","   25",",,0,",,,,,,,,
"USC00045151","1950-03-26","35.6181","-119.6892","87.8","LOST HILLS, CA US","    0",",,0,",,,,,,,,
"USC00045151","1950-03-27","35.6181","-119.6892","87.8","LOST HILLS, CA US","    0",",,0,",,,,,,,,
"USC00045151","1950-03-28","35.6181","-119.6892","87.8","LOST HILLS, CA US","    0",",,0,",,,,,,,,
"USC00045151","1950-03-29","35.6181","-119.6892","87.8","LOST HILLS, CA US","    0",",,0,",,,,,,,,
"USC00045151","1950-03-30","35.6181","-119.6892","87.8","LOST HILLS, CA US","    0",",,0,",,,,,,,,
"USC00045151","1950-03-31","35.6181","-119.6892","87.8","LOST HILLS, CA US","    0",",,0,",,,,,,,,
"USC00045151","1950-04-01","35.6181","-119.6892","87.8","LOST HILLS, CA US","    0",",,0,",,,,,,,,
"USC00045151","1950-04-02","35.6181","-119.6892","87.8","LOST HILLS, CA US","    0",",,0,",,,,,,,,
"USC00045151","1950-04-03","35.6181","-119.6892","87.8","LOST HILLS, CA US","    0",",,0,",,,,,,,,
"USC00045151","1950-04-04","35.6181","-119.6892","87.8","LOST HILLS, CA US","    0",",,0,",,,,,,,,
"USC00045151","1950-04-05","35.6181","-119.6892","87.8","LOST HILLS, CA US","    0",",,0,",,,,,,,,
"USC00045151","1950-04-06","35.6181","-119.6892","87.8","LOST HILLS, CA US","    0",",,0,",,,,,,,,
"USC00045151","1950-04-07","35.6181","-119.6892","87.8","LOST HILLS, CA US","    0",",,0,",,,,,,,,
"USC00045151","1950-04-08","35.6181","-119.6892","87.8","LOST HILLS, CA US","   38",",,0,",,,,,,,,
"USC00045151","1950-04-09","35.6181","-119.6892","87.8","LOST HILLS, CA US","    0",",,0,",,,,,,,,
"USC00045151","1950-04-10","35.6181","-119.6892","87.8","LOST HILLS, CA US","    0",",,0,",,,,,,,,
"USC00045151","1950-04-11","35.6181","-119.6892","87.8","LOST HILLS, CA US","    0",",,0,",,,,,,,,
"USC00045151","1950-04-12","35.6181","-119.6892","87.8","LOST HILLS, CA US","    0",",,0,",,,,,,,,
"USC00045151","1950-04-13","35.6181","-119.6892","87.8","LOST HILLS, CA US","    0",",,0,",,,,,,,,
"USC00045151","1950-04-14","35.6181","-119.6892","87.8","LOST HILLS, CA US","    0",",,0,",,,,,,,,
"USC00045151","1950-04-15","35.6181","-119.6892","87.8","LOST HILLS, CA US","    0",",,0,",,,,,,,,
"USC00045151","1950-04-16","35.6181","-119.6892","87.8","LOST HILLS, CA US","    0",",,0,",,,,,,,,
"USC00045151","1950-04-17","35.6181","-119.6892","87.8","LOST HILLS, CA US","    0",",,0,",,,,,,,,
"USC00045151","1950-04-18","35.6181","-119.6892","87.8","LOST HILLS, CA US","    0",",,0,",,,,,,,,
"USC00045151","1950-04-19","35.6181","-119.6892","87.8","LOST HILLS, CA US","    0",",,0,",,,,,,,,
"USC00045151","1950-04-20","35.6181","-119.6892","87.8","LOST HILLS, CA US","    0",",,0,",,,,,,,,
"USC00045151","1950-04-21","35.6181","-119.6892","87.8","LOST HILLS, CA US","    0",",,0,",,,,,,,,
"USC00045151","1950-04-22","35.6181","-119.6892","87.8","LOST HILLS, CA US","    0",",,0,",,,,,,,,
"USC00045151","1950-04-23","35.6181","-119.6892","87.8","LOST HILLS, CA US","    0",",,0,",,,,,,,,
"USC00045151","1950-04-24","35.6181","-119.6892","87.8","LOST HILLS, CA US","    0",",,0,",,,,,,,,
"USC00045151","1950-04-25","35.6181","-119.6892","87.8","LOST HILLS, CA US","    0",",,0,",,,,,,,,
"USC00045151","1950-04-26","35.6181","-119.6892","87.8","LOST HILLS, CA US","    0",",,0,",,,,,,,,
"USC00045151","1950-04-27","35.6181","-119.6892","87.8","LOST HILLS, CA US","    0",",,0,",,,,,,,,
"USC00045151","1950-04-28","35.6181","-119.6892","87.8","LOST HILLS, CA US","    0",",,0,",,,,,,,,
"USC00045151","1950-04-29","35.6181","-119.6892","87.8","LOST HILLS, CA US","    0",",,0,",,,,,,,,
"USC00045151","1950-04-30","35.6181","-119.6892","87.8","LOST HILLS, CA US","    0",",,0,",,,,,,,,
"USC00045151","1950-05-01","35.6181","-119.6892","87.8","LOST HILLS, CA US","    0",",,0,",,,,,,,,
"USC00045151","1950-05-03","35.6181","-119.6892","87.8","LOST HILLS, CA US",,,,,,,"    2",",,0","   66",",,0"
"USC00045151","1950-05-04","35.6181","-119.6892","87.8","LOST HILLS, CA US","    0",",,0,",,,,,,,,
"USC00045151","1950-05-05","35.6181","-119.6892","87.8","LOST HILLS, CA US","    0",",,0,",,,,,,,,
"USC00045151","1950-05-06","35.6181","-119.6892","87.8","LOST HILLS, CA US","    0",",,0,",,,,,,,,
"USC00045151","1950-05-07","35.6181","-119.6892","87.8","LOST HILLS, CA US","    0",",,0,",,,,,,,,
"USC00045151","1950-05-08","35.6181","-119.6892","87.8","LOST HILLS, CA US","    0",",,0,",,,,,,,,
"USC00045151","1950-05-09","35.6181","-119.6892","87.8","LOST HILLS, CA US","    0",",,0,",,,,,,,,
"USC00045151","1950-05-10","35.6181","-119.6892","87.8","LOST HILLS, CA US","    0",",,0,",,,,,,,,
"USC00045151","1950-05-11","35.6181","-119.6892","87.8","LOST HILLS, CA US","    0",",,0,",,,,,,,,
"USC00045151","1950-05-12","35.6181","-119.6892","87.8","LOST HILLS, CA US","    0",",,0,",,,,,,,,
"USC00045151","1950-05-13","35.6181","-119.6892","87.8","LOST HILLS, CA US","    0",",,0,",,,,,,,,
"USC00045151","1950-05-14","35.6181","-119.6892","87.8","LOST HILLS, CA US","    0",",,0,",,,,,,,,
"USC00045151","1950-05-15","35.6181","-119.6892","87.8","LOST HILLS, CA US","    0",",,0,",,,,,,,,
"USC00045151","1950-05-16","35.6181","-119.6892","87.8","LOST HILLS, CA US","    0",",,0,",,,,,,,,
"USC00045151","1950-05-17","35.6181","-119.6892","87.8","LOST HILLS, CA US","    0",",,0,",,,,,,,,
"USC00045151","1950-05-18","35.6181","-119.6892","87.8","LOST HILLS, CA US","    0",",,0,",,,,,,,,
"USC00045151","1950-05-19","35.6181","-119.6892","87.8","LOST HILLS, CA US","    0",",,0,",,,,,,,,
"USC00045151","1950-05-20","35.6181","-119.6892","87.8","LOST HILLS, CA US","    0",",,0,",,,,,,,,
"USC00045151","1950-05-21","35.6181","-119.6892","87.8","LOST HILLS, CA US","    0",",,0,",,,,,,,,
"USC00045151","1950-05-22","35.6181","-119.6892","87.8","LOST HILLS, CA US","    0",",,0,",,,,,,,,
"USC00045151","1950-05-23","35.6181","-119.6892","87.8","LOST HILLS, CA US","    0",",,0,",,,,,,,,
"USC00045151","1950-05-24","35.6181","-119.6892","87.8","LOST HILLS, CA US","    0",",,0,",,,,,,,,
"USC00045151","1950-05-25","35.6181","-119.6892","87.8","LOST HILLS, CA US","    0",",,0,",,,,,,,,
"USC00045151","1950-05-26","35.6181","-119.6892","87.8","LOST HILLS, CA US","    0",",,0,",,,,,,,,
"USC00045151","1950-05-27","35.6181","-119.6892","87.8","LOST HILLS, CA US","    0",",,0,",,,,,,,,
"USC00045151","1950-05-28","35.6181","-119.6892","87.8","LOST HILLS, CA US","    0",",,0,",,,,,,,,
"USC00045151","1950-05-29","35.6181","-119.6892","87.8","LOST HILLS, CA US","    0",",,0,",,,,,,,,
"USC00045151","1950-05-30","35.6181","-119.6892","87.8","LOST HILLS, CA US","    0",",,0,",,,,,,,,
"USC00045151","1950-05-31","35.6181","-119.6892","87.8","LOST HILLS, CA US","    0",",,0,",,,,,,,,
"USC00045151","1950-06-01","35.6181","-119.6892","87.8","LOST HILLS, CA US","    0",",,0,",,,,,,,,
"USC00045151","1950-06-02","35.6181","-119.6892","87.8","LOST HILLS, CA US","    0",",,0,",,,,,,,,
"USC00045151","1950-06-03","35.6181","-119.6892","87.8","LOST HILLS, CA US","    0",",,0,",,,,,,,,
"USC00045151","1950-06-04","35.6181","-119.6892","87.8","LOST HILLS, CA US","    0",",,0,",,,,,,,,
"USC00045151","1950-06-05","35.6181","-119.6892","87.8","LOST HILLS, CA US","    0",",,0,",,,,,,,,
"USC00045151","1950-06-06","35.6181","-119.6892","87.8","LOST HILLS, CA US","    0",",,0,",,,,,,,,
"USC00045151","1950-06-07","35.6181","-119.6892","87.8","LOST HILLS, CA US","    0",",,0,",,,,,,,,
"USC00045151","1950-06-08","35.6181","-119.6892","87.8","LOST HILLS, CA US","    0",",,0,",,,,,,,,
"USC00045151","1950-06-09","35.6181","-119.6892","87.8","LOST HILLS, CA US","    0",",,0,",,,,,,,,
"USC00045151","1950-06-10","35.6181","-119.6892","87.8","LOST HILLS, CA US","    0",",,0,",,,,,,,,
"USC00045151","1950-06-11","35.6181","-119.6892","87.8","LOST HILLS, CA US","    0",",,0,",,,,,,,,
"USC00045151","1950-06-12","35.6181","-119.6892","87.8","LOST HILLS, CA US","    0",",,0,",,,,,,,,
"USC00045151","1950-06-13","35.6181","-119.6892","87.8","LOST HILLS, CA US","    0",",,0,",,,,,,,,
"USC00045151","1950-06-14","35.6181","-119.6892","87.8","LOST HILLS, CA US","    0",",,0,",,,,,,,,
"USC00045151","1950-06-15","35.6181","-119.6892","87.8","LOST HILLS, CA US","    0",",,0,",,,,,,,,
"USC00045151","1950-06-16","35.6181","-119.6892","87.8","LOST HILLS, CA US","    0",",,0,",,,,,,,,
"USC00045151","1950-06-17","35.6181","-119.6892","87.8","LOST HILLS, CA US","    0",",,0,",,,,,,,,
"USC00045151","1950-06-18","35.6181","-119.6892","87.8","LOST HILLS, CA US","    0",",,0,",,,,,,,,
"USC00045151","1950-06-19","35.6181","-119.6892","87.8","LOST HILLS, CA US","    0",",,0,",,,,,,,,
"USC00045151","1950-06-20","35.6181","-119.6892","87.8","LOST HILLS, CA US","    0",",,0,",,,,,,,,
"USC00045151","1950-06-21","35.6181","-119.6892","87.8","LOST HILLS, CA US","    0",",,0,",,,,,,,,
"USC00045151","1950-06-22","35.6181","-119.6892","87.8","LOST HILLS, CA US","    0",",,0,",,,,,,,,
"USC00045151","1950-06-23","35.6181","-119.6892","87.8","LOST HILLS, CA US","    0",",,0,",,,,,,,,
"USC00045151","1950-06-24","35.6181","-119.6892","87.8","LOST HILLS, CA US","    0",",,0,",,,,,,,,
"USC00045151","1950-06-25","35.6181","-119.6892","87.8","LOST HILLS, CA US","    0",",,0,",,,,,,,,
"USC00045151","1950-06-26","35.6181","-119.6892","87.8","LOST HILLS, CA US","    0",",,0,",,,,,,,,
"USC00045151","1950-06-27","35.6181","-119.6892","87.8","LOST HILLS, CA US","    0",",,0,",,,,,,,,
"USC00045151","1950-06-28","35.6181","-119.6892","87.8","LOST HILLS, CA US","    0",",,0,",,,,,,,,
"USC00045151","1950-06-29","35.6181","-119.6892","87.8","LOST HILLS, CA US","    0",",,0,",,,,,,,,
"USC00045151","1950-06-30","35.6181","-119.6892","87.8","LOST HILLS, CA US","    0",",,0,",,,,,,,,
"USC00045151","1950-07-01","35.6181","-119.6892","87.8","LOST HILLS, CA US","    0",",,0,",,,,,,,,
"USC00045151","1950-07-02","35.6181","-119.6892","87.8","LOST HILLS, CA US","    0",",,0,",,,,,,,,
"USC00045151","1950-07-03","35.6181","-119.6892","87.8","LOST HILLS, CA US","    0",",,0,",,,,,,,,
"USC00045151","1950-07-04","35.6181","-119.6892","87.8","LOST HILLS, CA US","    0",",,0,",,,,,,,,
"USC00045151","1950-07-05","35.6181","-119.6892","87.8","LOST HILLS, CA US","    0",",,0,",,,,,,,,
"USC00045151","1950-07-06","35.6181","-119.6892","87.8","LOST HILLS, CA US","    0",",,0,",,,,,,,,
"USC00045151","1950-07-07","35.6181","-119.6892","87.8","LOST HILLS, CA US","    0",",,0,",,,,,,,,
"USC00045151","1950-07-08","35.6181","-119.6892","87.8","LOST HILLS, CA US","    0",",,0,",,,,,,,,
"USC00045151","1950-07-09","35.6181","-119.6892","87.8","LOST HILLS, CA US","    0",",,0,",,,,,,,,
"USC00045151","1950-07-10","35.6181","-119.6892","87.8","LOST HILLS, CA US","    0",",,0,",,,,,,,,
"USC00045151","1950-07-11","35.6181","-119.6892","87.8","LOST HILLS, CA US","    0",",,0,",,,,,,,,
"USC00045151","1950-07-12","35.6181","-119.6892","87.8","LOST HILLS, CA US","    0",",,0,",,,,,,,,
"USC00045151","1950-07-13","35.6181","-119.6892","87.8","LOST HILLS, CA US","    0",",,0,",,,,,,,,
"USC00045151","1950-07-14","35.6181","-119.6892","87.8","LOST HILLS, CA US","    0",",,0,",,,,,,,,
"USC00045151","1950-07-15","35.6181","-119.6892","87.8","LOST HILLS, CA US","    0",",,0,",,,,,,,,
"USC00045151","1950-07-16","35.6181","-119.6892","87.8","LOST HILLS, CA US","    0",",,0,",,,,,,,,
"USC00045151","1950-07-17","35.6181","-119.6892","87.8","LOST HILLS, CA US","    0",",,0,",,,,,,,,
"USC00045151","1950-07-18","35.6181","-119.6892","87.8","LOST HILLS, CA US","    0",",,0,",,,,,,,,
"USC00045151","1950-07-19","35.6181","-119.6892","87.8","LOST HILLS, CA US","    0",",,0,",,,,,,,,
"USC00045151","1950-07-20","35.6181","-119.6892","87.8","LOST HILLS, CA US","    0",",,0,",,,,,,,,
"USC00045151","1950-07-21","35.6181","-119.6892","87.8","LOST HILLS, CA US","    0",",,0,",,,,,,,,
"USC00045151","1950-07-22","35.6181","-119.6892","87.8","LOST HILLS, CA US","    0",",,0,",,,,,,,,
"USC00045151","1950-07-23","35.6181","-119.6892","87.8","LOST HILLS, CA US","    0",",,0,",,,,,,,,
"USC00045151","1950-07-24","35.6181","-119.6892","87.8","LOST HILLS, CA US","    0",",,0,",,,,,,,,
"USC00045151","1950-07-25","35.6181","-119.6892","87.8","LOST HILLS, CA US","    0",",,0,",,,,,,,,
"USC00045151","1950-07-26","35.6181","-119.6892","87.8","LOST HILLS, CA US","    0",",,0,",,,,,,,,
"USC00045151","1950-07-27","35.6181","-119.6892","87.8","LOST HILLS, CA US","    0",",,0,",,,,,,,,
"USC00045151","1950-07-28","35.6181","-119.6892","87.8","LOST HILLS, CA US","    0",",,0,",,,,,,,,
"USC00045151","1950-07-29","35.6181","-119.6892","87.8","LOST HILLS, CA US","    0",",,0,",,,,,,,,
"USC00045151","1950-07-30","35.6181","-119.6892","87.8","LOST HILLS, CA US","    0",",,0,",,,,,,,,
"USC00045151","1950-07-31","35.6181","-119.6892","87.8","LOST HILLS, CA US","    0",",,0,",,,,,,,,
"USC00045151","1950-08-01","35.6181","-119.6892","87.8","LOST HILLS, CA US","    0",",,0,",,,,,,,,
"USC00045151","1950-08-02","35.6181","-119.6892","87.8","LOST HILLS, CA US","    0",",,0,",,,,,,,,
"USC00045151","1950-08-03","35.6181","-119.6892","87.8","LOST HILLS, CA US","    0",",,0,",,,,,,,,
"USC00045151","1950-08-04","35.6181","-119.6892","87.8","LOST HILLS, CA US","    0",",,0,",,,,,,,,
"USC00045151","1950-08-05","35.6181","-119.6892","87.8","LOST HILLS, CA US","    0",",,0,",,,,,,,,
"USC00045151","1950-08-06","35.6181","-119.6892","87.8","LOST HILLS, CA US","    0",",,0,",,,,,,,,
"USC00045151","1950-08-07","35.6181","-119.6892","87.8","LOST HILLS, CA US","    0",",,0,",,,,,,,,
"USC00045151","1950-08-08","35.6181","-119.6892","87.8","LOST HILLS, CA US","    0",",,0,",,,,,,,,
"USC00045151","1950-08-09","35.6181","-119.6892","87.8","LOST HILLS, CA US","    0",",,0,",,,,,,,,
"USC00045151","1950-08-10","35.6181","-119.6892","87.8","LOST HILLS, CA US","    0",",,0,",,,,,,,,
"USC00045151","1950-08-12","35.6181","-119.6892","87.8","LOST HILLS, CA US","    0",",,0,",,,,,,,,
"USC00045151","1950-08-13","35.6181","-119.6892","87.8","LOST HILLS, CA US","    0",",,0,",,,,,,,,
"USC00045151","1950-08-14","35.6181","-119.6892","87.8","LOST HILLS, CA US","    0",",,0,",,,,,,,,
"USC00045151","1950-08-15","35.6181","-119.6892","87.8","LOST HILLS, CA US","    0",",,0,",,,,,,,,
"USC00045151","1950-08-16","35.6181","-119.6892","87.8","LOST HILLS, CA US","    0",",,0,",,,,,,,,
"USC00045151","1950-08-17","35.6181","-119.6892","87.8","LOST HILLS, CA US","    0",",,0,",,,,,,,,
"USC00045151","1950-08-18","35.6181","-119.6892","87.8","LOST HILLS, CA US","    0",",,0,",,,,,,,,
"USC00045151","1950-08-19","35.6181","-119.6892","87.8","LOST HILLS, CA US","    0",",,0,",,,,,,,,
"USC00045151","1950-08-20","35.6181","-119.6892","87.8","LOST HILLS, CA US","    0",",,0,",,,,,,,,
"USC00045151","1950-08-21","35.6181","-119.6892","87.8","LOST HILLS, CA US","    0",",,0,",,,,,,,,
"USC00045151","1950-08-22","35.6181","-119.6892","87.8","LOST HILLS, CA US","    0",",,0,",,,,,,,,
"USC00045151","1950-08-23","35.6181","-119.6892","87.8","LOST HILLS, CA US","    0",",,0,",,,,,,,,
"USC00045151","1950-08-24","35.6181","-119.6892","87.8","LOST HILLS, CA US","    0",",,0,",,,,,,,,
"USC00045151","1950-08-25","35.6181","-119.6892","87.8","LOST HILLS, CA US","    0",",,0,",,,,,,,,
"USC00045151","1950-08-26","35.6181","-119.6892","87.8","LOST HILLS, CA US","    0",",,0,",,,,,,,,
"USC00045151","1950-08-27","35.6181","-119.6892","87.8","LOST HILLS, CA US","    0",",,0,",,,,,,,,
"USC00045151","1950-08-28","35.6181","-119.6892","87.8","LOST HILLS, CA US","    0",",,0,",,,,,,,,
"USC00045151","1950-08-29","35.6181","-119.6892","87.8","LOST HILLS, CA US","    0",",,0,",,,,,,,,
"USC00045151","1950-08-30","35.6181","-119.6892","87.8","LOST HILLS, CA US","    0",",,0,",,,,,,,,
"USC00045151","1950-08-31","35.6181","-119.6892","87.8","LOST HILLS, CA US","    0",",,0,",,,,,,,,
"USC00045151","1950-09-01","35.6181","-119.6892","87.8","LOST HILLS, CA US","    0",",,0,",,,,,,,,
"USC00045151","1950-09-02","35.6181","-119.6892","87.8","LOST HILLS, CA US","    0",",,0,",,,,,,,,
"USC00045151","1950-09-03","35.6181","-119.6892","87.8","LOST HILLS, CA US","    0",",,0,",,,,,,,,
"USC00045151","1950-09-04","35.6181","-119.6892","87.8","LOST HILLS, CA US","    0",",,0,",,,,,,,,
"USC00045151","1950-09-05","35.6181","-119.6892","87.8","LOST HILLS, CA US","    0",",,0,",,,,,,,,
"USC00045151","1950-09-06","35.6181","-119.6892","87.8","LOST HILLS, CA US","    0",",,0,",,,,,,,,
"USC00045151","1950-09-07","35.6181","-119.6892","87.8","LOST HILLS, CA US","    0",",,0,",,,,,,,,
"USC00045151","1950-09-08","35.6181","-119.6892","87.8","LOST HILLS, CA US","    0",",,0,",,,,,,,,
"USC00045151","1950-09-09","35.6181","-119.6892","87.8","LOST HILLS, CA US","    0",",,0,",,,,,,,,
"USC00045151","1950-09-10","35.6181","-119.6892","87.8","LOST HILLS, CA US","    0",",,0,",,,,,,,,
"USC00045151","1950-09-11","35.6181","-119.6892","87.8","LOST HILLS, CA US","    0",",,0,",,,,,,,,
"USC00045151","1950-09-12","35.6181","-119.6892","87.8","LOST HILLS, CA US","    0",",,0,",,,,,,,,
"USC00045151","1950-09-13","35.6181","-119.6892","87.8","LOST HILLS, CA US","    0",",,0,",,,,,,,,
"USC00045151","1950-09-14","35.6181","-119.6892","87.8","LOST HILLS, CA US","    0",",,0,",,,,,,,,
"USC00045151","1950-09-15","35.6181","-119.6892","87.8","LOST HILLS, CA US","    0",",,0,",,,,,,,,
"USC00045151","1950-09-16","35.6181","-119.6892","87.8","LOST HILLS, CA US","    0",",,0,",,,,,,,,
"USC00045151","1950-09-17","35.6181","-119.6892","87.8","LOST HILLS, CA US","   64",",,0,",,,,,,,,
"USC00045151","1950-09-18","35.6181","-119.6892","87.8","LOST HILLS, CA US","   20",",,0,",,,,,,,,
"USC00045151","1950-09-19","35.6181","-119.6892","87.8","LOST HILLS, CA US","    0",",,0,",,,,,,,,
"USC00045151","1950-09-20","35.6181","-119.6892","87.8","LOST HILLS, CA US","    0",",,0,",,,,,,,,
"USC00045151","1950-09-21","35.6181","-119.6892","87.8","LOST HILLS, CA US","    0",",,0,",,,,,,,,
"USC00045151","1950-09-22","35.6181","-119.6892","87.8","LOST HILLS, CA US","    0",",,0,",,,,,,,,
"USC00045151","1950-09-23","35.6181","-119.6892","87.8","LOST HILLS, CA US","    0",",,0,",,,,,,,,
"USC00045151","1950-09-24","35.6181","-119.6892","87.8","LOST HILLS, CA US","    0",",,0,",,,,,,,,
"USC00045151","1950-09-25","35.6181","-119.6892","87.8","LOST HILLS, CA US","    0",",,0,",,,,,,,,
"USC00045151","1950-09-26","35.6181","-119.6892","87.8","LOST HILLS, CA US","    0",",,0,",,,,,,,,
"USC00045151","1950-09-27","35.6181","-119.6892","87.8","LOST HILLS, CA US","    0",",,0,",,,,,,,,
"USC00045151","1950-09-28","35.6181","-119.6892","87.8","LOST HILLS, CA US","    0",",,0,",,,,,,,,
"USC00045151","1950-09-29","35.6181","-119.6892","87.8","LOST HILLS, CA US","    0",",,0,",,,,,,,,
"USC00045151","1950-09-30","35.6181","-119.6892","87.8","LOST HILLS, CA US","    0",",,0,",,,,,,,,
"USC00045151","1950-10-01","35.6181","-119.6892","87.8","LOST HILLS, CA US","    0",",,0,",,,,,,,,
"USC00045151","1950-10-02","35.6181","-119.6892","87.8","LOST HILLS, CA US","    0",",,0,",,,,,,,,
"USC00045151","1950-10-03","35.6181","-119.6892","87.8","LOST HILLS, CA US","    0",",,0,",,,,,,,,
"USC00045151","1950-10-04","35.6181","-119.6892","87.8","LOST HILLS, CA US","    0",",,0,",,,,,,,,
"USC00045151","1950-10-05","35.6181","-119.6892","87.8","LOST HILLS, CA US","    0",",,0,",,,,,,,,
"USC00045151","1950-10-06","35.6181","-119.6892","87.8","LOST HILLS, CA US","    0",",,0,",,,,,,,,
"USC00045151","1950-10-07","35.6181","-119.6892","87.8","LOST HILLS, CA US","    0",",,0,",,,,,,,,
"USC00045151","1950-10-08","35.6181","-119.6892","87.8","LOST HILLS, CA US","    0",",,0,",,,,,,,,
"USC00045151","1950-10-09","35.6181","-119.6892","87.8","LOST HILLS, CA US","    0",",,0,",,,,,,,,
"USC00045151","1950-10-10","35.6181","-119.6892","87.8","LOST HILLS, CA US","    0",",,0,",,,,,,,,
"USC00045151","1950-10-11","35.6181","-119.6892","87.8","LOST HILLS, CA US","    0",",,0,",,,,,,,,
"USC00045151","1950-10-12","35.6181","-119.6892","87.8","LOST HILLS, CA US","    0",",,0,",,,,,,,,
"USC00045151","1950-10-13","35.6181","-119.6892","87.8","LOST HILLS, CA US","    0",",,0,",,,,,,,,
"USC00045151","1950-10-14","35.6181","-119.6892","87.8","LOST HILLS, CA US","    0",",,0,",,,,,,,,
"USC00045151","1950-10-15","35.6181","-119.6892","87.8","LOST HILLS, CA US","    0",",,0,",,,,,,,,
"USC00045151","1950-10-16","35.6181","-119.6892","87.8","LOST HILLS, CA US","    0",",,0,",,,,,,,,
"USC00045151","1950-10-17","35.6181","-119.6892","87.8","LOST HILLS, CA US","    0",",,0,",,,,,,,,
"USC00045151","1950-10-18","35.6181","-119.6892","87.8","LOST HILLS, CA US","    0",",,0,",,,,,,,,
"USC00045151","1950-10-19","35.6181","-119.6892","87.8","LOST HILLS, CA US","    0",",,0,",,,,,,,,
"USC00045151","1950-10-20","35.6181","-119.6892","87.8","LOST HILLS, CA US","    0",",,0,",,,,,,,,
"USC00045151","1950-10-21","35.6181","-119.6892","87.8","LOST HILLS, CA US","    0",",,0,",,,,,,,,
"USC00045151","1950-10-22","35.6181","-119.6892","87.8","LOST HILLS, CA US","    0",",,0,",,,,,,,,
"USC00045151","1950-10-23","35.6181","-119.6892","87.8","LOST HILLS, CA US","   13",",,0,",,,,,,,,
"USC00045151","1950-10-24","35.6181","-119.6892","87.8","LOST HILLS, CA US","    0",",,0,",,,,,,,,
"USC00045151","1950-10-25","35.6181","-119.6892","87.8","LOST HILLS, CA US","    0",",,0,",,,,,,,,
"USC00045151","1950-10-26","35.6181","-119.6892","87.8","LOST HILLS, CA US","    5",",,0,",,,,,,,,
"USC00045151","1950-10-27","35.6181","-119.6892","87.8","LOST HILLS, CA US","    0",",,0,",,,,,,,,
"USC00045151","1950-10-28","35.6181","-119.6892","87.8","LOST HILLS, CA US","    0",",,0,",,,,,,,,
"USC00045151","1950-10-29","35.6181","-119.6892","87.8","LOST HILLS, CA US","    0",",,0,",,,,,,,,
"USC00045151","1950-10-30","35.6181","-119.6892","87.8","LOST HILLS, CA US","   13",",,0,",,,,,,,,
"USC00045151","1950-10-31","35.6181","-119.6892","87.8","LOST HILLS, CA US","    0",",,0,",,,,,,,,
"USC00045151","1950-11-01","35.6181","-119.6892","87.8","LOST HILLS, CA US","    0",",,0,",,,,,,,,
"USC00045151","1950-11-02","35.6181","-119.6892","87.8","LOST HILLS, CA US","    0",",,0,",,,,,,,,
"USC00045151","1950-11-03","35.6181","-119.6892","87.8","LOST HILLS, CA US","    0",",,0,",,,,,,,,
"USC00045151","1950-11-04","35.6181","-119.6892","87.8","LOST HILLS, CA US","    0",",,0,",,,,,,,,
"USC00045151","1950-11-05","35.6181","-119.6892","87.8","LOST HILLS, CA US","    0",",,0,",,,,,,,,
"USC00045151","1950-11-06","35.6181","-119.6892","87.8","LOST HILLS, CA US","    0",",,0,",,,,,,,,
"USC00045151","1950-11-07","35.6181","-119.6892","87.8","LOST HILLS, CA US","    0",",,0,",,,,,,,,
"USC00045151","1950-11-08","35.6181","-119.6892","87.8","LOST HILLS, CA US","    0",",,0,",,,,,,,,
"USC00045151","1950-11-09","35.6181","-119.6892","87.8","LOST HILLS, CA US","    0",",,0,",,,,,,,,
"USC00045151","1950-11-10","35.6181","-119.6892","87.8","LOST HILLS, CA US","    0",",,0,",,,,,,,,
"USC00045151","1950-11-11","35.6181","-119.6892","87.8","LOST HILLS, CA US","    0",",,0,",,,,,,,,
"USC00045151","1950-11-12","35.6181","-119.6892","87.8","LOST HILLS, CA US","    0",",,0,",,,,,,,,
"USC00045151","1950-11-13","35.6181","-119.6892","87.8","LOST HILLS, CA US","   66",",,0,",,,,,,,,
"USC00045151","1950-11-14","35.6181","-119.6892","87.8","LOST HILLS, CA US","    0",",,0,",,,,,,,,
"USC00045151","1950-11-15","35.6181","-119.6892","87.8","LOST HILLS, CA US","    0",",,0,",,,,,,,,
"USC00045151","1950-11-16","35.6181","-119.6892","87.8","LOST HILLS, CA US","    0",",,0,",,,,,,,,
"USC00045151","1950-11-17","35.6181","-119.6892","87.8","LOST HILLS, CA US","    0",",,0,",,,,,,,,
"USC00045151","1950-11-18","35.6181","-119.6892","87.8","LOST HILLS, CA US","    0",",,0,",,,,,,,,
"USC00045151","1950-11-19","35.6181","-119.6892","87.8","LOST HILLS, CA US","    0",",,0,",,,,,,,,
"USC00045151","1950-11-20","35.6181","-119.6892","87.8","LOST HILLS, CA US","    0",",,0,",,,,,,,,
"USC00045151","1950-11-21","35.6181","-119.6892","87.8","LOST HILLS, CA US","    0",",,0,",,,,,,,,
"USC00045151","1950-11-22","35.6181","-119.6892","87.8","LOST HILLS, CA US","    0",",,0,",,,,,,,,
"USC00045151","1950-11-23","35.6181","-119.6892","87.8","LOST HILLS, CA US","    0",",,0,",,,,,,,,
"USC00045151","1950-11-24","35.6181","-119.6892","87.8","LOST HILLS, CA US","    0",",,0,",,,,,,,,
"USC00045151","1950-11-25","35.6181","-119.6892","87.8","LOST HILLS, CA US","    0",",,0,",,,,,,,,
"USC00045151","1950-11-26","35.6181","-119.6892","87.8","LOST HILLS, CA US","    0",",,0,",,,,,,,,
"USC00045151","1950-11-27","35.6181","-119.6892","87.8","LOST HILLS, CA US","    0",",,0,",,,,,,,,
"USC00045151","1950-11-28","35.6181","-119.6892","87.8","LOST HILLS, CA US","    0",",,0,",,,,,,,,
"USC00045151","1950-11-29","35.6181","-119.6892","87.8","LOST HILLS, CA US","    0",",,0,",,,,,,,,
"USC00045151","1950-11-30","35.6181","-119.6892","87.8","LOST HILLS, CA US","   41",",,0,",,,,,,,,
"USC00045151","1950-12-01","35.6181","-119.6892","87.8","LOST HILLS, CA US","    0",",,0,",,,,,,,,
"USC00045151","1950-12-02","35.6181","-119.6892","87.8","LOST HILLS, CA US","    0",",,0,",,,,,,,,
"USC00045151","1950-12-03","35.6181","-119.6892","87.8","LOST HILLS, CA US","    3",",,0,",,,,,,,,
"USC00045151","1950-12-04","35.6181","-119.6892","87.8","LOST HILLS, CA US","    0",",,0,",,,,,,,,
"USC00045151","1950-12-05","35.6181","-119.6892","87.8","LOST HILLS, CA US","    0",",,0,",,,,,,,,
"USC00045151","1950-12-06","35.6181","-119.6892","87.8","LOST HILLS, CA US","    0",",,0,",,,,,,,,
"USC00045151","1950-12-07","35.6181","-119.6892","87.8","LOST HILLS, CA US","    5",",,0,",,,,,,,,
"USC00045151","1950-12-08","35.6181","-119.6892","87.8","LOST HILLS, CA US","    0",",,0,",,,,,,,,
"USC00045151","1950-12-09","35.6181","-119.6892","87.8","LOST HILLS, CA US","    0",",,0,",,,,,,,,
"USC00045151","1950-12-10","35.6181","-119.6892","87.8","LOST HILLS, CA US","    0",",,0,",,,,,,,,
"USC00045151","1950-12-11","35.6181","-119.6892","87.8","LOST HILLS, CA US","    0",",,0,",,,,,,,,
"USC00045151","1950-12-12","35.6181","-119.6892","87.8","LOST HILLS, CA US","    0",",,0,",,,,,,,,
"USC00045151","1950-12-13","35.6181","-119.6892","87.8","LOST HILLS, CA US","    0",",,0,",,,,,,,,
"USC00045151","1950-12-14","35.6181","-119.6892","87.8","LOST HILLS, CA US","   46",",,0,",,,,,,,,
"USC00045151","1950-12-15","35.6181","-119.6892","87.8","LOST HILLS, CA US","    0",",,0,",,,,,,,,
"USC00045151","1950-12-16","35.6181","-119.6892","87.8","LOST HILLS, CA US","    0",",,0,",,,,,,,,
"USC00045151","1950-12-17","35.6181","-119.6892","87.8","LOST HILLS, CA US","    0",",,0,",,,,,,,,
"USC00045151","1950-12-18","35.6181","-119.6892","87.8","LOST HILLS, CA US","    0",",,0,",,,,,,,,
"USC00045151","1950-12-19","35.6181","-119.6892","87.8","LOST HILLS, CA US","    0",",,0,",,,,,,,,
"USC00045151","1950-12-20","35.6181","-119.6892","87.8","LOST HILLS, CA US","    0",",,0,",,,,,,,,
"USC00045151","1950-12-21","35.6181","-119.6892","87.8","LOST HILLS, CA US","    0",",,0,",,,,,,,,
"USC00045151","1950-12-22","35.6181","-119.6892","87.8","LOST HILLS, CA US","    0",",,0,",,,,,,,,
"USC00045151","1950-12-23","35.6181","-119.6892","87.8","LOST HILLS, CA US","    0",",,0,",,,,,,,,
"USC00045151","1950-12-24","35.6181","-119.6892","87.8","LOST HILLS, CA US","    0",",,0,",,,,,,,,
"USC00045151","1950-12-25","35.6181","-119.6892","87.8","LOST HILLS, CA US","    0",",,0,",,,,,,,,
"USC00045151","1950-12-26","35.6181","-119.6892","87.8","LOST HILLS, CA US","    0",",,0,",,,,,,,,
"USC00045151","1950-12-27","35.6181","-119.6892","87.8","LOST HILLS, CA US","    0",",,0,",,,,,,,,
"USC00045151","1950-12-28","35.6181","-119.6892","87.8","LOST HILLS, CA US","    0",",,0,",,,,,,,,
"USC00045151","1950-12-29","35.6181","-119.6892","87.8","LOST HILLS, CA US","    0",",,0,",,,,,,,,
"USC00045151","1950-12-30","35.6181","-119.6892","87.8","LOST HILLS, CA US","    0",",,0,",,,,,,,,
"USC00045151","1950-12-31","35.6181","-119.6892","87.8","LOST HILLS, CA US","    0",",,0,",,,,,,,,
"USC00045151","1951-01-01","35.6181","-119.6892","87.8","LOST HILLS, CA US","    0",",,0,",,,,,,,,
"USC00045151","1951-01-02","35.6181","-119.6892","87.8","LOST HILLS, CA US","    0",",,0,",,,,,,,,
"USC00045151","1951-01-03","35.6181","-119.6892","87.8","LOST HILLS, CA US","    0",",,0,",,,,,,,,
"USC00045151","1951-01-04","35.6181","-119.6892","87.8","LOST HILLS, CA US","    5",",,0,",,,,,,,,
"USC00045151","1951-01-05","35.6181","-119.6892","87.8","LOST HILLS, CA US","    0",",,0,",,,,,,,,
"USC00045151","1951-01-06","35.6181","-119.6892","87.8","LOST HILLS, CA US","    0",",,0,",,,,,,,,
"USC00045151","1951-01-07","35.6181","-119.6892","87.8","LOST HILLS, CA US","    0",",,0,",,,,,,,,
"USC00045151","1951-01-08","35.6181","-119.6892","87.8","LOST HILLS, CA US","    0",",,0,",,,,,,,,
"USC00045151","1951-01-09","35.6181","-119.6892","87.8","LOST HILLS, CA US","    0",",,0,",,,,,,,,
"USC00045151","1951-01-11","35.6181","-119.6892","87.8","LOST HILLS, CA US",,,,,,,"    2",",,0","  102",",,0"
"USC00045151","1951-01-12","35.6181","-119.6892","87.8","LOST HILLS, CA US","    0",",,0,",,,,,,,,
"USC00045151","1951-01-13","35.6181","-119.6892","87.8","LOST HILLS, CA US","    0",",,0,",,,,,,,,
"USC00045151","1951-01-14","35.6181","-119.6892","87.8","LOST HILLS, CA US","    0",",,0,",,,,,,,,
"USC00045151","1951-01-15","35.6181","-119.6892","87.8","LOST HILLS, CA US","   15",",,0,",,,,,,,,
"USC00045151","1951-01-16","35.6181","-119.6892","87.8","LOST HILLS, CA US","   18",",,0,",,,,,,,,
"USC00045151","1951-01-17","35.6181","-119.6892","87.8","LOST HILLS, CA US","    0",",,0,",,,,,,,,
"USC00045151","1951-01-18","35.6181","-119.6892","87.8","LOST HILLS, CA US","   13",",,0,",,,,,,,,
"USC00045151","1951-01-19","35.6181","-119.6892","87.8","LOST HILLS, CA US","    0",",,0,",,,,,,,,
"USC00045151","1951-01-20","35.6181","-119.6892","87.8","LOST HILLS, CA US","    0",",,0,",,,,,,,,
"USC00045151","1951-01-21","35.6181","-119.6892","87.8","LOST HILLS, CA US","    0",",,0,",,,,,,,,
"USC00045151","1951-01-22","35.6181","-119.6892","87.8","LOST HILLS, CA US","    0",",,0,",,,,,,,,
"USC00045151","1951-01-23","35.6181","-119.6892","87.8","LOST HILLS, CA US","    0",",,0,",,,,,,,,
"USC00045151","1951-01-24","35.6181","-119.6892","87.8","LOST HILLS, CA US","    0",",,0,",,,,,,,,
"USC00045151","1951-01-25","35.6181","-119.6892","87.8","LOST HILLS, CA US","    0",",,0,",,,,,,,,
"USC00045151","1951-01-26","35.6181","-119.6892","87.8","LOST HILLS, CA US","    0",",,0,",,,,,,,,
"USC00045151","1951-01-27","35.6181","-119.6892","87.8","LOST HILLS, CA US","    0",",,0,",,,,,,,,
"USC00045151","1951-01-28","35.6181","-119.6892","87.8","LOST HILLS, CA US","    0",",,0,",,,,,,,,
"USC00045151","1951-01-29","35.6181","-119.6892","87.8","LOST HILLS, CA US","   58",",,0,",,,,,,,,
"USC00045151","1951-01-30","35.6181","-119.6892","87.8","LOST HILLS, CA US","    0",",,0,",,,,,,,,
"USC00045151","1951-01-31","35.6181","-119.6892","87.8","LOST HILLS, CA US","    0",",,0,",,,,,,,,
"USC00045151","1951-02-01","35.6181","-119.6892","87.8","LOST HILLS, CA US","    0",",,0,",,,,,,,,
"USC00045151","1951-02-02","35.6181","-119.6892","87.8","LOST HILLS, CA US","    0",",,0,",,,,,,,,
"USC00045151","1951-02-03","35.6181","-119.6892","87.8","LOST HILLS, CA US","    0",",,0,",,,,,,,,
"USC00045151","1951-02-04","35.6181","-119.6892","87.8","LOST HILLS, CA US","    0",",,0,",,,,,,,,
"USC00045151","1951-02-05","35.6181","-119.6892","87.8","LOST HILLS, CA US","    0",",,0,",,,,,,,,
"USC00045151","1951-02-06","35.6181","-119.6892","87.8","LOST HILLS, CA US","    0",",,0,",,,,,,,,
"USC00045151","1951-02-07","35.6181","-119.6892","87.8","LOST HILLS, CA US","    0",",,0,",,,,,,,,
"USC00045151","1951-02-08","35.6181","-119.6892","87.8","LOST HILLS, CA US","    0",",,0,",,,,,,,,
"USC00045151","1951-02-09","35.6181","-119.6892","87.8","LOST HILLS, CA US","    0",",,0,",,,,,,,,
"USC00045151","1951-02-10","35.6181","-119.6892","87.8","LOST HILLS, CA US","    0",",,0,",,,,,,,,
"USC00045151","1951-02-11","35.6181","-119.6892","87.8","LOST HILLS, CA US","    3",",,0,",,,,,,,,
"USC00045151","1951-02-12","35.6181","-119.6892","87.8","LOST HILLS, CA US","    0",",,0,",,,,,,,,
"USC00045151","1951-02-13","35.6181","-119.6892","87.8","LOST HILLS, CA US","    0",",,0,",,,,,,,,
"USC00045151","1951-02-14","35.6181","-119.6892","87.8","LOST HILLS, CA US","    0",",,0,",,,,,,,,
"USC00045151","1951-02-15","35.6181","-119.6892","87.8","LOST HILLS, CA US","    0",",,0,",,,,,,,,
"USC00045151","1951-02-16","35.6181","-119.6892","87.8","LOST HILLS, CA US","    0",",,0,",,,,,,,,
"USC00045151","1951-02-17","35.6181","-119.6892","87.8","LOST HILLS, CA US","    0",",,0,",,,,,,,,
"USC00045151","1951-02-18","35.6181","-119.6892","87.8","LOST HILLS, CA US","    3",",,0,",,,,,,,,
"USC00045151","1951-02-19","35.6181","-119.6892","87.8","LOST HILLS, CA US","    0",",,0,",,,,,,,,
"USC00045151","1951-02-20","35.6181","-119.6892","87.8","LOST HILLS, CA US","    0",",,0,",,,,,,,,
"USC00045151","1951-02-21","35.6181","-119.6892","87.8","LOST HILLS, CA US","    0",",,0,",,,,,,,,
"USC00045151","1951-02-22","35.6181","-119.6892","87.8","LOST HILLS, CA US","    0",",,0,",,,,,,,,
"USC00045151","1951-02-23","35.6181","-119.6892","87.8","LOST HILLS, CA US","   10",",,0,",,,,,,,,
"USC00045151","1951-02-24","35.6181","-119.6892","87.8","LOST HILLS, CA US","    0",",,0,",,,,,,,,
"USC00045151","1951-02-25","35.6181","-119.6892","87.8","LOST HILLS, CA US","    0",",,0,",,,,,,,,
"USC00045151","1951-02-26","35.6181","-119.6892","87.8","LOST HILLS, CA US","   25",",,0,",,,,,,,,
"USC00045151","1951-02-27","35.6181","-119.6892","87.8","LOST HILLS, CA US","    8",",,0,",,,,,,,,
"USC00045151","1951-02-28","35.6181","-119.6892","87.8","LOST HILLS, CA US","    0",",,0,",,,,,,,,
"USC00045151","1951-03-01","35.6181","-119.6892","87.8","LOST HILLS, CA US","   10",",,0,",,,,,,,,
"USC00045151","1951-03-02","35.6181","-119.6892","87.8","LOST HILLS, CA US","    0",",,0,",,,,,,,,
"USC00045151","1951-03-03","35.6181","-119.6892","87.8","LOST HILLS, CA US","    0",",,0,",,,,,,,,
"USC00045151","1951-03-04","35.6181","-119.6892","87.8","LOST HILLS, CA US","    0",",,0,",,,,,,,,
"USC00045151","1951-03-05","35.6181","-119.6892","87.8","LOST HILLS, CA US","    0",",,0,",,,,,,,,
"USC00045151","1951-03-06","35.6181","-119.6892","87.8","LOST HILLS, CA US","    0",",,0,",,,,,,,,
"USC00045151","1951-03-07","35.6181","-119.6892","87.8","LOST HILLS, CA US","    0",",,0,",,,,,,,,
"USC00045151","1951-03-08","35.6181","-119.6892","87.8","LOST HILLS, CA US","    0",",,0,",,,,,,,,
"USC00045151","1951-03-09","35.6181","-119.6892","87.8","LOST HILLS, CA US","    0",",,0,",,,,,,,,
"USC00045151","1951-03-10","35.6181","-119.6892","87.8","LOST HILLS, CA US","    0",",,0,",,,,,,,,
"USC00045151","1951-03-11","35.6181","-119.6892","87.8","LOST HILLS, CA US","    0",",,0,",,,,,,,,
"USC00045151","1951-03-12","35.6181","-119.6892","87.8","LOST HILLS, CA US","    0",",,0,",,,,,,,,
"USC00045151","1951-03-13","35.6181","-119.6892","87.8","LOST HILLS, CA US","    0",",,0,",,,,,,,,
"USC00045151","1951-03-14","35.6181","-119.6892","87.8","LOST HILLS, CA US","    0",",,0,",,,,,,,,
"USC00045151","1951-03-15","35.6181","-119.6892","87.8","LOST HILLS, CA US","    0",",,0,",,,,,,,,
"USC00045151","1951-03-16","35.6181","-119.6892","87.8","LOST HILLS, CA US","    0",",,0,",,,,,,,,
"USC00045151","1951-03-17","35.6181","-119.6892","87.8","LOST HILLS, CA US","    0",",,0,",,,,,,,,
"USC00045151","1951-03-18","35.6181","-119.6892","87.8","LOST HILLS, CA US","    0",",,0,",,,,,,,,
"USC00045151","1951-03-19","35.6181","-119.6892","87.8","LOST HILLS, CA US","    0",",,0,",,,,,,,,
"USC00045151","1951-03-20","35.6181","-119.6892","87.8","LOST HILLS, CA US","    0",",,0,",,,,,,,,
"USC00045151","1951-03-21","35.6181","-119.6892","87.8","LOST HILLS, CA US","    0",",,0,",,,,,,,,
"USC00045151","1951-03-22","35.6181","-119.6892","87.8","LOST HILLS, CA US","    0",",,0,",,,,,,,,
"USC00045151","1951-03-23","35.6181","-119.6892","87.8","LOST HILLS, CA US","    0",",,0,",,,,,,,,
"USC00045151","1951-03-24","35.6181","-119.6892","87.8","LOST HILLS, CA US","    0",",,0,",,,,,,,,
"USC00045151","1951-03-25","35.6181","-119.6892","87.8","LOST HILLS, CA US","    0",",,0,",,,,,,,,
"USC00045151","1951-03-26","35.6181","-119.6892","87.8","LOST HILLS, CA US","    0",",,0,",,,,,,,,
"USC00045151","1951-03-27","35.6181","-119.6892","87.8","LOST HILLS, CA US","    0",",,0,",,,,,,,,
"USC00045151","1951-03-28","35.6181","-119.6892","87.8","LOST HILLS, CA US","    0",",,0,",,,,,,,,
"USC00045151","1951-03-29","35.6181","-119.6892","87.8","LOST HILLS, CA US","    0",",,0,",,,,,,,,
"USC00045151","1951-03-30","35.6181","-119.6892","87.8","LOST HILLS, CA US","    0",",,0,",,,,,,,,
"USC00045151","1951-03-31","35.6181","-119.6892","87.8","LOST HILLS, CA US","    0",",,0,",,,,,,,,
"USC00045151","1951-04-01","35.6181","-119.6892","87.8","LOST HILLS, CA US","    0",",,0,",,,,,,,,
"USC00045151","1951-04-02","35.6181","-119.6892","87.8","LOST HILLS, CA US","    0",",,0,",,,,,,,,
"USC00045151","1951-04-03","35.6181","-119.6892","87.8","LOST HILLS, CA US","    0",",,0,",,,,,,,,
"USC00045151","1951-04-04","35.6181","-119.6892","87.8","LOST HILLS, CA US","    0",",,0,",,,,,,,,
"USC00045151","1951-04-05","35.6181","-119.6892","87.8","LOST HILLS, CA US","    0",",,0,",,,,,,,,
"USC00045151","1951-04-06","35.6181","-119.6892","87.8","LOST HILLS, CA US","    0",",,0,",,,,,,,,
"USC00045151","1951-04-07","35.6181","-119.6892","87.8","LOST HILLS, CA US","    0",",,0,",,,,,,,,
"USC00045151","1951-04-08","35.6181","-119.6892","87.8","LOST HILLS, CA US","    0",",,0,",,,,,,,,
"USC00045151","1951-04-09","35.6181","-119.6892","87.8","LOST HILLS, CA US","    0",",,0,",,,,,,,,
"USC00045151","1951-04-10","35.6181","-119.6892","87.8","LOST HILLS, CA US","    0",",,0,",,,,,,,,
"USC00045151","1951-04-11","35.6181","-119.6892","87.8","LOST HILLS, CA US","    0",",,0,",,,,,,,,
"USC00045151","1951-04-12","35.6181","-119.6892","87.8","LOST HILLS, CA US","    0",",,0,",,,,,,,,
"USC00045151","1951-04-13","35.6181","-119.6892","87.8","LOST HILLS, CA US","    0",",,0,",,,,,,,,
"USC00045151","1951-04-14","35.6181","-119.6892","87.8","LOST HILLS, CA US","    0",",,0,",,,,,,,,
"USC00045151","1951-04-15","35.6181","-119.6892","87.8","LOST HILLS, CA US","    0",",,0,",,,,,,,,
"USC00045151","1951-04-16","35.6181","-119.6892","87.8","LOST HILLS, CA US","    0",",,0,",,,,,,,,
"USC00045151","1951-04-17","35.6181","-119.6892","87.8","LOST HILLS, CA US","    0",",,0,",,,,,,,,
"USC00045151","1951-04-18","35.6181","-119.6892","87.8","LOST HILLS, CA US","    0",",,0,",,,,,,,,
"USC00045151","1951-04-19","35.6181","-119.6892","87.8","LOST HILLS, CA US","    8",",,0,",,,,,,,,
"USC00045151","1951-04-20","35.6181","-119.6892","87.8","LOST HILLS, CA US","    0",",,0,",,,,,,,,
"USC00045151","1951-04-21","35.6181","-119.6892","87.8","LOST HILLS, CA US","    0",",,0,",,,,,,,,
"USC00045151","1951-04-22","35.6181","-119.6892","87.8","LOST HILLS, CA US","    0",",,0,",,,,,,,,
"USC00045151","1951-04-23","35.6181","-119.6892","87.8","LOST HILLS, CA US","    0",",,0,",,,,,,,,
"USC00045151","1951-04-24","35.6181","-119.6892","87.8","LOST HILLS, CA US","    0",",,0,",,,,,,,,
"USC00045151","1951-04-25","35.6181","-119.6892","87.8","LOST HILLS, CA US","   18",",,0,",,,,,,,,
"USC00045151","1951-04-26","35.6181","-119.6892","87.8","LOST HILLS, CA US","    0",",,0,",,,,,,,,
"USC00045151","1951-04-27","35.6181","-119.6892","87.8","LOST HILLS, CA US","    0",",,0,",,,,,,,,
"USC00045151","1951-04-28","35.6181","-119.6892","87.8","LOST HILLS, CA US","   13",",,0,",,,,,,,,
"USC00045151","1951-04-29","35.6181","-119.6892","87.8","LOST HILLS, CA US","    5",",,0,",,,,,,,,
"USC00045151","1951-04-30","35.6181","-119.6892","87.8","LOST HILLS, CA US","    0",",,0,",,,,,,,,
"USC00045151","1951-05-01","35.6181","-119.6892","87.8","LOST HILLS, CA US","    0",",,0,",,,,,,,,
"USC00045151","1951-05-02","35.6181","-119.6892","87.8","LOST HILLS, CA US","    0",",,0,",,,,,,,,
"USC00045151","1951-05-03","35.6181","-119.6892","87.8","LOST HILLS, CA US","    0",",,0,",,,,,,,,
"USC00045151","1951-05-04","35.6181","-119.6892","87.8","LOST HILLS, CA US","    0",",,0,",,,,,,,,
"USC00045151","1951-05-05","35.6181","-119.6892","87.8","LOST HILLS, CA US","    0",",,0,",,,,,,,,
"USC00045151","1951-05-06","35.6181","-119.6892","87.8","LOST HILLS, CA US","    0",",,0,",,,,,,,,
"USC00045151","1951-05-07","35.6181","-119.6892","87.8","LOST HILLS, CA US","    0",",,0,",,,,,,,,
"USC00045151","1951-05-08","35.6181","-119.6892","87.8","LOST HILLS, CA US","    0",",,0,",,,,,,,,
"USC00045151","1951-05-09","35.6181","-119.6892","87.8","LOST HILLS, CA US","    0",",,0,",,,,,,,,
"USC00045151","1951-05-10","35.6181","-119.6892","87.8","LOST HILLS, CA US","    0",",,0,",,,,,,,,
"USC00045151","1951-05-11","35.6181","-119.6892","87.8","LOST HILLS, CA US","    0",",,0,",,,,,,,,
"USC00045151","1951-05-12","35.6181","-119.6892","87.8","LOST HILLS, CA US","    0",",,0,",,,,,,,,
"USC00045151","1951-05-13","35.6181","-119.6892","87.8","LOST HILLS, CA US","    0",",,0,",,,,,,,,
"USC00045151","1951-05-14","35.6181","-119.6892","87.8","LOST HILLS, CA US","    0",",,0,",,,,,,,,
"USC00045151","1951-05-15","35.6181","-119.6892","87.8","LOST HILLS, CA US","    0",",,0,",,,,,,,,
"USC00045151","1951-05-16","35.6181","-119.6892","87.8","LOST HILLS, CA US","    0",",,0,",,,,,,,,
"USC00045151","1951-05-17","35.6181","-119.6892","87.8","LOST HILLS, CA US","    0",",,0,",,,,,,,,
"USC00045151","1951-05-18","35.6181","-119.6892","87.8","LOST HILLS, CA US","    0",",,0,",,,,,,,,
"USC00045151","1951-05-19","35.6181","-119.6892","87.8","LOST HILLS, CA US","    0",",,0,",,,,,,,,
"USC00045151","1951-05-20","35.6181","-119.6892","87.8","LOST HILLS, CA US","    0",",,0,",,,,,,,,
"USC00045151","1951-05-21","35.6181","-119.6892","87.8","LOST HILLS, CA US","    0",",,0,",,,,,,,,
"USC00045151","1951-05-22","35.6181","-119.6892","87.8","LOST HILLS, CA US","    0",",,0,",,,,,,,,
"USC00045151","1951-05-23","35.6181","-119.6892","87.8","LOST HILLS, CA US","    0",",,0,",,,,,,,,
"USC00045151","1951-05-24","35.6181","-119.6892","87.8","LOST HILLS, CA US","    0",",,0,",,,,,,,,
"USC00045151","1951-05-25","35.6181","-119.6892","87.8","LOST HILLS, CA US","    0",",,0,",,,,,,,,
"USC00045151","1951-05-26","35.6181","-119.6892","87.8","LOST HILLS, CA US","    0",",,0,",,,,,,,,
"USC00045151","1951-05-27","35.6181","-119.6892","87.8","LOST HILLS, CA US","    0",",,0,",,,,,,,,
"USC00045151","1951-05-28","35.6181","-119.6892","87.8","LOST HILLS, CA US","    0",",,0,",,,,,,,,
"USC00045151","1951-05-29","35.6181","-119.6892","87.8","LOST HILLS, CA US","    0",",,0,",,,,,,,,
"USC00045151","1951-05-30","35.6181","-119.6892","87.8","LOST HILLS, CA US","    0",",,0,",,,,,,,,
"USC00045151","1951-05-31","35.6181","-119.6892","87.8","LOST HILLS, CA US","    0",",,0,",,,,,,,,
"USC00045151","1951-06-01","35.6181","-119.6892","87.8","LOST HILLS, CA US","    0",",,0,",,,,,,,,
"USC00045151","1951-06-02","35.6181","-119.6892","87.8","LOST HILLS, CA US","    0",",,0,",,,,,,,,
"USC00045151","1951-06-03","35.6181","-119.6892","87.8","LOST HILLS, CA US","    0",",,0,",,,,,,,,
"USC00045151","1951-06-04","35.6181","-119.6892","87.8","LOST HILLS, CA US","    0",",,0,",,,,,,,,
"USC00045151","1951-06-05","35.6181","-119.6892","87.8","LOST HILLS, CA US","    0",",,0,",,,,,,,,
"USC00045151","1951-06-06","35.6181","-119.6892","87.8","LOST HILLS, CA US","    0",",,0,",,,,,,,,
"USC00045151","1951-06-07","35.6181","-119.6892","87.8","LOST HILLS, CA US","    0",",,0,",,,,,,,,
"USC00045151","1951-06-08","35.6181","-119.6892","87.8","LOST HILLS, CA US","    0",",,0,",,,,,,,,
"USC00045151","1951-06-09","35.6181","-119.6892","87.8","LOST HILLS, CA US","    0",",,0,",,,,,,,,
"USC00045151","1951-06-10","35.6181","-119.6892","87.8","LOST HILLS, CA US","    0",",,0,",,,,,,,,
"USC00045151","1951-06-11","35.6181","-119.6892","87.8","LOST HILLS, CA US","    0",",,0,",,,,,,,,
"USC00045151","1951-06-12","35.6181","-119.6892","87.8","LOST HILLS, CA US","    0",",,0,",,,,,,,,
"USC00045151","1951-06-13","35.6181","-119.6892","87.8","LOST HILLS, CA US","    0",",,0,",,,,,,,,
"USC00045151","1951-06-14","35.6181","-119.6892","87.8","LOST HILLS, CA US","    0",",,0,",,,,,,,,
"USC00045151","1951-06-15","35.6181","-119.6892","87.8","LOST HILLS, CA US","    0",",,0,",,,,,,,,
"USC00045151","1951-06-16","35.6181","-119.6892","87.8","LOST HILLS, CA US","    0",",,0,",,,,,,,,
"USC00045151","1951-06-17","35.6181","-119.6892","87.8","LOST HILLS, CA US","    0",",,0,",,,,,,,,
"USC00045151","1951-06-18","35.6181","-119.6892","87.8","LOST HILLS, CA US","    0",",,0,",,,,,,,,
"USC00045151","1951-06-19","35.6181","-119.6892","87.8","LOST HILLS, CA US","    0",",,0,",,,,,,,,
"USC00045151","1951-06-20","35.6181","-119.6892","87.8","LOST HILLS, CA US","    0",",,0,",,,,,,,,
"USC00045151","1951-06-21","35.6181","-119.6892","87.8","LOST HILLS, CA US","    0",",,0,",,,,,,,,
"USC00045151","1951-06-22","35.6181","-119.6892","87.8","LOST HILLS, CA US","    0",",,0,",,,,,,,,
"USC00045151","1951-06-23","35.6181","-119.6892","87.8","LOST HILLS, CA US","    0",",,0,",,,,,,,,
"USC00045151","1951-06-24","35.6181","-119.6892","87.8","LOST HILLS, CA US","    0",",,0,",,,,,,,,
"USC00045151","1951-06-25","35.6181","-119.6892","87.8","LOST HILLS, CA US","    0",",,0,",,,,,,,,
"USC00045151","1951-06-26","35.6181","-119.6892","87.8","LOST HILLS, CA US","    0",",,0,",,,,,,,,
"USC00045151","1951-06-27","35.6181","-119.6892","87.8","LOST HILLS, CA US","    0",",,0,",,,,,,,,
"USC00045151","1951-06-28","35.6181","-119.6892","87.8","LOST HILLS, CA US","    0",",,0,",,,,,,,,
"USC00045151","1951-06-29","35.6181","-119.6892","87.8","LOST HILLS, CA US","    0",",,0,",,,,,,,,
"USC00045151","1951-06-30","35.6181","-119.6892","87.8","LOST HILLS, CA US","    0",",,0,",,,,,,,,
"USC00045151","1951-07-01","35.6181","-119.6892","87.8","LOST HILLS, CA US","    0",",,0,",,,,,,,,
"USC00045151","1951-07-02","35.6181","-119.6892","87.8","LOST HILLS, CA US","    0",",,0,",,,,,,,,
"USC00045151","1951-07-03","35.6181","-119.6892","87.8","LOST HILLS, CA US","    0",",,0,",,,,,,,,
"USC00045151","1951-07-04","35.6181","-119.6892","87.8","LOST HILLS, CA US","    0",",,0,",,,,,,,,
"USC00045151","1951-07-05","35.6181","-119.6892","87.8","LOST HILLS, CA US","    0",",,0,",,,,,,,,
"USC00045151","1951-07-06","35.6181","-119.6892","87.8","LOST HILLS, CA US","    0",",,0,",,,,,,,,
"USC00045151","1951-07-07","35.6181","-119.6892","87.8","LOST HILLS, CA US","    0",",,0,",,,,,,,,
"USC00045151","1951-07-08","35.6181","-119.6892","87.8","LOST HILLS, CA US","    0",",,0,",,,,,,,,
"USC00045151","1951-07-09","35.6181","-119.6892","87.8","LOST HILLS, CA US","    0",",,0,",,,,,,,,
"USC00045151","1951-07-10","35.6181","-119.6892","87.8","LOST HILLS, CA US","    0",",,0,",,,,,,,,
"USC00045151","1951-07-11","35.6181","-119.6892","87.8","LOST HILLS, CA US","    0",",,0,",,,,,,,,
"USC00045151","1951-07-12","35.6181","-119.6892","87.8","LOST HILLS, CA US","    0",",,0,",,,,,,,,
"USC00045151","1951-07-13","35.6181","-119.6892","87.8","LOST HILLS, CA US","    0",",,0,",,,,,,,,
"USC00045151","1951-07-14","35.6181","-119.6892","87.8","LOST HILLS, CA US","    0",",,0,",,,,,,,,
"USC00045151","1951-07-15","35.6181","-119.6892","87.8","LOST HILLS, CA US","    0",",,0,",,,,,,,,
"USC00045151","1951-07-16","35.6181","-119.6892","87.8","LOST HILLS, CA US","    0",",,0,",,,,,,,,
"USC00045151","1951-07-17","35.6181","-119.6892","87.8","LOST HILLS, CA US","    0",",,0,",,,,,,,,
"USC00045151","1951-07-18","35.6181","-119.6892","87.8","LOST HILLS, CA US","    0",",,0,",,,,,,,,
"USC00045151","1951-07-19","35.6181","-119.6892","87.8","LOST HILLS, CA US","    0",",,0,",,,,,,,,
"USC00045151","1951-07-20","35.6181","-119.6892","87.8","LOST HILLS, CA US","    0",",,0,",,,,,,,,
"USC00045151","1951-07-21","35.6181","-119.6892","87.8","LOST HILLS, CA US","    0",",,0,",,,,,,,,
"USC00045151","1951-07-22","35.6181","-119.6892","87.8","LOST HILLS, CA US","    0",",,0,",,,,,,,,
"USC00045151","1951-07-23","35.6181","-119.6892","87.8","LOST HILLS, CA US","    0",",,0,",,,,,,,,
"USC00045151","1951-07-24","35.6181","-119.6892","87.8","LOST HILLS, CA US","    0",",,0,",,,,,,,,
"USC00045151","1951-07-25","35.6181","-119.6892","87.8","LOST HILLS, CA US","    0",",,0,",,,,,,,,
"USC00045151","1951-07-26","35.6181","-119.6892","87.8","LOST HILLS, CA US","    0",",,0,",,,,,,,,
"USC00045151","1951-07-27","35.6181","-119.6892","87.8","LOST HILLS, CA US","    0",",,0,",,,,,,,,
"USC00045151","1951-07-28","35.6181","-119.6892","87.8","LOST HILLS, CA US","    0",",,0,",,,,,,,,
"USC00045151","1951-07-29","35.6181","-119.6892","87.8","LOST HILLS, CA US","    0",",,0,",,,,,,,,
"USC00045151","1951-07-30","35.6181","-119.6892","87.8","LOST HILLS, CA US","    0",",,0,",,,,,,,,
"USC00045151","1951-07-31","35.6181","-119.6892","87.8","LOST HILLS, CA US","    0",",,0,",,,,,,,,
"USC00045151","1951-08-01","35.6181","-119.6892","87.8","LOST HILLS, CA US","    0",",,0,",,,,,,,,
"USC00045151","1951-08-02","35.6181","-119.6892","87.8","LOST HILLS, CA US","    0",",,0,",,,,,,,,
"USC00045151","1951-08-03","35.6181","-119.6892","87.8","LOST HILLS, CA US","    0",",,0,",,,,,,,,
"USC00045151","1951-08-04","35.6181","-119.6892","87.8","LOST HILLS, CA US","    0",",,0,",,,,,,,,
"USC00045151","1951-08-05","35.6181","-119.6892","87.8","LOST HILLS, CA US","    0",",,0,",,,,,,,,
"USC00045151","1951-08-06","35.6181","-119.6892","87.8","LOST HILLS, CA US","    0",",,0,",,,,,,,,
"USC00045151","1951-08-07","35.6181","-119.6892","87.8","LOST HILLS, CA US","    0",",,0,",,,,,,,,
"USC00045151","1951-08-08","35.6181","-119.6892","87.8","LOST HILLS, CA US","    0",",,0,",,,,,,,,
"USC00045151","1951-08-09","35.6181","-119.6892","87.8","LOST HILLS, CA US","    0",",,0,",,,,,,,,
"USC00045151","1951-08-10","35.6181","-119.6892","87.8","LOST HILLS, CA US","    0",",,0,",,,,,,,,
"USC00045151","1951-08-11","35.6181","-119.6892","87.8","LOST HILLS, CA US","    0",",,0,",,,,,,,,
"USC00045151","1951-08-12","35.6181","-119.6892","87.8","LOST HILLS, CA US","    0",",,0,",,,,,,,,
"USC00045151","1951-08-13","35.6181","-119.6892","87.8","LOST HILLS, CA US","    0",",,0,",,,,,,,,
"USC00045151","1951-08-14","35.6181","-119.6892","87.8","LOST HILLS, CA US","    0",",,0,",,,,,,,,
"USC00045151","1951-08-15","35.6181","-119.6892","87.8","LOST HILLS, CA US","    0",",,0,",,,,,,,,
"USC00045151","1951-08-16","35.6181","-119.6892","87.8","LOST HILLS, CA US","    0",",,0,",,,,,,,,
"USC00045151","1951-08-17","35.6181","-119.6892","87.8","LOST HILLS, CA US","    0",",,0,",,,,,,,,
"USC00045151","1951-08-18","35.6181","-119.6892","87.8","LOST HILLS, CA US","    0",",,0,",,,,,,,,
"USC00045151","1951-08-19","35.6181","-119.6892","87.8","LOST HILLS, CA US","    0",",,0,",,,,,,,,
"USC00045151","1951-08-20","35.6181","-119.6892","87.8","LOST HILLS, CA US","    0",",,0,",,,,,,,,
"USC00045151","1951-08-21","35.6181","-119.6892","87.8","LOST HILLS, CA US","    0",",,0,",,,,,,,,
"USC00045151","1951-08-22","35.6181","-119.6892","87.8","LOST HILLS, CA US","    0",",,0,",,,,,,,,
"USC00045151","1951-08-23","35.6181","-119.6892","87.8","LOST HILLS, CA US","    0",",,0,",,,,,,,,
"USC00045151","1951-08-24","35.6181","-119.6892","87.8","LOST HILLS, CA US","    0",",,0,",,,,,,,,
"USC00045151","1951-08-25","35.6181","-119.6892","87.8","LOST HILLS, CA US","    0",",,0,",,,,,,,,
"USC00045151","1951-08-26","35.6181","-119.6892","87.8","LOST HILLS, CA US","    0",",,0,",,,,,,,,
"USC00045151","1951-08-27","35.6181","-119.6892","87.8","LOST HILLS, CA US","    0",",,0,",,,,,,,,
"USC00045151","1951-08-28","35.6181","-119.6892","87.8","LOST HILLS, CA US","    0",",,0,",,,,,,,,
"USC00045151","1951-08-29","35.6181","-119.6892","87.8","LOST HILLS, CA US","    0",",,0,",,,,,,,,
"USC00045151","1951-08-30","35.6181","-119.6892","87.8","LOST HILLS, CA US","    0",",,0,",,,,,,,,
"USC00045151","1951-08-31","35.6181","-119.6892","87.8","LOST HILLS, CA US","    0",",,0,",,,,,,,,
"USC00045151","1951-09-01","35.6181","-119.6892","87.8","LOST HILLS, CA US","    0",",,0,",,,,,,,,
"USC00045151","1951-09-02","35.6181","-119.6892","87.8","LOST HILLS, CA US","    0",",,0,",,,,,,,,
"USC00045151","1951-09-03","35.6181","-119.6892","87.8","LOST HILLS, CA US","    0",",,0,",,,,,,,,
"USC00045151","1951-09-04","35.6181","-119.6892","87.8","LOST HILLS, CA US","    0",",,0,",,,,,,,,
"USC00045151","1951-09-05","35.6181","-119.6892","87.8","LOST HILLS, CA US","    0",",,0,",,,,,,,,
"USC00045151","1951-09-06","35.6181","-119.6892","87.8","LOST HILLS, CA US","    0",",,0,",,,,,,,,
"USC00045151","1951-09-07","35.6181","-119.6892","87.8","LOST HILLS, CA US","    0",",,0,",,,,,,,,
"USC00045151","1951-09-08","35.6181","-119.6892","87.8","LOST HILLS, CA US","    0",",,0,",,,,,,,,
"USC00045151","1951-09-09","35.6181","-119.6892","87.8","LOST HILLS, CA US","    0",",,0,",,,,,,,,
"USC00045151","1951-09-10","35.6181","-119.6892","87.8","LOST HILLS, CA US","    0",",,0,",,,,,,,,
"USC00045151","1951-09-11","35.6181","-119.6892","87.8","LOST HILLS, CA US","    0",",,0,",,,,,,,,
"USC00045151","1951-09-12","35.6181","-119.6892","87.8","LOST HILLS, CA US","    0",",,0,",,,,,,,,
"USC00045151","1951-09-13","35.6181","-119.6892","87.8","LOST HILLS, CA US","    0",",,0,",,,,,,,,
"USC00045151","1951-09-14","35.6181","-119.6892","87.8","LOST HILLS, CA US","    0",",,0,",,,,,,,,
"USC00045151","1951-09-15","35.6181","-119.6892","87.8","LOST HILLS, CA US","    0",",,0,",,,,,,,,
"USC00045151","1951-09-16","35.6181","-119.6892","87.8","LOST HILLS, CA US","    0",",,0,",,,,,,,,
"USC00045151","1951-09-17","35.6181","-119.6892","87.8","LOST HILLS, CA US","    0",",,0,",,,,,,,,
"USC00045151","1951-09-18","35.6181","-119.6892","87.8","LOST HILLS, CA US","    0",",,0,",,,,,,,,
"USC00045151","1951-09-19","35.6181","-119.6892","87.8","LOST HILLS, CA US","    0",",,0,",,,,,,,,
"USC00045151","1951-09-20","35.6181","-119.6892","87.8","LOST HILLS, CA US","    0",",,0,",,,,,,,,
"USC00045151","1951-09-21","35.6181","-119.6892","87.8","LOST HILLS, CA US","    0",",,0,",,,,,,,,
"USC00045151","1951-09-22","35.6181","-119.6892","87.8","LOST HILLS, CA US","    0",",,0,",,,,,,,,
"USC00045151","1951-09-23","35.6181","-119.6892","87.8","LOST HILLS, CA US","    0",",,0,",,,,,,,,
"USC00045151","1951-09-24","35.6181","-119.6892","87.8","LOST HILLS, CA US","    0",",,0,",,,,,,,,
"USC00045151","1951-09-25","35.6181","-119.6892","87.8","LOST HILLS, CA US","    0",",,0,",,,,,,,,
"USC00045151","1951-09-26","35.6181","-119.6892","87.8","LOST HILLS, CA US","    0",",,0,",,,,,,,,
"USC00045151","1951-09-27","35.6181","-119.6892","87.8","LOST HILLS, CA US","    0",",,0,",,,,,,,,
"USC00045151","1951-09-28","35.6181","-119.6892","87.8","LOST HILLS, CA US","    0",",,0,",,,,,,,,
"USC00045151","1951-09-29","35.6181","-119.6892","87.8","LOST HILLS, CA US","    0",",,0,",,,,,,,,
"USC00045151","1951-09-30","35.6181","-119.6892","87.8","LOST HILLS, CA US","    0",",,0,",,,,,,,,
"USC00045151","2012-11-01","35.6181","-119.6892","87.8","LOST HILLS, CA US","    0",",,7,0700",,,,,,,,
"USC00045151","2012-11-02","35.6181","-119.6892","87.8","LOST HILLS, CA US","    0",",,7,0700",,,,,,,,
"USC00045151","2012-11-03","35.6181","-119.6892","87.8","LOST HILLS, CA US","    0",",,7,0700",,,,,,,,
"USC00045151","2012-11-04","35.6181","-119.6892","87.8","LOST HILLS, CA US","    0",",,7,0700",,,,,,,,
"USC00045151","2012-11-05","35.6181","-119.6892","87.8","LOST HILLS, CA US","    0",",,7,0700",,,,,,,,
"USC00045151","2012-11-06","35.6181","-119.6892","87.8","LOST HILLS, CA US","    0",",,7,0700",,,,,,,,
"USC00045151","2012-11-07","35.6181","-119.6892","87.8","LOST HILLS, CA US","    0",",,7,0700",,,,,,,,
"USC00045151","2012-11-08","35.6181","-119.6892","87.8","LOST HILLS, CA US","    0",",,7,0700",,,,,,,,
"USC00045151","2012-11-09","35.6181","-119.6892","87.8","LOST HILLS, CA US","    8",",,7,0700",,,,,,,,
"USC00045151","2012-11-10","35.6181","-119.6892","87.8","LOST HILLS, CA US","    0",",,7,0700",,,,,,,,
"USC00045151","2012-11-11","35.6181","-119.6892","87.8","LOST HILLS, CA US","    0",",,7,0700",,,,,,,,
"USC00045151","2012-11-12","35.6181","-119.6892","87.8","LOST HILLS, CA US","    0",",,7,0700",,,,,,,,
"USC00045151","2012-11-13","35.6181","-119.6892","87.8","LOST HILLS, CA US","    0",",,7,0700",,,,,,,,
"USC00045151","2012-11-14","35.6181","-119.6892","87.8","LOST HILLS, CA US","    0",",,7,0700",,,,,,,,
"USC00045151","2012-11-15","35.6181","-119.6892","87.8","LOST HILLS, CA US","    0",",,7,0700",,,,,,,,
"USC00045151","2012-11-16","35.6181","-119.6892","87.8","LOST HILLS, CA US","    0",",,7,0700",,,,,,,,
"USC00045151","2012-11-17","35.6181","-119.6892","87.8","LOST HILLS, CA US","    0",",,7,0700",,,,,,,,
"USC00045151","2012-11-18","35.6181","-119.6892","87.8","LOST HILLS, CA US","    0",",,7,0700",,,,,,,,
"USC00045151","2012-11-19","35.6181","-119.6892","87.8","LOST HILLS, CA US","    0",",,7,0700",,,,,,,,
"USC00045151","2012-11-20","35.6181","-119.6892","87.8","LOST HILLS, CA US","    0",",,7,0700",,,,,,,,
"USC00045151","2012-11-21","35.6181","-119.6892","87.8","LOST HILLS, CA US","    0",",,7,0700",,,,,,,,
"USC00045151","2012-11-22","35.6181","-119.6892","87.8","LOST HILLS, CA US","    0",",,7,0700",,,,,,,,
"USC00045151","2012-11-23","35.6181","-119.6892","87.8","LOST HILLS, CA US","    0",",,7,0700",,,,,,,,
"USC00045151","2012-11-24","35.6181","-119.6892","87.8","LOST HILLS, CA US","    0",",,7,0700",,,,,,,,
"USC00045151","2012-11-25","35.6181","-119.6892","87.8","LOST HILLS, CA US","    0",",,7,0700",,,,,,,,
"USC00045151","2012-11-26","35.6181","-119.6892","87.8","LOST HILLS, CA US","    0",",,7,0700",,,,,,,,
"USC00045151","2012-11-27","35.6181","-119.6892","87.8","LOST HILLS, CA US","    0",",,7,0700",,,,,,,,
"USC00045151","2012-11-28","35.6181","-119.6892","87.8","LOST HILLS, CA US","   20",",,7,0700",,,,,,,,
"USC00045151","2012-11-29","35.6181","-119.6892","87.8","LOST HILLS, CA US","    5",",,7,0700",,,,,,,,
"USC00045151","2012-11-30","35.6181","-119.6892","87.8","LOST HILLS, CA US","    0",",,7,0700",,,,,,,,
"USC00045151","2013-02-01","35.6181","-119.6892","87.8","LOST HILLS, CA US","    0",",,7,0700",,,,,,,,
"USC00045151","2013-02-02","35.6181","-119.6892","87.8","LOST HILLS, CA US","    0",",,7,0700",,,,,,,,
"USC00045151","2013-02-03","35.6181","-119.6892","87.8","LOST HILLS, CA US","    0",",,7,0700",,,,,,,,
"USC00045151","2013-02-04","35.6181","-119.6892","87.8","LOST HILLS, CA US","    0",",,7,0700",,,,,,,,
"USC00045151","2013-02-05","35.6181","-119.6892","87.8","LOST HILLS, CA US","    0",",,7,0700",,,,,,,,
"USC00045151","2013-02-06","35.6181","-119.6892","87.8","LOST HILLS, CA US","    0",",,7,0700",,,,,,,,
"USC00045151","2013-02-07","35.6181","-119.6892","87.8","LOST HILLS, CA US","    0",",,7,0700",,,,,,,,
"USC00045151","2013-02-08","35.6181","-119.6892","87.8","LOST HILLS, CA US","    0",",,7,0700",,,,,,,,
"USC00045151","2013-02-09","35.6181","-119.6892","87.8","LOST HILLS, CA US","   13",",,7,0700",,,,,,,,
"USC00045151","2013-02-10","35.6181","-119.6892","87.8","LOST HILLS, CA US","    0",",,7,0700",,,,,,,,
"USC00045151","2013-02-11","35.6181","-119.6892","87.8","LOST HILLS, CA US","    0",",,7,0700",,,,,,,,
"USC00045151","2013-02-12","35.6181","-119.6892","87.8","LOST HILLS, CA US","    0",",,7,0700",,,,,,,,
"USC00045151","2013-02-13","35.6181","-119.6892","87.8","LOST HILLS, CA US","    0",",,7,0700",,,,,,,,
"USC00045151","2013-02-14","35.6181","-119.6892","87.8","LOST HILLS, CA US","    0",",,7,0700",,,,,,,,
"USC00045151","2013-02-15","35.6181","-119.6892","87.8","LOST HILLS, CA US","    0",",,7,0700",,,,,,,,
"USC00045151","2013-02-16","35.6181","-119.6892","87.8","LOST HILLS, CA US","    0",",,7,0700",,,,,,,,
"USC00045151","2013-02-17","35.6181","-119.6892","87.8","LOST HILLS, CA US","   18",",,7,0700",,,,,,,,
"USC00045151","2013-02-18","35.6181","-119.6892","87.8","LOST HILLS, CA US","    0",",,7,0700",,,,,,,,
"USC00045151","2013-02-19","35.6181","-119.6892","87.8","LOST HILLS, CA US","    0",",,7,0700",,,,,,,,
"USC00045151","2013-02-20","35.6181","-119.6892","87.8","LOST HILLS, CA US","    0",",,7,0700",,,,,,,,
"USC00045151","2013-02-21","35.6181","-119.6892","87.8","LOST HILLS, CA US","    0",",,7,0700",,,,,,,,
"USC00045151","2013-02-22","35.6181","-119.6892","87.8","LOST HILLS, CA US","    0",",,7,0700",,,,,,,,
"USC00045151","2013-02-23","35.6181","-119.6892","87.8","LOST HILLS, CA US","    0",",,7,0700",,,,,,,,
"USC00045151","2013-02-24","35.6181","-119.6892","87.8","LOST HILLS, CA US","    0",",,7,0700",,,,,,,,
"USC00045151","2013-02-25","35.6181","-119.6892","87.8","LOST HILLS, CA US","    0",",,7,0700",,,,,,,,
"USC00045151","2013-02-26","35.6181","-119.6892","87.8","LOST HILLS, CA US","    0",",,7,0700",,,,,,,,
"USC00045151","2013-02-27","35.6181","-119.6892","87.8","LOST HILLS, CA US","    0",",,7,0700",,,,,,,,
"USC00045151","2013-02-28","35.6181","-119.6892","87.8","LOST HILLS, CA US","    0",",,7,0700",,,,,,,,
"USC00045151","2013-03-01","35.6181","-119.6892","87.8","LOST HILLS, CA US","    0",",,7,0700",,,,,,,,
"USC00045151","2013-03-02","35.6181","-119.6892","87.8","LOST HILLS, CA US","    0",",,7,0700",,,,,,,,
"USC00045151","2013-03-03","35.6181","-119.6892","87.8","LOST HILLS, CA US","    0",",,7,0700",,,,,,,,
"USC00045151","2013-03-04","35.6181","-119.6892","87.8","LOST HILLS, CA US","    0",",,7,0700",,,,,,,,
"USC00045151","2013-03-05","35.6181","-119.6892","87.8","LOST HILLS, CA US","    0",",,7,0700",,,,,,,,
"USC00045151","2013-03-06","35.6181","-119.6892","87.8","LOST HILLS, CA US","    0",",,7,0700",,,,,,,,
"USC00045151","2013-03-07","35.6181","-119.6892","87.8","LOST HILLS, CA US","    0",",,7,0700",,,,,,,,
"USC00045151","2013-03-08","35.6181","-119.6892","87.8","LOST HILLS, CA US","  135",",,7,0700",,,,,,,,
"USC00045151","2013-03-09","35.6181","-119.6892","87.8","LOST HILLS, CA US","   25",",,7,0700",,,,,,,,
"USC00045151","2013-03-10","35.6181","-119.6892","87.8","LOST HILLS, CA US","    5",",,7,0700",,,,,,,,
"USC00045151","2013-03-11","35.6181","-119.6892","87.8","LOST HILLS, CA US","    0",",,7,0700",,,,,,,,
"USC00045151","2013-03-12","35.6181","-119.6892","87.8","LOST HILLS, CA US","    0",",,7,0700",,,,,,,,
"USC00045151","2013-03-13","35.6181","-119.6892","87.8","LOST HILLS, CA US","    0",",,7,0700",,,,,,,,
"USC00045151","2013-03-14","35.6181","-119.6892","87.8","LOST HILLS, CA US","    0",",,7,0700",,,,,,,,
"USC00045151","2013-03-15","35.6181","-119.6892","87.8","LOST HILLS, CA US","    0",",,7,0700",,,,,,,,
"USC00045151","2013-03-16","35.6181","-119.6892","87.8","LOST HILLS, CA US","    0",",,7,0700",,,,,,,,
"USC00045151","2013-03-17","35.6181","-119.6892","87.8","LOST HILLS, CA US","    0",",,7,0700",,,,,,,,
"USC00045151","2013-03-18","35.6181","-119.6892","87.8","LOST HILLS, CA US","    0",",,7,0700",,,,,,,,
"USC00045151","2013-03-19","35.6181","-119.6892","87.8","LOST HILLS, CA US","    0",",,7,0700",,,,,,,,
"USC00045151","2013-03-20","35.6181","-119.6892","87.8","LOST HILLS, CA US","    0",",,7,0700",,,,,,,,
"USC00045151","2013-03-21","35.6181","-119.6892","87.8","LOST HILLS, CA US","    0",",,7,0700",,,,,,,,
"USC00045151","2013-03-22","35.6181","-119.6892","87.8","LOST HILLS, CA US","    0",",,7,0700",,,,,,,,
"USC00045151","2013-03-23","35.6181","-119.6892","87.8","LOST HILLS, CA US","    0",",,7,0700",,,,,,,,
"USC00045151","2013-03-24","35.6181","-119.6892","87.8","LOST HILLS, CA US","    0",",,7,0700",,,,,,,,
"USC00045151","2013-03-25","35.6181","-119.6892","87.8","LOST HILLS, CA US","    0",",,7,0700",,,,,,,,
"USC00045151","2013-03-26","35.6181","-119.6892","87.8","LOST HILLS, CA US","    0",",,7,0700",,,,,,,,
"USC00045151","2013-03-27","35.6181","-119.6892","87.8","LOST HILLS, CA US","    0",",,7,0700",,,,,,,,
"USC00045151","2013-03-28","35.6181","-119.6892","87.8","LOST HILLS, CA US","    0",",,7,0700",,,,,,,,
"USC00045151","2013-03-29","35.6181","-119.6892","87.8","LOST HILLS, CA US","    0",",,7,0700",,,,,,,,
"USC00045151","2013-03-30","35.6181","-119.6892","87.8","LOST HILLS, CA US","    0",",,7,0700",,,,,,,,
"USC00045151","2013-03-31","35.6181","-119.6892","87.8","LOST HILLS, CA US","   18",",,7,0700",,,,,,,,
"USC00045151","2013-05-01","35.6181","-119.6892","87.8","LOST HILLS, CA US","    0",",,7,0700",,,,,,,,
"USC00045151","2013-05-02","35.6181","-119.6892","87.8","LOST HILLS, CA US","    0",",,7,0700",,,,,,,,
"USC00045151","2013-05-03","35.6181","-119.6892","87.8","LOST HILLS, CA US","    0",",,7,0700",,,,,,,,
"USC00045151","2013-05-04","35.6181","-119.6892","87.8","LOST HILLS, CA US","   20",",,7,0700",,,,,,,,
"USC00045151","2013-05-05","35.6181","-119.6892","87.8","LOST HILLS, CA US","    0",",,7,0700",,,,,,,,
"USC00045151","2013-05-06","35.6181","-119.6892","87.8","LOST HILLS, CA US","    0",",,7,0700",,,,,,,,
"USC00045151","2013-05-07","35.6181","-119.6892","87.8","LOST HILLS, CA US","    0",",,7,0700",,,,,,,,
"USC00045151","2013-05-08","35.6181","-119.6892","87.8","LOST HILLS, CA US","    0",",,7,0700",,,,,,,,
"USC00045151","2013-05-09","35.6181","-119.6892","87.8","LOST HILLS, CA US","    0",",,7,0700",,,,,,,,
"USC00045151","2013-05-10","35.6181","-119.6892","87.8","LOST HILLS, CA US","    0",",,7,0700",,,,,,,,
"USC00045151","2013-05-11","35.6181","-119.6892","87.8","LOST HILLS, CA US","    0",",,7,0700",,,,,,,,
"USC00045151","2013-05-12","35.6181","-119.6892","87.8","LOST HILLS, CA US","    0",",,7,0700",,,,,,,,
"USC00045151","2013-05-13","35.6181","-119.6892","87.8","LOST HILLS, CA US","    0",",,7,0700",,,,,,,,
"USC00045151","2013-05-14","35.6181","-119.6892","87.8","LOST HILLS, CA US","    0",",,7,0700",,,,,,,,
"USC00045151","2013-05-15","35.6181","-119.6892","87.8","LOST HILLS, CA US","    0",",,7,0700",,,,,,,,
"USC00045151","2013-05-16","35.6181","-119.6892","87.8","LOST HILLS, CA US","    0",",,7,0700",,,,,,,,
"USC00045151","2013-05-17","35.6181","-119.6892","87.8","LOST HILLS, CA US","    0",",,7,0700",,,,,,,,
"USC00045151","2013-05-18","35.6181","-119.6892","87.8","LOST HILLS, CA US","    0",",,7,0700",,,,,,,,
"USC00045151","2013-05-19","35.6181","-119.6892","87.8","LOST HILLS, CA US","    0",",,7,0700",,,,,,,,
"USC00045151","2013-05-20","35.6181","-119.6892","87.8","LOST HILLS, CA US","    0",",,7,0700",,,,,,,,
"USC00045151","2013-05-21","35.6181","-119.6892","87.8","LOST HILLS, CA US","    0",",,7,0700",,,,,,,,
"USC00045151","2013-05-22","35.6181","-119.6892","87.8","LOST HILLS, CA US","    0",",,7,0700",,,,,,,,
"USC00045151","2013-05-23","35.6181","-119.6892","87.8","LOST HILLS, CA US","    0",",,7,0700",,,,,,,,
"USC00045151","2013-05-24","35.6181","-119.6892","87.8","LOST HILLS, CA US","    0",",,7,0700",,,,,,,,
"USC00045151","2013-05-25","35.6181","-119.6892","87.8","LOST HILLS, CA US","    0",",,7,0700",,,,,,,,
"USC00045151","2013-05-26","35.6181","-119.6892","87.8","LOST HILLS, CA US","    0",",,7,0700",,,,,,,,
"USC00045151","2013-05-27","35.6181","-119.6892","87.8","LOST HILLS, CA US","    0",",,7,0700",,,,,,,,
"USC00045151","2013-05-28","35.6181","-119.6892","87.8","LOST HILLS, CA US","    0",",,7,0700",,,,,,,,
"USC00045151","2013-05-29","35.6181","-119.6892","87.8","LOST HILLS, CA US","    0",",,7,0700",,,,,,,,
"USC00045151","2013-05-30","35.6181","-119.6892","87.8","LOST HILLS, CA US","    0",",,7,0700",,,,,,,,
"USC00045151","2013-05-31","35.6181","-119.6892","87.8","LOST HILLS, CA US","    0",",,7,0700",,,,,,,,
"USC00045151","2013-06-01","35.6181","-119.6892","87.8","LOST HILLS, CA US","    0",",,7,0700",,,,,,,,
"USC00045151","2013-06-02","35.6181","-119.6892","87.8","LOST HILLS, CA US","    0",",,7,0700",,,,,,,,
"USC00045151","2013-06-03","35.6181","-119.6892","87.8","LOST HILLS, CA US","    0",",,7,0700",,,,,,,,
"USC00045151","2013-06-04","35.6181","-119.6892","87.8","LOST HILLS, CA US","    0",",,7,0700",,,,,,,,
"USC00045151","2013-06-05","35.6181","-119.6892","87.8","LOST HILLS, CA US","    0",",,7,0700",,,,,,,,
"USC00045151","2013-06-06","35.6181","-119.6892","87.8","LOST HILLS, CA US","    0",",,7,0700",,,,,,,,
"USC00045151","2013-06-07","35.6181","-119.6892","87.8","LOST HILLS, CA US","    0",",,7,0700",,,,,,,,
"USC00045151","2013-06-08","35.6181","-119.6892","87.8","LOST HILLS, CA US","    0",",,7,0700",,,,,,,,
"USC00045151","2013-06-09","35.6181","-119.6892","87.8","LOST HILLS, CA US","    0",",,7,0700",,,,,,,,
"USC00045151","2013-06-10","35.6181","-119.6892","87.8","LOST HILLS, CA US","    0",",,7,0700",,,,,,,,
"USC00045151","2013-06-11","35.6181","-119.6892","87.8","LOST HILLS, CA US","    0",",,7,0700",,,,,,,,
"USC00045151","2013-06-12","35.6181","-119.6892","87.8","LOST HILLS, CA US","    0",",,7,0700",,,,,,,,
"USC00045151","2013-06-13","35.6181","-119.6892","87.8","LOST HILLS, CA US","    0",",,7,0700",,,,,,,,
"USC00045151","2013-06-14","35.6181","-119.6892","87.8","LOST HILLS, CA US","    0",",,7,0700",,,,,,,,
"USC00045151","2013-06-15","35.6181","-119.6892","87.8","LOST HILLS, CA US","    0",",,7,0700",,,,,,,,
"USC00045151","2013-06-16","35.6181","-119.6892","87.8","LOST HILLS, CA US","    0",",,7,0700",,,,,,,,
"USC00045151","2013-06-17","35.6181","-119.6892","87.8","LOST HILLS, CA US","    0",",,7,0700",,,,,,,,
"USC00045151","2013-06-18","35.6181","-119.6892","87.8","LOST HILLS, CA US","    0",",,7,0700",,,,,,,,
"USC00045151","2013-06-19","35.6181","-119.6892","87.8","LOST HILLS, CA US","    0",",,7,0700",,,,,,,,
"USC00045151","2013-06-20","35.6181","-119.6892","87.8","LOST HILLS, CA US","    0",",,7,0700",,,,,,,,
"USC00045151","2013-06-21","35.6181","-119.6892","87.8","LOST HILLS, CA US","    0",",,7,0700",,,,,,,,
"USC00045151","2013-06-22","35.6181","-119.6892","87.8","LOST HILLS, CA US","    0",",,7,0700",,,,,,,,
"USC00045151","2013-06-23","35.6181","-119.6892","87.8","LOST HILLS, CA US","    0",",,7,0700",,,,,,,,
"USC00045151","2013-06-24","35.6181","-119.6892","87.8","LOST HILLS, CA US","    0",",,7,0700",,,,,,,,
"USC00045151","2013-06-25","35.6181","-119.6892","87.8","LOST HILLS, CA US","    0",",,7,0700",,,,,,,,
"USC00045151","2013-06-26","35.6181","-119.6892","87.8","LOST HILLS, CA US","    0",",,7,0700",,,,,,,,
"USC00045151","2013-06-27","35.6181","-119.6892","87.8","LOST HILLS, CA US","    0",",,7,0700",,,,,,,,
"USC00045151","2013-06-28","35.6181","-119.6892","87.8","LOST HILLS, CA US","    0",",,7,0700",,,,,,,,
"USC00045151","2013-06-29","35.6181","-119.6892","87.8","LOST HILLS, CA US","    0",",,7,0700",,,,,,,,
"USC00045151","2013-06-30","35.6181","-119.6892","87.8","LOST HILLS, CA US","    0",",,7,0700",,,,,,,,
"USC00045151","2013-11-01","35.6181","-119.6892","87.8","LOST HILLS, CA US","    0",",,7,0700",,,,,,,,
"USC00045151","2013-11-02","35.6181","-119.6892","87.8","LOST HILLS, CA US","    0",",,7,0700",,,,,,,,
"USC00045151","2013-11-03","35.6181","-119.6892","87.8","LOST HILLS, CA US","    0",",,7,0700",,,,,,,,
"USC00045151","2013-11-04","35.6181","-119.6892","87.8","LOST HILLS, CA US","    0",",,7,0700",,,,,,,,
"USC00045151","2013-11-05","35.6181","-119.6892","87.8","LOST HILLS, CA US","    0",",,7,0700",,,,,,,,
"USC00045151","2013-11-06","35.6181","-119.6892","87.8","LOST HILLS, CA US","    0",",,7,0700",,,,,,,,
"USC00045151","2013-11-07","35.6181","-119.6892","87.8","LOST HILLS, CA US","    0",",,7,0700",,,,,,,,
"USC00045151","2013-11-08","35.6181","-119.6892","87.8","LOST HILLS, CA US","    0",",,7,0700",,,,,,,,
"USC00045151","2013-11-09","35.6181","-119.6892","87.8","LOST HILLS, CA US","    0",",,7,0700",,,,,,,,
"USC00045151","2013-11-10","35.6181","-119.6892","87.8","LOST HILLS, CA US","    0",",,7,0700",,,,,,,,
"USC00045151","2013-11-11","35.6181","-119.6892","87.8","LOST HILLS, CA US","    0",",,7,0700",,,,,,,,
"USC00045151","2013-11-12","35.6181","-119.6892","87.8","LOST HILLS, CA US","    0",",,7,0700",,,,,,,,
"USC00045151","2013-11-13","35.6181","-119.6892","87.8","LOST HILLS, CA US","    0",",,7,0700",,,,,,,,
"USC00045151","2013-11-14","35.6181","-119.6892","87.8","LOST HILLS, CA US","    0",",,7,0700",,,,,,,,
"USC00045151","2013-11-15","35.6181","-119.6892","87.8","LOST HILLS, CA US","    0",",,7,0700",,,,,,,,
"USC00045151","2013-11-16","35.6181","-119.6892","87.8","LOST HILLS, CA US","    0",",,7,0700",,,,,,,,
"USC00045151","2013-11-17","35.6181","-119.6892","87.8","LOST HILLS, CA US","    0",",,7,0700",,,,,,,,
"USC00045151","2013-11-18","35.6181","-119.6892","87.8","LOST HILLS, CA US","    0",",,7,0700",,,,,,,,
"USC00045151","2013-11-19","35.6181","-119.6892","87.8","LOST HILLS, CA US","    0",",,7,0700",,,,,,,,
"USC00045151","2013-11-20","35.6181","-119.6892","87.8","LOST HILLS, CA US","    0",",,7,0700",,,,,,,,
"USC00045151","2013-11-21","35.6181","-119.6892","87.8","LOST HILLS, CA US","   15",",,7,0700",,,,,,,,
"USC00045151","2013-11-22","35.6181","-119.6892","87.8","LOST HILLS, CA US","    0",",,7,0700",,,,,,,,
"USC00045151","2013-11-23","35.6181","-119.6892","87.8","LOST HILLS, CA US","    0",",,7,0700",,,,,,,,
"USC00045151","2013-11-24","35.6181","-119.6892","87.8","LOST HILLS, CA US","    0",",,7,0700",,,,,,,,
"USC00045151","2013-11-25","35.6181","-119.6892","87.8","LOST HILLS, CA US","    0",",,7,0700",,,,,,,,
"USC00045151","2013-11-26","35.6181","-119.6892","87.8","LOST HILLS, CA US","    0",",,7,0700",,,,,,,,
"USC00045151","2013-11-27","35.6181","-119.6892","87.8","LOST HILLS, CA US","    0",",,7,0700",,,,,,,,
"USC00045151","2013-11-28","35.6181","-119.6892","87.8","LOST HILLS, CA US","    0",",,7,0700",,,,,,,,
"USC00045151","2013-11-29","35.6181","-119.6892","87.8","LOST HILLS, CA US","    0",",,7,0700",,,,,,,,
"USC00045151","2013-11-30","35.6181","-119.6892","87.8","LOST HILLS, CA US","    0",",,7,0700",,,,,,,,
"USC00045151","2013-12-01","35.6181","-119.6892","87.8","LOST HILLS, CA US","    0",",,7,0700",,,,,,,,
"USC00045151","2013-12-02","35.6181","-119.6892","87.8","LOST HILLS, CA US","    0",",,7,0700",,,,,,,,
"USC00045151","2013-12-03","35.6181","-119.6892","87.8","LOST HILLS, CA US","    0",",,7,0700",,,,,,,,
"USC00045151","2013-12-04","35.6181","-119.6892","87.8","LOST HILLS, CA US","    0",",,7,0700",,,,,,,,
"USC00045151","2013-12-05","35.6181","-119.6892","87.8","LOST HILLS, CA US","    0",",,7,0700",,,,,,,,
"USC00045151","2013-12-06","35.6181","-119.6892","87.8","LOST HILLS, CA US","    0",",,7,0700",,,,,,,,
"USC00045151","2013-12-07","35.6181","-119.6892","87.8","LOST HILLS, CA US","    0",",,7,0700",,,,,,,,
"USC00045151","2013-12-08","35.6181","-119.6892","87.8","LOST HILLS, CA US","   30",",,7,0700",,,,,,,,
"USC00045151","2013-12-09","35.6181","-119.6892","87.8","LOST HILLS, CA US","    0",",,7,0700",,,,,,,,
"USC00045151","2013-12-10","35.6181","-119.6892","87.8","LOST HILLS, CA US","    0",",,7,0700",,,,,,,,
"USC00045151","2013-12-11","35.6181","-119.6892","87.8","LOST HILLS, CA US","    0",",,7,0700",,,,,,,,
"USC00045151","2013-12-12","35.6181","-119.6892","87.8","LOST HILLS, CA US","    0",",,7,0700",,,,,,,,
"USC00045151","2013-12-13","35.6181","-119.6892","87.8","LOST HILLS, CA US","    0",",,7,0700",,,,,,,,
"USC00045151","2013-12-14","35.6181","-119.6892","87.8","LOST HILLS, CA US","    0",",,7,0700",,,,,,,,
"USC00045151","2013-12-15","35.6181","-119.6892","87.8","LOST HILLS, CA US","    0",",,7,0700",,,,,,,,
"USC00045151","2013-12-16","35.6181","-119.6892","87.8","LOST HILLS, CA US","    0",",,7,0700",,,,,,,,
"USC00045151","2013-12-17","35.6181","-119.6892","87.8","LOST HILLS, CA US","    0",",,7,0700",,,,,,,,
"USC00045151","2013-12-18","35.6181","-119.6892","87.8","LOST HILLS, CA US","    0",",,7,0700",,,,,,,,
"USC00045151","2013-12-19","35.6181","-119.6892","87.8","LOST HILLS, CA US","    0",",,7,0700",,,,,,,,
"USC00045151","2013-12-20","35.6181","-119.6892","87.8","LOST HILLS, CA US","    0",",,7,0700",,,,,,,,
"USC00045151","2013-12-21","35.6181","-119.6892","87.8","LOST HILLS, CA US","    0",",,7,0700",,,,,,,,
"USC00045151","2013-12-22","35.6181","-119.6892","87.8","LOST HILLS, CA US","    0",",,7,0700",,,,,,,,
"USC00045151","2013-12-23","35.6181","-119.6892","87.8","LOST HILLS, CA US","    0",",,7,0700",,,,,,,,
"USC00045151","2013-12-24","35.6181","-119.6892","87.8","LOST HILLS, CA US","    0",",,7,0700",,,,,,,,
"USC00045151","2013-12-25","35.6181","-119.6892","87.8","LOST HILLS, CA US","    0",",,7,0700",,,,,,,,
"USC00045151","2013-12-26","35.6181","-119.6892","87.8","LOST HILLS, CA US","    0",",,7,0700",,,,,,,,
"USC00045151","2013-12-27","35.6181","-119.6892","87.8","LOST HILLS, CA US","    0",",,7,0700",,,,,,,,
"USC00045151","2013-12-28","35.6181","-119.6892","87.8","LOST HILLS, CA US","    0",",,7,0700",,,,,,,,
"USC00045151","2013-12-29","35.6181","-119.6892","87.8","LOST HILLS, CA US","    0",",,7,0700",,,,,,,,
"USC00045151","2013-12-30","35.6181","-119.6892","87.8","LOST HILLS, CA US","    0",",,7,0700",,,,,,,,
"USC00045151","2013-12-31","35.6181","-119.6892","87.8","LOST HILLS, CA US","    0",",,7,0700",,,,,,,,
"USC00045151","2014-02-01","35.6181","-119.6892","87.8","LOST HILLS, CA US","    0",",,7,0700",,,,,,,,
"USC00045151","2014-02-02","35.6181","-119.6892","87.8","LOST HILLS, CA US","    0",",,7,0700",,,,,,,,
"USC00045151","2014-02-03","35.6181","-119.6892","87.8","LOST HILLS, CA US","   30",",,7,0700",,,,,,,,
"USC00045151","2014-02-04","35.6181","-119.6892","87.8","LOST HILLS, CA US","    0",",,7,0700",,,,,,,,
"USC00045151","2014-02-05","35.6181","-119.6892","87.8","LOST HILLS, CA US","    0",",,7,0700",,,,,,,,
"USC00045151","2014-02-06","35.6181","-119.6892","87.8","LOST HILLS, CA US","   38",",,7,0700",,,,,,,,
"USC00045151","2014-02-07","35.6181","-119.6892","87.8","LOST HILLS, CA US","    0",",,7,0700",,,,,,,,
"USC00045151","2014-02-08","35.6181","-119.6892","87.8","LOST HILLS, CA US","    0",",,7,0700",,,,,,,,
"USC00045151","2014-02-09","35.6181","-119.6892","87.8","LOST HILLS, CA US","    0",",,7,0700",,,,,,,,
"USC00045151","2014-02-10","35.6181","-119.6892","87.8","LOST HILLS, CA US","    0",",,7,0700",,,,,,,,
"USC00045151","2014-02-11","35.6181","-119.6892","87.8","LOST HILLS, CA US","    0",",,7,0700",,,,,,,,
"USC00045151","2014-02-12","35.6181","-119.6892","87.8","LOST HILLS, CA US","    0",",,7,0700",,,,,,,,
"USC00045151","2014-02-13","35.6181","-119.6892","87.8","LOST HILLS, CA US","    0",",,7,0700",,,,,,,,
"USC00045151","2014-02-14","35.6181","-119.6892","87.8","LOST HILLS, CA US","    0",",,7,0700",,,,,,,,
"USC00045151","2014-02-15","35.6181","-119.6892","87.8","LOST HILLS, CA US","    0",",,7,0700",,,,,,,,
"USC00045151","2014-02-16","35.6181","-119.6892","87.8","LOST HILLS, CA US","    0",",,7,0700",,,,,,,,
"USC00045151","2014-02-17","35.6181","-119.6892","87.8","LOST HILLS, CA US","    0",",,7,0700",,,,,,,,
"USC00045151","2014-02-18","35.6181","-119.6892","87.8","LOST HILLS, CA US","    0",",,7,0700",,,,,,,,
"USC00045151","2014-02-19","35.6181","-119.6892","87.8","LOST HILLS, CA US","    0",",,7,0700",,,,,,,,
"USC00045151","2014-02-20","35.6181","-119.6892","87.8","LOST HILLS, CA US","    0",",,7,0700",,,,,,,,
"USC00045151","2014-02-21","35.6181","-119.6892","87.8","LOST HILLS, CA US","    0",",,7,0700",,,,,,,,
"USC00045151","2014-02-22","35.6181","-119.6892","87.8","LOST HILLS, CA US","    0",",,7,0700",,,,,,,,
"USC00045151","2014-02-23","35.6181","-119.6892","87.8","LOST HILLS, CA US","    0",",,7,0700",,,,,,,,
"USC00045151","2014-02-24","35.6181","-119.6892","87.8","LOST HILLS, CA US","    0",",,7,0700",,,,,,,,
"USC00045151","2014-02-25","35.6181","-119.6892","87.8","LOST HILLS, CA US","    0",",,7,0700",,,,,,,,
"USC00045151","2014-02-26","35.6181","-119.6892","87.8","LOST HILLS, CA US","    0","T,,7,0700",,,,,,,,
"USC00045151","2014-02-27","35.6181","-119.6892","87.8","LOST HILLS, CA US","   51",",,7,0700",,,,,,,,
"USC00045151","2014-02-28","35.6181","-119.6892","87.8","LOST HILLS, CA US","   89",",,7,0700",,,,,,,,
"USC00045151","2014-03-01","35.6181","-119.6892","87.8","LOST HILLS, CA US","   20",",,7,0700",,,,,,,,
"USC00045151","2014-03-02","35.6181","-119.6892","87.8","LOST HILLS, CA US","    0",",,7,0700",,,,,,,,
"USC00045151","2014-03-03","35.6181","-119.6892","87.8","LOST HILLS, CA US","    0",",,7,0700",,,,,,,,
"USC00045151","2014-03-04","35.6181","-119.6892","87.8","LOST HILLS, CA US","    0",",,7,0700",,,,,,,,
"USC00045151","2014-03-05","35.6181","-119.6892","87.8","LOST HILLS, CA US","    0",",,7,0700",,,,,,,,
"USC00045151","2014-03-06","35.6181","-119.6892","87.8","LOST HILLS, CA US","    0",",,7,0700",,,,,,,,
"USC00045151","2014-03-07","35.6181","-119.6892","87.8","LOST HILLS, CA US","    0",",,7,0700",,,,,,,,
"USC00045151","2014-03-08","35.6181","-119.6892","87.8","LOST HILLS, CA US","    0",",,7,0700",,,,,,,,
"USC00045151","2014-03-09","35.6181","-119.6892","87.8","LOST HILLS, CA US","    0",",,7,0700",,,,,,,,
"USC00045151","2014-03-10","35.6181","-119.6892","87.8","LOST HILLS, CA US","    0",",,7,0700",,,,,,,,
"USC00045151","2014-03-11","35.6181","-119.6892","87.8","LOST HILLS, CA US","    0",",,7,0700",,,,,,,,
"USC00045151","2014-03-12","35.6181","-119.6892","87.8","LOST HILLS, CA US","    0",",,7,0700",,,,,,,,
"USC00045151","2014-03-13","35.6181","-119.6892","87.8","LOST HILLS, CA US","    0",",,7,0700",,,,,,,,
"USC00045151","2014-03-14","35.6181","-119.6892","87.8","LOST HILLS, CA US","    0",",,7,0700",,,,,,,,
"USC00045151","2014-03-15","35.6181","-119.6892","87.8","LOST HILLS, CA US","    0",",,7,0700",,,,,,,,
"USC00045151","2014-03-16","35.6181","-119.6892","87.8","LOST HILLS, CA US","    0",",,7,0700",,,,,,,,
"USC00045151","2014-03-17","35.6181","-119.6892","87.8","LOST HILLS, CA US","    0",",,7,0700",,,,,,,,
"USC00045151","2014-03-18","35.6181","-119.6892","87.8","LOST HILLS, CA US","    0",",,7,0700",,,,,,,,
"USC00045151","2014-03-19","35.6181","-119.6892","87.8","LOST HILLS, CA US","    0",",,7,0700",,,,,,,,
"USC00045151","2014-03-20","35.6181","-119.6892","87.8","LOST HILLS, CA US","    0",",,7,0700",,,,,,,,
"USC00045151","2014-03-21","35.6181","-119.6892","87.8","LOST HILLS, CA US","    0",",,7,0700",,,,,,,,
"USC00045151","2014-03-22","35.6181","-119.6892","87.8","LOST HILLS, CA US","    0",",,7,0700",,,,,,,,
"USC00045151","2014-03-23","35.6181","-119.6892","87.8","LOST HILLS, CA US","    0",",,7,0700",,,,,,,,
"USC00045151","2014-03-24","35.6181","-119.6892","87.8","LOST HILLS, CA US","    0",",,7,0700",,,,,,,,
"USC00045151","2014-03-25","35.6181","-119.6892","87.8","LOST HILLS, CA US","    0",",,7,0700",,,,,,,,
"USC00045151","2014-03-26","35.6181","-119.6892","87.8","LOST HILLS, CA US","    0",",,7,0700",,,,,,,,
"USC00045151","2014-03-27","35.6181","-119.6892","87.8","LOST HILLS, CA US","    0",",,7,0700",,,,,,,,
"USC00045151","2014-03-28","35.6181","-119.6892","87.8","LOST HILLS, CA US","    0",",,7,0700",,,,,,,,
"USC00045151","2014-03-29","35.6181","-119.6892","87.8","LOST HILLS, CA US","    0",",,7,0700",,,,,,,,
"USC00045151","2014-03-30","35.6181","-119.6892","87.8","LOST HILLS, CA US","  173",",,7,0700",,,,,,,,
"USC00045151","2014-03-31","35.6181","-119.6892","87.8","LOST HILLS, CA US","    0",",,7,0700",,,,,,,,
"USC00045151","2014-04-01","35.6181","-119.6892","87.8","LOST HILLS, CA US","   25",",,7,0700",,,,,,,,
"USC00045151","2014-04-02","35.6181","-119.6892","87.8","LOST HILLS, CA US","    0",",,7,0700",,,,,,,,
"USC00045151","2014-04-03","35.6181","-119.6892","87.8","LOST HILLS, CA US","    0",",,7,0700",,,,,,,,
"USC00045151","2014-04-04","35.6181","-119.6892","87.8","LOST HILLS, CA US","   56",",,7,0700",,,,,,,,
"USC00045151","2014-04-05","35.6181","-119.6892","87.8","LOST HILLS, CA US","    0",",,7,0700",,,,,,,,
"USC00045151","2014-04-06","35.6181","-119.6892","87.8","LOST HILLS, CA US","    0",",,7,0700",,,,,,,,
"USC00045151","2014-04-07","35.6181","-119.6892","87.8","LOST HILLS, CA US","    0",",,7,0700",,,,,,,,
"USC00045151","2014-04-08","35.6181","-119.6892","87.8","LOST HILLS, CA US","    0",",,7,0700",,,,,,,,
"USC00045151","2014-04-09","35.6181","-119.6892","87.8","LOST HILLS, CA US","    0",",,7,0700",,,,,,,,
"USC00045151","2014-04-10","35.6181","-119.6892","87.8","LOST HILLS, CA US","    0",",,7,0700",,,,,,,,
"USC00045151","2014-04-11","35.6181","-119.6892","87.8","LOST HILLS, CA US","    0",",,7,0700",,,,,,,,
"USC00045151","2014-04-12","35.6181","-119.6892","87.8","LOST HILLS, CA US","    0",",,7,0700",,,,,,,,
"USC00045151","2014-04-13","35.6181","-119.6892","87.8","LOST HILLS, CA US","    0",",,7,0700",,,,,,,,
"USC00045151","2014-04-14","35.6181","-119.6892","87.8","LOST HILLS, CA US","    0",",,7,0700",,,,,,,,
"USC00045151","2014-04-15","35.6181","-119.6892","87.8","LOST HILLS, CA US","    0",",,7,0700",,,,,,,,
"USC00045151","2014-04-16","35.6181","-119.6892","87.8","LOST HILLS, CA US","    0",",,7,0700",,,,,,,,
"USC00045151","2014-04-17","35.6181","-119.6892","87.8","LOST HILLS, CA US","    0",",,7,0700",,,,,,,,
"USC00045151","2014-04-18","35.6181","-119.6892","87.8","LOST HILLS, CA US","    0",",,7,0700",,,,,,,,
"USC00045151","2014-04-19","35.6181","-119.6892","87.8","LOST HILLS, CA US","    0",",,7,0700",,,,,,,,
"USC00045151","2014-04-20","35.6181","-119.6892","87.8","LOST HILLS, CA US","    0",",,7,0700",,,,,,,,
"USC00045151","2014-04-21","35.6181","-119.6892","87.8","LOST HILLS, CA US","    0",",,7,0700",,,,,,,,
"USC00045151","2014-04-22","35.6181","-119.6892","87.8","LOST HILLS, CA US","    0",",,7,0700",,,,,,,,
"USC00045151","2014-04-23","35.6181","-119.6892","87.8","LOST HILLS, CA US","    0",",,7,0700",,,,,,,,
"USC00045151","2014-04-24","35.6181","-119.6892","87.8","LOST HILLS, CA US","    0",",,7,0700",,,,,,,,
"USC00045151","2014-04-25","35.6181","-119.6892","87.8","LOST HILLS, CA US","    0",",,7,0700",,,,,,,,
"USC00045151","2014-04-26","35.6181","-119.6892","87.8","LOST HILLS, CA US","   13",",,7,0700",,,,,,,,
"USC00045151","2014-04-27","35.6181","-119.6892","87.8","LOST HILLS, CA US","    0",",,7,0700",,,,,,,,
"USC00045151","2014-04-28","35.6181","-119.6892","87.8","LOST HILLS, CA US","    0",",,7,0700",,,,,,,,
"USC00045151","2014-04-29","35.6181","-119.6892","87.8","LOST HILLS, CA US","    0",",,7,0700",,,,,,,,
"USC00045151","2014-04-30","35.6181","-119.6892","87.8","LOST HILLS, CA US","    0",",,7,0700",,,,,,,,
"USC00045151","2014-05-01","35.6181","-119.6892","87.8","LOST HILLS, CA US","    0",",,7,0700",,,,,,,,
"USC00045151","2014-05-02","35.6181","-119.6892","87.8","LOST HILLS, CA US","    0",",,7,0700",,,,,,,,
"USC00045151","2014-05-03","35.6181","-119.6892","87.8","LOST HILLS, CA US","    0",",,7,0700",,,,,,,,
"USC00045151","2014-05-04","35.6181","-119.6892","87.8","LOST HILLS, CA US","    0",",,7,0700",,,,,,,,
"USC00045151","2014-05-05","35.6181","-119.6892","87.8","LOST HILLS, CA US","    0",",,7,0700",,,,,,,,
"USC00045151","2014-05-06","35.6181","-119.6892","87.8","LOST HILLS, CA US","    5",",,7,0700",,,,,,,,
"USC00045151","2014-05-07","35.6181","-119.6892","87.8","LOST HILLS, CA US","    0",",,7,0700",,,,,,,,
"USC00045151","2014-05-08","35.6181","-119.6892","87.8","LOST HILLS, CA US","    0",",,7,0700",,,,,,,,
"USC00045151","2014-05-09","35.6181","-119.6892","87.8","LOST HILLS, CA US","    0",",,7,0700",,,,,,,,
"USC00045151","2014-05-10","35.6181","-119.6892","87.8","LOST HILLS, CA US","    0",",,7,0700",,,,,,,,
"USC00045151","2014-05-11","35.6181","-119.6892","87.8","LOST HILLS, CA US","    0",",,7,0700",,,,,,,,
"USC00045151","2014-05-12","35.6181","-119.6892","87.8","LOST HILLS, CA US","    0",",,7,0700",,,,,,,,
"USC00045151","2014-05-13","35.6181","-119.6892","87.8","LOST HILLS, CA US","    0",",,7,0700",,,,,,,,
"USC00045151","2014-05-14","35.6181","-119.6892","87.8","LOST HILLS, CA US","    0",",,7,0700",,,,,,,,
"USC00045151","2014-05-15","35.6181","-119.6892","87.8","LOST HILLS, CA US","    0",",,7,0700",,,,,,,,
"USC00045151","2014-05-16","35.6181","-119.6892","87.8","LOST HILLS, CA US","    0",",,7,0700",,,,,,,,
"USC00045151","2014-05-17","35.6181","-119.6892","87.8","LOST HILLS, CA US","    0",",,7,0700",,,,,,,,
"USC00045151","2014-05-18","35.6181","-119.6892","87.8","LOST HILLS, CA US","    0",",,7,0700",,,,,,,,
"USC00045151","2014-05-19","35.6181","-119.6892","87.8","LOST HILLS, CA US","    0",",,7,0700",,,,,,,,
"USC00045151","2014-05-20","35.6181","-119.6892","87.8","LOST HILLS, CA US","    0","T,,7,0700",,,,,,,,
"USC00045151","2014-05-21","35.6181","-119.6892","87.8","LOST HILLS, CA US","    0",",,7,0700",,,,,,,,
"USC00045151","2014-05-22","35.6181","-119.6892","87.8","LOST HILLS, CA US","    0",",,7,0700",,,,,,,,
"USC00045151","2014-05-23","35.6181","-119.6892","87.8","LOST HILLS, CA US","    0",",,7,0700",,,,,,,,
"USC00045151","2014-05-24","35.6181","-119.6892","87.8","LOST HILLS, CA US","    0",",,7,0700",,,,,,,,
"USC00045151","2014-05-25","35.6181","-119.6892","87.8","LOST HILLS, CA US","    0",",,7,0700",,,,,,,,
"USC00045151","2014-05-26","35.6181","-119.6892","87.8","LOST HILLS, CA US","    0",",,7,0700",,,,,,,,
"USC00045151","2014-05-27","35.6181","-119.6892","87.8","LOST HILLS, CA US","    0",",,7,0700",,,,,,,,
"USC00045151","2014-05-28","35.6181","-119.6892","87.8","LOST HILLS, CA US","    0",",,7,0700",,,,,,,,
"USC00045151","2014-05-29","35.6181","-119.6892","87.8","LOST HILLS, CA US","    0",",,7,0700",,,,,,,,
"USC00045151","2014-05-30","35.6181","-119.6892","87.8","LOST HILLS, CA US","    0",",,7,0700",,,,,,,,
"USC00045151","2014-05-31","35.6181","-119.6892","87.8","LOST HILLS, CA US","    0",",,7,0700",,,,,,,,
"USC00045151","2014-06-01","35.6181","-119.6892","87.8","LOST HILLS, CA US","    0",",,7,0700",,,,,,,,
"USC00045151","2014-06-02","35.6181","-119.6892","87.8","LOST HILLS, CA US","    0",",,7,0700",,,,,,,,
"USC00045151","2014-06-03","35.6181","-119.6892","87.8","LOST HILLS, CA US","    0",",,7,0700",,,,,,,,
"USC00045151","2014-06-04","35.6181","-119.6892","87.8","LOST HILLS, CA US","    0",",,7,0700",,,,,,,,
"USC00045151","2014-06-05","35.6181","-119.6892","87.8","LOST HILLS, CA US","    0",",,7,0700",,,,,,,,
"USC00045151","2014-06-06","35.6181","-119.6892","87.8","LOST HILLS, CA US","    0",",,7,0700",,,,,,,,
"USC00045151","2014-06-07","35.6181","-119.6892","87.8","LOST HILLS, CA US","    0",",,7,0700",,,,,,,,
"USC00045151","2014-06-08","35.6181","-119.6892","87.8","LOST HILLS, CA US","    0",",,7,0700",,,,,,,,
"USC00045151","2014-06-09","35.6181","-119.6892","87.8","LOST HILLS, CA US","    0",",,7,0700",,,,,,,,
"USC00045151","2014-06-10","35.6181","-119.6892","87.8","LOST HILLS, CA US","    0",",,7,0700",,,,,,,,
"USC00045151","2014-06-11","35.6181","-119.6892","87.8","LOST HILLS, CA US","    0",",,7,0700",,,,,,,,
"USC00045151","2014-06-12","35.6181","-119.6892","87.8","LOST HILLS, CA US","    0",",,7,0700",,,,,,,,
"USC00045151","2014-06-13","35.6181","-119.6892","87.8","LOST HILLS, CA US","    0",",,7,0700",,,,,,,,
"USC00045151","2014-06-14","35.6181","-119.6892","87.8","LOST HILLS, CA US","    0",",,7,0700",,,,,,,,
"USC00045151","2014-06-15","35.6181","-119.6892","87.8","LOST HILLS, CA US","    0",",,7,0700",,,,,,,,
"USC00045151","2014-06-16","35.6181","-119.6892","87.8","LOST HILLS, CA US","    0",",,7,0700",,,,,,,,
"USC00045151","2014-06-17","35.6181","-119.6892","87.8","LOST HILLS, CA US","    0",",,7,0700",,,,,,,,
"USC00045151","2014-06-18","35.6181","-119.6892","87.8","LOST HILLS, CA US","    0",",,7,0700",,,,,,,,
"USC00045151","2014-06-19","35.6181","-119.6892","87.8","LOST HILLS, CA US","    0",",,7,0700",,,,,,,,
"USC00045151","2014-06-20","35.6181","-119.6892","87.8","LOST HILLS, CA US","    0",",,7,0700",,,,,,,,
"USC00045151","2014-06-21","35.6181","-119.6892","87.8","LOST HILLS, CA US","    0",",,7,0700",,,,,,,,
"USC00045151","2014-06-22","35.6181","-119.6892","87.8","LOST HILLS, CA US","    0",",,7,0700",,,,,,,,
"USC00045151","2014-06-23","35.6181","-119.6892","87.8","LOST HILLS, CA US","    0",",,7,0700",,,,,,,,
"USC00045151","2014-06-24","35.6181","-119.6892","87.8","LOST HILLS, CA US","    0",",,7,0700",,,,,,,,
"USC00045151","2014-06-25","35.6181","-119.6892","87.8","LOST HILLS, CA US","    0",",,7,0700",,,,,,,,
"USC00045151","2014-06-26","35.6181","-119.6892","87.8","LOST HILLS, CA US","    0",",,7,0700",,,,,,,,
"USC00045151","2014-06-27","35.6181","-119.6892","87.8","LOST HILLS, CA US","    0",",,7,0700",,,,,,,,
"USC00045151","2014-06-28","35.6181","-119.6892","87.8","LOST HILLS, CA US","    0",",,7,0700",,,,,,,,
"USC00045151","2014-06-29","35.6181","-119.6892","87.8","LOST HILLS, CA US","    0",",,7,0700",,,,,,,,
"USC00045151","2014-06-30","35.6181","-119.6892","87.8","LOST HILLS, CA US","    0",",,7,0700",,,,,,,,
"USC00045151","2014-07-01","35.6181","-119.6892","87.8","LOST HILLS, CA US","    0",",,7,0700",,,,,,,,
"USC00045151","2014-07-02","35.6181","-119.6892","87.8","LOST HILLS, CA US","    0",",,7,0700",,,,,,,,
"USC00045151","2014-07-03","35.6181","-119.6892","87.8","LOST HILLS, CA US","    0",",,7,0700",,,,,,,,
"USC00045151","2014-07-04","35.6181","-119.6892","87.8","LOST HILLS, CA US","    0",",,7,0700",,,,,,,,
"USC00045151","2014-07-05","35.6181","-119.6892","87.8","LOST HILLS, CA US","    0",",,7,0700",,,,,,,,
"USC00045151","2014-07-06","35.6181","-119.6892","87.8","LOST HILLS, CA US","    0",",,7,0700",,,,,,,,
"USC00045151","2014-07-07","35.6181","-119.6892","87.8","LOST HILLS, CA US","    0",",,7,0700",,,,,,,,
"USC00045151","2014-07-08","35.6181","-119.6892","87.8","LOST HILLS, CA US","    0",",,7,0700",,,,,,,,
"USC00045151","2014-07-09","35.6181","-119.6892","87.8","LOST HILLS, CA US","    0",",,7,0700",,,,,,,,
"USC00045151","2014-07-10","35.6181","-119.6892","87.8","LOST HILLS, CA US","    0",",,7,0700",,,,,,,,
"USC00045151","2014-07-11","35.6181","-119.6892","87.8","LOST HILLS, CA US","    0",",,7,0700",,,,,,,,
"USC00045151","2014-07-12","35.6181","-119.6892","87.8","LOST HILLS, CA US","    0",",,7,0700",,,,,,,,
"USC00045151","2014-07-13","35.6181","-119.6892","87.8","LOST HILLS, CA US","    0",",,7,0700",,,,,,,,
"USC00045151","2014-07-14","35.6181","-119.6892","87.8","LOST HILLS, CA US","    0",",,7,0700",,,,,,,,
"USC00045151","2014-07-15","35.6181","-119.6892","87.8","LOST HILLS, CA US","    0",",,7,0700",,,,,,,,
"USC00045151","2014-07-16","35.6181","-119.6892","87.8","LOST HILLS, CA US","    0",",,7,0700",,,,,,,,
"USC00045151","2014-07-17","35.6181","-119.6892","87.8","LOST HILLS, CA US","    0",",,7,0700",,,,,,,,
"USC00045151","2014-07-18","35.6181","-119.6892","87.8","LOST HILLS, CA US","    0",",,7,0700",,,,,,,,
"USC00045151","2014-07-19","35.6181","-119.6892","87.8","LOST HILLS, CA US","    0",",,7,0700",,,,,,,,
"USC00045151","2014-07-20","35.6181","-119.6892","87.8","LOST HILLS, CA US","    0",",,7,0700",,,,,,,,
"USC00045151","2014-07-21","35.6181","-119.6892","87.8","LOST HILLS, CA US","    0",",,7,0700",,,,,,,,
"USC00045151","2014-07-22","35.6181","-119.6892","87.8","LOST HILLS, CA US","    0",",,7,0700",,,,,,,,
"USC00045151","2014-07-23","35.6181","-119.6892","87.8","LOST HILLS, CA US","    0",",,7,0700",,,,,,,,
"USC00045151","2014-07-24","35.6181","-119.6892","87.8","LOST HILLS, CA US","    0",",,7,0700",,,,,,,,
"USC00045151","2014-07-25","35.6181","-119.6892","87.8","LOST HILLS, CA US","    0",",,7,0700",,,,,,,,
"USC00045151","2014-07-26","35.6181","-119.6892","87.8","LOST HILLS, CA US","    0",",,7,0700",,,,,,,,
"USC00045151","2014-07-27","35.6181","-119.6892","87.8","LOST HILLS, CA US","    0",",,7,0700",,,,,,,,
"USC00045151","2014-07-28","35.6181","-119.6892","87.8","LOST HILLS, CA US","    0",",,7,0700",,,,,,,,
"USC00045151","2014-07-29","35.6181","-119.6892","87.8","LOST HILLS, CA US","    0",",,7,0700",,,,,,,,
"USC00045151","2014-07-30","35.6181","-119.6892","87.8","LOST HILLS, CA US","    0",",,7,0700",,,,,,,,
"USC00045151","2014-07-31","35.6181","-119.6892","87.8","LOST HILLS, CA US","    0",",,7,0700",,,,,,,,
"USC00045151","2014-08-01","35.6181","-119.6892","87.8","LOST HILLS, CA US","    0",",,7,0700",,,,,,,,
"USC00045151","2014-08-02","35.6181","-119.6892","87.8","LOST HILLS, CA US","    0",",,7,0700",,,,,,,,
"USC00045151","2014-08-03","35.6181","-119.6892","87.8","LOST HILLS, CA US","    0",",,7,0700",,,,,,,,
"USC00045151","2014-08-04","35.6181","-119.6892","87.8","LOST HILLS, CA US","    0",",,7,0700",,,,,,,,
"USC00045151","2014-08-05","35.6181","-119.6892","87.8","LOST HILLS, CA US","    0",",,7,0700",,,,,,,,
"USC00045151","2014-08-06","35.6181","-119.6892","87.8","LOST HILLS, CA US","    0",",,7,0700",,,,,,,,
"USC00045151","2014-08-07","35.6181","-119.6892","87.8","LOST HILLS, CA US","    0",",,7,0700",,,,,,,,
"USC00045151","2014-08-08","35.6181","-119.6892","87.8","LOST HILLS, CA US","    0",",,7,0700",,,,,,,,
"USC00045151","2014-08-09","35.6181","-119.6892","87.8","LOST HILLS, CA US","    0",",,7,0700",,,,,,,,
"USC00045151","2014-08-10","35.6181","-119.6892","87.8","LOST HILLS, CA US","    0",",,7,0700",,,,,,,,
"USC00045151","2014-08-11","35.6181","-119.6892","87.8","LOST HILLS, CA US","    0",",,7,0700",,,,,,,,
"USC00045151","2014-08-12","35.6181","-119.6892","87.8","LOST HILLS, CA US","    0",",,7,0700",,,,,,,,
"USC00045151","2014-08-13","35.6181","-119.6892","87.8","LOST HILLS, CA US","    0",",,7,0700",,,,,,,,
"USC00045151","2014-08-14","35.6181","-119.6892","87.8","LOST HILLS, CA US","    0",",,7,0700",,,,,,,,
"USC00045151","2014-08-15","35.6181","-119.6892","87.8","LOST HILLS, CA US","    0",",,7,0700",,,,,,,,
"USC00045151","2014-08-16","35.6181","-119.6892","87.8","LOST HILLS, CA US","    0",",,7,0700",,,,,,,,
"USC00045151","2014-08-17","35.6181","-119.6892","87.8","LOST HILLS, CA US","    0",",,7,0700",,,,,,,,
"USC00045151","2014-08-18","35.6181","-119.6892","87.8","LOST HILLS, CA US","    0",",,7,0700",,,,,,,,
"USC00045151","2014-08-19","35.6181","-119.6892","87.8","LOST HILLS, CA US","    0",",,7,0700",,,,,,,,
"USC00045151","2014-08-20","35.6181","-119.6892","87.8","LOST HILLS, CA US","    0",",,7,0700",,,,,,,,
"USC00045151","2014-08-21","35.6181","-119.6892","87.8","LOST HILLS, CA US","    0",",,7,0700",,,,,,,,
"USC00045151","2014-08-22","35.6181","-119.6892","87.8","LOST HILLS, CA US","    0",",,7,0700",,,,,,,,
"USC00045151","2014-08-23","35.6181","-119.6892","87.8","LOST HILLS, CA US","    0",",,7,0700",,,,,,,,
"USC00045151","2014-08-24","35.6181","-119.6892","87.8","LOST HILLS, CA US","    0",",,7,0700",,,,,,,,
"USC00045151","2014-08-25","35.6181","-119.6892","87.8","LOST HILLS, CA US","    0",",,7,0700",,,,,,,,
"USC00045151","2014-08-26","35.6181","-119.6892","87.8","LOST HILLS, CA US","    0",",,7,0700",,,,,,,,
"USC00045151","2014-08-27","35.6181","-119.6892","87.8","LOST HILLS, CA US","    0",",,7,0700",,,,,,,,
"USC00045151","2014-08-28","35.6181","-119.6892","87.8","LOST HILLS, CA US","    0",",,7,0700",,,,,,,,
"USC00045151","2014-08-29","35.6181","-119.6892","87.8","LOST HILLS, CA US","    0",",,7,0700",,,,,,,,
"USC00045151","2014-08-30","35.6181","-119.6892","87.8","LOST HILLS, CA US","    0",",,7,0700",,,,,,,,
"USC00045151","2014-08-31","35.6181","-119.6892","87.8","LOST HILLS, CA US","    0",",,7,0700",,,,,,,,
"USC00045151","2014-12-01","35.6181","-119.6892","87.8","LOST HILLS, CA US","    0",",,7,0700",,,,,,,,
"USC00045151","2014-12-02","35.6181","-119.6892","87.8","LOST HILLS, CA US","   64",",,7,0700",,,,,,,,
"USC00045151","2014-12-03","35.6181","-119.6892","87.8","LOST HILLS, CA US","   25",",,7,0700",,,,,,,,
"USC00045151","2014-12-04","35.6181","-119.6892","87.8","LOST HILLS, CA US","    0",",,7,0700",,,,,,,,
"USC00045151","2014-12-05","35.6181","-119.6892","87.8","LOST HILLS, CA US","    0",",,7,0700",,,,,,,,
"USC00045151","2014-12-06","35.6181","-119.6892","87.8","LOST HILLS, CA US","    0",",,7,0700",,,,,,,,
"USC00045151","2014-12-07","35.6181","-119.6892","87.8","LOST HILLS, CA US","    0","T,,7,0700",,,,,,,,
"USC00045151","2014-12-08","35.6181","-119.6892","87.8","LOST HILLS, CA US","    0","T,,7,0700",,,,,,,,
"USC00045151","2014-12-09","35.6181","-119.6892","87.8","LOST HILLS, CA US","    0","T,,7,0700",,,,,,,,
"USC00045151","2014-12-10","35.6181","-119.6892","87.8","LOST HILLS, CA US","    0",",,7,0700",,,,,,,,
"USC00045151","2014-12-11","35.6181","-119.6892","87.8","LOST HILLS, CA US","  140",",,7,0700",,,,,,,,
"USC00045151","2014-12-12","35.6181","-119.6892","87.8","LOST HILLS, CA US","   64",",,7,0700",,,,,,,,
"USC00045151","2014-12-13","35.6181","-119.6892","87.8","LOST HILLS, CA US","    0","T,,7,0700",,,,,,,,
"USC00045151","2014-12-14","35.6181","-119.6892","87.8","LOST HILLS, CA US","    0",",,7,0700",,,,,,,,
"USC00045151","2014-12-15","35.6181","-119.6892","87.8","LOST HILLS, CA US","    0",",,7,0700",,,,,,,,
"USC00045151","2014-12-16","35.6181","-119.6892","87.8","LOST HILLS, CA US","    0",",,7,0700",,,,,,,,
"USC00045151","2014-12-17","35.6181","-119.6892","87.8","LOST HILLS, CA US","   13",",,7,0700",,,,,,,,
"USC00045151","2014-12-18","35.6181","-119.6892","87.8","LOST HILLS, CA US","   46",",,7,0700",,,,,,,,
"USC00045151","2014-12-19","35.6181","-119.6892","87.8","LOST HILLS, CA US","    0",",,7,0700",,,,,,,,
"USC00045151","2014-12-20","35.6181","-119.6892","87.8","LOST HILLS, CA US","    0",",,7,0700",,,,,,,,
"USC00045151","2014-12-21","35.6181","-119.6892","87.8","LOST HILLS, CA US","    0",",,7,0700",,,,,,,,
"USC00045151","2014-12-22","35.6181","-119.6892","87.8","LOST HILLS, CA US","    0",",,7,0700",,,,,,,,
"USC00045151","2014-12-23","35.6181","-119.6892","87.8","LOST HILLS, CA US","    0",",,7,0700",,,,,,,,
"USC00045151","2014-12-24","35.6181","-119.6892","87.8","LOST HILLS, CA US","    0",",,7,0700",,,,,,,,
"USC00045151","2014-12-25","35.6181","-119.6892","87.8","LOST HILLS, CA US","    0",",,7,0700",,,,,,,,
"USC00045151","2014-12-26","35.6181","-119.6892","87.8","LOST HILLS, CA US","    0",",,7,0700",,,,,,,,
"USC00045151","2014-12-27","35.6181","-119.6892","87.8","LOST HILLS, CA US","    0",",,7,0700",,,,,,,,
"USC00045151","2014-12-28","35.6181","-119.6892","87.8","LOST HILLS, CA US","    0",",,7,0700",,,,,,,,
"USC00045151","2014-12-29","35.6181","-119.6892","87.8","LOST HILLS, CA US","    0",",,7,0700",,,,,,,,
"USC00045151","2014-12-30","35.6181","-119.6892","87.8","LOST HILLS, CA US","    0",",,7,0700",,,,,,,,
"USC00045151","2014-12-31","35.6181","-119.6892","87.8","LOST HILLS, CA US","    0",",,7,0700",,,,,,,,
"USC00045151","2015-01-01","35.6181","-119.6892","87.8","LOST HILLS, CA US","    0",",,7,0700",,,,,,,,
"USC00045151","2015-01-02","35.6181","-119.6892","87.8","LOST HILLS, CA US","    0",",,7,0700",,,,,,,,
"USC00045151","2015-01-03","35.6181","-119.6892","87.8","LOST HILLS, CA US","    0",",,7,0700",,,,,,,,
"USC00045151","2015-01-04","35.6181","-119.6892","87.8","LOST HILLS, CA US","    0",",,7,0700",,,,,,,,
"USC00045151","2015-01-05","35.6181","-119.6892","87.8","LOST HILLS, CA US","    0",",,7,0700",,,,,,,,
"USC00045151","2015-01-06","35.6181","-119.6892","87.8","LOST HILLS, CA US","    0",",,7,0700",,,,,,,,
"USC00045151","2015-01-07","35.6181","-119.6892","87.8","LOST HILLS, CA US","    0",",,7,0700",,,,,,,,
"USC00045151","2015-01-08","35.6181","-119.6892","87.8","LOST HILLS, CA US","    0",",,7,0700",,,,,,,,
"USC00045151","2015-01-09","35.6181","-119.6892","87.8","LOST HILLS, CA US","    0",",,7,0700",,,,,,,,
"USC00045151","2015-01-10","35.6181","-119.6892","87.8","LOST HILLS, CA US","   25",",,7,0700",,,,,,,,
"USC00045151","2015-01-11","35.6181","-119.6892","87.8","LOST HILLS, CA US","    0",",,7,0700",,,,,,,,
"USC00045151","2015-01-12","35.6181","-119.6892","87.8","LOST HILLS, CA US","    0",",,7,0700",,,,,,,,
"USC00045151","2015-01-13","35.6181","-119.6892","87.8","LOST HILLS, CA US","    0","T,,7,0700",,,,,,,,
"USC00045151","2015-01-14","35.6181","-119.6892","87.8","LOST HILLS, CA US","    0","T,,7,0700",,,,,,,,
"USC00045151","2015-01-15","35.6181","-119.6892","87.8","LOST HILLS, CA US","    0","T,,7,0700",,,,,,,,
"USC00045151","2015-01-16","35.6181","-119.6892","87.8","LOST HILLS, CA US","    0",",,7,0700",,,,,,,,
"USC00045151","2015-01-17","35.6181","-119.6892","87.8","LOST HILLS, CA US","    0",",,7,0700",,,,,,,,
"USC00045151","2015-01-18","35.6181","-119.6892","87.8","LOST HILLS, CA US","    0",",,7,0700",,,,,,,,
"USC00045151","2015-01-19","35.6181","-119.6892","87.8","LOST HILLS, CA US","    0",",,7,0700",,,,,,,,
"USC00045151","2015-01-20","35.6181","-119.6892","87.8","LOST HILLS, CA US","    0",",,7,0700",,,,,,,,
"USC00045151","2015-01-21","35.6181","-119.6892","87.8","LOST HILLS, CA US","    0",",,7,0700",,,,,,,,
"USC00045151","2015-01-22","35.6181","-119.6892","87.8","LOST HILLS, CA US","    0",",,7,0700",,,,,,,,
"USC00045151","2015-01-23","35.6181","-119.6892","87.8","LOST HILLS, CA US","    0",",,7,0700",,,,,,,,
"USC00045151","2015-01-24","35.6181","-119.6892","87.8","LOST HILLS, CA US","    0",",,7,0700",,,,,,,,
"USC00045151","2015-01-25","35.6181","-119.6892","87.8","LOST HILLS, CA US","    0",",,7,0700",,,,,,,,
"USC00045151","2015-01-26","35.6181","-119.6892","87.8","LOST HILLS, CA US","    0",",,7,0700",,,,,,,,
"USC00045151","2015-01-27","35.6181","-119.6892","87.8","LOST HILLS, CA US","    0",",,7,0700",,,,,,,,
"USC00045151","2015-01-28","35.6181","-119.6892","87.8","LOST HILLS, CA US","    0",",,7,0700",,,,,,,,
"USC00045151","2015-01-29","35.6181","-119.6892","87.8","LOST HILLS, CA US","    0",",,7,0700",,,,,,,,
"USC00045151","2015-01-30","35.6181","-119.6892","87.8","LOST HILLS, CA US","    0",",,7,0700",,,,,,,,
"USC00045151","2015-01-31","35.6181","-119.6892","87.8","LOST HILLS, CA US","    0",",,7,0700",,,,,,,,
"USC00045151","2015-02-01","35.6181","-119.6892","87.8","LOST HILLS, CA US","    0",",,7,0700",,,,,,,,
"USC00045151","2015-02-02","35.6181","-119.6892","87.8","LOST HILLS, CA US","    0",",,7,0700",,,,,,,,
"USC00045151","2015-02-03","35.6181","-119.6892","87.8","LOST HILLS, CA US","    0",",,7,0700",,,,,,,,
"USC00045151","2015-02-04","35.6181","-119.6892","87.8","LOST HILLS, CA US","    0",",,7,0700",,,,,,,,
"USC00045151","2015-02-05","35.6181","-119.6892","87.8","LOST HILLS, CA US","    0",",,7,0700",,,,,,,,
"USC00045151","2015-02-06","35.6181","-119.6892","87.8","LOST HILLS, CA US","    0",",,7,0700",,,,,,,,
"USC00045151","2015-02-07","35.6181","-119.6892","87.8","LOST HILLS, CA US","    0",",,7,0700",,,,,,,,
"USC00045151","2015-02-08","35.6181","-119.6892","87.8","LOST HILLS, CA US","    0",",,7,0700",,,,,,,,
"USC00045151","2015-02-09","35.6181","-119.6892","87.8","LOST HILLS, CA US","    0",",,7,0700",,,,,,,,
"USC00045151","2015-02-10","35.6181","-119.6892","87.8","LOST HILLS, CA US","    0",",,7,0700",,,,,,,,
"USC00045151","2015-02-11","35.6181","-119.6892","87.8","LOST HILLS, CA US","    0",",,7,0700",,,,,,,,
"USC00045151","2015-02-12","35.6181","-119.6892","87.8","LOST HILLS, CA US","    0",",,7,0700",,,,,,,,
"USC00045151","2015-02-13","35.6181","-119.6892","87.8","LOST HILLS, CA US","    0",",,7,0700",,,,,,,,
"USC00045151","2015-02-14","35.6181","-119.6892","87.8","LOST HILLS, CA US","    0",",,7,0700",,,,,,,,
"USC00045151","2015-02-15","35.6181","-119.6892","87.8","LOST HILLS, CA US","    0",",,7,0700",,,,,,,,
"USC00045151","2015-02-16","35.6181","-119.6892","87.8","LOST HILLS, CA US","    0",",,7,0700",,,,,,,,
"USC00045151","2015-02-17","35.6181","-119.6892","87.8","LOST HILLS, CA US","    0",",,7,0700",,,,,,,,
"USC00045151","2015-02-18","35.6181","-119.6892","87.8","LOST HILLS, CA US","    0",",,7,0700",,,,,,,,
"USC00045151","2015-02-19","35.6181","-119.6892","87.8","LOST HILLS, CA US","    0",",,7,0700",,,,,,,,
"USC00045151","2015-02-20","35.6181","-119.6892","87.8","LOST HILLS, CA US","    0",",,7,0700",,,,,,,,
"USC00045151","2015-02-21","35.6181","-119.6892","87.8","LOST HILLS, CA US","    0",",,7,0700",,,,,,,,
"USC00045151","2015-02-22","35.6181","-119.6892","87.8","LOST HILLS, CA US","    0",",,7,0700",,,,,,,,
"USC00045151","2015-02-23","35.6181","-119.6892","87.8","LOST HILLS, CA US","    0",",,7,0700",,,,,,,,
"USC00045151","2015-02-24","35.6181","-119.6892","87.8","LOST HILLS, CA US","    0",",,7,0700",,,,,,,,
"USC00045151","2015-02-25","35.6181","-119.6892","87.8","LOST HILLS, CA US","    0",",,7,0700",,,,,,,,
"USC00045151","2015-02-26","35.6181","-119.6892","87.8","LOST HILLS, CA US","    0",",,7,0700",,,,,,,,
"USC00045151","2015-02-27","35.6181","-119.6892","87.8","LOST HILLS, CA US","    0",",,7,0700",,,,,,,,
"USC00045151","2015-02-28","35.6181","-119.6892","87.8","LOST HILLS, CA US","    0",",,7,0700",,,,,,,,
"USC00045151","2015-10-01","35.6181","-119.6892","87.8","LOST HILLS, CA US","    0",",,7,0700",,,,,,,,
"USC00045151","2015-10-02","35.6181","-119.6892","87.8","LOST HILLS, CA US","    0",",,7,0700",,,,,,,,
"USC00045151","2015-10-03","35.6181","-119.6892","87.8","LOST HILLS, CA US","    0",",,7,0700",,,,,,,,
"USC00045151","2015-10-04","35.6181","-119.6892","87.8","LOST HILLS, CA US","    0",",,7,0700",,,,,,,,
"USC00045151","2015-10-05","35.6181","-119.6892","87.8","LOST HILLS, CA US","    0",",,7,0700",,,,,,,,
"USC00045151","2015-10-06","35.6181","-119.6892","87.8","LOST HILLS, CA US","    0",",,7,0700",,,,,,,,
"USC00045151","2015-10-07","35.6181","-119.6892","87.8","LOST HILLS, CA US","    0",",,7,0700",,,,,,,,
"USC00045151","2015-10-08","35.6181","-119.6892","87.8","LOST HILLS, CA US","    0",",,7,0700",,,,,,,,
"USC00045151","2015-10-09","35.6181","-119.6892","87.8","LOST HILLS, CA US","    0",",,7,0700",,,,,,,,
"USC00045151","2015-10-10","35.6181","-119.6892","87.8","LOST HILLS, CA US","    0",",,7,0700",,,,,,,,
"USC00045151","2015-10-11","35.6181","-119.6892","87.8","LOST HILLS, CA US","    0",",,7,0700",,,,,,,,
"USC00045151","2015-10-12","35.6181","-119.6892","87.8","LOST HILLS, CA US","    0",",,7,0700",,,,,,,,
"USC00045151","2015-10-13","35.6181","-119.6892","87.8","LOST HILLS, CA US","    0",",,7,0700",,,,,,,,
"USC00045151","2015-10-14","35.6181","-119.6892","87.8","LOST HILLS, CA US","  152",",,7,0700",,,,,,,,
"USC00045151","2015-10-15","35.6181","-119.6892","87.8","LOST HILLS, CA US","    0",",,7,0700",,,,,,,,
"USC00045151","2015-10-16","35.6181","-119.6892","87.8","LOST HILLS, CA US","    0",",,7,0700",,,,,,,,
"USC00045151","2015-10-17","35.6181","-119.6892","87.8","LOST HILLS, CA US","    0",",,7,0700",,,,,,,,
"USC00045151","2015-10-18","35.6181","-119.6892","87.8","LOST HILLS, CA US","    0",",,7,0700",,,,,,,,
"USC00045151","2015-10-19","35.6181","-119.6892","87.8","LOST HILLS, CA US","    0",",,7,0700",,,,,,,,
"USC00045151","2015-10-20","35.6181","-119.6892","87.8","LOST HILLS, CA US","    0",",,7,0700",,,,,,,,
"USC00045151","2015-10-21","35.6181","-119.6892","87.8","LOST HILLS, CA US","    0",",,7,0700",,,,,,,,
"USC00045151","2015-10-22","35.6181","-119.6892","87.8","LOST HILLS, CA US","    0",",,7,0700",,,,,,,,
"USC00045151","2015-10-23","35.6181","-119.6892","87.8","LOST HILLS, CA US","    0",",,7,0700",,,,,,,,
"USC00045151","2015-10-24","35.6181","-119.6892","87.8","LOST HILLS, CA US","    0",",,7,0700",,,,,,,,
"USC00045151","2015-10-25","35.6181","-119.6892","87.8","LOST HILLS, CA US","    0",",,7,0700",,,,,,,,
"USC00045151","2015-10-26","35.6181","-119.6892","87.8","LOST HILLS, CA US","    0",",,7,0700",,,,,,,,
"USC00045151","2015-10-27","35.6181","-119.6892","87.8","LOST HILLS, CA US","    0",",,7,0700",,,,,,,,
"USC00045151","2015-10-28","35.6181","-119.6892","87.8","LOST HILLS, CA US","    0",",,7,0700",,,,,,,,
"USC00045151","2015-10-29","35.6181","-119.6892","87.8","LOST HILLS, CA US","    0",",,7,0700",,,,,,,,
"USC00045151","2015-10-30","35.6181","-119.6892","87.8","LOST HILLS, CA US","    0",",,7,0700",,,,,,,,
"USC00045151","2015-10-31","35.6181","-119.6892","87.8","LOST HILLS, CA US","    0",",,7,0700",,,,,,,,
"USC00045151","2015-11-01","35.6181","-119.6892","87.8","LOST HILLS, CA US","    0",",,7,0700",,,,,,,,
"USC00045151","2015-11-02","35.6181","-119.6892","87.8","LOST HILLS, CA US","   76",",,7,0700",,,,,,,,
"USC00045151","2015-11-03","35.6181","-119.6892","87.8","LOST HILLS, CA US","    0",",,7,0700",,,,,,,,
"USC00045151","2015-11-04","35.6181","-119.6892","87.8","LOST HILLS, CA US","    0",",,7,0700",,,,,,,,
"USC00045151","2015-11-05","35.6181","-119.6892","87.8","LOST HILLS, CA US","    0",",,7,0700",,,,,,,,
"USC00045151","2015-11-06","35.6181","-119.6892","87.8","LOST HILLS, CA US","    0",",,7,0700",,,,,,,,
"USC00045151","2015-11-07","35.6181","-119.6892","87.8","LOST HILLS, CA US","    0",",,7,0700",,,,,,,,
"USC00045151","2015-11-08","35.6181","-119.6892","87.8","LOST HILLS, CA US","    0",",,7,0700",,,,,,,,
"USC00045151","2015-11-09","35.6181","-119.6892","87.8","LOST HILLS, CA US","   33",",,7,0700",,,,,,,,
"USC00045151","2015-11-10","35.6181","-119.6892","87.8","LOST HILLS, CA US","    0",",,7,0700",,,,,,,,
"USC00045151","2015-11-11","35.6181","-119.6892","87.8","LOST HILLS, CA US","    0",",,7,0700",,,,,,,,
"USC00045151","2015-11-12","35.6181","-119.6892","87.8","LOST HILLS, CA US","    0",",,7,0700",,,,,,,,
"USC00045151","2015-11-13","35.6181","-119.6892","87.8","LOST HILLS, CA US","    0",",,7,0700",,,,,,,,
"USC00045151","2015-11-14","35.6181","-119.6892","87.8","LOST HILLS, CA US","    0",",,7,0700",,,,,,,,
"USC00045151","2015-11-15","35.6181","-119.6892","87.8","LOST HILLS, CA US","    0",",,7,0700",,,,,,,,
"USC00045151","2015-11-16","35.6181","-119.6892","87.8","LOST HILLS, CA US","   25",",,7,0700",,,,,,,,
"USC00045151","2015-11-17","35.6181","-119.6892","87.8","LOST HILLS, CA US","    0",",,7,0700",,,,,,,,
"USC00045151","2015-11-18","35.6181","-119.6892","87.8","LOST HILLS, CA US","    0",",,7,0700",,,,,,,,
"USC00045151","2015-11-19","35.6181","-119.6892","87.8","LOST HILLS, CA US","    0",",,7,0700",,,,,,,,
"USC00045151","2015-11-20","35.6181","-119.6892","87.8","LOST HILLS, CA US","    0",",,7,0700",,,,,,,,
"USC00045151","2015-11-21","35.6181","-119.6892","87.8","LOST HILLS, CA US","    0",",,7,0700",,,,,,,,
"USC00045151","2015-11-22","35.6181","-119.6892","87.8","LOST HILLS, CA US","    0",",,7,0700",,,,,,,,
"USC00045151","2015-11-23","35.6181","-119.6892","87.8","LOST HILLS, CA US","    0",",,7,0700",,,,,,,,
"USC00045151","2015-11-24","35.6181","-119.6892","87.8","LOST HILLS, CA US","    0",",,7,0700",,,,,,,,
"USC00045151","2015-11-25","35.6181","-119.6892","87.8","LOST HILLS, CA US","   18",",,7,0700",,,,,,,,
"USC00045151","2015-11-26","35.6181","-119.6892","87.8","LOST HILLS, CA US","    0",",,7,0700",,,,,,,,
"USC00045151","2015-11-27","35.6181","-119.6892","87.8","LOST HILLS, CA US","    0",",,7,0700",,,,,,,,
"USC00045151","2015-11-28","35.6181","-119.6892","87.8","LOST HILLS, CA US","    0",",,7,0700",,,,,,,,
"USC00045151","2015-11-29","35.6181","-119.6892","87.8","LOST HILLS, CA US","    0",",,7,0700",,,,,,,,
"USC00045151","2015-11-30","35.6181","-119.6892","87.8","LOST HILLS, CA US","    0",",,7,0700",,,,,,,,
"USC00045151","2015-12-01","35.6181","-119.6892","87.8","LOST HILLS, CA US","    0",",,7,0700",,,,,,,,
"USC00045151","2015-12-02","35.6181","-119.6892","87.8","LOST HILLS, CA US","    0",",,7,0700",,,,,,,,
"USC00045151","2015-12-03","35.6181","-119.6892","87.8","LOST HILLS, CA US","    0",",,7,0700",,,,,,,,
"USC00045151","2015-12-04","35.6181","-119.6892","87.8","LOST HILLS, CA US","    0",",,7,0700",,,,,,,,
"USC00045151","2015-12-05","35.6181","-119.6892","87.8","LOST HILLS, CA US","    0",",,7,0700",,,,,,,,
"USC00045151","2015-12-06","35.6181","-119.6892","87.8","LOST HILLS, CA US","    0",",,7,0700",,,,,,,,
"USC00045151","2015-12-07","35.6181","-119.6892","87.8","LOST HILLS, CA US","    0",",,7,0700",,,,,,,,
"USC00045151","2015-12-08","35.6181","-119.6892","87.8","LOST HILLS, CA US","    0",",,7,0700",,,,,,,,
"USC00045151","2015-12-09","35.6181","-119.6892","87.8","LOST HILLS, CA US","    0",",,7,0700",,,,,,,,
"USC00045151","2015-12-10","35.6181","-119.6892","87.8","LOST HILLS, CA US","    0",",,7,0700",,,,,,,,
"USC00045151","2015-12-11","35.6181","-119.6892","87.8","LOST HILLS, CA US","   13",",,7,0700",,,,,,,,
"USC00045151","2015-12-12","35.6181","-119.6892","87.8","LOST HILLS, CA US","    0",",,7,0700",,,,,,,,
"USC00045151","2015-12-13","35.6181","-119.6892","87.8","LOST HILLS, CA US","    0",",,7,0700",,,,,,,,
"USC00045151","2015-12-14","35.6181","-119.6892","87.8","LOST HILLS, CA US","   25",",,7,0700",,,,,,,,
"USC00045151","2015-12-15","35.6181","-119.6892","87.8","LOST HILLS, CA US","    0",",,7,0700",,,,,,,,
"USC00045151","2015-12-16","35.6181","-119.6892","87.8","LOST HILLS, CA US","    0",",,7,0700",,,,,,,,
"USC00045151","2015-12-17","35.6181","-119.6892","87.8","LOST HILLS, CA US","    0",",,7,0700",,,,,,,,
"USC00045151","2015-12-18","35.6181","-119.6892","87.8","LOST HILLS, CA US","    0",",,7,0700",,,,,,,,
"USC00045151","2015-12-19","35.6181","-119.6892","87.8","LOST HILLS, CA US","    0",",,7,0700",,,,,,,,
"USC00045151","2015-12-20","35.6181","-119.6892","87.8","LOST HILLS, CA US","  132",",,7,0700",,,,,,,,
"USC00045151","2015-12-21","35.6181","-119.6892","87.8","LOST HILLS, CA US","    0",",,7,0700",,,,,,,,
"USC00045151","2015-12-22","35.6181","-119.6892","87.8","LOST HILLS, CA US","    3",",,7,0700",,,,,,,,
"USC00045151","2015-12-23","35.6181","-119.6892","87.8","LOST HILLS, CA US","    0",",,7,0700",,,,,,,,
"USC00045151","2015-12-24","35.6181","-119.6892","87.8","LOST HILLS, CA US","    8",",,7,0700",,,,,,,,
"USC00045151","2015-12-25","35.6181","-119.6892","87.8","LOST HILLS, CA US","    0",",,7,0700",,,,,,,,
"USC00045151","2015-12-26","35.6181","-119.6892","87.8","LOST HILLS, CA US","    0",",,7,0700",,,,,,,,
"USC00045151","2015-12-27","35.6181","-119.6892","87.8","LOST HILLS, CA US","    0",",,7,0700",,,,,,,,
"USC00045151","2015-12-28","35.6181","-119.6892","87.8","LOST HILLS, CA US","    0",",,7,0700",,,,,,,,
"USC00045151","2015-12-29","35.6181","-119.6892","87.8","LOST HILLS, CA US","    0",",,7,0700",,,,,,,,
"USC00045151","2015-12-30","35.6181","-119.6892","87.8","LOST HILLS, CA US","    0",",,7,0700",,,,,,,,
"USC00045151","2015-12-31","35.6181","-119.6892","87.8","LOST HILLS, CA US","    0",",,7,0700",,,,,,,,
"USC00045151","2016-01-01","35.6181","-119.6892","87.8","LOST HILLS, CA US","    0",",,7,0700",,,,,,,,
"USC00045151","2016-01-02","35.6181","-119.6892","87.8","LOST HILLS, CA US","    0",",,7,0700",,,,,,,,
"USC00045151","2016-01-03","35.6181","-119.6892","87.8","LOST HILLS, CA US","    0",",,7,0700",,,,,,,,
"USC00045151","2016-01-04","35.6181","-119.6892","87.8","LOST HILLS, CA US","    0",",,7,0700",,,,,,,,
"USC00045151","2016-01-05","35.6181","-119.6892","87.8","LOST HILLS, CA US","    0",",,7,0700",,,,,,,,
"USC00045151","2016-01-06","35.6181","-119.6892","87.8","LOST HILLS, CA US","   25",",,7,0700",,,,,,,,
"USC00045151","2016-01-07","35.6181","-119.6892","87.8","LOST HILLS, CA US","  114",",,7,0700",,,,,,,,
"USC00045151","2016-01-08","35.6181","-119.6892","87.8","LOST HILLS, CA US","    0",",,7,0700",,,,,,,,
"USC00045151","2016-01-09","35.6181","-119.6892","87.8","LOST HILLS, CA US","    0",",,7,0700",,,,,,,,
"USC00045151","2016-01-10","35.6181","-119.6892","87.8","LOST HILLS, CA US","    0",",,7,0700",,,,,,,,
"USC00045151","2016-01-11","35.6181","-119.6892","87.8","LOST HILLS, CA US","    0",",,7,0700",,,,,,,,
"USC00045151","2016-01-12","35.6181","-119.6892","87.8","LOST HILLS, CA US","    0",",,7,0700",,,,,,,,
"USC00045151","2016-01-13","35.6181","-119.6892","87.8","LOST HILLS, CA US","    0",",,7,0700",,,,,,,,
"USC00045151","2016-01-14","35.6181","-119.6892","87.8","LOST HILLS, CA US","    0",",,7,0700",,,,,,,,
"USC00045151","2016-01-15","35.6181","-119.6892","87.8","LOST HILLS, CA US","    0",",,7,0700",,,,,,,,
"USC00045151","2016-01-16","35.6181","-119.6892","87.8","LOST HILLS, CA US","   13",",,7,0700",,,,,,,,
"USC00045151","2016-01-17","35.6181","-119.6892","87.8","LOST HILLS, CA US","    0",",,7,0700",,,,,,,,
"USC00045151","2016-01-18","35.6181","-119.6892","87.8","LOST HILLS, CA US","    8",",,7,0700",,,,,,,,
"USC00045151","2016-01-19","35.6181","-119.6892","87.8","LOST HILLS, CA US","    0",",,7,0700",,,,,,,,
"USC00045151","2016-01-20","35.6181","-119.6892","87.8","LOST HILLS, CA US","   71",",,7,0700",,,,,,,,
"USC00045151","2016-01-21","35.6181","-119.6892","87.8","LOST HILLS, CA US","    0",",,7,0700",,,,,,,,
"USC00045151","2016-01-22","35.6181","-119.6892","87.8","LOST HILLS, CA US","   56",",,7,0700",,,,,,,,
"USC00045151","2016-01-23","35.6181","-119.6892","87.8","LOST HILLS, CA US","    0",",,7,0700",,,,,,,,
"USC00045151","2016-01-24","35.6181","-119.6892","87.8","LOST HILLS, CA US","    0",",,7,0700",,,,,,,,
"USC00045151","2016-01-25","35.6181","-119.6892","87.8","LOST HILLS, CA US","    0",",,7,0700",,,,,,,,
"USC00045151","2016-01-26","35.6181","-119.6892","87.8","LOST HILLS, CA US","    0",",,7,0700",,,,,,,,
"USC00045151","2016-01-27","35.6181","-119.6892","87.8","LOST HILLS, CA US","    0",",,7,0700",,,,,,,,
"USC00045151","2016-01-28","35.6181","-119.6892","87.8","LOST HILLS, CA US","    0",",,7,0700",,,,,,,,
"USC00045151","2016-01-29","35.6181","-119.6892","87.8","LOST HILLS, CA US","    0",",,7,0700",,,,,,,,
"USC00045151","2016-01-30","35.6181","-119.6892","87.8","LOST HILLS, CA US","   91",",,7,0700",,,,,,,,
"USC00045151","2016-01-31","35.6181","-119.6892","87.8","LOST HILLS, CA US","  208",",,7,0700",,,,,,,,
"USC00045151","2016-02-01","35.6181","-119.6892","87.8","LOST HILLS, CA US","    0",",,7,0700",,,,,,,,
"USC00045151","2016-02-02","35.6181","-119.6892","87.8","LOST HILLS, CA US","    0",",,7,0700",,,,,,,,
"USC00045151","2016-02-03","35.6181","-119.6892","87.8","LOST HILLS, CA US","    0",",,7,0700",,,,,,,,
"USC00045151","2016-02-04","35.6181","-119.6892","87.8","LOST HILLS, CA US","    0",",,7,0700",,,,,,,,
"USC00045151","2016-02-05","35.6181","-119.6892","87.8","LOST HILLS, CA US","    0",",,7,0700",,,,,,,,
"USC00045151","2016-02-06","35.6181","-119.6892","87.8","LOST HILLS, CA US","    0",",,7,0700",,,,,,,,
"USC00045151","2016-02-07","35.6181","-119.6892","87.8","LOST HILLS, CA US","    0",",,7,0700",,,,,,,,
"USC00045151","2016-02-08","35.6181","-119.6892","87.8","LOST HILLS, CA US","    0",",,7,0700",,,,,,,,
"USC00045151","2016-02-09","35.6181","-119.6892","87.8","LOST HILLS, CA US","    0",",,7,0700",,,,,,,,
"USC00045151","2016-02-10","35.6181","-119.6892","87.8","LOST HILLS, CA US","    0",",,7,0700",,,,,,,,
"USC00045151","2016-02-11","35.6181","-119.6892","87.8","LOST HILLS, CA US","    0",",,7,0700",,,,,,,,
"USC00045151","2016-02-12","35.6181","-119.6892","87.8","LOST HILLS, CA US","    0",",,7,0700",,,,,,,,
"USC00045151","2016-02-13","35.6181","-119.6892","87.8","LOST HILLS, CA US","    0",",,7,0700",,,,,,,,
"USC00045151","2016-02-14","35.6181","-119.6892","87.8","LOST HILLS, CA US","    0",",,7,0700",,,,,,,,
"USC00045151","2016-02-15","35.6181","-119.6892","87.8","LOST HILLS, CA US","    0",",,7,0700",,,,,,,,
"USC00045151","2016-02-16","35.6181","-119.6892","87.8","LOST HILLS, CA US","    0",",,7,0700",,,,,,,,
"USC00045151","2016-02-17","35.6181","-119.6892","87.8","LOST HILLS, CA US","    8",",,7,0700",,,,,,,,
"USC00045151","2016-02-18","35.6181","-119.6892","87.8","LOST HILLS, CA US","    0",",,7,0700",,,,,,,,
"USC00045151","2016-02-19","35.6181","-119.6892","87.8","LOST HILLS, CA US","    0",",,7,0700",,,,,,,,
"USC00045151","2016-02-20","35.6181","-119.6892","87.8","LOST HILLS, CA US","    0",",,7,0700",,,,,,,,
"USC00045151","2016-02-21","35.6181","-119.6892","87.8","LOST HILLS, CA US","    0",",,7,0700",,,,,,,,
"USC00045151","2016-02-22","35.6181","-119.6892","87.8","LOST HILLS, CA US","    0",",,7,0700",,,,,,,,
"USC00045151","2016-02-23","35.6181","-119.6892","87.8","LOST HILLS, CA US","    0",",,7,0700",,,,,,,,
"USC00045151","2016-02-24","35.6181","-119.6892","87.8","LOST HILLS, CA US","    0",",,7,0700",,,,,,,,
"USC00045151","2016-02-25","35.6181","-119.6892","87.8","LOST HILLS, CA US","    0",",,7,0700",,,,,,,,
"USC00045151","2016-02-26","35.6181","-119.6892","87.8","LOST HILLS, CA US","    0",",,7,0700",,,,,,,,
"USC00045151","2016-02-27","35.6181","-119.6892","87.8","LOST HILLS, CA US","    0",",,7,0700",,,,,,,,
"USC00045151","2016-02-28","35.6181","-119.6892","87.8","LOST HILLS, CA US","    0",",,7,0700",,,,,,,,
"USC00045151","2016-02-29","35.6181","-119.6892","87.8","LOST HILLS, CA US","    0",",,7,0700",,,,,,,,
"USC00045151","2016-03-01","35.6181","-119.6892","87.8","LOST HILLS, CA US","    0",",,7,0700",,,,,,,,
"USC00045151","2016-03-02","35.6181","-119.6892","87.8","LOST HILLS, CA US","    0",",,7,0700",,,,,,,,
"USC00045151","2016-03-03","35.6181","-119.6892","87.8","LOST HILLS, CA US","    0",",,7,0700",,,,,,,,
"USC00045151","2016-03-04","35.6181","-119.6892","87.8","LOST HILLS, CA US","    0",",,7,0700",,,,,,,,
"USC00045151","2016-03-05","35.6181","-119.6892","87.8","LOST HILLS, CA US","    0",",,7,0700",,,,,,,,
"USC00045151","2016-03-06","35.6181","-119.6892","87.8","LOST HILLS, CA US","   51",",,7,0700",,,,,,,,
"USC00045151","2016-03-07","35.6181","-119.6892","87.8","LOST HILLS, CA US","   25",",,7,0700",,,,,,,,
"USC00045151","2016-03-08","35.6181","-119.6892","87.8","LOST HILLS, CA US","    0",",,7,0700",,,,,,,,
"USC00045151","2016-03-09","35.6181","-119.6892","87.8","LOST HILLS, CA US","    0",",,7,0700",,,,,,,,
"USC00045151","2016-03-10","35.6181","-119.6892","87.8","LOST HILLS, CA US","    0",",,7,0700",,,,,,,,
"USC00045151","2016-03-11","35.6181","-119.6892","87.8","LOST HILLS, CA US","   43",",,7,0700",,,,,,,,
"USC00045151","2016-03-12","35.6181","-119.6892","87.8","LOST HILLS, CA US","    0",",,7,0700",,,,,,,,
"USC00045151","2016-03-13","35.6181","-119.6892","87.8","LOST HILLS, CA US","    0",",,7,0700",,,,,,,,
"USC00045151","2016-03-14","35.6181","-119.6892","87.8","LOST HILLS, CA US","    0",",,7,0700",,,,,,,,
"USC00045151","2016-03-15","35.6181","-119.6892","87.8","LOST HILLS, CA US","    0",",,7,0700",,,,,,,,
"USC00045151","2016-03-16","35.6181","-119.6892","87.8","LOST HILLS, CA US","    0",",,7,0700",,,,,,,,
"USC00045151","2016-03-17","35.6181","-119.6892","87.8","LOST HILLS, CA US","    0",",,7,0700",,,,,,,,
"USC00045151","2016-03-18","35.6181","-119.6892","87.8","LOST HILLS, CA US","    0",",,7,0700",,,,,,,,
"USC00045151","2016-03-19","35.6181","-119.6892","87.8","LOST HILLS, CA US","    0",",,7,0700",,,,,,,,
"USC00045151","2016-03-20","35.6181","-119.6892","87.8","LOST HILLS, CA US","    0",",,7,0700",,,,,,,,
"USC00045151","2016-03-21","35.6181","-119.6892","87.8","LOST HILLS, CA US","    0",",,7,0700",,,,,,,,
"USC00045151","2016-03-22","35.6181","-119.6892","87.8","LOST HILLS, CA US","    0",",,7,0700",,,,,,,,
"USC00045151","2016-03-23","35.6181","-119.6892","87.8","LOST HILLS, CA US","    0",",,7,0700",,,,,,,,
"USC00045151","2016-03-24","35.6181","-119.6892","87.8","LOST HILLS, CA US","    0",",,7,0700",,,,,,,,
"USC00045151","2016-03-25","35.6181","-119.6892","87.8","LOST HILLS, CA US","    0",",,7,0700",,,,,,,,
"USC00045151","2016-03-26","35.6181","-119.6892","87.8","LOST HILLS, CA US","    0",",,7,0700",,,,,,,,
"USC00045151","2016-03-27","35.6181","-119.6892","87.8","LOST HILLS, CA US","    0",",,7,0700",,,,,,,,
"USC00045151","2016-03-28","35.6181","-119.6892","87.8","LOST HILLS, CA US","    0",",,7,0700",,,,,,,,
"USC00045151","2016-03-29","35.6181","-119.6892","87.8","LOST HILLS, CA US","    0",",,7,0700",,,,,,,,
"USC00045151","2016-03-30","35.6181","-119.6892","87.8","LOST HILLS, CA US","    0",",,7,0700",,,,,,,,
"USC00045151","2016-03-31","35.6181","-119.6892","87.8","LOST HILLS, CA US","    0",",,7,0700",,,,,,,,
"USC00045151","2016-04-01","35.6181","-119.6892","87.8","LOST HILLS, CA US","    0",",,7,0700",,,,,,,,
"USC00045151","2016-04-02","35.6181","-119.6892","87.8","LOST HILLS, CA US","    0",",,7,0700",,,,,,,,
"USC00045151","2016-04-03","35.6181","-119.6892","87.8","LOST HILLS, CA US","    0",",,7,0700",,,,,,,,
"USC00045151","2016-04-04","35.6181","-119.6892","87.8","LOST HILLS, CA US","    0",",,7,0700",,,,,,,,
"USC00045151","2016-04-05","35.6181","-119.6892","87.8","LOST HILLS, CA US","    0",",,7,0700",,,,,,,,
"USC00045151","2016-04-06","35.6181","-119.6892","87.8","LOST HILLS, CA US","    0",",,7,0700",,,,,,,,
"USC00045151","2016-04-07","35.6181","-119.6892","87.8","LOST HILLS, CA US","   10",",,7,0700",,,,,,,,
"USC00045151","2016-04-08","35.6181","-119.6892","87.8","LOST HILLS, CA US","   20",",,7,0700",,,,,,,,
"USC00045151","2016-04-09","35.6181","-119.6892","87.8","LOST HILLS, CA US","    0",",,7,0700",,,,,,,,
"USC00045151","2016-04-10","35.6181","-119.6892","87.8","LOST HILLS, CA US","    0",",,7,0700",,,,,,,,
"USC00045151","2016-04-11","35.6181","-119.6892","87.8","LOST HILLS, CA US","    0",",,7,0700",,,,,,,,
"USC00045151","2016-04-12","35.6181","-119.6892","87.8","LOST HILLS, CA US","    0",",,7,0700",,,,,,,,
"USC00045151","2016-04-13","35.6181","-119.6892","87.8","LOST HILLS, CA US","    0",",,7,0700",,,,,,,,
"USC00045151","2016-04-14","35.6181","-119.6892","87.8","LOST HILLS, CA US","    0",",,7,0700",,,,,,,,
"USC00045151","2016-04-15","35.6181","-119.6892","87.8","LOST HILLS, CA US","    0",",,7,0700",,,,,,,,
"USC00045151","2016-04-16","35.6181","-119.6892","87.8","LOST HILLS, CA US","    0",",,7,0700",,,,,,,,
"USC00045151","2016-04-17","35.6181","-119.6892","87.8","LOST HILLS, CA US","    0",",,7,0700",,,,,,,,
"USC00045151","2016-04-18","35.6181","-119.6892","87.8","LOST HILLS, CA US","    0",",,7,0700",,,,,,,,
"USC00045151","2016-04-19","35.6181","-119.6892","87.8","LOST HILLS, CA US","    0",",,7,0700",,,,,,,,
"USC00045151","2016-04-20","35.6181","-119.6892","87.8","LOST HILLS, CA US","    0",",,7,0700",,,,,,,,
"USC00045151","2016-04-21","35.6181","-119.6892","87.8","LOST HILLS, CA US","    0",",,7,0700",,,,,,,,
"USC00045151","2016-04-22","35.6181","-119.6892","87.8","LOST HILLS, CA US","    0",",,7,0700",,,,,,,,
"USC00045151","2016-04-23","35.6181","-119.6892","87.8","LOST HILLS, CA US","    0",",,7,0700",,,,,,,,
"USC00045151","2016-04-24","35.6181","-119.6892","87.8","LOST HILLS, CA US","    0",",,7,0700",,,,,,,,
"USC00045151","2016-04-25","35.6181","-119.6892","87.8","LOST HILLS, CA US","    0",",,7,0700",,,,,,,,
"USC00045151","2016-04-26","35.6181","-119.6892","87.8","LOST HILLS, CA US","    0",",,7,0700",,,,,,,,
"USC00045151","2016-04-27","35.6181","-119.6892","87.8","LOST HILLS, CA US","    0",",,7,0700",,,,,,,,
"USC00045151","2016-04-28","35.6181","-119.6892","87.8","LOST HILLS, CA US","    0",",,7,0700",,,,,,,,
"USC00045151","2016-04-29","35.6181","-119.6892","87.8","LOST HILLS, CA US","    0",",,7,0700",,,,,,,,
"USC00045151","2016-04-30","35.6181","-119.6892","87.8","LOST HILLS, CA US","    0",",,7,0700",,,,,,,,
"USC00045151","2016-05-01","35.6181","-119.6892","87.8","LOST HILLS, CA US","    0",",,7,0700",,,,,,,,
"USC00045151","2016-05-02","35.6181","-119.6892","87.8","LOST HILLS, CA US","    0",",,7,0700",,,,,,,,
"USC00045151","2016-05-03","35.6181","-119.6892","87.8","LOST HILLS, CA US","    0",",,7,0700",,,,,,,,
"USC00045151","2016-05-04","35.6181","-119.6892","87.8","LOST HILLS, CA US","    0",",,7,0700",,,,,,,,
"USC00045151","2016-05-05","35.6181","-119.6892","87.8","LOST HILLS, CA US","    0",",,7,0700",,,,,,,,
"USC00045151","2016-05-06","35.6181","-119.6892","87.8","LOST HILLS, CA US","   64",",,7,0700",,,,,,,,
"USC00045151","2016-05-07","35.6181","-119.6892","87.8","LOST HILLS, CA US","    5",",,7,0700",,,,,,,,
"USC00045151","2016-05-08","35.6181","-119.6892","87.8","LOST HILLS, CA US","    0",",,7,0700",,,,,,,,
"USC00045151","2016-05-09","35.6181","-119.6892","87.8","LOST HILLS, CA US","    0",",,7,0700",,,,,,,,
"USC00045151","2016-05-10","35.6181","-119.6892","87.8","LOST HILLS, CA US","    0",",,7,0700",,,,,,,,
"USC00045151","2016-05-11","35.6181","-119.6892","87.8","LOST HILLS, CA US","    0",",,7,0700",,,,,,,,
"USC00045151","2016-05-12","35.6181","-119.6892","87.8","LOST HILLS, CA US","    0",",,7,0700",,,,,,,,
"USC00045151","2016-05-13","35.6181","-119.6892","87.8","LOST HILLS, CA US","    0",",,7,0700",,,,,,,,
"USC00045151","2016-05-14","35.6181","-119.6892","87.8","LOST HILLS, CA US","    0",",,7,0700",,,,,,,,
"USC00045151","2016-05-15","35.6181","-119.6892","87.8","LOST HILLS, CA US","    0",",,7,0700",,,,,,,,
"USC00045151","2016-05-16","35.6181","-119.6892","87.8","LOST HILLS, CA US","    0",",,7,0700",,,,,,,,
"USC00045151","2016-05-17","35.6181","-119.6892","87.8","LOST HILLS, CA US","    0",",,7,0700",,,,,,,,
"USC00045151","2016-05-18","35.6181","-119.6892","87.8","LOST HILLS, CA US","    0",",,7,0700",,,,,,,,
"USC00045151","2016-05-19","35.6181","-119.6892","87.8","LOST HILLS, CA US","    0",",,7,0700",,,,,,,,
"USC00045151","2016-05-20","35.6181","-119.6892","87.8","LOST HILLS, CA US","    0",",,7,0700",,,,,,,,
"USC00045151","2016-05-21","35.6181","-119.6892","87.8","LOST HILLS, CA US","    0",",,7,0700",,,,,,,,
"USC00045151","2016-05-22","35.6181","-119.6892","87.8","LOST HILLS, CA US","    0",",,7,0700",,,,,,,,
"USC00045151","2016-05-23","35.6181","-119.6892","87.8","LOST HILLS, CA US","    0",",,7,0700",,,,,,,,
"USC00045151","2016-05-24","35.6181","-119.6892","87.8","LOST HILLS, CA US","    0",",,7,0700",,,,,,,,
"USC00045151","2016-05-25","35.6181","-119.6892","87.8","LOST HILLS, CA US","  102",",,7,0700",,,,,,,,
"USC00045151","2016-05-26","35.6181","-119.6892","87.8","LOST HILLS, CA US","    0",",,7,0700",,,,,,,,
"USC00045151","2016-05-27","35.6181","-119.6892","87.8","LOST HILLS, CA US","    0",",,7,0700",,,,,,,,
"USC00045151","2016-05-28","35.6181","-119.6892","87.8","LOST HILLS, CA US","    0",",,7,0700",,,,,,,,
"USC00045151","2016-05-29","35.6181","-119.6892","87.8","LOST HILLS, CA US","    0",",,7,0700",,,,,,,,
"USC00045151","2016-05-30","35.6181","-119.6892","87.8","LOST HILLS, CA US","    0",",,7,0700",,,,,,,,
"USC00045151","2016-05-31","35.6181","-119.6892","87.8","LOST HILLS, CA US","    0",",,7,0700",,,,,,,,
"USC00045151","2016-06-01","35.6181","-119.6892","87.8","LOST HILLS, CA US","    0",",,7,0700",,,,,,,,
"USC00045151","2016-06-02","35.6181","-119.6892","87.8","LOST HILLS, CA US","    0",",,7,0700",,,,,,,,
"USC00045151","2016-06-03","35.6181","-119.6892","87.8","LOST HILLS, CA US","    0",",,7,0700",,,,,,,,
"USC00045151","2016-06-04","35.6181","-119.6892","87.8","LOST HILLS, CA US","    0",",,7,0700",,,,,,,,
"USC00045151","2016-06-05","35.6181","-119.6892","87.8","LOST HILLS, CA US","    0",",,7,0700",,,,,,,,
"USC00045151","2016-06-06","35.6181","-119.6892","87.8","LOST HILLS, CA US","    0",",,7,0700",,,,,,,,
"USC00045151","2016-06-07","35.6181","-119.6892","87.8","LOST HILLS, CA US","    0",",,7,0700",,,,,,,,
"USC00045151","2016-06-08","35.6181","-119.6892","87.8","LOST HILLS, CA US","    0",",,7,0700",,,,,,,,
"USC00045151","2016-06-09","35.6181","-119.6892","87.8","LOST HILLS, CA US","    0",",,7,0700",,,,,,,,
"USC00045151","2016-06-10","35.6181","-119.6892","87.8","LOST HILLS, CA US","    0",",,7,0700",,,,,,,,
"USC00045151","2016-06-11","35.6181","-119.6892","87.8","LOST HILLS, CA US","    0",",,7,0700",,,,,,,,
"USC00045151","2016-06-12","35.6181","-119.6892","87.8","LOST HILLS, CA US","    0",",,7,0700",,,,,,,,
"USC00045151","2016-06-13","35.6181","-119.6892","87.8","LOST HILLS, CA US","    0",",,7,0700",,,,,,,,
"USC00045151","2016-06-14","35.6181","-119.6892","87.8","LOST HILLS, CA US","    0",",,7,0700",,,,,,,,
"USC00045151","2016-06-15","35.6181","-119.6892","87.8","LOST HILLS, CA US","    0",",,7,0700",,,,,,,,
"USC00045151","2016-06-16","35.6181","-119.6892","87.8","LOST HILLS, CA US","    0",",,7,0700",,,,,,,,
"USC00045151","2016-06-17","35.6181","-119.6892","87.8","LOST HILLS, CA US","    0",",,7,0700",,,,,,,,
"USC00045151","2016-06-18","35.6181","-119.6892","87.8","LOST HILLS, CA US","    0",",,7,0700",,,,,,,,
"USC00045151","2016-06-19","35.6181","-119.6892","87.8","LOST HILLS, CA US","    0",",,7,0700",,,,,,,,
"USC00045151","2016-06-20","35.6181","-119.6892","87.8","LOST HILLS, CA US","    0",",,7,0700",,,,,,,,
"USC00045151","2016-06-21","35.6181","-119.6892","87.8","LOST HILLS, CA US","    0",",,7,0700",,,,,,,,
"USC00045151","2016-06-22","35.6181","-119.6892","87.8","LOST HILLS, CA US","    0",",,7,0700",,,,,,,,
"USC00045151","2016-06-23","35.6181","-119.6892","87.8","LOST HILLS, CA US","    0",",,7,0700",,,,,,,,
"USC00045151","2016-06-24","35.6181","-119.6892","87.8","LOST HILLS, CA US","    0",",,7,0700",,,,,,,,
"USC00045151","2016-06-25","35.6181","-119.6892","87.8","LOST HILLS, CA US","    0",",,7,0700",,,,,,,,
"USC00045151","2016-06-26","35.6181","-119.6892","87.8","LOST HILLS, CA US","    0",",,7,0700",,,,,,,,
"USC00045151","2016-06-27","35.6181","-119.6892","87.8","LOST HILLS, CA US","    0",",,7,0700",,,,,,,,
"USC00045151","2016-06-28","35.6181","-119.6892","87.8","LOST HILLS, CA US","    0",",,7,0700",,,,,,,,
"USC00045151","2016-06-29","35.6181","-119.6892","87.8","LOST HILLS, CA US","    0",",,7,0700",,,,,,,,
"USC00045151","2016-06-30","35.6181","-119.6892","87.8","LOST HILLS, CA US","    0",",,7,0700",,,,,,,,
"USC00045151","2016-07-01","35.6181","-119.6892","87.8","LOST HILLS, CA US","    0",",,7,0700",,,,,,,,
"USC00045151","2016-07-02","35.6181","-119.6892","87.8","LOST HILLS, CA US","    0",",,7,0700",,,,,,,,
"USC00045151","2016-07-03","35.6181","-119.6892","87.8","LOST HILLS, CA US","    0",",,7,0700",,,,,,,,
"USC00045151","2016-07-04","35.6181","-119.6892","87.8","LOST HILLS, CA US","    0",",,7,0700",,,,,,,,
"USC00045151","2016-07-05","35.6181","-119.6892","87.8","LOST HILLS, CA US","    0",",,7,0700",,,,,,,,
"USC00045151","2016-07-06","35.6181","-119.6892","87.8","LOST HILLS, CA US","    0",",,7,0700",,,,,,,,
"USC00045151","2016-07-07","35.6181","-119.6892","87.8","LOST HILLS, CA US","    0",",,7,0700",,,,,,,,
"USC00045151","2016-07-08","35.6181","-119.6892","87.8","LOST HILLS, CA US","    0",",,7,0700",,,,,,,,
"USC00045151","2016-07-09","35.6181","-119.6892","87.8","LOST HILLS, CA US","    0",",,7,0700",,,,,,,,
"USC00045151","2016-07-10","35.6181","-119.6892","87.8","LOST HILLS, CA US","    0",",,7,0700",,,,,,,,
"USC00045151","2016-07-11","35.6181","-119.6892","87.8","LOST HILLS, CA US","    0",",,7,0700",,,,,,,,
"USC00045151","2016-07-12","35.6181","-119.6892","87.8","LOST HILLS, CA US","    0",",,7,0700",,,,,,,,
"USC00045151","2016-07-13","35.6181","-119.6892","87.8","LOST HILLS, CA US","    0",",,7,0700",,,,,,,,
"USC00045151","2016-07-14","35.6181","-119.6892","87.8","LOST HILLS, CA US","    0",",,7,0700",,,,,,,,
"USC00045151","2016-07-15","35.6181","-119.6892","87.8","LOST HILLS, CA US","    0",",,7,0700",,,,,,,,
"USC00045151","2016-07-16","35.6181","-119.6892","87.8","LOST HILLS, CA US","    0",",,7,0700",,,,,,,,
"USC00045151","2016-07-17","35.6181","-119.6892","87.8","LOST HILLS, CA US","    0",",,7,0700",,,,,,,,
"USC00045151","2016-07-18","35.6181","-119.6892","87.8","LOST HILLS, CA US","    0",",,7,0700",,,,,,,,
"USC00045151","2016-07-19","35.6181","-119.6892","87.8","LOST HILLS, CA US","    0",",,7,0700",,,,,,,,
"USC00045151","2016-07-20","35.6181","-119.6892","87.8","LOST HILLS, CA US","    0",",,7,0700",,,,,,,,
"USC00045151","2016-07-21","35.6181","-119.6892","87.8","LOST HILLS, CA US","    0",",,7,0700",,,,,,,,
"USC00045151","2016-07-22","35.6181","-119.6892","87.8","LOST HILLS, CA US","    0",",,7,0700",,,,,,,,
"USC00045151","2016-07-23","35.6181","-119.6892","87.8","LOST HILLS, CA US","    0",",,7,0700",,,,,,,,
"USC00045151","2016-07-24","35.6181","-119.6892","87.8","LOST HILLS, CA US","    0",",,7,0700",,,,,,,,
"USC00045151","2016-07-25","35.6181","-119.6892","87.8","LOST HILLS, CA US","    0",",,7,0700",,,,,,,,
"USC00045151","2016-07-26","35.6181","-119.6892","87.8","LOST HILLS, CA US","    0",",,7,0700",,,,,,,,
"USC00045151","2016-07-27","35.6181","-119.6892","87.8","LOST HILLS, CA US","    0",",,7,0700",,,,,,,,
"USC00045151","2016-07-28","35.6181","-119.6892","87.8","LOST HILLS, CA US","    0",",,7,0700",,,,,,,,
"USC00045151","2016-07-29","35.6181","-119.6892","87.8","LOST HILLS, CA US","    0",",,7,0700",,,,,,,,
"USC00045151","2016-07-30","35.6181","-119.6892","87.8","LOST HILLS, CA US","    0",",,7,0700",,,,,,,,
"USC00045151","2016-07-31","35.6181","-119.6892","87.8","LOST HILLS, CA US","    0",",,7,0700",,,,,,,,
"USC00045151","2016-08-01","35.6181","-119.6892","87.8","LOST HILLS, CA US","    0",",,7,0700",,,,,,,,
"USC00045151","2016-08-02","35.6181","-119.6892","87.8","LOST HILLS, CA US","    0",",,7,0700",,,,,,,,
"USC00045151","2016-08-03","35.6181","-119.6892","87.8","LOST HILLS, CA US","    0",",,7,0700",,,,,,,,
"USC00045151","2016-08-04","35.6181","-119.6892","87.8","LOST HILLS, CA US","    0",",,7,0700",,,,,,,,
"USC00045151","2016-08-05","35.6181","-119.6892","87.8","LOST HILLS, CA US","    0",",,7,0700",,,,,,,,
"USC00045151","2016-08-06","35.6181","-119.6892","87.8","LOST HILLS, CA US","    0",",,7,0700",,,,,,,,
"USC00045151","2016-08-07","35.6181","-119.6892","87.8","LOST HILLS, CA US","    0",",,7,0700",,,,,,,,
"USC00045151","2016-08-08","35.6181","-119.6892","87.8","LOST HILLS, CA US","    0",",,7,0700",,,,,,,,
"USC00045151","2016-08-09","35.6181","-119.6892","87.8","LOST HILLS, CA US","    0",",,7,0700",,,,,,,,
"USC00045151","2016-08-10","35.6181","-119.6892","87.8","LOST HILLS, CA US","    0",",,7,0700",,,,,,,,
"USC00045151","2016-08-11","35.6181","-119.6892","87.8","LOST HILLS, CA US","    0",",,7,0700",,,,,,,,
"USC00045151","2016-08-12","35.6181","-119.6892","87.8","LOST HILLS, CA US","    0",",,7,0700",,,,,,,,
"USC00045151","2016-08-13","35.6181","-119.6892","87.8","LOST HILLS, CA US","    0",",,7,0700",,,,,,,,
"USC00045151","2016-08-14","35.6181","-119.6892","87.8","LOST HILLS, CA US","    0",",,7,0700",,,,,,,,
"USC00045151","2016-08-15","35.6181","-119.6892","87.8","LOST HILLS, CA US","    0",",,7,0700",,,,,,,,
"USC00045151","2016-08-16","35.6181","-119.6892","87.8","LOST HILLS, CA US","    0",",,7,0700",,,,,,,,
"USC00045151","2016-08-17","35.6181","-119.6892","87.8","LOST HILLS, CA US","    0",",,7,0700",,,,,,,,
"USC00045151","2016-08-18","35.6181","-119.6892","87.8","LOST HILLS, CA US","    0",",,7,0700",,,,,,,,
"USC00045151","2016-08-19","35.6181","-119.6892","87.8","LOST HILLS, CA US","    0",",,7,0700",,,,,,,,
"USC00045151","2016-08-20","35.6181","-119.6892","87.8","LOST HILLS, CA US","    0",",,7,0700",,,,,,,,
"USC00045151","2016-08-21","35.6181","-119.6892","87.8","LOST HILLS, CA US","    0",",,7,0700",,,,,,,,
"USC00045151","2016-08-22","35.6181","-119.6892","87.8","LOST HILLS, CA US","    0",",,7,0700",,,,,,,,
"USC00045151","2016-08-23","35.6181","-119.6892","87.8","LOST HILLS, CA US","    0",",,7,0700",,,,,,,,
"USC00045151","2016-08-24","35.6181","-119.6892","87.8","LOST HILLS, CA US","    0",",,7,0700",,,,,,,,
"USC00045151","2016-08-25","35.6181","-119.6892","87.8","LOST HILLS, CA US","    0",",,7,0700",,,,,,,,
"USC00045151","2016-08-26","35.6181","-119.6892","87.8","LOST HILLS, CA US","    0",",,7,0700",,,,,,,,
"USC00045151","2016-08-27","35.6181","-119.6892","87.8","LOST HILLS, CA US","    0",",,7,0700",,,,,,,,
"USC00045151","2016-08-28","35.6181","-119.6892","87.8","LOST HILLS, CA US","    0",",,7,0700",,,,,,,,
"USC00045151","2016-08-29","35.6181","-119.6892","87.8","LOST HILLS, CA US","    0",",,7,0700",,,,,,,,
"USC00045151","2016-08-30","35.6181","-119.6892","87.8","LOST HILLS, CA US","    0",",,7,0700",,,,,,,,
"USC00045151","2016-08-31","35.6181","-119.6892","87.8","LOST HILLS, CA US","    0",",,7,0700",,,,,,,,
"USC00045151","2016-09-01","35.6181","-119.6892","87.8","LOST HILLS, CA US","    0",",,7,0700",,,,,,,,
"USC00045151","2016-09-02","35.6181","-119.6892","87.8","LOST HILLS, CA US","    0",",,7,0700",,,,,,,,
"USC00045151","2016-09-03","35.6181","-119.6892","87.8","LOST HILLS, CA US","    0",",,7,0700",,,,,,,,
"USC00045151","2016-09-04","35.6181","-119.6892","87.8","LOST HILLS, CA US","    0",",,7,0700",,,,,,,,
"USC00045151","2016-09-05","35.6181","-119.6892","87.8","LOST HILLS, CA US","    0",",,7,0700",,,,,,,,
"USC00045151","2016-09-06","35.6181","-119.6892","87.8","LOST HILLS, CA US","    0",",,7,0700",,,,,,,,
"USC00045151","2016-09-07","35.6181","-119.6892","87.8","LOST HILLS, CA US","    0",",,7,0700",,,,,,,,
"USC00045151","2016-09-08","35.6181","-119.6892","87.8","LOST HILLS, CA US","    0",",,7,0700",,,,,,,,
"USC00045151","2016-09-09","35.6181","-119.6892","87.8","LOST HILLS, CA US","    0",",,7,0700",,,,,,,,
"USC00045151","2016-09-10","35.6181","-119.6892","87.8","LOST HILLS, CA US","    0",",,7,0700",,,,,,,,
"USC00045151","2016-09-11","35.6181","-119.6892","87.8","LOST HILLS, CA US","    0",",,7,0700",,,,,,,,
"USC00045151","2016-09-12","35.6181","-119.6892","87.8","LOST HILLS, CA US","    0",",,7,0700",,,,,,,,
"USC00045151","2016-09-13","35.6181","-119.6892","87.8","LOST HILLS, CA US","    0",",,7,0700",,,,,,,,
"USC00045151","2016-09-14","35.6181","-119.6892","87.8","LOST HILLS, CA US","    0",",,7,0700",,,,,,,,
"USC00045151","2016-09-15","35.6181","-119.6892","87.8","LOST HILLS, CA US","    0",",,7,0700",,,,,,,,
"USC00045151","2016-09-16","35.6181","-119.6892","87.8","LOST HILLS, CA US","    0",",,7,0700",,,,,,,,
"USC00045151","2016-09-17","35.6181","-119.6892","87.8","LOST HILLS, CA US","    0",",,7,0700",,,,,,,,
"USC00045151","2016-09-18","35.6181","-119.6892","87.8","LOST HILLS, CA US","    0",",,7,0700",,,,,,,,
"USC00045151","2016-09-19","35.6181","-119.6892","87.8","LOST HILLS, CA US","    0",",,7,0700",,,,,,,,
"USC00045151","2016-09-20","35.6181","-119.6892","87.8","LOST HILLS, CA US","    0",",,7,0700",,,,,,,,
"USC00045151","2016-09-21","35.6181","-119.6892","87.8","LOST HILLS, CA US","    0",",,7,0700",,,,,,,,
"USC00045151","2016-09-22","35.6181","-119.6892","87.8","LOST HILLS, CA US","    0",",,7,0700",,,,,,,,
"USC00045151","2016-09-23","35.6181","-119.6892","87.8","LOST HILLS, CA US","    0",",,7,0700",,,,,,,,
"USC00045151","2016-09-24","35.6181","-119.6892","87.8","LOST HILLS, CA US","    0",",,7,0700",,,,,,,,
"USC00045151","2016-09-25","35.6181","-119.6892","87.8","LOST HILLS, CA US","    0",",,7,0700",,,,,,,,
"USC00045151","2016-09-26","35.6181","-119.6892","87.8","LOST HILLS, CA US","    0",",,7,0700",,,,,,,,
"USC00045151","2016-09-27","35.6181","-119.6892","87.8","LOST HILLS, CA US","    0",",,7,0700",,,,,,,,
"USC00045151","2016-09-28","35.6181","-119.6892","87.8","LOST HILLS, CA US","    0",",,7,0700",,,,,,,,
"USC00045151","2016-09-29","35.6181","-119.6892","87.8","LOST HILLS, CA US","    0",",,7,0700",,,,,,,,
"USC00045151","2016-09-30","35.6181","-119.6892","87.8","LOST HILLS, CA US","    0",",,7,0700",,,,,,,,
"USC00045151","2016-12-01","35.6181","-119.6892","87.8","LOST HILLS, CA US","    0",",,7,0700",,,,,,,,
"USC00045151","2016-12-02","35.6181","-119.6892","87.8","LOST HILLS, CA US","    0",",,7,0700",,,,,,,,
"USC00045151","2016-12-03","35.6181","-119.6892","87.8","LOST HILLS, CA US","    0",",,7,0700",,,,,,,,
"USC00045151","2016-12-04","35.6181","-119.6892","87.8","LOST HILLS, CA US","    0",",,7,0700",,,,,,,,
"USC00045151","2016-12-05","35.6181","-119.6892","87.8","LOST HILLS, CA US","    0",",,7,0700",,,,,,,,
"USC00045151","2016-12-06","35.6181","-119.6892","87.8","LOST HILLS, CA US","    0",",,7,0700",,,,,,,,
"USC00045151","2016-12-07","35.6181","-119.6892","87.8","LOST HILLS, CA US","    0",",,7,0700",,,,,,,,
"USC00045151","2016-12-08","35.6181","-119.6892","87.8","LOST HILLS, CA US","    0",",,7,0700",,,,,,,,
"USC00045151","2016-12-09","35.6181","-119.6892","87.8","LOST HILLS, CA US","    0",",,7,0700",,,,,,,,
"USC00045151","2016-12-10","35.6181","-119.6892","87.8","LOST HILLS, CA US","    0",",,7,0700",,,,,,,,
"USC00045151","2016-12-11","35.6181","-119.6892","87.8","LOST HILLS, CA US","    0",",,7,0700",,,,,,,,
"USC00045151","2016-12-12","35.6181","-119.6892","87.8","LOST HILLS, CA US","    0",",,7,0700",,,,,,,,
"USC00045151","2016-12-13","35.6181","-119.6892","87.8","LOST HILLS, CA US","    0",",,7,0700",,,,,,,,
"USC00045151","2016-12-14","35.6181","-119.6892","87.8","LOST HILLS, CA US","    0",",,7,0700",,,,,,,,
"USC00045151","2016-12-15","35.6181","-119.6892","87.8","LOST HILLS, CA US","  127",",,7,0700",,,,,,,,
"USC00045151","2016-12-16","35.6181","-119.6892","87.8","LOST HILLS, CA US","    0",",,7,0700",,,,,,,,
"USC00045151","2016-12-17","35.6181","-119.6892","87.8","LOST HILLS, CA US","    0",",,7,0700",,,,,,,,
"USC00045151","2016-12-18","35.6181","-119.6892","87.8","LOST HILLS, CA US","    0",",,7,0700",,,,,,,,
"USC00045151","2016-12-19","35.6181","-119.6892","87.8","LOST HILLS, CA US","    0",",,7,0700",,,,,,,,
"USC00045151","2016-12-20","35.6181","-119.6892","87.8","LOST HILLS, CA US","    0",",,7,0700",,,,,,,,
"USC00045151","2016-12-21","35.6181","-119.6892","87.8","LOST HILLS, CA US","    0",",,7,0700",,,,,,,,
"USC00045151","2016-12-22","35.6181","-119.6892","87.8","LOST HILLS, CA US","    0",",,7,0700",,,,,,,,
"USC00045151","2016-12-23","35.6181","-119.6892","87.8","LOST HILLS, CA US","    0",",,7,0700",,,,,,,,
"USC00045151","2016-12-24","35.6181","-119.6892","87.8","LOST HILLS, CA US","  135",",,7,0700",,,,,,,,
"USC00045151","2016-12-25","35.6181","-119.6892","87.8","LOST HILLS, CA US","    0",",,7,0700",,,,,,,,
"USC00045151","2016-12-26","35.6181","-119.6892","87.8","LOST HILLS, CA US","    0",",,7,0700",,,,,,,,
"USC00045151","2016-12-27","35.6181","-119.6892","87.8","LOST HILLS, CA US","    0",",,7,0700",,,,,,,,
"USC00045151","2016-12-28","35.6181","-119.6892","87.8","LOST HILLS, CA US","    0",",,7,0700",,,,,,,,
"USC00045151","2016-12-29","35.6181","-119.6892","87.8","LOST HILLS, CA US","    0",",,7,0700",,,,,,,,
"USC00045151","2016-12-30","35.6181","-119.6892","87.8","LOST HILLS, CA US","    0",",,7,0700",,,,,,,,
"USC00045151","2016-12-31","35.6181","-119.6892","87.8","LOST HILLS, CA US","    0",",,7,0700",,,,,,,,
"USC00045151","2017-01-01","35.6181","-119.6892","87.8","LOST HILLS, CA US","   51",",,7,0700",,,,,,,,
"USC00045151","2017-01-02","35.6181","-119.6892","87.8","LOST HILLS, CA US","    0",",,7,0700",,,,,,,,
"USC00045151","2017-01-03","35.6181","-119.6892","87.8","LOST HILLS, CA US","    0",",,7,0700",,,,,,,,
"USC00045151","2017-01-04","35.6181","-119.6892","87.8","LOST HILLS, CA US","   48",",,7,0700",,,,,,,,
"USC00045151","2017-01-05","35.6181","-119.6892","87.8","LOST HILLS, CA US","   43",",,7,0700",,,,,,,,
"USC00045151","2017-01-06","35.6181","-119.6892","87.8","LOST HILLS, CA US","    0",",,7,0700",,,,,,,,
"USC00045151","2017-01-07","35.6181","-119.6892","87.8","LOST HILLS, CA US","   38",",,7,0700",,,,,,,,
"USC00045151","2017-01-08","35.6181","-119.6892","87.8","LOST HILLS, CA US","    0",",,7,0700",,,,,,,,
"USC00045151","2017-01-09","35.6181","-119.6892","87.8","LOST HILLS, CA US","    0",",,7,0700",,,,,,,,
"USC00045151","2017-01-10","35.6181","-119.6892","87.8","LOST HILLS, CA US","    0",",,7,0700",,,,,,,,
"USC00045151","2017-01-11","35.6181","-119.6892","87.8","LOST HILLS, CA US","    0",",,7,0700",,,,,,,,
"USC00045151","2017-01-12","35.6181","-119.6892","87.8","LOST HILLS, CA US","    0",",,7,0700",,,,,,,,
"USC00045151","2017-01-13","35.6181","-119.6892","87.8","LOST HILLS, CA US","    0",",,7,0700",,,,,,,,
"USC00045151","2017-01-14","35.6181","-119.6892","87.8","LOST HILLS, CA US","    0",",,7,0700",,,,,,,,
"USC00045151","2017-01-15","35.6181","-119.6892","87.8","LOST HILLS, CA US","    0",",,7,0700",,,,,,,,
"USC00045151","2017-01-16","35.6181","-119.6892","87.8","LOST HILLS, CA US","    0",",,7,0700",,,,,,,,
"USC00045151","2017-01-17","35.6181","-119.6892","87.8","LOST HILLS, CA US","   51",",,7,0700",,,,,,,,
"USC00045151","2017-01-18","35.6181","-119.6892","87.8","LOST HILLS, CA US","   76",",,7,0700",,,,,,,,
"USC00045151","2017-01-19","35.6181","-119.6892","87.8","LOST HILLS, CA US","  127",",,7,0700",,,,,,,,
"USC00045151","2017-01-20","35.6181","-119.6892","87.8","LOST HILLS, CA US","  254",",,7,0700",,,,,,,,
"USC00045151","2017-01-21","35.6181","-119.6892","87.8","LOST HILLS, CA US","   51",",,7,0700",,,,,,,,
"USC00045151","2017-01-22","35.6181","-119.6892","87.8","LOST HILLS, CA US","    0",",,7,0700",,,,,,,,
"USC00045151","2017-01-23","35.6181","-119.6892","87.8","LOST HILLS, CA US","  119",",,7,0700",,,,,,,,
"USC00045151","2017-01-24","35.6181","-119.6892","87.8","LOST HILLS, CA US","    0",",,7,0700",,,,,,,,
"USC00045151","2017-01-25","35.6181","-119.6892","87.8","LOST HILLS, CA US","    0",",,7,0700",,,,,,,,
"USC00045151","2017-01-26","35.6181","-119.6892","87.8","LOST HILLS, CA US","    0",",,7,0700",,,,,,,,
"USC00045151","2017-01-27","35.6181","-119.6892","87.8","LOST HILLS, CA US","    0",",,7,0700",,,,,,,,
"USC00045151","2017-01-28","35.6181","-119.6892","87.8","LOST HILLS, CA US","    0",",,7,0700",,,,,,,,
"USC00045151","2017-01-29","35.6181","-119.6892","87.8","LOST HILLS, CA US","    0",",,7,0700",,,,,,,,
"USC00045151","2017-01-30","35.6181","-119.6892","87.8","LOST HILLS, CA US","    0",",,7,0700",,,,,,,,
"USC00045151","2017-01-31","35.6181","-119.6892","87.8","LOST HILLS, CA US","    0",",,7,0700",,,,,,,,
"USC00045151","2017-05-01","35.6181","-119.6892","87.8","LOST HILLS, CA US","    0",",,7,0700",,,,,,,,
"USC00045151","2017-05-02","35.6181","-119.6892","87.8","LOST HILLS, CA US","    0",",,7,0700",,,,,,,,
"USC00045151","2017-05-03","35.6181","-119.6892","87.8","LOST HILLS, CA US","    0",",,7,0700",,,,,,,,
"USC00045151","2017-05-04","35.6181","-119.6892","87.8","LOST HILLS, CA US","    0",",,7,0700",,,,,,,,
"USC00045151","2017-05-05","35.6181","-119.6892","87.8","LOST HILLS, CA US","    0",",,7,0700",,,,,,,,
"USC00045151","2017-05-06","35.6181","-119.6892","87.8","LOST HILLS, CA US","    0",",,7,0700",,,,,,,,
"USC00045151","2017-05-07","35.6181","-119.6892","87.8","LOST HILLS, CA US","    0",",,7,0700",,,,,,,,
"USC00045151","2017-05-08","35.6181","-119.6892","87.8","LOST HILLS, CA US","    0",",,7,0700",,,,,,,,
"USC00045151","2017-05-09","35.6181","-119.6892","87.8","LOST HILLS, CA US","    0","T,,7,0700",,,,,,,,
"USC00045151","2017-05-10","35.6181","-119.6892","87.8","LOST HILLS, CA US","    0",",,7,0700",,,,,,,,
"USC00045151","2017-05-11","35.6181","-119.6892","87.8","LOST HILLS, CA US","    0",",,7,0700",,,,,,,,
"USC00045151","2017-05-12","35.6181","-119.6892","87.8","LOST HILLS, CA US","    0",",,7,0700",,,,,,,,
"USC00045151","2017-05-13","35.6181","-119.6892","87.8","LOST HILLS, CA US","    0",",,7,0700",,,,,,,,
"USC00045151","2017-05-14","35.6181","-119.6892","87.8","LOST HILLS, CA US","    0",",,7,0700",,,,,,,,
"USC00045151","2017-05-15","35.6181","-119.6892","87.8","LOST HILLS, CA US","    0",",,7,0700",,,,,,,,
"USC00045151","2017-05-16","35.6181","-119.6892","87.8","LOST HILLS, CA US","    0",",,7,0700",,,,,,,,
"USC00045151","2017-05-17","35.6181","-119.6892","87.8","LOST HILLS, CA US","    0",",,7,0700",,,,,,,,
"USC00045151","2017-05-18","35.6181","-119.6892","87.8","LOST HILLS, CA US","    0",",,7,0700",,,,,,,,
"USC00045151","2017-05-19","35.6181","-119.6892","87.8","LOST HILLS, CA US","    0",",,7,0700",,,,,,,,
"USC00045151","2017-05-20","35.6181","-119.6892","87.8","LOST HILLS, CA US","    0",",,7,0700",,,,,,,,
"USC00045151","2017-05-21","35.6181","-119.6892","87.8","LOST HILLS, CA US","    0",",,7,0700",,,,,,,,
"USC00045151","2017-05-22","35.6181","-119.6892","87.8","LOST HILLS, CA US","    0",",,7,0700",,,,,,,,
"USC00045151","2017-05-23","35.6181","-119.6892","87.8","LOST HILLS, CA US","    0",",,7,0700",,,,,,,,
"USC00045151","2017-05-24","35.6181","-119.6892","87.8","LOST HILLS, CA US","    0",",,7,0700",,,,,,,,
"USC00045151","2017-05-25","35.6181","-119.6892","87.8","LOST HILLS, CA US","    0",",,7,0700",,,,,,,,
"USC00045151","2017-05-26","35.6181","-119.6892","87.8","LOST HILLS, CA US","    0",",,7,0700",,,,,,,,
"USC00045151","2017-05-27","35.6181","-119.6892","87.8","LOST HILLS, CA US","    0",",,7,0700",,,,,,,,
"USC00045151","2017-05-28","35.6181","-119.6892","87.8","LOST HILLS, CA US","    0",",,7,0700",,,,,,,,
"USC00045151","2017-05-29","35.6181","-119.6892","87.8","LOST HILLS, CA US","    0",",,7,0700",,,,,,,,
"USC00045151","2017-05-30","35.6181","-119.6892","87.8","LOST HILLS, CA US","    0",",,7,0700",,,,,,,,
"USC00045151","2017-05-31","35.6181","-119.6892","87.8","LOST HILLS, CA US","    0","T,,7,0700",,,,,,,,
"USC00045151","2017-06-01","35.6181","-119.6892","87.8","LOST HILLS, CA US","    0",",,7,0700",,,,,,,,
"USC00045151","2017-06-02","35.6181","-119.6892","87.8","LOST HILLS, CA US","    0",",,7,0700",,,,,,,,
"USC00045151","2017-06-03","35.6181","-119.6892","87.8","LOST HILLS, CA US","    0",",,7,0700",,,,,,,,
"USC00045151","2017-06-04","35.6181","-119.6892","87.8","LOST HILLS, CA US","    0",",,7,0700",,,,,,,,
"USC00045151","2017-06-05","35.6181","-119.6892","87.8","LOST HILLS, CA US","    0",",,7,0700",,,,,,,,
"USC00045151","2017-06-06","35.6181","-119.6892","87.8","LOST HILLS, CA US","    0",",,7,0700",,,,,,,,
"USC00045151","2017-06-07","35.6181","-119.6892","87.8","LOST HILLS, CA US","    0",",,7,0700",,,,,,,,
"USC00045151","2017-06-08","35.6181","-119.6892","87.8","LOST HILLS, CA US","    0",",,7,0700",,,,,,,,
"USC00045151","2017-06-09","35.6181","-119.6892","87.8","LOST HILLS, CA US","    0",",,7,0700",,,,,,,,
"USC00045151","2017-06-10","35.6181","-119.6892","87.8","LOST HILLS, CA US","    0",",,7,0700",,,,,,,,
"USC00045151","2017-06-11","35.6181","-119.6892","87.8","LOST HILLS, CA US","    0",",,7,0700",,,,,,,,
"USC00045151","2017-06-12","35.6181","-119.6892","87.8","LOST HILLS, CA US","    0",",,7,0700",,,,,,,,
"USC00045151","2017-06-13","35.6181","-119.6892","87.8","LOST HILLS, CA US","    0",",,7,0700",,,,,,,,
"USC00045151","2017-06-14","35.6181","-119.6892","87.8","LOST HILLS, CA US","    0",",,7,0700",,,,,,,,
"USC00045151","2017-06-15","35.6181","-119.6892","87.8","LOST HILLS, CA US","    0",",,7,0700",,,,,,,,
"USC00045151","2017-06-16","35.6181","-119.6892","87.8","LOST HILLS, CA US","    0",",,7,0700",,,,,,,,
"USC00045151","2017-06-17","35.6181","-119.6892","87.8","LOST HILLS, CA US","    0",",,7,0700",,,,,,,,
"USC00045151","2017-06-18","35.6181","-119.6892","87.8","LOST HILLS, CA US","    0",",,7,0700",,,,,,,,
"USC00045151","2017-06-19","35.6181","-119.6892","87.8","LOST HILLS, CA US","    0",",,7,0700",,,,,,,,
"USC00045151","2017-06-20","35.6181","-119.6892","87.8","LOST HILLS, CA US","    0",",,7,0700",,,,,,,,
"USC00045151","2017-06-21","35.6181","-119.6892","87.8","LOST HILLS, CA US","    0",",,7,0700",,,,,,,,
"USC00045151","2017-06-22","35.6181","-119.6892","87.8","LOST HILLS, CA US","    0",",,7,0700",,,,,,,,
"USC00045151","2017-06-23","35.6181","-119.6892","87.8","LOST HILLS, CA US","    0",",,7,0700",,,,,,,,
"USC00045151","2017-06-24","35.6181","-119.6892","87.8","LOST HILLS, CA US","    0",",,7,0700",,,,,,,,
"USC00045151","2017-06-25","35.6181","-119.6892","87.8","LOST HILLS, CA US","    0",",,7,0700",,,,,,,,
"USC00045151","2017-06-26","35.6181","-119.6892","87.8","LOST HILLS, CA US","    0",",,7,0700",,,,,,,,
"USC00045151","2017-06-27","35.6181","-119.6892","87.8","LOST HILLS, CA US","    0",",,7,0700",,,,,,,,
"USC00045151","2017-06-28","35.6181","-119.6892","87.8","LOST HILLS, CA US","    0",",,7,0700",,,,,,,,
"USC00045151","2017-06-29","35.6181","-119.6892","87.8","LOST HILLS, CA US","    0",",,7,0700",,,,,,,,
"USC00045151","2017-06-30","35.6181","-119.6892","87.8","LOST HILLS, CA US","    0",",,7,0700",,,,,,,,
"USC00045151","2017-07-01","35.6181","-119.6892","87.8","LOST HILLS, CA US","    0",",,7,0700",,,,,,,,
"USC00045151","2017-07-02","35.6181","-119.6892","87.8","LOST HILLS, CA US","    0",",,7,0700",,,,,,,,
"USC00045151","2017-07-03","35.6181","-119.6892","87.8","LOST HILLS, CA US","    0",",,7,0700",,,,,,,,
"USC00045151","2017-07-04","35.6181","-119.6892","87.8","LOST HILLS, CA US","    0",",,7,0700",,,,,,,,
"USC00045151","2017-07-05","35.6181","-119.6892","87.8","LOST HILLS, CA US","    0",",,7,0700",,,,,,,,
"USC00045151","2017-07-06","35.6181","-119.6892","87.8","LOST HILLS, CA US","    0",",,7,0700",,,,,,,,
"USC00045151","2017-07-07","35.6181","-119.6892","87.8","LOST HILLS, CA US","    0",",,7,0700",,,,,,,,
"USC00045151","2017-07-08","35.6181","-119.6892","87.8","LOST HILLS, CA US","    0",",,7,0700",,,,,,,,
"USC00045151","2017-07-09","35.6181","-119.6892","87.8","LOST HILLS, CA US","    0",",,7,0700",,,,,,,,
"USC00045151","2017-07-10","35.6181","-119.6892","87.8","LOST HILLS, CA US","    0",",,7,0700",,,,,,,,
"USC00045151","2017-07-11","35.6181","-119.6892","87.8","LOST HILLS, CA US","    0",",,7,0700",,,,,,,,
"USC00045151","2017-07-12","35.6181","-119.6892","87.8","LOST HILLS, CA US","    0",",,7,0700",,,,,,,,
"USC00045151","2017-07-13","35.6181","-119.6892","87.8","LOST HILLS, CA US","    0",",,7,0700",,,,,,,,
"USC00045151","2017-07-14","35.6181","-119.6892","87.8","LOST HILLS, CA US","    0",",,7,0700",,,,,,,,
"USC00045151","2017-07-15","35.6181","-119.6892","87.8","LOST HILLS, CA US","    0",",,7,0700",,,,,,,,
"USC00045151","2017-07-16","35.6181","-119.6892","87.8","LOST HILLS, CA US","    0",",,7,0700",,,,,,,,
"USC00045151","2017-07-17","35.6181","-119.6892","87.8","LOST HILLS, CA US","    0",",,7,0700",,,,,,,,
"USC00045151","2017-07-18","35.6181","-119.6892","87.8","LOST HILLS, CA US","    0",",,7,0700",,,,,,,,
"USC00045151","2017-07-19","35.6181","-119.6892","87.8","LOST HILLS, CA US","    0",",,7,0700",,,,,,,,
"USC00045151","2017-07-20","35.6181","-119.6892","87.8","LOST HILLS, CA US","    0",",,7,0700",,,,,,,,
"USC00045151","2017-07-21","35.6181","-119.6892","87.8","LOST HILLS, CA US","    0",",,7,0700",,,,,,,,
"USC00045151","2017-07-22","35.6181","-119.6892","87.8","LOST HILLS, CA US","    0",",,7,0700",,,,,,,,
"USC00045151","2017-07-23","35.6181","-119.6892","87.8","LOST HILLS, CA US","    0",",,7,0700",,,,,,,,
"USC00045151","2017-07-24","35.6181","-119.6892","87.8","LOST HILLS, CA US","    0",",,7,0700",,,,,,,,
"USC00045151","2017-07-25","35.6181","-119.6892","87.8","LOST HILLS, CA US","    0",",,7,0700",,,,,,,,
"USC00045151","2017-07-26","35.6181","-119.6892","87.8","LOST HILLS, CA US","    0",",,7,0700",,,,,,,,
"USC00045151","2017-07-27","35.6181","-119.6892","87.8","LOST HILLS, CA US","    0",",,7,0700",,,,,,,,
"USC00045151","2017-07-28","35.6181","-119.6892","87.8","LOST HILLS, CA US","    0",",,7,0700",,,,,,,,
"USC00045151","2017-07-29","35.6181","-119.6892","87.8","LOST HILLS, CA US","    0",",,7,0700",,,,,,,,
"USC00045151","2017-07-30","35.6181","-119.6892","87.8","LOST HILLS, CA US","    0",",,7,0700",,,,,,,,
"USC00045151","2017-07-31","35.6181","-119.6892","87.8","LOST HILLS, CA US","    0",",,7,0700",,,,,,,,
"USC00045151","2017-08-01","35.6181","-119.6892","87.8","LOST HILLS, CA US","    0",",,7,0700",,,,,,,,
"USC00045151","2017-08-02","35.6181","-119.6892","87.8","LOST HILLS, CA US","    0",",,7,0700",,,,,,,,
"USC00045151","2017-08-03","35.6181","-119.6892","87.8","LOST HILLS, CA US","    0",",,7,0700",,,,,,,,
"USC00045151","2017-08-04","35.6181","-119.6892","87.8","LOST HILLS, CA US","    0",",,7,0700",,,,,,,,
"USC00045151","2017-08-05","35.6181","-119.6892","87.8","LOST HILLS, CA US","    0",",,7,0700",,,,,,,,
"USC00045151","2017-08-06","35.6181","-119.6892","87.8","LOST HILLS, CA US","    0",",,7,0700",,,,,,,,
"USC00045151","2017-08-07","35.6181","-119.6892","87.8","LOST HILLS, CA US","    0",",,7,0700",,,,,,,,
"USC00045151","2017-08-08","35.6181","-119.6892","87.8","LOST HILLS, CA US","    0",",,7,0700",,,,,,,,
"USC00045151","2017-08-09","35.6181","-119.6892","87.8","LOST HILLS, CA US","    0",",,7,0700",,,,,,,,
"USC00045151","2017-08-10","35.6181","-119.6892","87.8","LOST HILLS, CA US","    0",",,7,0700",,,,,,,,
"USC00045151","2017-08-11","35.6181","-119.6892","87.8","LOST HILLS, CA US","    0",",,7,0700",,,,,,,,
"USC00045151","2017-08-12","35.6181","-119.6892","87.8","LOST HILLS, CA US","    0",",,7,0700",,,,,,,,
"USC00045151","2017-08-13","35.6181","-119.6892","87.8","LOST HILLS, CA US","    0",",,7,0700",,,,,,,,
"USC00045151","2017-08-14","35.6181","-119.6892","87.8","LOST HILLS, CA US","    0",",,7,0700",,,,,,,,
"USC00045151","2017-08-15","35.6181","-119.6892","87.8","LOST HILLS, CA US","    0",",,7,0700",,,,,,,,
"USC00045151","2017-08-16","35.6181","-119.6892","87.8","LOST HILLS, CA US","    0",",,7,0700",,,,,,,,
"USC00045151","2017-08-17","35.6181","-119.6892","87.8","LOST HILLS, CA US","    0",",,7,0700",,,,,,,,
"USC00045151","2017-08-18","35.6181","-119.6892","87.8","LOST HILLS, CA US","    0",",,7,0700",,,,,,,,
"USC00045151","2017-08-19","35.6181","-119.6892","87.8","LOST HILLS, CA US","    0",",,7,0700",,,,,,,,
"USC00045151","2017-08-20","35.6181","-119.6892","87.8","LOST HILLS, CA US","    0",",,7,0700",,,,,,,,
"USC00045151","2017-08-21","35.6181","-119.6892","87.8","LOST HILLS, CA US","    0",",,7,0700",,,,,,,,
"USC00045151","2017-08-22","35.6181","-119.6892","87.8","LOST HILLS, CA US","    0",",,7,0700",,,,,,,,
"USC00045151","2017-08-23","35.6181","-119.6892","87.8","LOST HILLS, CA US","    0",",,7,0700",,,,,,,,
"USC00045151","2017-08-24","35.6181","-119.6892","87.8","LOST HILLS, CA US","    0",",,7,0700",,,,,,,,
"USC00045151","2017-08-25","35.6181","-119.6892","87.8","LOST HILLS, CA US","    0",",,7,0700",,,,,,,,
"USC00045151","2017-08-26","35.6181","-119.6892","87.8","LOST HILLS, CA US","    0",",,7,0700",,,,,,,,
"USC00045151","2017-08-27","35.6181","-119.6892","87.8","LOST HILLS, CA US","    0",",,7,0700",,,,,,,,
"USC00045151","2017-08-28","35.6181","-119.6892","87.8","LOST HILLS, CA US","    0",",,7,0700",,,,,,,,
"USC00045151","2017-08-29","35.6181","-119.6892","87.8","LOST HILLS, CA US","    0",",,7,0700",,,,,,,,
"USC00045151","2017-08-30","35.6181","-119.6892","87.8","LOST HILLS, CA US","    0",",,7,0700",,,,,,,,
"USC00045151","2017-08-31","35.6181","-119.6892","87.8","LOST HILLS, CA US","    0",",,7,0700",,,,,,,,
"USC00045151","2017-09-01","35.6181","-119.6892","87.8","LOST HILLS, CA US","    0",",,7,0700",,,,,,,,
"USC00045151","2017-09-02","35.6181","-119.6892","87.8","LOST HILLS, CA US","    0",",,7,0700",,,,,,,,
"USC00045151","2017-09-03","35.6181","-119.6892","87.8","LOST HILLS, CA US","    0",",,7,0700",,,,,,,,
"USC00045151","2017-09-04","35.6181","-119.6892","87.8","LOST HILLS, CA US","    0",",,7,0700",,,,,,,,
"USC00045151","2017-09-05","35.6181","-119.6892","87.8","LOST HILLS, CA US","    0",",,7,0700",,,,,,,,
"USC00045151","2017-09-06","35.6181","-119.6892","87.8","LOST HILLS, CA US","    0",",,7,0700",,,,,,,,
"USC00045151","2017-09-07","35.6181","-119.6892","87.8","LOST HILLS, CA US","    0",",,7,0700",,,,,,,,
"USC00045151","2017-09-08","35.6181","-119.6892","87.8","LOST HILLS, CA US","    0",",,7,0700",,,,,,,,
"USC00045151","2017-09-09","35.6181","-119.6892","87.8","LOST HILLS, CA US","    0",",,7,0700",,,,,,,,
"USC00045151","2017-09-10","35.6181","-119.6892","87.8","LOST HILLS, CA US","    0",",,7,0700",,,,,,,,
"USC00045151","2017-09-11","35.6181","-119.6892","87.8","LOST HILLS, CA US","    0",",,7,0700",,,,,,,,
"USC00045151","2017-09-12","35.6181","-119.6892","87.8","LOST HILLS, CA US","    0",",,7,0700",,,,,,,,
"USC00045151","2017-09-13","35.6181","-119.6892","87.8","LOST HILLS, CA US","    0",",,7,0700",,,,,,,,
"USC00045151","2017-09-14","35.6181","-119.6892","87.8","LOST HILLS, CA US","    0",",,7,0700",,,,,,,,
"USC00045151","2017-09-15","35.6181","-119.6892","87.8","LOST HILLS, CA US","    0",",,7,0700",,,,,,,,
"USC00045151","2017-09-16","35.6181","-119.6892","87.8","LOST HILLS, CA US","    0",",,7,0700",,,,,,,,
"USC00045151","2017-09-17","35.6181","-119.6892","87.8","LOST HILLS, CA US","    0",",,7,0700",,,,,,,,
"USC00045151","2017-09-18","35.6181","-119.6892","87.8","LOST HILLS, CA US","    0",",,7,0700",,,,,,,,
"USC00045151","2017-09-19","35.6181","-119.6892","87.8","LOST HILLS, CA US","    0",",,7,0700",,,,,,,,
"USC00045151","2017-09-20","35.6181","-119.6892","87.8","LOST HILLS, CA US","    0",",,7,0700",,,,,,,,
"USC00045151","2017-09-21","35.6181","-119.6892","87.8","LOST HILLS, CA US","    0",",,7,0700",,,,,,,,
"USC00045151","2017-09-22","35.6181","-119.6892","87.8","LOST HILLS, CA US","    0",",,7,0700",,,,,,,,
"USC00045151","2017-09-23","35.6181","-119.6892","87.8","LOST HILLS, CA US","    0",",,7,0700",,,,,,,,
"USC00045151","2017-09-24","35.6181","-119.6892","87.8","LOST HILLS, CA US","    0",",,7,0700",,,,,,,,
"USC00045151","2017-09-25","35.6181","-119.6892","87.8","LOST HILLS, CA US","    0",",,7,0700",,,,,,,,
"USC00045151","2017-09-26","35.6181","-119.6892","87.8","LOST HILLS, CA US","    0",",,7,0700",,,,,,,,
"USC00045151","2017-09-27","35.6181","-119.6892","87.8","LOST HILLS, CA US","    0",",,7,0700",,,,,,,,
"USC00045151","2017-09-28","35.6181","-119.6892","87.8","LOST HILLS, CA US","    0",",,7,0700",,,,,,,,
"USC00045151","2017-09-29","35.6181","-119.6892","87.8","LOST HILLS, CA US","    0",",,7,0700",,,,,,,,
"USC00045151","2017-09-30","35.6181","-119.6892","87.8","LOST HILLS, CA US","    0",",,7,0700",,,,,,,,
"USC00045151","2017-10-01","35.6181","-119.6892","87.8","LOST HILLS, CA US","    0",",,7,0700",,,,,,,,
"USC00045151","2017-10-02","35.6181","-119.6892","87.8","LOST HILLS, CA US","    0",",,7,0700",,,,,,,,
"USC00045151","2017-10-03","35.6181","-119.6892","87.8","LOST HILLS, CA US","    0",",,7,0700",,,,,,,,
"USC00045151","2017-10-04","35.6181","-119.6892","87.8","LOST HILLS, CA US","    0",",,7,0700",,,,,,,,
"USC00045151","2017-10-05","35.6181","-119.6892","87.8","LOST HILLS, CA US","    0",",,7,0700",,,,,,,,
"USC00045151","2017-10-06","35.6181","-119.6892","87.8","LOST HILLS, CA US","    0",",,7,0700",,,,,,,,
"USC00045151","2017-10-07","35.6181","-119.6892","87.8","LOST HILLS, CA US","    0",",,7,0700",,,,,,,,
"USC00045151","2017-10-08","35.6181","-119.6892","87.8","LOST HILLS, CA US","    0",",,7,0700",,,,,,,,
"USC00045151","2017-10-09","35.6181","-119.6892","87.8","LOST HILLS, CA US","    0",",,7,0700",,,,,,,,
"USC00045151","2017-10-10","35.6181","-119.6892","87.8","LOST HILLS, CA US","    0",",,7,0700",,,,,,,,
"USC00045151","2017-10-11","35.6181","-119.6892","87.8","LOST HILLS, CA US","    0",",,7,0700",,,,,,,,
"USC00045151","2017-10-12","35.6181","-119.6892","87.8","LOST HILLS, CA US","    0",",,7,0700",,,,,,,,
"USC00045151","2017-10-13","35.6181","-119.6892","87.8","LOST HILLS, CA US","    0",",,7,0700",,,,,,,,
"USC00045151","2017-10-14","35.6181","-119.6892","87.8","LOST HILLS, CA US","    0",",,7,0700",,,,,,,,
"USC00045151","2017-10-15","35.6181","-119.6892","87.8","LOST HILLS, CA US","    0",",,7,0700",,,,,,,,
"USC00045151","2017-10-16","35.6181","-119.6892","87.8","LOST HILLS, CA US","    0",",,7,0700",,,,,,,,
"USC00045151","2017-10-17","35.6181","-119.6892","87.8","LOST HILLS, CA US","    0",",,7,0700",,,,,,,,
"USC00045151","2017-10-18","35.6181","-119.6892","87.8","LOST HILLS, CA US","    0",",,7,0700",,,,,,,,
"USC00045151","2017-10-19","35.6181","-119.6892","87.8","LOST HILLS, CA US","    0",",,7,0700",,,,,,,,
"USC00045151","2017-10-20","35.6181","-119.6892","87.8","LOST HILLS, CA US","    0",",,7,0700",,,,,,,,
"USC00045151","2017-10-21","35.6181","-119.6892","87.8","LOST HILLS, CA US","    0",",,7,0700",,,,,,,,
"USC00045151","2017-10-22","35.6181","-119.6892","87.8","LOST HILLS, CA US","    0",",,7,0700",,,,,,,,
"USC00045151","2017-10-23","35.6181","-119.6892","87.8","LOST HILLS, CA US","    0",",,7,0700",,,,,,,,
"USC00045151","2017-10-24","35.6181","-119.6892","87.8","LOST HILLS, CA US","    0",",,7,0700",,,,,,,,
"USC00045151","2017-10-25","35.6181","-119.6892","87.8","LOST HILLS, CA US","    0",",,7,0700",,,,,,,,
"USC00045151","2017-10-26","35.6181","-119.6892","87.8","LOST HILLS, CA US","    0",",,7,0700",,,,,,,,
"USC00045151","2017-10-27","35.6181","-119.6892","87.8","LOST HILLS, CA US","    0",",,7,0700",,,,,,,,
"USC00045151","2017-10-28","35.6181","-119.6892","87.8","LOST HILLS, CA US","    0",",,7,0700",,,,,,,,
"USC00045151","2017-10-29","35.6181","-119.6892","87.8","LOST HILLS, CA US","    0",",,7,0700",,,,,,,,
"USC00045151","2017-10-30","35.6181","-119.6892","87.8","LOST HILLS, CA US","    0",",,7,0700",,,,,,,,
"USC00045151","2017-10-31","35.6181","-119.6892","87.8","LOST HILLS, CA US","    0",",,7,0700",,,,,,,,
"USC00045151","2017-12-01","35.6181","-119.6892","87.8","LOST HILLS, CA US","    0",",,7,0700",,,,,,,,
"USC00045151","2017-12-02","35.6181","-119.6892","87.8","LOST HILLS, CA US","    0",",,7,0700",,,,,,,,
"USC00045151","2017-12-03","35.6181","-119.6892","87.8","LOST HILLS, CA US","    0",",,7,0700",,,,,,,,
"USC00045151","2017-12-04","35.6181","-119.6892","87.8","LOST HILLS, CA US","    0",",,7,0700",,,,,,,,
"USC00045151","2017-12-05","35.6181","-119.6892","87.8","LOST HILLS, CA US","    0",",,7,0700",,,,,,,,
"USC00045151","2017-12-06","35.6181","-119.6892","87.8","LOST HILLS, CA US","    0",",,7,0700",,,,,,,,
"USC00045151","2017-12-07","35.6181","-119.6892","87.8","LOST HILLS, CA US","    0",",,7,0700",,,,,,,,
"USC00045151","2017-12-08","35.6181","-119.6892","87.8","LOST HILLS, CA US","    0",",,7,0700",,,,,,,,
"USC00045151","2017-12-09","35.6181","-119.6892","87.8","LOST HILLS, CA US","    0","T,,7,0700",,,,,,,,
"USC00045151","2017-12-10","35.6181","-119.6892","87.8","LOST HILLS, CA US","    0",",,7,0700",,,,,,,,
"USC00045151","2017-12-11","35.6181","-119.6892","87.8","LOST HILLS, CA US","    0",",,7,0700",,,,,,,,
"USC00045151","2017-12-12","35.6181","-119.6892","87.8","LOST HILLS, CA US","    0",",,7,0700",,,,,,,,
"USC00045151","2017-12-13","35.6181","-119.6892","87.8","LOST HILLS, CA US","    0",",,7,0700",,,,,,,,
"USC00045151","2017-12-14","35.6181","-119.6892","87.8","LOST HILLS, CA US","    0",",,7,0700",,,,,,,,
"USC00045151","2017-12-15","35.6181","-119.6892","87.8","LOST HILLS, CA US","    0",",,7,0700",,,,,,,,
"USC00045151","2017-12-16","35.6181","-119.6892","87.8","LOST HILLS, CA US","    0",",,7,0700",,,,,,,,
"USC00045151","2017-12-17","35.6181","-119.6892","87.8","LOST HILLS, CA US","    0",",,7,0700",,,,,,,,
"USC00045151","2017-12-18","35.6181","-119.6892","87.8","LOST HILLS, CA US","    0",",,7,0700",,,,,,,,
"USC00045151","2017-12-19","35.6181","-119.6892","87.8","LOST HILLS, CA US","    0",",,7,0700",,,,,,,,
"USC00045151","2017-12-20","35.6181","-119.6892","87.8","LOST HILLS, CA US","    0",",,7,0700",,,,,,,,
"USC00045151","2017-12-21","35.6181","-119.6892","87.8","LOST HILLS, CA US","    0",",,7,0700",,,,,,,,
"USC00045151","2017-12-22","35.6181","-119.6892","87.8","LOST HILLS, CA US","    0",",,7,0700",,,,,,,,
"USC00045151","2017-12-23","35.6181","-119.6892","87.8","LOST HILLS, CA US","    0",",,7,0700",,,,,,,,
"USC00045151","2017-12-24","35.6181","-119.6892","87.8","LOST HILLS, CA US","    0",",,7,0700",,,,,,,,
"USC00045151","2017-12-25","35.6181","-119.6892","87.8","LOST HILLS, CA US","    0",",,7,0700",,,,,,,,
"USC00045151","2017-12-26","35.6181","-119.6892","87.8","LOST HILLS, CA US","    0",",,7,0700",,,,,,,,
"USC00045151","2017-12-27","35.6181","-119.6892","87.8","LOST HILLS, CA US","    0",",,7,0700",,,,,,,,
"USC00045151","2017-12-28","35.6181","-119.6892","87.8","LOST HILLS, CA US","    0",",,7,0700",,,,,,,,
"USC00045151","2017-12-29","35.6181","-119.6892","87.8","LOST HILLS, CA US","    0",",,7,0700",,,,,,,,
"USC00045151","2017-12-30","35.6181","-119.6892","87.8","LOST HILLS, CA US","    0",",,7,0700",,,,,,,,
"USC00045151","2017-12-31","35.6181","-119.6892","87.8","LOST HILLS, CA US","    0",",,7,0700",,,,,,,,
"USC00045151","2018-01-01","35.6181","-119.6892","87.8","LOST HILLS, CA US","    0",",,7,0700",,,,,,,,
"USC00045151","2018-01-02","35.6181","-119.6892","87.8","LOST HILLS, CA US","    0",",,7,0700",,,,,,,,
"USC00045151","2018-01-03","35.6181","-119.6892","87.8","LOST HILLS, CA US","    0",",,7,0700",,,,,,,,
"USC00045151","2018-01-04","35.6181","-119.6892","87.8","LOST HILLS, CA US","   25",",,7,0700",,,,,,,,
"USC00045151","2018-01-05","35.6181","-119.6892","87.8","LOST HILLS, CA US","   20",",,7,0700",,,,,,,,
"USC00045151","2018-01-06","35.6181","-119.6892","87.8","LOST HILLS, CA US","    0",",,7,0700",,,,,,,,
"USC00045151","2018-01-07","35.6181","-119.6892","87.8","LOST HILLS, CA US","    0",",,7,0700",,,,,,,,
"USC00045151","2018-01-08","35.6181","-119.6892","87.8","LOST HILLS, CA US","   51",",,7,0700",,,,,,,,
"USC00045151","2018-01-09","35.6181","-119.6892","87.8","LOST HILLS, CA US","  145",",,7,0700",,,,,,,,
"USC00045151","2018-01-10","35.6181","-119.6892","87.8","LOST HILLS, CA US","   18",",,7,0700",,,,,,,,
"USC00045151","2018-01-11","35.6181","-119.6892","87.8","LOST HILLS, CA US","    0",",,7,0700",,,,,,,,
"USC00045151","2018-01-12","35.6181","-119.6892","87.8","LOST HILLS, CA US","    0",",,7,0700",,,,,,,,
"USC00045151","2018-01-13","35.6181","-119.6892","87.8","LOST HILLS, CA US","    0",",,7,0700",,,,,,,,
"USC00045151","2018-01-14","35.6181","-119.6892","87.8","LOST HILLS, CA US","    0",",,7,0700",,,,,,,,
"USC00045151","2018-01-15","35.6181","-119.6892","87.8","LOST HILLS, CA US","    0",",,7,0700",,,,,,,,
"USC00045151","2018-01-16","35.6181","-119.6892","87.8","LOST HILLS, CA US","    0",",,7,0700",,,,,,,,
"USC00045151","2018-01-17","35.6181","-119.6892","87.8","LOST HILLS, CA US","    0",",,7,0700",,,,,,,,
"USC00045151","2018-01-18","35.6181","-119.6892","87.8","LOST HILLS, CA US","   43",",,7,0700",,,,,,,,
"USC00045151","2018-01-19","35.6181","-119.6892","87.8","LOST HILLS, CA US","   28",",,7,0700",,,,,,,,
"USC00045151","2018-01-20","35.6181","-119.6892","87.8","LOST HILLS, CA US","    0",",,7,0700",,,,,,,,
"USC00045151","2018-01-21","35.6181","-119.6892","87.8","LOST HILLS, CA US","    0",",,7,0700",,,,,,,,
"USC00045151","2018-01-22","35.6181","-119.6892","87.8","LOST HILLS, CA US","    0",",,7,0700",,,,,,,,
"USC00045151","2018-01-23","35.6181","-119.6892","87.8","LOST HILLS, CA US","    0",",,7,0700",,,,,,,,
"USC00045151","2018-01-24","35.6181","-119.6892","87.8","LOST HILLS, CA US","    0",",,7,0700",,,,,,,,
"USC00045151","2018-01-25","35.6181","-119.6892","87.8","LOST HILLS, CA US","   28",",,7,0700",,,,,,,,
"USC00045151","2018-01-26","35.6181","-119.6892","87.8","LOST HILLS, CA US","   10",",,7,0700",,,,,,,,
"USC00045151","2018-01-27","35.6181","-119.6892","87.8","LOST HILLS, CA US","    0",",,7,0700",,,,,,,,
"USC00045151","2018-01-28","35.6181","-119.6892","87.8","LOST HILLS, CA US","    0",",,7,0700",,,,,,,,
"USC00045151","2018-01-29","35.6181","-119.6892","87.8","LOST HILLS, CA US","    0",",,7,0700",,,,,,,,
"USC00045151","2018-01-30","35.6181","-119.6892","87.8","LOST HILLS, CA US","    0",",,7,0700",,,,,,,,
"USC00045151","2018-01-31","35.6181","-119.6892","87.8","LOST HILLS, CA US","    0",",,7,0700",,,,,,,,
"USC00045151","2018-02-01","35.6181","-119.6892","87.8","LOST HILLS, CA US","    0",",,7,0700",,,,,,,,
"USC00045151","2018-02-02","35.6181","-119.6892","87.8","LOST HILLS, CA US","    0",",,7,0700",,,,,,,,
"USC00045151","2018-02-03","35.6181","-119.6892","87.8","LOST HILLS, CA US","    0",",,7,0700",,,,,,,,
"USC00045151","2018-02-04","35.6181","-119.6892","87.8","LOST HILLS, CA US","    0",",,7,0700",,,,,,,,
"USC00045151","2018-02-05","35.6181","-119.6892","87.8","LOST HILLS, CA US","    0",",,7,0700",,,,,,,,
"USC00045151","2018-02-06","35.6181","-119.6892","87.8","LOST HILLS, CA US","    0",",,7,0700",,,,,,,,
"USC00045151","2018-02-07","35.6181","-119.6892","87.8","LOST HILLS, CA US","    0",",,7,0700",,,,,,,,
"USC00045151","2018-02-08","35.6181","-119.6892","87.8","LOST HILLS, CA US","    0",",,7,0700",,,,,,,,
"USC00045151","2018-02-09","35.6181","-119.6892","87.8","LOST HILLS, CA US","    0",",,7,0700",,,,,,,,
"USC00045151","2018-02-10","35.6181","-119.6892","87.8","LOST HILLS, CA US","    0",",,7,0700",,,,,,,,
"USC00045151","2018-02-11","35.6181","-119.6892","87.8","LOST HILLS, CA US","    0",",,7,0700",,,,,,,,
"USC00045151","2018-02-12","35.6181","-119.6892","87.8","LOST HILLS, CA US","    0",",,7,0700",,,,,,,,
"USC00045151","2018-02-13","35.6181","-119.6892","87.8","LOST HILLS, CA US","    0",",,7,0700",,,,,,,,
"USC00045151","2018-02-14","35.6181","-119.6892","87.8","LOST HILLS, CA US","    0",",,7,0700",,,,,,,,
"USC00045151","2018-02-15","35.6181","-119.6892","87.8","LOST HILLS, CA US","    0",",,7,0700",,,,,,,,
"USC00045151","2018-02-16","35.6181","-119.6892","87.8","LOST HILLS, CA US","    0",",,7,0700",,,,,,,,
"USC00045151","2018-02-17","35.6181","-119.6892","87.8","LOST HILLS, CA US","    0",",,7,0700",,,,,,,,
"USC00045151","2018-02-18","35.6181","-119.6892","87.8","LOST HILLS, CA US","    0",",,7,0700",,,,,,,,
"USC00045151","2018-02-19","35.6181","-119.6892","87.8","LOST HILLS, CA US","    0",",,7,0700",,,,,,,,
"USC00045151","2018-02-20","35.6181","-119.6892","87.8","LOST HILLS, CA US","    0",",,7,0700",,,,,,,,
"USC00045151","2018-02-21","35.6181","-119.6892","87.8","LOST HILLS, CA US","    0",",,7,0700",,,,,,,,
"USC00045151","2018-02-22","35.6181","-119.6892","87.8","LOST HILLS, CA US","    0",",,7,0700",,,,,,,,
"USC00045151","2018-02-23","35.6181","-119.6892","87.8","LOST HILLS, CA US","    0",",,7,0700",,,,,,,,
"USC00045151","2018-02-24","35.6181","-119.6892","87.8","LOST HILLS, CA US","    0",",,7,0700",,,,,,,,
"USC00045151","2018-02-25","35.6181","-119.6892","87.8","LOST HILLS, CA US","    0",",,7,0700",,,,,,,,
"USC00045151","2018-02-26","35.6181","-119.6892","87.8","LOST HILLS, CA US","    0",",,7,0700",,,,,,,,
"USC00045151","2018-02-27","35.6181","-119.6892","87.8","LOST HILLS, CA US","   64",",,7,0700",,,,,,,,
"USC00045151","2018-02-28","35.6181","-119.6892","87.8","LOST HILLS, CA US","    0",",,7,0700",,,,,,,,
"USC00045151","2018-03-01","35.6181","-119.6892","87.8","LOST HILLS, CA US","    0",",,7,0700",,,,,,,,
"USC00045151","2018-03-02","35.6181","-119.6892","87.8","LOST HILLS, CA US","    0",",,7,0700",,,,,,,,
"USC00045151","2018-03-03","35.6181","-119.6892","87.8","LOST HILLS, CA US","    3",",,7,0700",,,,,,,,
"USC00045151","2018-03-04","35.6181","-119.6892","87.8","LOST HILLS, CA US","    3",",,7,0700",,,,,,,,
"USC00045151","2018-03-05","35.6181","-119.6892","87.8","LOST HILLS, CA US","    0",",,7,0700",,,,,,,,
"USC00045151","2018-03-06","35.6181","-119.6892","87.8","LOST HILLS, CA US","    0",",,7,0700",,,,,,,,
"USC00045151","2018-03-07","35.6181","-119.6892","87.8","LOST HILLS, CA US","    0",",,7,0700",,,,,,,,
"USC00045151","2018-03-08","35.6181","-119.6892","87.8","LOST HILLS, CA US","    0",",,7,0700",,,,,,,,
"USC00045151","2018-03-09","35.6181","-119.6892","87.8","LOST HILLS, CA US","    0",",,7,0700",,,,,,,,
"USC00045151","2018-03-10","35.6181","-119.6892","87.8","LOST HILLS, CA US","   28",",,7,0700",,,,,,,,
"USC00045151","2018-03-11","35.6181","-119.6892","87.8","LOST HILLS, CA US","    0",",,7,0700",,,,,,,,
"USC00045151","2018-03-12","35.6181","-119.6892","87.8","LOST HILLS, CA US","    3",",,7,0700",,,,,,,,
"USC00045151","2018-03-13","35.6181","-119.6892","87.8","LOST HILLS, CA US","    0",",,7,0700",,,,,,,,
"USC00045151","2018-03-14","35.6181","-119.6892","87.8","LOST HILLS, CA US","    0",",,7,0700",,,,,,,,
"USC00045151","2018-03-15","35.6181","-119.6892","87.8","LOST HILLS, CA US","   38",",,7,0700",,,,,,,,
"USC00045151","2018-03-16","35.6181","-119.6892","87.8","LOST HILLS, CA US","    3",",,7,0700",,,,,,,,
"USC00045151","2018-03-17","35.6181","-119.6892","87.8","LOST HILLS, CA US","    0",",,7,0700",,,,,,,,
"USC00045151","2018-03-18","35.6181","-119.6892","87.8","LOST HILLS, CA US","    0",",,7,0700",,,,,,,,
"USC00045151","2018-03-19","35.6181","-119.6892","87.8","LOST HILLS, CA US","    0",",,7,0700",,,,,,,,
"USC00045151","2018-03-20","35.6181","-119.6892","87.8","LOST HILLS, CA US","  119",",,7,0700",,,,,,,,
"USC00045151","2018-03-21","35.6181","-119.6892","87.8","LOST HILLS, CA US","  104",",,7,0700",,,,,,,,
"USC00045151","2018-03-22","35.6181","-119.6892","87.8","LOST HILLS, CA US","   58",",,7,0700",,,,,,,,
"USC00045151","2018-03-23","35.6181","-119.6892","87.8","LOST HILLS, CA US","    0",",,7,0700",,,,,,,,
"USC00045151","2018-03-24","35.6181","-119.6892","87.8","LOST HILLS, CA US","    0",",,7,0700",,,,,,,,
"USC00045151","2018-03-25","35.6181","-119.6892","87.8","LOST HILLS, CA US","    0",",,7,0700",,,,,,,,
"USC00045151","2018-03-26","35.6181","-119.6892","87.8","LOST HILLS, CA US","    0",",,7,0700",,,,,,,,
"USC00045151","2018-03-27","35.6181","-119.6892","87.8","LOST HILLS, CA US","    0",",,7,0700",,,,,,,,
"USC00045151","2018-03-28","35.6181","-119.6892","87.8","LOST HILLS, CA US","    0",",,7,0700",,,,,,,,
"USC00045151","2018-03-29","35.6181","-119.6892","87.8","LOST HILLS, CA US","    0",",,7,0700",,,,,,,,
"USC00045151","2018-03-30","35.6181","-119.6892","87.8","LOST HILLS, CA US","    0",",,7,0700",,,,,,,,
"USC00045151","2018-03-31","35.6181","-119.6892","87.8","LOST HILLS, CA US","    0",",,7,0700",,,,,,,,
"USC00045151","2018-04-01","35.6181","-119.6892","87.8","LOST HILLS, CA US","    0",",,7,0700",,,,,,,,
"USC00045151","2018-04-02","35.6181","-119.6892","87.8","LOST HILLS, CA US","    0",",,7,0700",,,,,,,,
"USC00045151","2018-04-03","35.6181","-119.6892","87.8","LOST HILLS, CA US","    0",",,7,0700",,,,,,,,
"USC00045151","2018-04-04","35.6181","-119.6892","87.8","LOST HILLS, CA US","    0",",,7,0700",,,,,,,,
"USC00045151","2018-04-05","35.6181","-119.6892","87.8","LOST HILLS, CA US","    0",",,7,0700",,,,,,,,
"USC00045151","2018-04-06","35.6181","-119.6892","87.8","LOST HILLS, CA US","    0",",,7,0700",,,,,,,,
"USC00045151","2018-04-07","35.6181","-119.6892","87.8","LOST HILLS, CA US","   18",",,7,0700",,,,,,,,
"USC00045151","2018-04-08","35.6181","-119.6892","87.8","LOST HILLS, CA US","    0",",,7,0700",,,,,,,,
"USC00045151","2018-04-09","35.6181","-119.6892","87.8","LOST HILLS, CA US","    0",",,7,0700",,,,,,,,
"USC00045151","2018-04-10","35.6181","-119.6892","87.8","LOST HILLS, CA US","    0",",,7,0700",,,,,,,,
"USC00045151","2018-04-11","35.6181","-119.6892","87.8","LOST HILLS, CA US","   25",",,7,0700",,,,,,,,
"USC00045151","2018-04-12","35.6181","-119.6892","87.8","LOST HILLS, CA US","    0",",,7,0700",,,,,,,,
"USC00045151","2018-04-13","35.6181","-119.6892","87.8","LOST HILLS, CA US","    0",",,7,0700",,,,,,,,
"USC00045151","2018-04-14","35.6181","-119.6892","87.8","LOST HILLS, CA US","    0",",,7,0700",,,,,,,,
"USC00045151","2018-04-15","35.6181","-119.6892","87.8","LOST HILLS, CA US","    0",",,7,0700",,,,,,,,
"USC00045151","2018-04-16","35.6181","-119.6892","87.8","LOST HILLS, CA US","    0",",,7,0700",,,,,,,,
"USC00045151","2018-04-17","35.6181","-119.6892","87.8","LOST HILLS, CA US","    0",",,7,0700",,,,,,,,
"USC00045151","2018-04-18","35.6181","-119.6892","87.8","LOST HILLS, CA US","    0",",,7,0700",,,,,,,,
"USC00045151","2018-04-19","35.6181","-119.6892","87.8","LOST HILLS, CA US","    0",",,7,0700",,,,,,,,
"USC00045151","2018-04-20","35.6181","-119.6892","87.8","LOST HILLS, CA US","    0",",,7,0700",,,,,,,,
"USC00045151","2018-04-21","35.6181","-119.6892","87.8","LOST HILLS, CA US","    0",",,7,0700",,,,,,,,
"USC00045151","2018-04-22","35.6181","-119.6892","87.8","LOST HILLS, CA US","    0",",,7,0700",,,,,,,,
"USC00045151","2018-04-23","35.6181","-119.6892","87.8","LOST HILLS, CA US","    0",",,7,0700",,,,,,,,
"USC00045151","2018-04-24","35.6181","-119.6892","87.8","LOST HILLS, CA US","    0",",,7,0700",,,,,,,,
"USC00045151","2018-04-25","35.6181","-119.6892","87.8","LOST HILLS, CA US","    0",",,7,0700",,,,,,,,
"USC00045151","2018-04-26","35.6181","-119.6892","87.8","LOST HILLS, CA US","    0",",,7,0700",,,,,,,,
"USC00045151","2018-04-27","35.6181","-119.6892","87.8","LOST HILLS, CA US","    0",",,7,0700",,,,,,,,
"USC00045151","2018-04-28","35.6181","-119.6892","87.8","LOST HILLS, CA US","    0",",,7,0700",,,,,,,,
"USC00045151","2018-04-29","35.6181","-119.6892","87.8","LOST HILLS, CA US","    0",",,7,0700",,,,,,,,
"USC00045151","2018-04-30","35.6181","-119.6892","87.8","LOST HILLS, CA US","    0",",,7,0700",,,,,,,,
"USC00045151","2018-05-01","35.6181","-119.6892","87.8","LOST HILLS, CA US","    0",",,7,0700",,,,,,,,
"USC00045151","2018-05-02","35.6181","-119.6892","87.8","LOST HILLS, CA US","    0",",,7,0700",,,,,,,,
"USC00045151","2018-05-03","35.6181","-119.6892","87.8","LOST HILLS, CA US","    0",",,7,0700",,,,,,,,
"USC00045151","2018-05-04","35.6181","-119.6892","87.8","LOST HILLS, CA US","    0",",,7,0700",,,,,,,,
"USC00045151","2018-05-05","35.6181","-119.6892","87.8","LOST HILLS, CA US","    0",",,7,0700",,,,,,,,
"USC00045151","2018-05-06","35.6181","-119.6892","87.8","LOST HILLS, CA US","    0",",,7,0700",,,,,,,,
"USC00045151","2018-05-07","35.6181","-119.6892","87.8","LOST HILLS, CA US","    0",",,7,0700",,,,,,,,
"USC00045151","2018-05-08","35.6181","-119.6892","87.8","LOST HILLS, CA US","    0",",,7,0700",,,,,,,,
"USC00045151","2018-05-09","35.6181","-119.6892","87.8","LOST HILLS, CA US","    0",",,7,0700",,,,,,,,
"USC00045151","2018-05-10","35.6181","-119.6892","87.8","LOST HILLS, CA US","    0",",,7,0700",,,,,,,,
"USC00045151","2018-05-11","35.6181","-119.6892","87.8","LOST HILLS, CA US","    0",",,7,0700",,,,,,,,
"USC00045151","2018-05-12","35.6181","-119.6892","87.8","LOST HILLS, CA US","    0",",,7,0700",,,,,,,,
"USC00045151","2018-05-13","35.6181","-119.6892","87.8","LOST HILLS, CA US","    0",",,7,0700",,,,,,,,
"USC00045151","2018-05-14","35.6181","-119.6892","87.8","LOST HILLS, CA US","    0",",,7,0700",,,,,,,,
"USC00045151","2018-05-15","35.6181","-119.6892","87.8","LOST HILLS, CA US","    0",",,7,0700",,,,,,,,
"USC00045151","2018-05-16","35.6181","-119.6892","87.8","LOST HILLS, CA US","    0",",,7,0700",,,,,,,,
"USC00045151","2018-05-17","35.6181","-119.6892","87.8","LOST HILLS, CA US","    0",",,7,0700",,,,,,,,
"USC00045151","2018-05-18","35.6181","-119.6892","87.8","LOST HILLS, CA US","    0",",,7,0700",,,,,,,,
"USC00045151","2018-05-19","35.6181","-119.6892","87.8","LOST HILLS, CA US","    0",",,7,0700",,,,,,,,
"USC00045151","2018-05-20","35.6181","-119.6892","87.8","LOST HILLS, CA US","    0",",,7,0700",,,,,,,,
"USC00045151","2018-05-21","35.6181","-119.6892","87.8","LOST HILLS, CA US","    0",",,7,0700",,,,,,,,
"USC00045151","2018-05-22","35.6181","-119.6892","87.8","LOST HILLS, CA US","    0",",,7,0700",,,,,,,,
"USC00045151","2018-05-23","35.6181","-119.6892","87.8","LOST HILLS, CA US","    0",",,7,0700",,,,,,,,
"USC00045151","2018-05-24","35.6181","-119.6892","87.8","LOST HILLS, CA US","    0",",,7,0700",,,,,,,,
"USC00045151","2018-05-25","35.6181","-119.6892","87.8","LOST HILLS, CA US","    0",",,7,0700",,,,,,,,
"USC00045151","2018-05-26","35.6181","-119.6892","87.8","LOST HILLS, CA US","    0",",,7,0700",,,,,,,,
"USC00045151","2018-05-27","35.6181","-119.6892","87.8","LOST HILLS, CA US","    0",",,7,0700",,,,,,,,
"USC00045151","2018-05-28","35.6181","-119.6892","87.8","LOST HILLS, CA US","    0",",,7,0700",,,,,,,,
"USC00045151","2018-05-29","35.6181","-119.6892","87.8","LOST HILLS, CA US","    0",",,7,0700",,,,,,,,
"USC00045151","2018-05-30","35.6181","-119.6892","87.8","LOST HILLS, CA US","    0",",,7,0700",,,,,,,,
"USC00045151","2018-05-31","35.6181","-119.6892","87.8","LOST HILLS, CA US","    0",",,7,0700",,,,,,,,
"USC00045151","2018-06-01","35.6181","-119.6892","87.8","LOST HILLS, CA US","    0",",,7,0700",,,,,,,,
"USC00045151","2018-06-02","35.6181","-119.6892","87.8","LOST HILLS, CA US","    0",",,7,0700",,,,,,,,
"USC00045151","2018-06-03","35.6181","-119.6892","87.8","LOST HILLS, CA US","    0",",,7,0700",,,,,,,,
"USC00045151","2018-06-04","35.6181","-119.6892","87.8","LOST HILLS, CA US","    0",",,7,0700",,,,,,,,
"USC00045151","2018-06-05","35.6181","-119.6892","87.8","LOST HILLS, CA US","    0",",,7,0700",,,,,,,,
"USC00045151","2018-06-06","35.6181","-119.6892","87.8","LOST HILLS, CA US","    0",",,7,0700",,,,,,,,
"USC00045151","2018-06-07","35.6181","-119.6892","87.8","LOST HILLS, CA US","    0",",,7,0700",,,,,,,,
"USC00045151","2018-06-08","35.6181","-119.6892","87.8","LOST HILLS, CA US","    0",",,7,0700",,,,,,,,
"USC00045151","2018-06-09","35.6181","-119.6892","87.8","LOST HILLS, CA US","    0",",,7,0700",,,,,,,,
"USC00045151","2018-06-10","35.6181","-119.6892","87.8","LOST HILLS, CA US","    0",",,7,0700",,,,,,,,
"USC00045151","2018-06-11","35.6181","-119.6892","87.8","LOST HILLS, CA US","    0",",,7,0700",,,,,,,,
"USC00045151","2018-06-12","35.6181","-119.6892","87.8","LOST HILLS, CA US","    0",",,7,0700",,,,,,,,
"USC00045151","2018-06-13","35.6181","-119.6892","87.8","LOST HILLS, CA US","    0",",,7,0700",,,,,,,,
"USC00045151","2018-06-14","35.6181","-119.6892","87.8","LOST HILLS, CA US","    0",",,7,0700",,,,,,,,
"USC00045151","2018-06-15","35.6181","-119.6892","87.8","LOST HILLS, CA US","    0",",,7,0700",,,,,,,,
"USC00045151","2018-06-16","35.6181","-119.6892","87.8","LOST HILLS, CA US","    0",",,7,0700",,,,,,,,
"USC00045151","2018-06-17","35.6181","-119.6892","87.8","LOST HILLS, CA US","    0",",,7,0700",,,,,,,,
"USC00045151","2018-06-18","35.6181","-119.6892","87.8","LOST HILLS, CA US","    0",",,7,0700",,,,,,,,
"USC00045151","2018-06-19","35.6181","-119.6892","87.8","LOST HILLS, CA US","    0",",,7,0700",,,,,,,,
"USC00045151","2018-06-20","35.6181","-119.6892","87.8","LOST HILLS, CA US","    0",",,7,0700",,,,,,,,
"USC00045151","2018-06-21","35.6181","-119.6892","87.8","LOST HILLS, CA US","    0",",,7,0700",,,,,,,,
"USC00045151","2018-06-22","35.6181","-119.6892","87.8","LOST HILLS, CA US","    0",",,7,0700",,,,,,,,
"USC00045151","2018-06-23","35.6181","-119.6892","87.8","LOST HILLS, CA US","    0",",,7,0700",,,,,,,,
"USC00045151","2018-06-24","35.6181","-119.6892","87.8","LOST HILLS, CA US","    0",",,7,0700",,,,,,,,
"USC00045151","2018-06-25","35.6181","-119.6892","87.8","LOST HILLS, CA US","    0",",,7,0700",,,,,,,,
"USC00045151","2018-06-26","35.6181","-119.6892","87.8","LOST HILLS, CA US","    0",",,7,0700",,,,,,,,
"USC00045151","2018-06-27","35.6181","-119.6892","87.8","LOST HILLS, CA US","    0",",,7,0700",,,,,,,,
"USC00045151","2018-06-28","35.6181","-119.6892","87.8","LOST HILLS, CA US","    0",",,7,0700",,,,,,,,
"USC00045151","2018-06-29","35.6181","-119.6892","87.8","LOST HILLS, CA US","    0",",,7,0700",,,,,,,,
"USC00045151","2018-06-30","35.6181","-119.6892","87.8","LOST HILLS, CA US","    0",",,7,0700",,,,,,,,
"USC00045151","2018-07-01","35.6181","-119.6892","87.8","LOST HILLS, CA US","    0",",,7,0700",,,,,,,,
"USC00045151","2018-07-02","35.6181","-119.6892","87.8","LOST HILLS, CA US","    0",",,7,0700",,,,,,,,
"USC00045151","2018-07-03","35.6181","-119.6892","87.8","LOST HILLS, CA US","    0",",,7,0700",,,,,,,,
"USC00045151","2018-07-04","35.6181","-119.6892","87.8","LOST HILLS, CA US","    0",",,7,0700",,,,,,,,
"USC00045151","2018-07-05","35.6181","-119.6892","87.8","LOST HILLS, CA US","    0",",,7,0700",,,,,,,,
"USC00045151","2018-07-06","35.6181","-119.6892","87.8","LOST HILLS, CA US","    0",",,7,0700",,,,,,,,
"USC00045151","2018-07-07","35.6181","-119.6892","87.8","LOST HILLS, CA US","    0",",,7,0700",,,,,,,,
"USC00045151","2018-07-08","35.6181","-119.6892","87.8","LOST HILLS, CA US","    0",",,7,0700",,,,,,,,
"USC00045151","2018-07-09","35.6181","-119.6892","87.8","LOST HILLS, CA US","    0",",,7,0700",,,,,,,,
"USC00045151","2018-07-10","35.6181","-119.6892","87.8","LOST HILLS, CA US","    0",",,7,0700",,,,,,,,
"USC00045151","2018-07-11","35.6181","-119.6892","87.8","LOST HILLS, CA US","    0",",,7,0700",,,,,,,,
"USC00045151","2018-07-12","35.6181","-119.6892","87.8","LOST HILLS, CA US","    0",",,7,0700",,,,,,,,
"USC00045151","2018-07-13","35.6181","-119.6892","87.8","LOST HILLS, CA US","    0",",,7,0700",,,,,,,,
"USC00045151","2018-07-14","35.6181","-119.6892","87.8","LOST HILLS, CA US","    0",",,7,0700",,,,,,,,
"USC00045151","2018-07-15","35.6181","-119.6892","87.8","LOST HILLS, CA US","    0",",,7,0700",,,,,,,,
"USC00045151","2018-07-16","35.6181","-119.6892","87.8","LOST HILLS, CA US","    0",",,7,0700",,,,,,,,
"USC00045151","2018-07-17","35.6181","-119.6892","87.8","LOST HILLS, CA US","    0",",,7,0700",,,,,,,,
"USC00045151","2018-07-18","35.6181","-119.6892","87.8","LOST HILLS, CA US","    0",",,7,0700",,,,,,,,
"USC00045151","2018-07-19","35.6181","-119.6892","87.8","LOST HILLS, CA US","    0",",,7,0700",,,,,,,,
"USC00045151","2018-07-20","35.6181","-119.6892","87.8","LOST HILLS, CA US","    0",",,7,0700",,,,,,,,
"USC00045151","2018-07-21","35.6181","-119.6892","87.8","LOST HILLS, CA US","    0",",,7,0700",,,,,,,,
"USC00045151","2018-07-22","35.6181","-119.6892","87.8","LOST HILLS, CA US","    0",",,7,0700",,,,,,,,
"USC00045151","2018-07-23","35.6181","-119.6892","87.8","LOST HILLS, CA US","    0",",,7,0700",,,,,,,,
"USC00045151","2018-07-24","35.6181","-119.6892","87.8","LOST HILLS, CA US","    0",",,7,0700",,,,,,,,
"USC00045151","2018-07-25","35.6181","-119.6892","87.8","LOST HILLS, CA US","    0",",,7,0700",,,,,,,,
"USC00045151","2018-07-26","35.6181","-119.6892","87.8","LOST HILLS, CA US","    0",",,7,0700",,,,,,,,
"USC00045151","2018-07-27","35.6181","-119.6892","87.8","LOST HILLS, CA US","    0",",,7,0700",,,,,,,,
"USC00045151","2018-07-28","35.6181","-119.6892","87.8","LOST HILLS, CA US","    0",",,7,0700",,,,,,,,
"USC00045151","2018-07-29","35.6181","-119.6892","87.8","LOST HILLS, CA US","    0",",,7,0700",,,,,,,,
"USC00045151","2018-07-30","35.6181","-119.6892","87.8","LOST HILLS, CA US","    0",",,7,0700",,,,,,,,
"USC00045151","2018-07-31","35.6181","-119.6892","87.8","LOST HILLS, CA US","    0",",,7,0700",,,,,,,,
"USC00045151","2018-08-01","35.6181","-119.6892","87.8","LOST HILLS, CA US","    0",",,7,0700",,,,,,,,
"USC00045151","2018-08-02","35.6181","-119.6892","87.8","LOST HILLS, CA US","    0",",,7,0700",,,,,,,,
"USC00045151","2018-08-03","35.6181","-119.6892","87.8","LOST HILLS, CA US","    0",",,7,0700",,,,,,,,
"USC00045151","2018-08-04","35.6181","-119.6892","87.8","LOST HILLS, CA US","    0",",,7,0700",,,,,,,,
"USC00045151","2018-08-05","35.6181","-119.6892","87.8","LOST HILLS, CA US","    0",",,7,0700",,,,,,,,
"USC00045151","2018-08-06","35.6181","-119.6892","87.8","LOST HILLS, CA US","    0",",,7,0700",,,,,,,,
"USC00045151","2018-08-07","35.6181","-119.6892","87.8","LOST HILLS, CA US","    0",",,7,0700",,,,,,,,
"USC00045151","2018-08-08","35.6181","-119.6892","87.8","LOST HILLS, CA US","    0",",,7,0700",,,,,,,,
"USC00045151","2018-08-09","35.6181","-119.6892","87.8","LOST HILLS, CA US","    0",",,7,0700",,,,,,,,
"USC00045151","2018-08-10","35.6181","-119.6892","87.8","LOST HILLS, CA US","    0",",,7,0700",,,,,,,,
"USC00045151","2018-08-11","35.6181","-119.6892","87.8","LOST HILLS, CA US","    0",",,7,0700",,,,,,,,
"USC00045151","2018-08-12","35.6181","-119.6892","87.8","LOST HILLS, CA US","    0",",,7,0700",,,,,,,,
"USC00045151","2018-08-13","35.6181","-119.6892","87.8","LOST HILLS, CA US","    0",",,7,0700",,,,,,,,
"USC00045151","2018-08-14","35.6181","-119.6892","87.8","LOST HILLS, CA US","    0",",,7,0700",,,,,,,,
"USC00045151","2018-08-15","35.6181","-119.6892","87.8","LOST HILLS, CA US","    0",",,7,0700",,,,,,,,
"USC00045151","2018-08-16","35.6181","-119.6892","87.8","LOST HILLS, CA US","    0",",,7,0700",,,,,,,,
"USC00045151","2018-08-17","35.6181","-119.6892","87.8","LOST HILLS, CA US","    0",",,7,0700",,,,,,,,
"USC00045151","2018-08-18","35.6181","-119.6892","87.8","LOST HILLS, CA US","    0",",,7,0700",,,,,,,,
"USC00045151","2018-08-19","35.6181","-119.6892","87.8","LOST HILLS, CA US","    0",",,7,0700",,,,,,,,
"USC00045151","2018-08-20","35.6181","-119.6892","87.8","LOST HILLS, CA US","    0",",,7,0700",,,,,,,,
"USC00045151","2018-08-21","35.6181","-119.6892","87.8","LOST HILLS, CA US","    0",",,7,0700",,,,,,,,
"USC00045151","2018-08-22","35.6181","-119.6892","87.8","LOST HILLS, CA US","    0",",,7,0700",,,,,,,,
"USC00045151","2018-08-23","35.6181","-119.6892","87.8","LOST HILLS, CA US","    0",",,7,0700",,,,,,,,
"USC00045151","2018-08-24","35.6181","-119.6892","87.8","LOST HILLS, CA US","    0",",,7,0700",,,,,,,,
"USC00045151","2018-08-25","35.6181","-119.6892","87.8","LOST HILLS, CA US","    0",",,7,0700",,,,,,,,
"USC00045151","2018-08-26","35.6181","-119.6892","87.8","LOST HILLS, CA US","    0",",,7,0700",,,,,,,,
"USC00045151","2018-08-27","35.6181","-119.6892","87.8","LOST HILLS, CA US","    0",",,7,0700",,,,,,,,
"USC00045151","2018-08-28","35.6181","-119.6892","87.8","LOST HILLS, CA US","    0",",,7,0700",,,,,,,,
"USC00045151","2018-08-29","35.6181","-119.6892","87.8","LOST HILLS, CA US","    0",",,7,0700",,,,,,,,
"USC00045151","2018-08-30","35.6181","-119.6892","87.8","LOST HILLS, CA US","    0",",,7,0700",,,,,,,,
"USC00045151","2018-08-31","35.6181","-119.6892","87.8","LOST HILLS, CA US","    0",",,7,0700",,,,,,,,
"USC00045151","2018-09-01","35.6181","-119.6892","87.8","LOST HILLS, CA US","    0",",,7,0700",,,,,,,,
"USC00045151","2018-09-02","35.6181","-119.6892","87.8","LOST HILLS, CA US","    0",",,7,0700",,,,,,,,
"USC00045151","2018-09-03","35.6181","-119.6892","87.8","LOST HILLS, CA US","    0",",,7,0700",,,,,,,,
"USC00045151","2018-09-04","35.6181","-119.6892","87.8","LOST HILLS, CA US","    0",",,7,0700",,,,,,,,
"USC00045151","2018-09-05","35.6181","-119.6892","87.8","LOST HILLS, CA US","    0",",,7,0700",,,,,,,,
"USC00045151","2018-09-06","35.6181","-119.6892","87.8","LOST HILLS, CA US","    0",",,7,0700",,,,,,,,
"USC00045151","2018-09-07","35.6181","-119.6892","87.8","LOST HILLS, CA US","    0",",,7,0700",,,,,,,,
"USC00045151","2018-09-08","35.6181","-119.6892","87.8","LOST HILLS, CA US","    0",",,7,0700",,,,,,,,
"USC00045151","2018-09-09","35.6181","-119.6892","87.8","LOST HILLS, CA US","    0",",,7,0700",,,,,,,,
"USC00045151","2018-09-10","35.6181","-119.6892","87.8","LOST HILLS, CA US","    0",",,7,0700",,,,,,,,
"USC00045151","2018-09-11","35.6181","-119.6892","87.8","LOST HILLS, CA US","    0",",,7,0700",,,,,,,,
"USC00045151","2018-09-12","35.6181","-119.6892","87.8","LOST HILLS, CA US","    0",",,7,0700",,,,,,,,
"USC00045151","2018-09-13","35.6181","-119.6892","87.8","LOST HILLS, CA US","    0",",,7,0700",,,,,,,,
"USC00045151","2018-09-14","35.6181","-119.6892","87.8","LOST HILLS, CA US","    0",",,7,0700",,,,,,,,
"USC00045151","2018-09-15","35.6181","-119.6892","87.8","LOST HILLS, CA US","    0",",,7,0700",,,,,,,,
"USC00045151","2018-09-16","35.6181","-119.6892","87.8","LOST HILLS, CA US","    0",",,7,0700",,,,,,,,
"USC00045151","2018-09-17","35.6181","-119.6892","87.8","LOST HILLS, CA US","    0",",,7,0700",,,,,,,,
"USC00045151","2018-09-18","35.6181","-119.6892","87.8","LOST HILLS, CA US","    0",",,7,0700",,,,,,,,
"USC00045151","2018-09-19","35.6181","-119.6892","87.8","LOST HILLS, CA US","    0",",,7,0700",,,,,,,,
"USC00045151","2018-09-20","35.6181","-119.6892","87.8","LOST HILLS, CA US","    0",",,7,0700",,,,,,,,
"USC00045151","2018-09-21","35.6181","-119.6892","87.8","LOST HILLS, CA US","    0",",,7,0700",,,,,,,,
"USC00045151","2018-09-22","35.6181","-119.6892","87.8","LOST HILLS, CA US","    0",",,7,0700",,,,,,,,
"USC00045151","2018-09-23","35.6181","-119.6892","87.8","LOST HILLS, CA US","    0",",,7,0700",,,,,,,,
"USC00045151","2018-09-24","35.6181","-119.6892","87.8","LOST HILLS, CA US","    0",",,7,0700",,,,,,,,
"USC00045151","2018-09-25","35.6181","-119.6892","87.8","LOST HILLS, CA US","    0",",,7,0700",,,,,,,,
"USC00045151","2018-09-26","35.6181","-119.6892","87.8","LOST HILLS, CA US","    0",",,7,0700",,,,,,,,
"USC00045151","2018-09-27","35.6181","-119.6892","87.8","LOST HILLS, CA US","    0",",,7,0700",,,,,,,,
"USC00045151","2018-09-28","35.6181","-119.6892","87.8","LOST HILLS, CA US","    0",",,7,0700",,,,,,,,
"USC00045151","2018-09-29","35.6181","-119.6892","87.8","LOST HILLS, CA US","    0",",,7,0700",,,,,,,,
"USC00045151","2018-09-30","35.6181","-119.6892","87.8","LOST HILLS, CA US","    0",",,7,0700",,,,,,,,
"USC00045151","2018-10-01","35.6181","-119.6892","87.8","LOST HILLS, CA US","    0",",,7,0700",,,,,,,,
"USC00045151","2018-10-02","35.6181","-119.6892","87.8","LOST HILLS, CA US","    0","T,,7,0700",,,,,,,,
"USC00045151","2018-10-03","35.6181","-119.6892","87.8","LOST HILLS, CA US","    0",",,7,0700",,,,,,,,
"USC00045151","2018-10-04","35.6181","-119.6892","87.8","LOST HILLS, CA US","  292",",,7,0700",,,,,,,,
"USC00045151","2018-10-05","35.6181","-119.6892","87.8","LOST HILLS, CA US","    0",",,7,0700",,,,,,,,
"USC00045151","2018-10-06","35.6181","-119.6892","87.8","LOST HILLS, CA US","    0",",,7,0700",,,,,,,,
"USC00045151","2018-10-07","35.6181","-119.6892","87.8","LOST HILLS, CA US","    0",",,7,0700",,,,,,,,
"USC00045151","2018-10-08","35.6181","-119.6892","87.8","LOST HILLS, CA US","    0",",,7,0700",,,,,,,,
"USC00045151","2018-10-09","35.6181","-119.6892","87.8","LOST HILLS, CA US","    0",",,7,0700",,,,,,,,
"USC00045151","2018-10-10","35.6181","-119.6892","87.8","LOST HILLS, CA US","    0",",,7,0700",,,,,,,,
"USC00045151","2018-10-11","35.6181","-119.6892","87.8","LOST HILLS, CA US","    0",",,7,0700",,,,,,,,
"USC00045151","2018-10-12","35.6181","-119.6892","87.8","LOST HILLS, CA US","    0",",,7,0700",,,,,,,,
"USC00045151","2018-10-13","35.6181","-119.6892","87.8","LOST HILLS, CA US","    0",",,7,0700",,,,,,,,
"USC00045151","2018-10-14","35.6181","-119.6892","87.8","LOST HILLS, CA US","    0",",,7,0700",,,,,,,,
"USC00045151","2018-10-15","35.6181","-119.6892","87.8","LOST HILLS, CA US","    0",",,7,0700",,,,,,,,
"USC00045151","2018-10-16","35.6181","-119.6892","87.8","LOST HILLS, CA US","    0",",,7,0700",,,,,,,,
"USC00045151","2018-10-17","35.6181","-119.6892","87.8","LOST HILLS, CA US","    0",",,7,0700",,,,,,,,
"USC00045151","2018-10-18","35.6181","-119.6892","87.8","LOST HILLS, CA US","    0",",,7,0700",,,,,,,,
"USC00045151","2018-10-19","35.6181","-119.6892","87.8","LOST HILLS, CA US","    0",",,7,0700",,,,,,,,
"USC00045151","2018-10-20","35.6181","-119.6892","87.8","LOST HILLS, CA US","    0",",,7,0700",,,,,,,,
"USC00045151","2018-10-21","35.6181","-119.6892","87.8","LOST HILLS, CA US","    0",",,7,0700",,,,,,,,
"USC00045151","2018-10-22","35.6181","-119.6892","87.8","LOST HILLS, CA US","    0",",,7,0700",,,,,,,,
"USC00045151","2018-10-23","35.6181","-119.6892","87.8","LOST HILLS, CA US","    0",",,7,0700",,,,,,,,
"USC00045151","2018-10-24","35.6181","-119.6892","87.8","LOST HILLS, CA US","    0",",,7,0700",,,,,,,,
"USC00045151","2018-10-25","35.6181","-119.6892","87.8","LOST HILLS, CA US","    0",",,7,0700",,,,,,,,
"USC00045151","2018-10-26","35.6181","-119.6892","87.8","LOST HILLS, CA US","    0",",,7,0700",,,,,,,,
"USC00045151","2018-10-27","35.6181","-119.6892","87.8","LOST HILLS, CA US","    0",",,7,0700",,,,,,,,
"USC00045151","2018-10-28","35.6181","-119.6892","87.8","LOST HILLS, CA US","    0",",,7,0700",,,,,,,,
"USC00045151","2018-10-29","35.6181","-119.6892","87.8","LOST HILLS, CA US","    0",",,7,0700",,,,,,,,
"USC00045151","2018-10-30","35.6181","-119.6892","87.8","LOST HILLS, CA US","    0",",,7,0700",,,,,,,,
"USC00045151","2018-10-31","35.6181","-119.6892","87.8","LOST HILLS, CA US","    0",",,7,0700",,,,,,,,
"USC00045151","2018-11-01","35.6181","-119.6892","87.8","LOST HILLS, CA US","    0",",,7,0700",,,,,,,,
"USC00045151","2018-11-02","35.6181","-119.6892","87.8","LOST HILLS, CA US","    0",",,7,0700",,,,,,,,
"USC00045151","2018-11-03","35.6181","-119.6892","87.8","LOST HILLS, CA US","    0",",,7,0700",,,,,,,,
"USC00045151","2018-11-04","35.6181","-119.6892","87.8","LOST HILLS, CA US","    0",",,7,0700",,,,,,,,
"USC00045151","2018-11-05","35.6181","-119.6892","87.8","LOST HILLS, CA US","    0",",,7,0700",,,,,,,,
"USC00045151","2018-11-06","35.6181","-119.6892","87.8","LOST HILLS, CA US","    0",",,7,0700",,,,,,,,
"USC00045151","2018-11-07","35.6181","-119.6892","87.8","LOST HILLS, CA US","    0",",,7,0700",,,,,,,,
"USC00045151","2018-11-08","35.6181","-119.6892","87.8","LOST HILLS, CA US","    0",",,7,0700",,,,,,,,
"USC00045151","2018-11-09","35.6181","-119.6892","87.8","LOST HILLS, CA US","    0",",,7,0700",,,,,,,,
"USC00045151","2018-11-10","35.6181","-119.6892","87.8","LOST HILLS, CA US","    0",",,7,0700",,,,,,,,
"USC00045151","2018-11-11","35.6181","-119.6892","87.8","LOST HILLS, CA US","    0",",,7,0700",,,,,,,,
"USC00045151","2018-11-12","35.6181","-119.6892","87.8","LOST HILLS, CA US","    0",",,7,0700",,,,,,,,
"USC00045151","2018-11-13","35.6181","-119.6892","87.8","LOST HILLS, CA US","    0",",,7,0700",,,,,,,,
"USC00045151","2018-11-14","35.6181","-119.6892","87.8","LOST HILLS, CA US","    0",",,7,0700",,,,,,,,
"USC00045151","2018-11-15","35.6181","-119.6892","87.8","LOST HILLS, CA US","    0",",,7,0700",,,,,,,,
"USC00045151","2018-11-16","35.6181","-119.6892","87.8","LOST HILLS, CA US","    0",",,7,0700",,,,,,,,
"USC00045151","2018-11-17","35.6181","-119.6892","87.8","LOST HILLS, CA US","    0",",,7,0700",,,,,,,,
"USC00045151","2018-11-18","35.6181","-119.6892","87.8","LOST HILLS, CA US","    0",",,7,0700",,,,,,,,
"USC00045151","2018-11-19","35.6181","-119.6892","87.8","LOST HILLS, CA US","    0",",,7,0700",,,,,,,,
"USC00045151","2018-11-20","35.6181","-119.6892","87.8","LOST HILLS, CA US","    0",",,7,0700",,,,,,,,
"USC00045151","2018-11-21","35.6181","-119.6892","87.8","LOST HILLS, CA US","    0",",,7,0700",,,,,,,,
"USC00045151","2018-11-22","35.6181","-119.6892","87.8","LOST HILLS, CA US","    0",",,7,0700",,,,,,,,
"USC00045151","2018-11-23","35.6181","-119.6892","87.8","LOST HILLS, CA US","    0",",,7,0700",,,,,,,,
"USC00045151","2018-11-24","35.6181","-119.6892","87.8","LOST HILLS, CA US","    0",",,7,0700",,,,,,,,
"USC00045151","2018-11-25","35.6181","-119.6892","87.8","LOST HILLS, CA US","    0",",,7,0700",,,,,,,,
"USC00045151","2018-11-26","35.6181","-119.6892","87.8","LOST HILLS, CA US","    0",",,7,0700",,,,,,,,
"USC00045151","2018-11-27","35.6181","-119.6892","87.8","LOST HILLS, CA US","    0",",,7,0700",,,,,,,,
"USC00045151","2018-11-28","35.6181","-119.6892","87.8","LOST HILLS, CA US","  191",",,7,0700",,,,,,,,
"USC00045151","2018-11-29","35.6181","-119.6892","87.8","LOST HILLS, CA US","   25",",,7,0700",,,,,,,,
"USC00045151","2018-11-30","35.6181","-119.6892","87.8","LOST HILLS, CA US","    0",",,7,0700",,,,,,,,
"USC00045151","2018-12-01","35.6181","-119.6892","87.8","LOST HILLS, CA US","   18",",,7,0700",,,,,,,,
"USC00045151","2018-12-02","35.6181","-119.6892","87.8","LOST HILLS, CA US","    0",",,7,0700",,,,,,,,
"USC00045151","2018-12-03","35.6181","-119.6892","87.8","LOST HILLS, CA US","    0",",,7,0700",,,,,,,,
"USC00045151","2018-12-04","35.6181","-119.6892","87.8","LOST HILLS, CA US","    0",",,7,0700",,,,,,,,
"USC00045151","2018-12-05","35.6181","-119.6892","87.8","LOST HILLS, CA US","   23",",,7,0700",,,,,,,,
"USC00045151","2018-12-06","35.6181","-119.6892","87.8","LOST HILLS, CA US","   38",",,7,0700",,,,,,,,
"USC00045151","2018-12-07","35.6181","-119.6892","87.8","LOST HILLS, CA US","    0",",,7,0700",,,,,,,,
"USC00045151","2018-12-08","35.6181","-119.6892","87.8","LOST HILLS, CA US","    0",",,7,0700",,,,,,,,
"USC00045151","2018-12-09","35.6181","-119.6892","87.8","LOST HILLS, CA US","    0",",,7,0700",,,,,,,,
"USC00045151","2018-12-10","35.6181","-119.6892","87.8","LOST HILLS, CA US","    0",",,7,0700",,,,,,,,
"USC00045151","2018-12-11","35.6181","-119.6892","87.8","LOST HILLS, CA US","    0",",,7,0700",,,,,,,,
"USC00045151","2018-12-12","35.6181","-119.6892","87.8","LOST HILLS, CA US","    0",",,7,0700",,,,,,,,
"USC00045151","2018-12-13","35.6181","-119.6892","87.8","LOST HILLS, CA US","    0",",,7,0700",,,,,,,,
"USC00045151","2018-12-14","35.6181","-119.6892","87.8","LOST HILLS, CA US","    0",",,7,0700",,,,,,,,
"USC00045151","2018-12-15","35.6181","-119.6892","87.8","LOST HILLS, CA US","    0",",,7,0700",,,,,,,,
"USC00045151","2018-12-16","35.6181","-119.6892","87.8","LOST HILLS, CA US","    0",",,7,0700",,,,,,,,
"USC00045151","2018-12-17","35.6181","-119.6892","87.8","LOST HILLS, CA US","    8",",,7,0700",,,,,,,,
"USC00045151","2018-12-18","35.6181","-119.6892","87.8","LOST HILLS, CA US","    0",",,7,0700",,,,,,,,
"USC00045151","2018-12-19","35.6181","-119.6892","87.8","LOST HILLS, CA US","    0",",,7,0700",,,,,,,,
"USC00045151","2018-12-20","35.6181","-119.6892","87.8","LOST HILLS, CA US","    0",",,7,0700",,,,,,,,
"USC00045151","2018-12-21","35.6181","-119.6892","87.8","LOST HILLS, CA US","    0",",,7,0700",,,,,,,,
"USC00045151","2018-12-22","35.6181","-119.6892","87.8","LOST HILLS, CA US","    0",",,7,0700",,,,,,,,
"USC00045151","2018-12-23","35.6181","-119.6892","87.8","LOST HILLS, CA US","    0",",,7,0700",,,,,,,,
"USC00045151","2018-12-24","35.6181","-119.6892","87.8","LOST HILLS, CA US","    0",",,7,0700",,,,,,,,
"USC00045151","2018-12-25","35.6181","-119.6892","87.8","LOST HILLS, CA US","   20",",,7,0700",,,,,,,,
"USC00045151","2018-12-26","35.6181","-119.6892","87.8","LOST HILLS, CA US","    0",",,7,0700",,,,,,,,
"USC00045151","2018-12-27","35.6181","-119.6892","87.8","LOST HILLS, CA US","    0",",,7,0700",,,,,,,,
"USC00045151","2018-12-28","35.6181","-119.6892","87.8","LOST HILLS, CA US","    0",",,7,0700",,,,,,,,
"USC00045151","2018-12-29","35.6181","-119.6892","87.8","LOST HILLS, CA US","    0",",,7,0700",,,,,,,,
"USC00045151","2018-12-30","35.6181","-119.6892","87.8","LOST HILLS, CA US","    0",",,7,0700",,,,,,,,
"USC00045151","2018-12-31","35.6181","-119.6892","87.8","LOST HILLS, CA US","    0",",,7,0700",,,,,,,,
"USC00045151","2019-01-01","35.6181","-119.6892","87.8","LOST HILLS, CA US","    0",",,7,0700",,,,,,,,
"USC00045151","2019-01-02","35.6181","-119.6892","87.8","LOST HILLS, CA US","    0",",,7,0700",,,,,,,,
"USC00045151","2019-01-03","35.6181","-119.6892","87.8","LOST HILLS, CA US","    0",",,7,0700",,,,,,,,
"USC00045151","2019-01-04","35.6181","-119.6892","87.8","LOST HILLS, CA US","    0",",,7,0700",,,,,,,,
"USC00045151","2019-01-05","35.6181","-119.6892","87.8","LOST HILLS, CA US","   79",",,7,0700",,,,,,,,
"USC00045151","2019-01-06","35.6181","-119.6892","87.8","LOST HILLS, CA US","    0",",,7,0700",,,,,,,,
"USC00045151","2019-01-07","35.6181","-119.6892","87.8","LOST HILLS, CA US","    0",",,7,0700",,,,,,,,
"USC00045151","2019-01-08","35.6181","-119.6892","87.8","LOST HILLS, CA US","    0",",,7,0700",,,,,,,,
"USC00045151","2019-01-09","35.6181","-119.6892","87.8","LOST HILLS, CA US","   43",",,7,0700",,,,,,,,
"USC00045151","2019-01-10","35.6181","-119.6892","87.8","LOST HILLS, CA US","    0",",,7,0700",,,,,,,,
"USC00045151","2019-01-11","35.6181","-119.6892","87.8","LOST HILLS, CA US","    0",",,7,0700",,,,,,,,
"USC00045151","2019-01-12","35.6181","-119.6892","87.8","LOST HILLS, CA US","   10",",,7,0700",,,,,,,,
"USC00045151","2019-01-13","35.6181","-119.6892","87.8","LOST HILLS, CA US","    0",",,7,0700",,,,,,,,
"USC00045151","2019-01-14","35.6181","-119.6892","87.8","LOST HILLS, CA US","    0",",,7,0700",,,,,,,,
"USC00045151","2019-01-15","35.6181","-119.6892","87.8","LOST HILLS, CA US","    0",",,7,0700",,,,,,,,
"USC00045151","2019-01-16","35.6181","-119.6892","87.8","LOST HILLS, CA US","    0",",,7,0700",,,,,,,,
"USC00045151","2019-01-17","35.6181","-119.6892","87.8","LOST HILLS, CA US","    0",",,7,0700",,,,,,,,
"USC00045151","2019-01-18","35.6181","-119.6892","87.8","LOST HILLS, CA US","    0",",,7,0700",,,,,,,,
"USC00045151","2019-01-19","35.6181","-119.6892","87.8","LOST HILLS, CA US","    0",",,7,0700",,,,,,,,
"USC00045151","2019-01-20","35.6181","-119.6892","87.8","LOST HILLS, CA US","    0",",,7,0700",,,,,,,,
"USC00045151","2019-01-21","35.6181","-119.6892","87.8","LOST HILLS, CA US","    0",",,7,0700",,,,,,,,
"USC00045151","2019-01-22","35.6181","-119.6892","87.8","LOST HILLS, CA US","    0",",,7,0700",,,,,,,,
"USC00045151","2019-01-23","35.6181","-119.6892","87.8","LOST HILLS, CA US","    0",",,7,0700",,,,,,,,
"USC00045151","2019-01-24","35.6181","-119.6892","87.8","LOST HILLS, CA US","    0",",,7,0700",,,,,,,,
"USC00045151","2019-01-25","35.6181","-119.6892","87.8","LOST HILLS, CA US","    0",",,7,0700",,,,,,,,
"USC00045151","2019-01-26","35.6181","-119.6892","87.8","LOST HILLS, CA US","    0",",,7,0700",,,,,,,,
"USC00045151","2019-01-27","35.6181","-119.6892","87.8","LOST HILLS, CA US","    0",",,7,0700",,,,,,,,
"USC00045151","2019-01-28","35.6181","-119.6892","87.8","LOST HILLS, CA US","    0",",,7,0700",,,,,,,,
"USC00045151","2019-01-29","35.6181","-119.6892","87.8","LOST HILLS, CA US","    0",",,7,0700",,,,,,,,
"USC00045151","2019-01-30","35.6181","-119.6892","87.8","LOST HILLS, CA US","    0",",,7,0700",,,,,,,,
"USC00045151","2019-01-31","35.6181","-119.6892","87.8","LOST HILLS, CA US","  381",",,7,0700",,,,,,,,
"USC00045151","2019-02-01","35.6181","-119.6892","87.8","LOST HILLS, CA US","    0",",,7,0700",,,,,,,,
"USC00045151","2019-02-02","35.6181","-119.6892","87.8","LOST HILLS, CA US","   48",",,7,0700",,,,,,,,
"USC00045151","2019-02-03","35.6181","-119.6892","87.8","LOST HILLS, CA US","   46",",,7,0700",,,,,,,,
"USC00045151","2019-02-04","35.6181","-119.6892","87.8","LOST HILLS, CA US","   46",",,7,0700",,,,,,,,
"USC00045151","2019-02-05","35.6181","-119.6892","87.8","LOST HILLS, CA US","   10",",,7,0700",,,,,,,,
"USC00045151","2019-02-06","35.6181","-119.6892","87.8","LOST HILLS, CA US","    0",",,7,0700",,,,,,,,
"USC00045151","2019-02-07","35.6181","-119.6892","87.8","LOST HILLS, CA US","    0",",,7,0700",,,,,,,,
"USC00045151","2019-02-08","35.6181","-119.6892","87.8","LOST HILLS, CA US","   15",",,7,0700",,,,,,,,
"USC00045151","2019-02-09","35.6181","-119.6892","87.8","LOST HILLS, CA US","   18",",,7,0700",,,,,,,,
"USC00045151","2019-02-10","35.6181","-119.6892","87.8","LOST HILLS, CA US","   25",",,7,0700",,,,,,,,
"USC00045151","2019-02-11","35.6181","-119.6892","87.8","LOST HILLS, CA US","    0",",,7,0700",,,,,,,,
"USC00045151","2019-02-12","35.6181","-119.6892","87.8","LOST HILLS, CA US","    0",",,7,0700",,,,,,,,
"USC00045151","2019-02-13","35.6181","-119.6892","87.8","LOST HILLS, CA US","    0",",,7,0700",,,,,,,,
"USC00045151","2019-02-14","35.6181","-119.6892","87.8","LOST HILLS, CA US","    0",",,7,0700",,,,,,,,
"USC00045151","2019-02-15","35.6181","-119.6892","87.8","LOST HILLS, CA US","    0",",,7,0700",,,,,,,,
"USC00045151","2019-02-16","35.6181","-119.6892","87.8","LOST HILLS, CA US","   61",",,7,0700",,,,,,,,
"USC00045151","2019-02-17","35.6181","-119.6892","87.8","LOST HILLS, CA US","   28",",,7,0700",,,,,,,,
"USC00045151","2019-02-18","35.6181","-119.6892","87.8","LOST HILLS, CA US","    3",",,7,0700",,,,,,,,
"USC00045151","2019-02-19","35.6181","-119.6892","87.8","LOST HILLS, CA US","    0",",,7,0700",,,,,,,,
"USC00045151","2019-02-20","35.6181","-119.6892","87.8","LOST HILLS, CA US","    0",",,7,0700",,,,,,,,
"USC00045151","2019-02-21","35.6181","-119.6892","87.8","LOST HILLS, CA US","    0",",,7,0700",,,,,,,,
"USC00045151","2019-02-22","35.6181","-119.6892","87.8","LOST HILLS, CA US","    0",",,7,0700",,,,,,,,
"USC00045151","2019-02-23","35.6181","-119.6892","87.8","LOST HILLS, CA US","    0",",,7,0700",,,,,,,,
"USC00045151","2019-02-24","35.6181","-119.6892","87.8","LOST HILLS, CA US","    0",",,7,0700",,,,,,,,
"USC00045151","2019-02-25","35.6181","-119.6892","87.8","LOST HILLS, CA US","    0",",,7,0700",,,,,,,,
"USC00045151","2019-02-26","35.6181","-119.6892","87.8","LOST HILLS, CA US","    0",",,7,0700",,,,,,,,
"USC00045151","2019-02-27","35.6181","-119.6892","87.8","LOST HILLS, CA US","   74",",,7,0700",,,,,,,,
"USC00045151","2019-02-28","35.6181","-119.6892","87.8","LOST HILLS, CA US","    0",",,7,0700",,,,,,,,
"USC00045151","2019-03-01","35.6181","-119.6892","87.8","LOST HILLS, CA US","    0",",,7,0700",,,,,,,,
"USC00045151","2019-03-02","35.6181","-119.6892","87.8","LOST HILLS, CA US","    0",",,7,0700",,,,,,,,
"USC00045151","2019-03-03","35.6181","-119.6892","87.8","LOST HILLS, CA US","    0",",,7,0700",,,,,,,,
"USC00045151","2019-03-04","35.6181","-119.6892","87.8","LOST HILLS, CA US","  122",",,7,0700",,,,,,,,
"USC00045151","2019-03-05","35.6181","-119.6892","87.8","LOST HILLS, CA US","    0",",,7,0700",,,,,,,,
"USC00045151","2019-03-06","35.6181","-119.6892","87.8","LOST HILLS, CA US","    0",",,7,0700",,,,,,,,
"USC00045151","2019-03-07","35.6181","-119.6892","87.8","LOST HILLS, CA US","  315",",,7,0700",,,,,,,,
"USC00045151","2019-03-08","35.6181","-119.6892","87.8","LOST HILLS, CA US","    5",",,7,0700",,,,,,,,
"USC00045151","2019-03-09","35.6181","-119.6892","87.8","LOST HILLS, CA US","    0",",,7,0700",,,,,,,,
"USC00045151","2019-03-10","35.6181","-119.6892","87.8","LOST HILLS, CA US","    0",",,7,0700",,,,,,,,
"USC00045151","2019-03-11","35.6181","-119.6892","87.8","LOST HILLS, CA US","    0",",,7,0700",,,,,,,,
"USC00045151","2019-03-12","35.6181","-119.6892","87.8","LOST HILLS, CA US","    0",",,7,0700",,,,,,,,
"USC00045151","2019-03-13","35.6181","-119.6892","87.8","LOST HILLS, CA US","    0",",,7,0700",,,,,,,,
"USC00045151","2019-03-14","35.6181","-119.6892","87.8","LOST HILLS, CA US","    0",",,7,0700",,,,,,,,
"USC00045151","2019-03-15","35.6181","-119.6892","87.8","LOST HILLS, CA US","    0",",,7,0700",,,,,,,,
"USC00045151","2019-03-16","35.6181","-119.6892","87.8","LOST HILLS, CA US","    0",",,7,0700",,,,,,,,
"USC00045151","2019-03-17","35.6181","-119.6892","87.8","LOST HILLS, CA US","    0",",,7,0700",,,,,,,,
"USC00045151","2019-03-18","35.6181","-119.6892","87.8","LOST HILLS, CA US","    0",",,7,0700",,,,,,,,
"USC00045151","2019-03-19","35.6181","-119.6892","87.8","LOST HILLS, CA US","    0",",,7,0700",,,,,,,,
"USC00045151","2019-03-20","35.6181","-119.6892","87.8","LOST HILLS, CA US","    0",",,7,0700",,,,,,,,
"USC00045151","2019-03-21","35.6181","-119.6892","87.8","LOST HILLS, CA US","    0",",,7,0700",,,,,,,,
"USC00045151","2019-03-22","35.6181","-119.6892","87.8","LOST HILLS, CA US","    0",",,7,0700",,,,,,,,
"USC00045151","2019-03-23","35.6181","-119.6892","87.8","LOST HILLS, CA US","    0",",,7,0700",,,,,,,,
"USC00045151","2019-03-24","35.6181","-119.6892","87.8","LOST HILLS, CA US","    0",",,7,0700",,,,,,,,
"USC00045151","2019-03-25","35.6181","-119.6892","87.8","LOST HILLS, CA US","    0",",,7,0700",,,,,,,,
"USC00045151","2019-03-26","35.6181","-119.6892","87.8","LOST HILLS, CA US","    0",",,7,0700",,,,,,,,
"USC00045151","2019-03-27","35.6181","-119.6892","87.8","LOST HILLS, CA US","    0",",,7,0700",,,,,,,,
"USC00045151","2019-03-28","35.6181","-119.6892","87.8","LOST HILLS, CA US","    0",",,7,0700",,,,,,,,
"USC00045151","2019-03-29","35.6181","-119.6892","87.8","LOST HILLS, CA US","    0",",,7,0700",,,,,,,,
"USC00045151","2019-03-30","35.6181","-119.6892","87.8","LOST HILLS, CA US","    0",",,7,0700",,,,,,,,
"USC00045151","2019-03-31","35.6181","-119.6892","87.8","LOST HILLS, CA US","    0",",,7,0700",,,,,,,,
"USC00045151","2019-07-01","35.6181","-119.6892","87.8","LOST HILLS, CA US","    0",",,7,0700",,,,,,,,
"USC00045151","2019-07-02","35.6181","-119.6892","87.8","LOST HILLS, CA US","    0",",,7,0700",,,,,,,,
"USC00045151","2019-07-03","35.6181","-119.6892","87.8","LOST HILLS, CA US","    0",",,7,0700",,,,,,,,
"USC00045151","2019-07-04","35.6181","-119.6892","87.8","LOST HILLS, CA US","    0",",,7,0700",,,,,,,,
"USC00045151","2019-07-05","35.6181","-119.6892","87.8","LOST HILLS, CA US","    0",",,7,0700",,,,,,,,
"USC00045151","2019-07-06","35.6181","-119.6892","87.8","LOST HILLS, CA US","    0",",,7,0700",,,,,,,,
"USC00045151","2019-07-07","35.6181","-119.6892","87.8","LOST HILLS, CA US","    0",",,7,0700",,,,,,,,
"USC00045151","2019-07-08","35.6181","-119.6892","87.8","LOST HILLS, CA US","    0",",,7,0700",,,,,,,,
"USC00045151","2019-07-09","35.6181","-119.6892","87.8","LOST HILLS, CA US","    0",",,7,0700",,,,,,,,
"USC00045151","2019-07-10","35.6181","-119.6892","87.8","LOST HILLS, CA US","    0",",,7,0700",,,,,,,,
"USC00045151","2019-07-11","35.6181","-119.6892","87.8","LOST HILLS, CA US","    0",",,7,0700",,,,,,,,
"USC00045151","2019-07-12","35.6181","-119.6892","87.8","LOST HILLS, CA US","    0",",,7,0700",,,,,,,,
"USC00045151","2019-07-13","35.6181","-119.6892","87.8","LOST HILLS, CA US","    0",",,7,0700",,,,,,,,
"USC00045151","2019-07-14","35.6181","-119.6892","87.8","LOST HILLS, CA US","    0",",,7,0700",,,,,,,,
"USC00045151","2019-07-15","35.6181","-119.6892","87.8","LOST HILLS, CA US","    0",",,7,0700",,,,,,,,
"USC00045151","2019-07-16","35.6181","-119.6892","87.8","LOST HILLS, CA US","    0",",,7,0700",,,,,,,,
"USC00045151","2019-07-17","35.6181","-119.6892","87.8","LOST HILLS, CA US","    0",",,7,0700",,,,,,,,
"USC00045151","2019-07-18","35.6181","-119.6892","87.8","LOST HILLS, CA US","    0",",,7,0700",,,,,,,,
"USC00045151","2019-07-19","35.6181","-119.6892","87.8","LOST HILLS, CA US","    0",",,7,0700",,,,,,,,
"USC00045151","2019-07-20","35.6181","-119.6892","87.8","LOST HILLS, CA US","    0",",,7,0700",,,,,,,,
"USC00045151","2019-07-21","35.6181","-119.6892","87.8","LOST HILLS, CA US","    0",",,7,0700",,,,,,,,
"USC00045151","2019-07-22","35.6181","-119.6892","87.8","LOST HILLS, CA US","    0",",,7,0700",,,,,,,,
"USC00045151","2019-07-23","35.6181","-119.6892","87.8","LOST HILLS, CA US","    0",",,7,0700",,,,,,,,
"USC00045151","2019-07-24","35.6181","-119.6892","87.8","LOST HILLS, CA US","    0",",,7,0700",,,,,,,,
"USC00045151","2019-07-25","35.6181","-119.6892","87.8","LOST HILLS, CA US","    0",",,7,0700",,,,,,,,
"USC00045151","2019-07-26","35.6181","-119.6892","87.8","LOST HILLS, CA US","    0",",,7,0700",,,,,,,,
"USC00045151","2019-07-27","35.6181","-119.6892","87.8","LOST HILLS, CA US","    0",",,7,0700",,,,,,,,
"USC00045151","2019-07-28","35.6181","-119.6892","87.8","LOST HILLS, CA US","    0",",,7,0700",,,,,,,,
"USC00045151","2019-07-29","35.6181","-119.6892","87.8","LOST HILLS, CA US","    0",",,7,0700",,,,,,,,
"USC00045151","2019-07-30","35.6181","-119.6892","87.8","LOST HILLS, CA US","    0",",,7,0700",,,,,,,,
"USC00045151","2019-07-31","35.6181","-119.6892","87.8","LOST HILLS, CA US","    0",",,7,0700",,,,,,,,
"USC00045151","2019-08-01","35.6181","-119.6892","87.8","LOST HILLS, CA US","    0",",,7,0700",,,,,,,,
"USC00045151","2019-08-02","35.6181","-119.6892","87.8","LOST HILLS, CA US","    0",",,7,0700",,,,,,,,
"USC00045151","2019-08-03","35.6181","-119.6892","87.8","LOST HILLS, CA US","    0",",,7,0700",,,,,,,,
"USC00045151","2019-08-04","35.6181","-119.6892","87.8","LOST HILLS, CA US","    0",",,7,0700",,,,,,,,
"USC00045151","2019-08-05","35.6181","-119.6892","87.8","LOST HILLS, CA US","    0",",,7,0700",,,,,,,,
"USC00045151","2019-08-06","35.6181","-119.6892","87.8","LOST HILLS, CA US","    0",",,7,0700",,,,,,,,
"USC00045151","2019-08-07","35.6181","-119.6892","87.8","LOST HILLS, CA US","    0",",,7,0700",,,,,,,,
"USC00045151","2019-08-08","35.6181","-119.6892","87.8","LOST HILLS, CA US","    0",",,7,0700",,,,,,,,
"USC00045151","2019-08-09","35.6181","-119.6892","87.8","LOST HILLS, CA US","    0",",,7,0700",,,,,,,,
"USC00045151","2019-08-10","35.6181","-119.6892","87.8","LOST HILLS, CA US","    0",",,7,0700",,,,,,,,
"USC00045151","2019-08-11","35.6181","-119.6892","87.8","LOST HILLS, CA US","    0",",,7,0700",,,,,,,,
"USC00045151","2019-08-12","35.6181","-119.6892","87.8","LOST HILLS, CA US","    0",",,7,0700",,,,,,,,
"USC00045151","2019-08-13","35.6181","-119.6892","87.8","LOST HILLS, CA US","    0",",,7,0700",,,,,,,,
"USC00045151","2019-08-14","35.6181","-119.6892","87.8","LOST HILLS, CA US","    0",",,7,0700",,,,,,,,
"USC00045151","2019-08-15","35.6181","-119.6892","87.8","LOST HILLS, CA US","    0",",,7,0700",,,,,,,,
"USC00045151","2019-08-16","35.6181","-119.6892","87.8","LOST HILLS, CA US","    0",",,7,0700",,,,,,,,
"USC00045151","2019-08-17","35.6181","-119.6892","87.8","LOST HILLS, CA US","    0",",,7,0700",,,,,,,,
"USC00045151","2019-08-18","35.6181","-119.6892","87.8","LOST HILLS, CA US","    0",",,7,0700",,,,,,,,
"USC00045151","2019-08-19","35.6181","-119.6892","87.8","LOST HILLS, CA US","    0",",,7,0700",,,,,,,,
"USC00045151","2019-08-20","35.6181","-119.6892","87.8","LOST HILLS, CA US","    0",",,7,0700",,,,,,,,
"USC00045151","2019-08-21","35.6181","-119.6892","87.8","LOST HILLS, CA US","    0",",,7,0700",,,,,,,,
"USC00045151","2019-08-22","35.6181","-119.6892","87.8","LOST HILLS, CA US","    0",",,7,0700",,,,,,,,
"USC00045151","2019-08-23","35.6181","-119.6892","87.8","LOST HILLS, CA US","    0",",,7,0700",,,,,,,,
"USC00045151","2019-08-24","35.6181","-119.6892","87.8","LOST HILLS, CA US","    0",",,7,0700",,,,,,,,
"USC00045151","2019-08-25","35.6181","-119.6892","87.8","LOST HILLS, CA US","    0",",,7,0700",,,,,,,,
"USC00045151","2019-08-26","35.6181","-119.6892","87.8","LOST HILLS, CA US","    0",",,7,0700",,,,,,,,
"USC00045151","2019-08-27","35.6181","-119.6892","87.8","LOST HILLS, CA US","    0",",,7,0700",,,,,,,,
"USC00045151","2019-08-28","35.6181","-119.6892","87.8","LOST HILLS, CA US","    0",",,7,0700",,,,,,,,
"USC00045151","2019-08-29","35.6181","-119.6892","87.8","LOST HILLS, CA US","    0",",,7,0700",,,,,,,,
"USC00045151","2019-08-30","35.6181","-119.6892","87.8","LOST HILLS, CA US","    0",",,7,0700",,,,,,,,
"USC00045151","2019-08-31","35.6181","-119.6892","87.8","LOST HILLS, CA US","    0",",,7,0700",,,,,,,,
"USC00045151","2019-11-01","35.6181","-119.6892","87.8","LOST HILLS, CA US","    0",",,7,0700",,,,,,,,
"USC00045151","2019-11-02","35.6181","-119.6892","87.8","LOST HILLS, CA US","    0",",,7,0700",,,,,,,,
"USC00045151","2019-11-03","35.6181","-119.6892","87.8","LOST HILLS, CA US","    0",",,7,0700",,,,,,,,
"USC00045151","2019-11-04","35.6181","-119.6892","87.8","LOST HILLS, CA US","    0",",,7,0700",,,,,,,,
"USC00045151","2019-11-05","35.6181","-119.6892","87.8","LOST HILLS, CA US","    0",",,7,0700",,,,,,,,
"USC00045151","2019-11-06","35.6181","-119.6892","87.8","LOST HILLS, CA US","    0",",,7,0700",,,,,,,,
"USC00045151","2019-11-07","35.6181","-119.6892","87.8","LOST HILLS, CA US","    0",",,7,0700",,,,,,,,
"USC00045151","2019-11-08","35.6181","-119.6892","87.8","LOST HILLS, CA US","    0",",,7,0700",,,,,,,,
"USC00045151","2019-11-09","35.6181","-119.6892","87.8","LOST HILLS, CA US","    0",",,7,0700",,,,,,,,
"USC00045151","2019-11-10","35.6181","-119.6892","87.8","LOST HILLS, CA US","    0",",,7,0700",,,,,,,,
"USC00045151","2019-11-11","35.6181","-119.6892","87.8","LOST HILLS, CA US","    0",",,7,0700",,,,,,,,
"USC00045151","2019-11-12","35.6181","-119.6892","87.8","LOST HILLS, CA US","    0",",,7,0700",,,,,,,,
"USC00045151","2019-11-13","35.6181","-119.6892","87.8","LOST HILLS, CA US","    0",",,7,0700",,,,,,,,
"USC00045151","2019-11-14","35.6181","-119.6892","87.8","LOST HILLS, CA US","    0",",,7,0700",,,,,,,,
"USC00045151","2019-11-15","35.6181","-119.6892","87.8","LOST HILLS, CA US","    0",",,7,0700",,,,,,,,
"USC00045151","2019-11-16","35.6181","-119.6892","87.8","LOST HILLS, CA US","    0",",,7,0700",,,,,,,,
"USC00045151","2019-11-17","35.6181","-119.6892","87.8","LOST HILLS, CA US","    0",",,7,0700",,,,,,,,
"USC00045151","2019-11-18","35.6181","-119.6892","87.8","LOST HILLS, CA US","    0",",,7,0700",,,,,,,,
"USC00045151","2019-11-19","35.6181","-119.6892","87.8","LOST HILLS, CA US","    0",",,7,0700",,,,,,,,
"USC00045151","2019-11-20","35.6181","-119.6892","87.8","LOST HILLS, CA US","    0",",,7,0700",,,,,,,,
"USC00045151","2019-11-21","35.6181","-119.6892","87.8","LOST HILLS, CA US","    0",",,7,0700",,,,,,,,
"USC00045151","2019-11-22","35.6181","-119.6892","87.8","LOST HILLS, CA US","    0",",,7,0700",,,,,,,,
"USC00045151","2019-11-23","35.6181","-119.6892","87.8","LOST HILLS, CA US","    0",",,7,0700",,,,,,,,
"USC00045151","2019-11-24","35.6181","-119.6892","87.8","LOST HILLS, CA US","    0",",,7,0700",,,,,,,,
"USC00045151","2019-11-25","35.6181","-119.6892","87.8","LOST HILLS, CA US","    0",",,7,0700",,,,,,,,
"USC00045151","2019-11-26","35.6181","-119.6892","87.8","LOST HILLS, CA US","    0",",,7,0700",,,,,,,,
"USC00045151","2019-11-27","35.6181","-119.6892","87.8","LOST HILLS, CA US","   51",",,7,0700",,,,,,,,
"USC00045151","2019-11-28","35.6181","-119.6892","87.8","LOST HILLS, CA US","   25",",,7,0700",,,,,,,,
"USC00045151","2019-11-29","35.6181","-119.6892","87.8","LOST HILLS, CA US","   20",",,7,0700",,,,,,,,
"USC00045151","2019-11-30","35.6181","-119.6892","87.8","LOST HILLS, CA US","    5",",,7,0700",,,,,,,,
"USC00045151","2019-12-01","35.6181","-119.6892","87.8","LOST HILLS, CA US","   74",",,7,0700",,,,,,,,
"USC00045151","2019-12-02","35.6181","-119.6892","87.8","LOST HILLS, CA US","    0",",,7,0700",,,,,,,,
"USC00045151","2019-12-03","35.6181","-119.6892","87.8","LOST HILLS, CA US","   61",",,7,0700",,,,,,,,
"USC00045151","2019-12-04","35.6181","-119.6892","87.8","LOST HILLS, CA US","    0",",,7,0700",,,,,,,,
"USC00045151","2019-12-05","35.6181","-119.6892","87.8","LOST HILLS, CA US","   41",",,7,0700",,,,,,,,
"USC00045151","2019-12-06","35.6181","-119.6892","87.8","LOST HILLS, CA US","    0",",,7,0700",,,,,,,,
"USC00045151","2019-12-07","35.6181","-119.6892","87.8","LOST HILLS, CA US","    0",",,7,0700",,,,,,,,
"USC00045151","2019-12-08","35.6181","-119.6892","87.8","LOST HILLS, CA US","   23",",,7,0700",,,,,,,,
"USC00045151","2019-12-09","35.6181","-119.6892","87.8","LOST HILLS, CA US","    0",",,7,0700",,,,,,,,
"USC00045151","2019-12-10","35.6181","-119.6892","87.8","LOST HILLS, CA US","    0",",,7,0700",,,,,,,,
"USC00045151","2019-12-11","35.6181","-119.6892","87.8","LOST HILLS, CA US","    0",",,7,0700",,,,,,,,
"USC00045151","2019-12-12","35.6181","-119.6892","87.8","LOST HILLS, CA US","    0",",,7,0700",,,,,,,,
"USC00045151","2019-12-13","35.6181","-119.6892","87.8","LOST HILLS, CA US","    0",",,7,0700",,,,,,,,
"USC00045151","2019-12-14","35.6181","-119.6892","87.8","LOST HILLS, CA US","    0",",,7,0700",,,,,,,,
"USC00045151","2019-12-15","35.6181","-119.6892","87.8","LOST HILLS, CA US","    0",",,7,0700",,,,,,,,
"USC00045151","2019-12-16","35.6181","-119.6892","87.8","LOST HILLS, CA US","    0",",,7,0700",,,,,,,,
"USC00045151","2019-12-17","35.6181","-119.6892","87.8","LOST HILLS, CA US","    0",",,7,0700",,,,,,,,
"USC00045151","2019-12-18","35.6181","-119.6892","87.8","LOST HILLS, CA US","    0",",,7,0700",,,,,,,,
"USC00045151","2019-12-19","35.6181","-119.6892","87.8","LOST HILLS, CA US","    0",",,7,0700",,,,,,,,
"USC00045151","2019-12-20","35.6181","-119.6892","87.8","LOST HILLS, CA US","    0",",,7,0700",,,,,,,,
"USC00045151","2019-12-21","35.6181","-119.6892","87.8","LOST HILLS, CA US","    0",",,7,0700",,,,,,,,
"USC00045151","2019-12-22","35.6181","-119.6892","87.8","LOST HILLS, CA US","    0",",,7,0700",,,,,,,,
"USC00045151","2019-12-23","35.6181","-119.6892","87.8","LOST HILLS, CA US","   84",",,7,0700",,,,,,,,
"USC00045151","2019-12-24","35.6181","-119.6892","87.8","LOST HILLS, CA US","   46",",,7,0700",,,,,,,,
"USC00045151","2019-12-25","35.6181","-119.6892","87.8","LOST HILLS, CA US","  102",",,7,0700",,,,,,,,
"USC00045151","2019-12-26","35.6181","-119.6892","87.8","LOST HILLS, CA US","   51",",,7,0700",,,,,,,,
"USC00045151","2019-12-27","35.6181","-119.6892","87.8","LOST HILLS, CA US","   38",",,7,0700",,,,,,,,
"USC00045151","2019-12-28","35.6181","-119.6892","87.8","LOST HILLS, CA US","    0",",,7,0700",,,,,,,,
"USC00045151","2019-12-29","35.6181","-119.6892","87.8","LOST HILLS, CA US","    0",",,7,0700",,,,,,,,
"USC00045151","2019-12-30","35.6181","-119.6892","87.8","LOST HILLS, CA US","    0",",,7,0700",,,,,,,,
"USC00045151","2019-12-31","35.6181","-119.6892","87.8","LOST HILLS, CA US","    0",",,7,0700",,,,,,,,
"USC00045151","2020-01-01","35.6181","-119.6892","87.8","LOST HILLS, CA US","    0",",,7,0700",,,,,,,,
"USC00045151","2020-01-02","35.6181","-119.6892","87.8","LOST HILLS, CA US","    0",",,7,0700",,,,,,,,
"USC00045151","2020-01-03","35.6181","-119.6892","87.8","LOST HILLS, CA US","    0",",,7,0700",,,,,,,,
"USC00045151","2020-01-04","35.6181","-119.6892","87.8","LOST HILLS, CA US","    0",",,7,0700",,,,,,,,
"USC00045151","2020-01-05","35.6181","-119.6892","87.8","LOST HILLS, CA US","    0",",,7,0700",,,,,,,,
"USC00045151","2020-01-06","35.6181","-119.6892","87.8","LOST HILLS, CA US","    0",",,7,0700",,,,,,,,
"USC00045151","2020-01-07","35.6181","-119.6892","87.8","LOST HILLS, CA US","    0",",,7,0700",,,,,,,,
"USC00045151","2020-01-08","35.6181","-119.6892","87.8","LOST HILLS, CA US","    0",",,7,0700",,,,,,,,
"USC00045151","2020-01-09","35.6181","-119.6892","87.8","LOST HILLS, CA US","   25",",,7,0700",,,,,,,,
"USC00045151","2020-01-10","35.6181","-119.6892","87.8","LOST HILLS, CA US","    0",",,7,0700",,,,,,,,
"USC00045151","2020-01-11","35.6181","-119.6892","87.8","LOST HILLS, CA US","    0",",,7,0700",,,,,,,,
"USC00045151","2020-01-12","35.6181","-119.6892","87.8","LOST HILLS, CA US","    0",",,7,0700",,,,,,,,
"USC00045151","2020-01-13","35.6181","-119.6892","87.8","LOST HILLS, CA US","    0",",,7,0700",,,,,,,,
"USC00045151","2020-01-14","35.6181","-119.6892","87.8","LOST HILLS, CA US","    0",",,7,0700",,,,,,,,
"USC00045151","2020-01-15","35.6181","-119.6892","87.8","LOST HILLS, CA US","    0",",,7,0700",,,,,,,,
"USC00045151","2020-01-16","35.6181","-119.6892","87.8","LOST HILLS, CA US","   25",",,7,0700",,,,,,,,
"USC00045151","2020-01-17","35.6181","-119.6892","87.8","LOST HILLS, CA US","    0",",,7,0700",,,,,,,,
"USC00045151","2020-01-18","35.6181","-119.6892","87.8","LOST HILLS, CA US","    0",",,7,0700",,,,,,,,
"USC00045151","2020-01-19","35.6181","-119.6892","87.8","LOST HILLS, CA US","    0",",,7,0700",,,,,,,,
"USC00045151","2020-01-20","35.6181","-119.6892","87.8","LOST HILLS, CA US","    0",",,7,0700",,,,,,,,
"USC00045151","2020-01-21","35.6181","-119.6892","87.8","LOST HILLS, CA US","    0",",,7,0700",,,,,,,,
"USC00045151","2020-01-22","35.6181","-119.6892","87.8","LOST HILLS, CA US","    0",",,7,0700",,,,,,,,
"USC00045151","2020-01-23","35.6181","-119.6892","87.8","LOST HILLS, CA US","    0",",,7,0700",,,,,,,,
"USC00045151","2020-01-24","35.6181","-119.6892","87.8","LOST HILLS, CA US","    0",",,7,0700",,,,,,,,
"USC00045151","2020-01-25","35.6181","-119.6892","87.8","LOST HILLS, CA US","    0",",,7,0700",,,,,,,,
"USC00045151","2020-01-26","35.6181","-119.6892","87.8","LOST HILLS, CA US","    0",",,7,0700",,,,,,,,
"USC00045151","2020-01-27","35.6181","-119.6892","87.8","LOST HILLS, CA US","    0",",,7,0700",,,,,,,,
"USC00045151","2020-01-28","35.6181","-119.6892","87.8","LOST HILLS, CA US","    0",",,7,0700",,,,,,,,
"USC00045151","2020-01-29","35.6181","-119.6892","87.8","LOST HILLS, CA US","    0",",,7,0700",,,,,,,,
"USC00045151","2020-01-30","35.6181","-119.6892","87.8","LOST HILLS, CA US","    0",",,7,0700",,,,,,,,
"USC00045151","2020-01-31","35.6181","-119.6892","87.8","LOST HILLS, CA US","    0",",,7,0700",,,,,,,,
"USC00045151","2021-02-01","35.6181","-119.6892","87.8","LOST HILLS, CA US","    0",",,7,0700",,,,,,,,
"USC00045151","2021-02-02","35.6181","-119.6892","87.8","LOST HILLS, CA US","    0",",,7,0700",,,,,,,,
"USC00045151","2021-02-03","35.6181","-119.6892","87.8","LOST HILLS, CA US","    0",",,7,0700",,,,,,,,
"USC00045151","2021-02-04","35.6181","-119.6892","87.8","LOST HILLS, CA US","    0",",,7,0700",,,,,,,,
"USC00045151","2021-02-05","35.6181","-119.6892","87.8","LOST HILLS, CA US","    0",",,7,0700",,,,,,,,
"USC00045151","2021-02-06","35.6181","-119.6892","87.8","LOST HILLS, CA US","    0",",,7,0700",,,,,,,,
"USC00045151","2021-02-07","35.6181","-119.6892","87.8","LOST HILLS, CA US","    0",",,7,0700",,,,,,,,
"USC00045151","2021-02-08","35.6181","-119.6892","87.8","LOST HILLS, CA US","    0",",,7,0700",,,,,,,,
"USC00045151","2021-02-09","35.6181","-119.6892","87.8","LOST HILLS, CA US","    0",",,7,0700",,,,,,,,
"USC00045151","2021-02-10","35.6181","-119.6892","87.8","LOST HILLS, CA US","    0",",,7,0700",,,,,,,,
"USC00045151","2021-02-11","35.6181","-119.6892","87.8","LOST HILLS, CA US","    0",",,7,0700",,,,,,,,
"USC00045151","2021-02-12","35.6181","-119.6892","87.8","LOST HILLS, CA US","    0",",,7,0700",,,,,,,,
"USC00045151","2021-02-13","35.6181","-119.6892","87.8","LOST HILLS, CA US","    0",",,7,0700",,,,,,,,
"USC00045151","2021-02-14","35.6181","-119.6892","87.8","LOST HILLS, CA US","    0",",,7,0700",,,,,,,,
"USC00045151","2021-02-15","35.6181","-119.6892","87.8","LOST HILLS, CA US","    0",",,7,0700",,,,,,,,
"USC00045151","2021-02-16","35.6181","-119.6892","87.8","LOST HILLS, CA US","    0",",,7,0700",,,,,,,,
"USC00045151","2021-02-17","35.6181","-119.6892","87.8","LOST HILLS, CA US","    0",",,7,0700",,,,,,,,
"USC00045151","2021-02-18","35.6181","-119.6892","87.8","LOST HILLS, CA US","    0",",,7,0700",,,,,,,,
"USC00045151","2021-02-19","35.6181","-119.6892","87.8","LOST HILLS, CA US","    0",",,7,0700",,,,,,,,
"USC00045151","2021-02-20","35.6181","-119.6892","87.8","LOST HILLS, CA US","    0",",,7,0700",,,,,,,,
"USC00045151","2021-02-21","35.6181","-119.6892","87.8","LOST HILLS, CA US","    0",",,7,0700",,,,,,,,
"USC00045151","2021-02-22","35.6181","-119.6892","87.8","LOST HILLS, CA US","    0",",,7,0700",,,,,,,,
"USC00045151","2021-02-23","35.6181","-119.6892","87.8","LOST HILLS, CA US","    0",",,7,0700",,,,,,,,
"USC00045151","2021-02-24","35.6181","-119.6892","87.8","LOST HILLS, CA US","    0",",,7,0700",,,,,,,,
"USC00045151","2021-02-25","35.6181","-119.6892","87.8","LOST HILLS, CA US","    0",",,7,0700",,,,,,,,
"USC00045151","2021-02-26","35.6181","-119.6892","87.8","LOST HILLS, CA US","    0",",,7,0700",,,,,,,,
"USC00045151","2021-02-27","35.6181","-119.6892","87.8","LOST HILLS, CA US","    0",",,7,0700",,,,,,,,
"USC00045151","2021-02-28","35.6181","-119.6892","87.8","LOST HILLS, CA US","    0",",,7,0700",,,,,,,,
"USC00045151","2023-06-01","35.6181","-119.6892","87.8","LOST HILLS, CA US","    0",",,7,0700",,,,,,,,
"USC00045151","2023-06-02","35.6181","-119.6892","87.8","LOST HILLS, CA US","    0",",,7,0700",,,,,,,,
"USC00045151","2023-06-03","35.6181","-119.6892","87.8","LOST HILLS, CA US","    0",",,7,0700",,,,,,,,
"USC00045151","2023-06-08","35.6181","-119.6892","87.8","LOST HILLS, CA US","    0",",,7,0700",,,,,,,,
"USC00045151","2023-06-09","35.6181","-119.6892","87.8","LOST HILLS, CA US","    0",",,7,0700",,,,,,,,
"USC00045151","2023-06-10","35.6181","-119.6892","87.8","LOST HILLS, CA US","    0",",,7,0700",,,,,,,,
"USC00045151","2023-06-11","35.6181","-119.6892","87.8","LOST HILLS, CA US","    0",",,7,0700",,,,,,,,
"USC00045151","2023-06-12","35.6181","-119.6892","87.8","LOST HILLS, CA US","    0",",,7,0700",,,,,,,,
"USC00045151","2023-06-13","35.6181","-119.6892","87.8","LOST HILLS, CA US","    0",",,7,0700",,,,,,,,
"USC00045151","2023-06-14","35.6181","-119.6892","87.8","LOST HILLS, CA US","    0",",,7,0700",,,,,,,,
"USC00045151","2023-06-15","35.6181","-119.6892","87.8","LOST HILLS, CA US","    0",",,7,0700",,,,,,,,
"USC00045151","2023-06-16","35.6181","-119.6892","87.8","LOST HILLS, CA US","    0",",,7,0700",,,,,,,,
"USC00045151","2023-06-17","35.6181","-119.6892","87.8","LOST HILLS, CA US","    0",",,7,0700",,,,,,,,
"USC00045151","2023-06-18","35.6181","-119.6892","87.8","LOST HILLS, CA US","    0",",,7,0700",,,,,,,,
"USC00045151","2023-06-19","35.6181","-119.6892","87.8","LOST HILLS, CA US","    0",",,7,0700",,,,,,,,
"USC00045151","2023-06-20","35.6181","-119.6892","87.8","LOST HILLS, CA US","    0",",,7,0700",,,,,,,,
"USC00045151","2023-06-21","35.6181","-119.6892","87.8","LOST HILLS, CA US","    0",",,7,0700",,,,,,,,
"USC00045151","2023-06-22","35.6181","-119.6892","87.8","LOST HILLS, CA US","    0",",,7,0700",,,,,,,,
"USC00045151","2023-06-23","35.6181","-119.6892","87.8","LOST HILLS, CA US","    0",",,7,0700",,,,,,,,
"USC00045151","2023-06-24","35.6181","-119.6892","87.8","LOST HILLS, CA US","    0",",,7,0700",,,,,,,,
"USC00045151","2023-06-25","35.6181","-119.6892","87.8","LOST HILLS, CA US","    0",",,7,0700",,,,,,,,
"USC00045151","2023-06-26","35.6181","-119.6892","87.8","LOST HILLS, CA US","    0",",,7,0700",,,,,,,,
"USC00045151","2023-06-27","35.6181","-119.6892","87.8","LOST HILLS, CA US","    0",",,7,0700",,,,,,,,
"USC00045151","2023-06-28","35.6181","-119.6892","87.8","LOST HILLS, CA US","    0",",,7,0700",,,,,,,,
"USC00045151","2023-06-29","35.6181","-119.6892","87.8","LOST HILLS, CA US","    0",",,7,0700",,,,,,,,
"USC00045151","2023-06-30","35.6181","-119.6892","87.8","LOST HILLS, CA US","    0",",,7,0700",,,,,,,,
"USC00045151","2023-07-01","35.6181","-119.6892","87.8","LOST HILLS, CA US","    0",",,7,0700",,,,,,,,
"USC00045151","2023-07-02","35.6181","-119.6892","87.8","LOST HILLS, CA US","    0",",,7,0700",,,,,,,,
"USC00045151","2023-07-03","35.6181","-119.6892","87.8","LOST HILLS, CA US","    0",",,7,0700",,,,,,,,
"USC00045151","2023-07-04","35.6181","-119.6892","87.8","LOST HILLS, CA US","    0",",,7,0700",,,,,,,,
"USC00045151","2023-07-05","35.6181","-119.6892","87.8","LOST HILLS, CA US","    0",",,7,0700",,,,,,,,
"USC00045151","2023-07-06","35.6181","-119.6892","87.8","LOST HILLS, CA US","    0",",,7,0700",,,,,,,,
"USC00045151","2023-07-07","35.6181","-119.6892","87.8","LOST HILLS, CA US","    0",",,7,0700",,,,,,,,
"USC00045151","2023-07-08","35.6181","-119.6892","87.8","LOST HILLS, CA US","    0",",,7,0700",,,,,,,,
"USC00045151","2023-07-09","35.6181","-119.6892","87.8","LOST HILLS, CA US","    0",",,7,0700",,,,,,,,
"USC00045151","2023-07-10","35.6181","-119.6892","87.8","LOST HILLS, CA US","    0",",,7,0700",,,,,,,,
"USC00045151","2023-07-11","35.6181","-119.6892","87.8","LOST HILLS, CA US","    0",",,7,0700",,,,,,,,
"USC00045151","2023-07-12","35.6181","-119.6892","87.8","LOST HILLS, CA US","    0",",,7,0700",,,,,,,,
"USC00045151","2023-07-13","35.6181","-119.6892","87.8","LOST HILLS, CA US","    0",",,7,0700",,,,,,,,
"USC00045151","2023-07-14","35.6181","-119.6892","87.8","LOST HILLS, CA US","    0",",,7,0700",,,,,,,,
"USC00045151","2023-07-15","35.6181","-119.6892","87.8","LOST HILLS, CA US","    0",",,7,0700",,,,,,,,
"USC00045151","2023-07-16","35.6181","-119.6892","87.8","LOST HILLS, CA US","    0",",,7,0700",,,,,,,,
"USC00045151","2023-07-17","35.6181","-119.6892","87.8","LOST HILLS, CA US","    0",",,7,0700",,,,,,,,
"USC00045151","2023-07-19","35.6181","-119.6892","87.8","LOST HILLS, CA US","    0",",,7,0700",,,,,,,,
"USC00045151","2023-07-20","35.6181","-119.6892","87.8","LOST HILLS, CA US","    0",",,7,0700",,,,,,,,
"USC00045151","2023-07-21","35.6181","-119.6892","87.8","LOST HILLS, CA US","    0",",,7,0700",,,,,,,,
"USC00045151","2023-07-22","35.6181","-119.6892","87.8","LOST HILLS, CA US","    0",",,7,0700",,,,,,,,
"USC00045151","2023-07-23","35.6181","-119.6892","87.8","LOST HILLS, CA US","    0",",,7,0700",,,,,,,,
"USC00045151","2023-07-24","35.6181","-119.6892","87.8","LOST HILLS, CA US","    0",",,7,0700",,,,,,,,
"USC00045151","2023-07-25","35.6181","-119.6892","87.8","LOST HILLS, CA US","    0",",,7,0700",,,,,,,,
"USC00045151","2023-07-26","35.6181","-119.6892","87.8","LOST HILLS, CA US","    0",",,7,0700",,,,,,,,
"USC00045151","2023-07-27","35.6181","-119.6892","87.8","LOST HILLS, CA US","    0",",,7,0700",,,,,,,,
"USC00045151","2023-07-28","35.6181","-119.6892","87.8","LOST HILLS, CA US","    0",",,7,0700",,,,,,,,
"USC00045151","2023-07-29","35.6181","-119.6892","87.8","LOST HILLS, CA US","    0",",,7,0700",,,,,,,,
"USC00045151","2023-07-30","35.6181","-119.6892","87.8","LOST HILLS, CA US","    0",",,7,0700",,,,,,,,
"USC00045151","2023-07-31","35.6181","-119.6892","87.8","LOST HILLS, CA US","    0",",,7,0700",,,,,,,,
"USC00045151","2023-08-01","35.6181","-119.6892","87.8","LOST HILLS, CA US","    0",",,7,0700",,,,,,,,
"USC00045151","2023-08-02","35.6181","-119.6892","87.8","LOST HILLS, CA US","    0",",,7,0700",,,,,,,,
"USC00045151","2023-08-03","35.6181","-119.6892","87.8","LOST HILLS, CA US","    0",",,7,0700",,,,,,,,
"USC00045151","2023-08-04","35.6181","-119.6892","87.8","LOST HILLS, CA US","    0",",,7,0700",,,,,,,,
"USC00045151","2023-08-05","35.6181","-119.6892","87.8","LOST HILLS, CA US","    0",",,7,0700",,,,,,,,
"USC00045151","2023-08-06","35.6181","-119.6892","87.8","LOST HILLS, CA US","    0",",,7,0700",,,,,,,,
"USC00045151","2023-08-07","35.6181","-119.6892","87.8","LOST HILLS, CA US","    0",",,7,0700",,,,,,,,
"USC00045151","2023-08-08","35.6181","-119.6892","87.8","LOST HILLS, CA US","    0",",,7,0700",,,,,,,,
"USC00045151","2023-08-09","35.6181","-119.6892","87.8","LOST HILLS, CA US","    0",",,7,0700",,,,,,,,
"USC00045151","2023-08-10","35.6181","-119.6892","87.8","LOST HILLS, CA US","    0",",,7,0700",,,,,,,,
"USC00045151","2023-08-11","35.6181","-119.6892","87.8","LOST HILLS, CA US","    0",",,7,0700",,,,,,,,
"USC00045151","2023-08-12","35.6181","-119.6892","87.8","LOST HILLS, CA US","    0",",,7,0700",,,,,,,,
"USC00045151","2023-08-13","35.6181","-119.6892","87.8","LOST HILLS, CA US","    0",",,7,0700",,,,,,,,
"USC00045151","2023-08-14","35.6181","-119.6892","87.8","LOST HILLS, CA US","    0",",,7,0700",,,,,,,,
"USC00045151","2023-08-15","35.6181","-119.6892","87.8","LOST HILLS, CA US","    0",",,7,0700",,,,,,,,
"USC00045151","2023-08-16","35.6181","-119.6892","87.8","LOST HILLS, CA US","    0",",,7,0700",,,,,,,,
"USC00045151","2023-08-17","35.6181","-119.6892","87.8","LOST HILLS, CA US","    0",",,7,0700",,,,,,,,
"USC00045151","2023-08-18","35.6181","-119.6892","87.8","LOST HILLS, CA US","    0",",,7,0700",,,,,,,,
"USC00045151","2023-08-19","35.6181","-119.6892","87.8","LOST HILLS, CA US","    0",",,7,0700",,,,,,,,
"USC00045151","2023-08-20","35.6181","-119.6892","87.8","LOST HILLS, CA US","    0",",,7,0700",,,,,,,,
"USC00045151","2023-08-21","35.6181","-119.6892","87.8","LOST HILLS, CA US","  124",",,7,0700",,,,,,,,
"USC00045151","2023-08-22","35.6181","-119.6892","87.8","LOST HILLS, CA US","    0",",,7,0700",,,,,,,,
"USC00045151","2023-08-23","35.6181","-119.6892","87.8","LOST HILLS, CA US","    0",",,7,0700",,,,,,,,
"USC00045151","2023-08-24","35.6181","-119.6892","87.8","LOST HILLS, CA US","    0",",,7,0700",,,,,,,,
"USC00045151","2023-08-25","35.6181","-119.6892","87.8","LOST HILLS, CA US","    0",",,7,0700",,,,,,,,
"USC00045151","2023-08-26","35.6181","-119.6892","87.8","LOST HILLS, CA US","    0",",,7,0700",,,,,,,,
"USC00045151","2023-08-27","35.6181","-119.6892","87.8","LOST HILLS, CA US","    0",",,7,0700",,,,,,,,
"USC00045151","2023-08-28","35.6181","-119.6892","87.8","LOST HILLS, CA US","    0",",,7,0700",,,,,,,,
"USC00045151","2023-08-29","35.6181","-119.6892","87.8","LOST HILLS, CA US","    0",",,7,0700",,,,,,,,
"USC00045151","2023-08-30","35.6181","-119.6892","87.8","LOST HILLS, CA US","    0",",,7,0700",,,,,,,,
"USC00045151","2023-08-31","35.6181","-119.6892","87.8","LOST HILLS, CA US","    0",",,7,0700",,,,,,,,
"USC00045151","2023-09-01","35.6181","-119.6892","87.8","LOST HILLS, CA US","    0",",,7,0700",,,,,,,,
"USC00045151","2023-09-02","35.6181","-119.6892","87.8","LOST HILLS, CA US","    0",",,7,0700",,,,,,,,
"USC00045151","2023-09-03","35.6181","-119.6892","87.8","LOST HILLS, CA US","    0",",,7,0700",,,,,,,,
"USC00045151","2023-09-04","35.6181","-119.6892","87.8","LOST HILLS, CA US","    0",",,7,0700",,,,,,,,
"USC00045151","2023-09-05","35.6181","-119.6892","87.8","LOST HILLS, CA US","    0",",,7,0700",,,,,,,,
"USC00045151","2023-09-06","35.6181","-119.6892","87.8","LOST HILLS, CA US","    0",",,7,0700",,,,,,,,
"USC00045151","2023-09-07","35.6181","-119.6892","87.8","LOST HILLS, CA US","    0",",,7,0700",,,,,,,,
"USC00045151","2023-09-08","35.6181","-119.6892","87.8","LOST HILLS, CA US","    0",",,7,0700",,,,,,,,
"USC00045151","2023-09-09","35.6181","-119.6892","87.8","LOST HILLS, CA US","    0",",,7,0700",,,,,,,,
"USC00045151","2023-09-10","35.6181","-119.6892","87.8","LOST HILLS, CA US","    0",",,7,0700",,,,,,,,
"USC00045151","2023-09-11","35.6181","-119.6892","87.8","LOST HILLS, CA US","    0",",,7,0700",,,,,,,,
"USC00045151","2023-09-12","35.6181","-119.6892","87.8","LOST HILLS, CA US","    0",",,7,0700",,,,,,,,
"USC00045151","2023-09-13","35.6181","-119.6892","87.8","LOST HILLS, CA US","    0",",,7,0700",,,,,,,,
"USC00045151","2023-09-14","35.6181","-119.6892","87.8","LOST HILLS, CA US","    0",",,7,0700",,,,,,,,
"USC00045151","2023-09-15","35.6181","-119.6892","87.8","LOST HILLS, CA US","    0",",,7,0700",,,,,,,,
"USC00045151","2023-09-16","35.6181","-119.6892","87.8","LOST HILLS, CA US","    0",",,7,0700",,,,,,,,
"USC00045151","2023-09-17","35.6181","-119.6892","87.8","LOST HILLS, CA US","    0",",,7,0700",,,,,,,,
"USC00045151","2023-09-18","35.6181","-119.6892","87.8","LOST HILLS, CA US","    0",",,7,0700",,,,,,,,
"USC00045151","2023-09-19","35.6181","-119.6892","87.8","LOST HILLS, CA US","    0",",,7,0700",,,,,,,,
"USC00045151","2023-09-20","35.6181","-119.6892","87.8","LOST HILLS, CA US","    0",",,7,0700",,,,,,,,
"USC00045151","2023-09-21","35.6181","-119.6892","87.8","LOST HILLS, CA US","    0",",,7,0700",,,,,,,,
"USC00045151","2023-09-22","35.6181","-119.6892","87.8","LOST HILLS, CA US","    0",",,7,0700",,,,,,,,
"USC00045151","2023-09-23","35.6181","-119.6892","87.8","LOST HILLS, CA US","    0",",,7,0700",,,,,,,,
"USC00045151","2023-09-24","35.6181","-119.6892","87.8","LOST HILLS, CA US","    0",",,7,0700",,,,,,,,
"USC00045151","2023-09-25","35.6181","-119.6892","87.8","LOST HILLS, CA US","    0",",,7,0700",,,,,,,,
"USC00045151","2023-09-26","35.6181","-119.6892","87.8","LOST HILLS, CA US","    0",",,7,0700",,,,,,,,
"USC00045151","2023-09-27","35.6181","-119.6892","87.8","LOST HILLS, CA US","    0",",,7,0700",,,,,,,,
"USC00045151","2023-09-28","35.6181","-119.6892","87.8","LOST HILLS, CA US","    0",",,7,0700",,,,,,,,
"USC00045151","2023-09-29","35.6181","-119.6892","87.8","LOST HILLS, CA US","    0",",,7,0700",,,,,,,,
"USC00045151","2023-09-30","35.6181","-119.6892","87.8","LOST HILLS, CA US","    0",",,7,0700",,,,,,,,
"USC00045151","2023-10-01","35.6181","-119.6892","87.8","LOST HILLS, CA US","    0",",,7,0700",,,,,,,,
"USC00045151","2023-10-02","35.6181","-119.6892","87.8","LOST HILLS, CA US","    0",",,7,0700",,,,,,,,
"USC00045151","2023-10-03","35.6181","-119.6892","87.8","LOST HILLS, CA US","    0",",,7,0700",,,,,,,,
"USC00045151","2023-10-04","35.6181","-119.6892","87.8","LOST HILLS, CA US","    0",",,7,0700",,,,,,,,
"USC00045151","2023-10-05","35.6181","-119.6892","87.8","LOST HILLS, CA US","    0",",,7,0700",,,,,,,,
"USC00045151","2023-10-06","35.6181","-119.6892","87.8","LOST HILLS, CA US","    0",",,7,0700",,,,,,,,
"USC00045151","2023-10-07","35.6181","-119.6892","87.8","LOST HILLS, CA US","    0",",,7,0700",,,,,,,,
"USC00045151","2023-10-08","35.6181","-119.6892","87.8","LOST HILLS, CA US","    0",",,7,0700",,,,,,,,
"USC00045151","2023-10-09","35.6181","-119.6892","87.8","LOST HILLS, CA US","    0",",,7,0700",,,,,,,,
"USC00045151","2023-10-10","35.6181","-119.6892","87.8","LOST HILLS, CA US","    0",",,7,0700",,,,,,,,
"USC00045151","2023-10-11","35.6181","-119.6892","87.8","LOST HILLS, CA US","    0",",,7,0700",,,,,,,,
"USC00045151","2023-10-12","35.6181","-119.6892","87.8","LOST HILLS, CA US","    0",",,7,0700",,,,,,,,
"USC00045151","2023-10-13","35.6181","-119.6892","87.8","LOST HILLS, CA US","    0",",,7,0700",,,,,,,,
"USC00045151","2023-10-14","35.6181","-119.6892","87.8","LOST HILLS, CA US","    0",",,7,0700",,,,,,,,
"USC00045151","2023-10-15","35.6181","-119.6892","87.8","LOST HILLS, CA US","    0",",,7,0700",,,,,,,,
"USC00045151","2023-10-16","35.6181","-119.6892","87.8","LOST HILLS, CA US","    0",",,7,0700",,,,,,,,
"USC00045151","2023-10-17","35.6181","-119.6892","87.8","LOST HILLS, CA US","    0",",,7,0700",,,,,,,,
"USC00045151","2023-10-18","35.6181","-119.6892","87.8","LOST HILLS, CA US","    0",",,7,0700",,,,,,,,
"USC00045151","2023-10-19","35.6181","-119.6892","87.8","LOST HILLS, CA US","    0",",,7,0700",,,,,,,,
"USC00045151","2023-10-20","35.6181","-119.6892","87.8","LOST HILLS, CA US","    0",",,7,0700",,,,,,,,
"USC00045151","2023-10-21","35.6181","-119.6892","87.8","LOST HILLS, CA US","    0",",,7,0700",,,,,,,,
"USC00045151","2023-10-22","35.6181","-119.6892","87.8","LOST HILLS, CA US","    0",",,7,0700",,,,,,,,
"USC00045151","2023-10-23","35.6181","-119.6892","87.8","LOST HILLS, CA US","    0",",,7,0700",,,,,,,,
"USC00045151","2023-10-24","35.6181","-119.6892","87.8","LOST HILLS, CA US","    0",",,7,0700",,,,,,,,
"USC00045151","2023-10-25","35.6181","-119.6892","87.8","LOST HILLS, CA US","    0",",,7,0700",,,,,,,,
"USC00045151","2023-10-26","35.6181","-119.6892","87.8","LOST HILLS, CA US","    0",",,7,0700",,,,,,,,
"USC00045151","2023-10-27","35.6181","-119.6892","87.8","LOST HILLS, CA US","    0",",,7,0700",,,,,,,,
"USC00045151","2023-10-28","35.6181","-119.6892","87.8","LOST HILLS, CA US","    0",",,7,0700",,,,,,,,
"USC00045151","2023-10-29","35.6181","-119.6892","87.8","LOST HILLS, CA US","    0",",,7,0700",,,,,,,,
"USC00045151","2023-10-30","35.6181","-119.6892","87.8","LOST HILLS, CA US","    0",",,7,0700",,,,,,,,
"USC00045151","2023-10-31","35.6181","-119.6892","87.8","LOST HILLS, CA US","    0",",,7,0700",,,,,,,,
"USC00045151","2025-08-01","35.6181","-119.6892","87.8","LOST HILLS, CA US","    0",",,7,0700",,,,,,,,
"USC00045151","2025-08-02","35.6181","-119.6892","87.8","LOST HILLS, CA US","    0",",,7,0700",,,,,,,,
"USC00045151","2025-08-03","35.6181","-119.6892","87.8","LOST HILLS, CA US","    0",",,7,0700",,,,,,,,
"USC00045151","2025-08-04","35.6181","-119.6892","87.8","LOST HILLS, CA US","    0",",,7,0700",,,,,,,,
"USC00045151","2025-08-05","35.6181","-119.6892","87.8","LOST HILLS, CA US","    0",",,7,0700",,,,,,,,
"USC00045151","2025-08-06","35.6181","-119.6892","87.8","LOST HILLS, CA US","    0",",,7,0700",,,,,,,,
"USC00045151","2025-08-07","35.6181","-119.6892","87.8","LOST HILLS, CA US","    0",",,7,0700",,,,,,,,
"USC00045151","2025-08-08","35.6181","-119.6892","87.8","LOST HILLS, CA US","    0",",,7,0700",,,,,,,,
"USC00045151","2025-08-09","35.6181","-119.6892","87.8","LOST HILLS, CA US","    0",",,7,0700",,,,,,,,
"USC00045151","2025-08-10","35.6181","-119.6892","87.8","LOST HILLS, CA US","    0",",,7,0700",,,,,,,,
"USC00045151","2025-08-11","35.6181","-119.6892","87.8","LOST HILLS, CA US","    0",",,7,0700",,,,,,,,
"USC00045151","2025-08-12","35.6181","-119.6892","87.8","LOST HILLS, CA US","    0",",,7,0700",,,,,,,,
"USC00045151","2025-08-13","35.6181","-119.6892","87.8","LOST HILLS, CA US","    0",",,7,0700",,,,,,,,
"USC00045151","2025-08-14","35.6181","-119.6892","87.8","LOST HILLS, CA US","    0",",,7,0700",,,,,,,,
"USC00045151","2025-08-15","35.6181","-119.6892","87.8","LOST HILLS, CA US","    0",",,7,0700",,,,,,,,
"USC00045151","2025-08-16","35.6181","-119.6892","87.8","LOST HILLS, CA US","    0",",,7,0700",,,,,,,,
"USC00045151","2025-08-17","35.6181","-119.6892","87.8","LOST HILLS, CA US","    0",",,7,0700",,,,,,,,
"USC00045151","2025-08-18","35.6181","-119.6892","87.8","LOST HILLS, CA US","    0",",,7,0700",,,,,,,,
"USC00045151","2025-08-19","35.6181","-119.6892","87.8","LOST HILLS, CA US","    0",",,7,0700",,,,,,,,
"USC00045151","2025-08-20","35.6181","-119.6892","87.8","LOST HILLS, CA US","    0",",,7,0700",,,,,,,,
"USC00045151","2025-08-21","35.6181","-119.6892","87.8","LOST HILLS, CA US","    0",",,7,0700",,,,,,,,
"USC00045151","2025-08-22","35.6181","-119.6892","87.8","LOST HILLS, CA US","    0",",,7,0700",,,,,,,,
"USC00045151","2025-08-23","35.6181","-119.6892","87.8","LOST HILLS, CA US","    0",",,7,0700",,,,,,,,
"USC00045151","2025-08-24","35.6181","-119.6892","87.8","LOST HILLS, CA US","    0",",,7,0700",,,,,,,,
"USC00045151","2025-08-25","35.6181","-119.6892","87.8","LOST HILLS, CA US","    0",",,7,0700",,,,,,,,
"USC00045151","2025-08-26","35.6181","-119.6892","87.8","LOST HILLS, CA US","    0",",,7,0700",,,,,,,,
"USC00045151","2025-08-27","35.6181","-119.6892","87.8","LOST HILLS, CA US","    0",",,7,0700",,,,,,,,
"USC00045151","2025-08-28","35.6181","-119.6892","87.8","LOST HILLS, CA US","    0",",,7,0700",,,,,,,,
"USC00045151","2025-08-29","35.6181","-119.6892","87.8","LOST HILLS, CA US","    0",",,7,0700",,,,,,,,
"USC00045151","2025-08-30","35.6181","-119.6892","87.8","LOST HILLS, CA US","    0",",,7,0700",,,,,,,,
"USC00045151","2025-08-31","35.6181","-119.6892","87.8","LOST HILLS, CA US","    0",",,7,0700",,,,,,,,
"USC00045151","2025-09-01","35.6181","-119.6892","87.8","LOST HILLS, CA US","    0",",,7,0700",,,,,,,,
"USC00045151","2025-09-02","35.6181","-119.6892","87.8","LOST HILLS, CA US","    0",",,7,0700",,,,,,,,
"USC00045151","2025-09-03","35.6181","-119.6892","87.8","LOST HILLS, CA US","    0",",,7,0700",,,,,,,,
"USC00045151","2025-09-04","35.6181","-119.6892","87.8","LOST HILLS, CA US","    0",",,7,0700",,,,,,,,
"USC00045151","2025-09-05","35.6181","-119.6892","87.8","LOST HILLS, CA US","    0",",,7,0700",,,,,,,,
"USC00045151","2025-09-06","35.6181","-119.6892","87.8","LOST HILLS, CA US","    0",",,7,0700",,,,,,,,
"USC00045151","2025-09-07","35.6181","-119.6892","87.8","LOST HILLS, CA US","    0",",,7,0700",,,,,,,,
"USC00045151","2025-09-08","35.6181","-119.6892","87.8","LOST HILLS, CA US","    0",",,7,0700",,,,,,,,
"USC00045151","2025-09-09","35.6181","-119.6892","87.8","LOST HILLS, CA US","    0",",,7,0700",,,,,,,,
"USC00045151","2025-09-10","35.6181","-119.6892","87.8","LOST HILLS, CA US","    0",",,7,0700",,,,,,,,
"USC00045151","2025-09-11","35.6181","-119.6892","87.8","LOST HILLS, CA US","    0",",,7,0700",,,,,,,,
"USC00045151","2025-09-12","35.6181","-119.6892","87.8","LOST HILLS, CA US","    0",",,7,0700",,,,,,,,
"USC00045151","2025-09-13","35.6181","-119.6892","87.8","LOST HILLS, CA US","    0",",,7,0700",,,,,,,,
"USC00045151","2025-09-14","35.6181","-119.6892","87.8","LOST HILLS, CA US","    0",",,7,0700",,,,,,,,
"USC00045151","2025-09-15","35.6181","-119.6892","87.8","LOST HILLS, CA US","    0",",,7,0700",,,,,,,,
"USC00045151","2025-09-16","35.6181","-119.6892","87.8","LOST HILLS, CA US","    0",",,7,0700",,,,,,,,
"USC00045151","2025-09-17","35.6181","-119.6892","87.8","LOST HILLS, CA US","    0",",,7,0700",,,,,,,,
"USC00045151","2025-09-18","35.6181","-119.6892","87.8","LOST HILLS, CA US","    0",",,7,0700",,,,,,,,
"USC00045151","2025-09-19","35.6181","-119.6892","87.8","LOST HILLS, CA US","   58",",,7,0700",,,,,,,,
"USC00045151","2025-09-20","35.6181","-119.6892","87.8","LOST HILLS, CA US","    0",",,7,0700",,,,,,,,
"USC00045151","2025-09-21","35.6181","-119.6892","87.8","LOST HILLS, CA US","    0",",,7,0700",,,,,,,,
"USC00045151","2025-09-22","35.6181","-119.6892","87.8","LOST HILLS, CA US","    0",",,7,0700",,,,,,,,
"USC00045151","2025-09-23","35.6181","-119.6892","87.8","LOST HILLS, CA US","    0",",,7,0700",,,,,,,,
"USC00045151","2025-09-24","35.6181","-119.6892","87.8","LOST HILLS, CA US","   43",",,7,0700",,,,,,,,
"USC00045151","2025-09-25","35.6181","-119.6892","87.8","LOST HILLS, CA US","    0",",,7,0700",,,,,,,,
"USC00045151","2025-09-26","35.6181","-119.6892","87.8","LOST HILLS, CA US","    0",",,7,0700",,,,,,,,
"USC00045151","2025-09-27","35.6181","-119.6892","87.8","LOST HILLS, CA US","    0",",,7,0700",,,,,,,,
"USC00045151","2025-09-28","35.6181","-119.6892","87.8","LOST HILLS, CA US","    0",",,7,0700",,,,,,,,
"USC00045151","2025-09-29","35.6181","-119.6892","87.8","LOST HILLS, CA US","    0",",,7,0700",,,,,,,,
"USC00045151","2025-09-30","35.6181","-119.6892","87.8","LOST HILLS, CA US","    0",",,7,0700",,,,,,,,
"USC00045151","2025-10-01","35.6181","-119.6892","87.8","LOST HILLS, CA US","    0",",,7,0700",,,,,,,,
"USC00045151","2025-10-02","35.6181","-119.6892","87.8","LOST HILLS, CA US","    0",",,7,0700",,,,,,,,
"USC00045151","2025-10-03","35.6181","-119.6892","87.8","LOST HILLS, CA US","    0",",,7,0700",,,,,,,,
"USC00045151","2025-10-04","35.6181","-119.6892","87.8","LOST HILLS, CA US","    0",",,7,0700",,,,,,,,
"USC00045151","2025-10-05","35.6181","-119.6892","87.8","LOST HILLS, CA US","    0",",,7,0700",,,,,,,,
"USC00045151","2025-10-06","35.6181","-119.6892","87.8","LOST HILLS, CA US","    0",",,7,0700",,,,,,,,
"USC00045151","2025-10-07","35.6181","-119.6892","87.8","LOST HILLS, CA US","    0",",,7,0700",,,,,,,,
"USC00045151","2025-10-08","35.6181","-119.6892","87.8","LOST HILLS, CA US","    0",",,7,0700",,,,,,,,
"USC00045151","2025-10-09","35.6181","-119.6892","87.8","LOST HILLS, CA US","    0",",,7,0700",,,,,,,,
"USC00045151","2025-10-10","35.6181","-119.6892","87.8","LOST HILLS, CA US","    0",",,7,0700",,,,,,,,
"USC00045151","2025-10-11","35.6181","-119.6892","87.8","LOST HILLS, CA US","    0",",,7,0700",,,,,,,,
"USC00045151","2025-10-12","35.6181","-119.6892","87.8","LOST HILLS, CA US","    0",",,7,0700",,,,,,,,
"USC00045151","2025-10-13","35.6181","-119.6892","87.8","LOST HILLS, CA US","    0",",,7,0700",,,,,,,,
"USC00045151","2025-10-14","35.6181","-119.6892","87.8","LOST HILLS, CA US","  191",",,7,0700",,,,,,,,
"USC00045151","2025-10-15","35.6181","-119.6892","87.8","LOST HILLS, CA US","   30",",,7,0700",,,,,,,,
"USC00045151","2025-10-16","35.6181","-119.6892","87.8","LOST HILLS, CA US","    0",",,7,0700",,,,,,,,
"USC00045151","2025-10-17","35.6181","-119.6892","87.8","LOST HILLS, CA US","    0",",,7,0700",,,,,,,,
"USC00045151","2025-10-18","35.6181","-119.6892","87.8","LOST HILLS, CA US","    0",",,7,0700",,,,,,,,
"USC00045151","2025-10-19","35.6181","-119.6892","87.8","LOST HILLS, CA US","    0",",,7,0700",,,,,,,,
"USC00045151","2025-10-20","35.6181","-119.6892","87.8","LOST HILLS, CA US","    0",",,7,0700",,,,,,,,
"USC00045151","2025-10-21","35.6181","-119.6892","87.8","LOST HILLS, CA US","    0",",,7,0700",,,,,,,,
"USC00045151","2025-10-22","35.6181","-119.6892","87.8","LOST HILLS, CA US","    0",",,7,0700",,,,,,,,
"USC00045151","2025-10-23","35.6181","-119.6892","87.8","LOST HILLS, CA US","    0",",,7,0700",,,,,,,,
"USC00045151","2025-10-24","35.6181","-119.6892","87.8","LOST HILLS, CA US","    0",",,7,0700",,,,,,,,
"USC00045151","2025-10-25","35.6181","-119.6892","87.8","LOST HILLS, CA US","    0",",,7,0700",,,,,,,,
"USC00045151","2025-10-26","35.6181","-119.6892","87.8","LOST HILLS, CA US","    0",",,7,0700",,,,,,,,
"USC00045151","2025-10-27","35.6181","-119.6892","87.8","LOST HILLS, CA US","    0",",,7,0700",,,,,,,,
"USC00045151","2025-10-28","35.6181","-119.6892","87.8","LOST HILLS, CA US","    0",",,7,0700",,,,,,,,
"USC00045151","2025-10-29","35.6181","-119.6892","87.8","LOST HILLS, CA US","    0",",,7,0700",,,,,,,,
"USC00045151","2025-10-30","35.6181","-119.6892","87.8","LOST HILLS, CA US","    0",",,7,0700",,,,,,,,
"USC00045151","2025-10-31","35.6181","-119.6892","87.8","LOST HILLS, CA US","    0",",,7,0700",,,,,,,,
"USC00045151","2025-11-01","35.6181","-119.6892","87.8","LOST HILLS, CA US","    0",",,7,0700",,,,,,,,
"USC00045151","2025-11-02","35.6181","-119.6892","87.8","LOST HILLS, CA US","    0",",,7,0700",,,,,,,,
"USC00045151","2025-11-03","35.6181","-119.6892","87.8","LOST HILLS, CA US","    0",",,7,0700",,,,,,,,
"USC00045151","2025-11-04","35.6181","-119.6892","87.8","LOST HILLS, CA US","    0",",,7,0700",,,,,,,,
"USC00045151","2025-11-05","35.6181","-119.6892","87.8","LOST HILLS, CA US","    0","T,,7,0700",,,,,,,,
"USC00045151","2025-11-06","35.6181","-119.6892","87.8","LOST HILLS, CA US","    0",",,7,0700",,,,,,,,
"USC00045151","2025-11-07","35.6181","-119.6892","87.8","LOST HILLS, CA US","    0",",,7,0700",,,,,,,,
"USC00045151","2025-11-08","35.6181","-119.6892","87.8","LOST HILLS, CA US","    0",",,7,0700",,,,,,,,
"USC00045151","2025-11-09","35.6181","-119.6892","87.8","LOST HILLS, CA US","    0",",,7,0700",,,,,,,,
"USC00045151","2025-11-10","35.6181","-119.6892","87.8","LOST HILLS, CA US","    0",",,7,0700",,,,,,,,
"USC00045151","2025-11-11","35.6181","-119.6892","87.8","LOST HILLS, CA US","    0",",,7,0700",,,,,,,,
"USC00045151","2025-11-12","35.6181","-119.6892","87.8","LOST HILLS, CA US","    0",",,7,0700",,,,,,,,
"USC00045151","2025-11-13","35.6181","-119.6892","87.8","LOST HILLS, CA US","    0",",,7,0700",,,,,,,,
"USC00045151","2025-11-14","35.6181","-119.6892","87.8","LOST HILLS, CA US","  114",",,7,0700",,,,,,,,
"USC00045151","2025-11-15","35.6181","-119.6892","87.8","LOST HILLS, CA US","   38",",,7,0700",,,,,,,,
"USC00045151","2025-11-22","35.6181","-119.6892","87.8","LOST HILLS, CA US","    0",",,7,0700",,,,,,,,
"USC00045151","2025-11-23","35.6181","-119.6892","87.8","LOST HILLS, CA US","    0",",,7,0700",,,,,,,,
"USC00045151","2025-11-24","35.6181","-119.6892","87.8","LOST HILLS, CA US","    0",",,7,0700",,,,,,,,
"USC00045151","2025-11-25","35.6181","-119.6892","87.8","LOST HILLS, CA US","    0",",,7,0700",,,,,,,,
"USC00045151","2025-12-01","35.6181","-119.6892","87.8","LOST HILLS, CA US","    0",",,7,0700",,,,,,,,
"USC00045151","2025-12-02","35.6181","-119.6892","87.8","LOST HILLS, CA US","    3",",,7,0700",,,,,,,,
"USC00045151","2025-12-03","35.6181","-119.6892","87.8","LOST HILLS, CA US","    3",",,7,0700",,,,,,,,
"USC00045151","2025-12-04","35.6181","-119.6892","87.8","LOST HILLS, CA US","    0",",,7,0700",,,,,,,,
"USC00045151","2025-12-05","35.6181","-119.6892","87.8","LOST HILLS, CA US","    0",",,7,0700",,,,,,,,
"USC00045151","2025-12-06","35.6181","-119.6892","87.8","LOST HILLS, CA US","    0",",,7,0700",,,,,,,,
"USC00045151","2025-12-07","35.6181","-119.6892","87.8","LOST HILLS, CA US","    0",",,7,0700",,,,,,,,
"USC00045151","2025-12-08","35.6181","-119.6892","87.8","LOST HILLS, CA US","    0",",,7,0700",,,,,,,,
"USC00045151","2025-12-09","35.6181","-119.6892","87.8","LOST HILLS, CA US","    3",",,7,0700",,,,,,,,
"USC00045151","2025-12-10","35.6181","-119.6892","87.8","LOST HILLS, CA US","    3",",,7,0700",,,,,,,,
"USC00045151","2025-12-11","35.6181","-119.6892","87.8","LOST HILLS, CA US","    3",",,7,0700",,,,,,,,
"USC00045151","2025-12-12","35.6181","-119.6892","87.8","LOST HILLS, CA US","    3",",,7,0700",,,,,,,,
"USC00045151","2025-12-13","35.6181","-119.6892","87.8","LOST HILLS, CA US","    0",",,7,0700",,,,,,,,
"USC00045151","2025-12-14","35.6181","-119.6892","87.8","LOST HILLS, CA US","    3",",,7,0700",,,,,,,,
"USC00045151","2025-12-15","35.6181","-119.6892","87.8","LOST HILLS, CA US","    3",",,7,0700",,,,,,,,
"USC00045151","2025-12-16","35.6181","-119.6892","87.8","LOST HILLS, CA US","    0",",,7,0700",,,,,,,,
"USC00045151","2025-12-17","35.6181","-119.6892","87.8","LOST HILLS, CA US","    0",",,7,0700",,,,,,,,
"USC00045151","2025-12-18","35.6181","-119.6892","87.8","LOST HILLS, CA US","    0",",,7,0700",,,,,,,,
"USC00045151","2025-12-19","35.6181","-119.6892","87.8","LOST HILLS, CA US","    0",",,7,0700",,,,,,,,
"USC00045151","2025-12-20","35.6181","-119.6892","87.8","LOST HILLS, CA US","    0",",,7,0700",,,,,,,,
"USC00045151","2025-12-21","35.6181","-119.6892","87.8","LOST HILLS, CA US","    0",",,7,0700",,,,,,,,
"USC00045151","2025-12-22","35.6181","-119.6892","87.8","LOST HILLS, CA US","    0",",,7,0700",,,,,,,,
"USC00045151","2025-12-23","35.6181","-119.6892","87.8","LOST HILLS, CA US","    0",",,7,0700",,,,,,,,
"USC00045151","2025-12-24","35.6181","-119.6892","87.8","LOST HILLS, CA US","  244",",,7,0700",,,,,,,,
"USC00045151","2025-12-25","35.6181","-119.6892","87.8","LOST HILLS, CA US","   25",",,7,0700",,,,,,,,
"USC00045151","2025-12-26","35.6181","-119.6892","87.8","LOST HILLS, CA US","   46",",,7,0700",,,,,,,,
"USC00045151","2025-12-27","35.6181","-119.6892","87.8","LOST HILLS, CA US","   30",",,7,0700",,,,,,,,
"USC00045151","2025-12-28","35.6181","-119.6892","87.8","LOST HILLS, CA US","    0",",,7,0700",,,,,,,,
"USC00045151","2025-12-29","35.6181","-119.6892","87.8","LOST HILLS, CA US","    0",",,7,0700",,,,,,,,
"USC00045151","2025-12-30","35.6181","-119.6892","87.8","LOST HILLS, CA US","    0",",,7,0700",,,,,,,,
"USC00045151","2025-12-31","35.6181","-119.6892","87.8","LOST HILLS, CA US","    5",",,7,0700",,,,,,,,
"USC00045151","2026-01-01","35.6181","-119.6892","87.8","LOST HILLS, CA US","   64",",,7,0700",,,,,,,,
"USC00045151","2026-01-02","35.6181","-119.6892","87.8","LOST HILLS, CA US","    0",",,7,0700",,,,,,,,
"USC00045151","2026-01-03","35.6181","-119.6892","87.8","LOST HILLS, CA US","   33",",,7,0700",,,,,,,,
"USC00045151","2026-01-04","35.6181","-119.6892","87.8","LOST HILLS, CA US","  140",",,7,0700",,,,,,,,
"USC00045151","2026-01-05","35.6181","-119.6892","87.8","LOST HILLS, CA US","   10",",,7,0700",,,,,,,,
"USC00045151","2026-01-06","35.6181","-119.6892","87.8","LOST HILLS, CA US","    0",",,7,0700",,,,,,,,
"USC00045151","2026-01-07","35.6181","-119.6892","87.8","LOST HILLS, CA US","    0",",,7,0700",,,,,,,,
"USC00045151","2026-01-08","35.6181","-119.6892","87.8","LOST HILLS, CA US","    0",",,7,0700",,,,,,,,
"USC00045151","2026-01-09","35.6181","-119.6892","87.8","LOST HILLS, CA US","    0",",,7,0700",,,,,,,,
"USC00045151","2026-01-10","35.6181","-119.6892","87.8","LOST HILLS, CA US","    0",",,7,0700",,,,,,,,
"USC00045151","2026-01-11","35.6181","-119.6892","87.8","LOST HILLS, CA US","    0",",,7,0700",,,,,,,,
"USC00045151","2026-01-12","35.6181","-119.6892","87.8","LOST HILLS, CA US","    0",",,7,0700",,,,,,,,
"USC00045151","2026-01-13","35.6181","-119.6892","87.8","LOST HILLS, CA US","    0",",,7,0700",,,,,,,,
"USC00045151","2026-01-14","35.6181","-119.6892","87.8","LOST HILLS, CA US","    0",",,7,0700",,,,,,,,
"USC00045151","2026-01-15","35.6181","-119.6892","87.8","LOST HILLS, CA US","    0",",,7,0700",,,,,,,,
"USC00045151","2026-01-16","35.6181","-119.6892","87.8","LOST HILLS, CA US","    0",",,7,0700",,,,,,,,
"USC00045151","2026-01-17","35.6181","-119.6892","87.8","LOST HILLS, CA US","    0",",,7,0700",,,,,,,,
"USC00045151","2026-01-18","35.6181","-119.6892","87.8","LOST HILLS, CA US","    0",",,7,0700",,,,,,,,
"USC00045151","2026-01-19","35.6181","-119.6892","87.8","LOST HILLS, CA US","    0",",,7,0700",,,,,,,,
"USC00045151","2026-01-20","35.6181","-119.6892","87.8","LOST HILLS, CA US","    0",",,7,0700",,,,,,,,
"USC00045151","2026-01-21","35.6181","-119.6892","87.8","LOST HILLS, CA US","    0",",,7,0700",,,,,,,,
"USC00045151","2026-01-22","35.6181","-119.6892","87.8","LOST HILLS, CA US","    0",",,7,0700",,,,,,,,
"USC00045151","2026-01-23","35.6181","-119.6892","87.8","LOST HILLS, CA US","    0",",,7,0700",,,,,,,,
"USC00045151","2026-01-24","35.6181","-119.6892","87.8","LOST HILLS, CA US","    0",",,7,0700",,,,,,,,
"USC00045151","2026-01-25","35.6181","-119.6892","87.8","LOST HILLS, CA US","    0",",,7,0700",,,,,,,,
"USC00045151","2026-01-26","35.6181","-119.6892","87.8","LOST HILLS, CA US","    0",",,7,0700",,,,,,,,
"USC00045151","2026-01-27","35.6181","-119.6892","87.8","LOST HILLS, CA US","    0",",,7,0700",,,,,,,,
"USC00045151","2026-01-28","35.6181","-119.6892","87.8","LOST HILLS, CA US","    0",",,7,0700",,,,,,,,
"USC00045151","2026-01-29","35.6181","-119.6892","87.8","LOST HILLS, CA US","    0",",,7,0700",,,,,,,,
"USC00045151","2026-01-30","35.6181","-119.6892","87.8","LOST HILLS, CA US","    0",",,7,0700",,,,,,,,
"USC00045151","2026-01-31","35.6181","-119.6892","87.8","LOST HILLS, CA US","    0",",,7,0700",,,,,,,,
"USC00045151","2026-02-01","35.6181","-119.6892","87.8","LOST HILLS, CA US","    0",",,7,0700",,,,,,,,
"USC00045151","2026-02-02","35.6181","-119.6892","87.8","LOST HILLS, CA US","    0",",,7,0700",,,,,,,,
"USC00045151","2026-02-03","35.6181","-119.6892","87.8","LOST HILLS, CA US","    0",",,7,0700",,,,,,,,
"USC00045151","2026-02-04","35.6181","-119.6892","87.8","LOST HILLS, CA US","    0",",,7,0700",,,,,,,,
"USC00045151","2026-02-05","35.6181","-119.6892","87.8","LOST HILLS, CA US","    0",",,7,0700",,,,,,,,
"USC00045151","2026-02-06","35.6181","-119.6892","87.8","LOST HILLS, CA US","    0",",,7,0700",,,,,,,,
"USC00045151","2026-02-07","35.6181","-119.6892","87.8","LOST HILLS, CA US","    0",",,7,0700",,,,,,,,
"USC00045151","2026-02-08","35.6181","-119.6892","87.8","LOST HILLS, CA US","    0",",,7,0700",,,,,,,,
"USC00045151","2026-02-09","35.6181","-119.6892","87.8","LOST HILLS, CA US","    0",",,7,0700",,,,,,,,
"USC00045151","2026-02-10","35.6181","-119.6892","87.8","LOST HILLS, CA US","    0",",,7,0700",,,,,,,,
"USC00045151","2026-02-11","35.6181","-119.6892","87.8","LOST HILLS, CA US","   30",",,7,0700",,,,,,,,
"USC00045151","2026-02-12","35.6181","-119.6892","87.8","LOST HILLS, CA US","    0",",,7,0700",,,,,,,,
"USC00045151","2026-02-13","35.6181","-119.6892","87.8","LOST HILLS, CA US","    0",",,7,0700",,,,,,,,
"USC00045151","2026-02-14","35.6181","-119.6892","87.8","LOST HILLS, CA US","    0",",,7,0700",,,,,,,,
"USC00045151","2026-02-15","35.6181","-119.6892","87.8","LOST HILLS, CA US","    0",",,7,0700",,,,,,,,
"USC00045151","2026-02-16","35.6181","-119.6892","87.8","LOST HILLS, CA US","    0",",,7,0700",,,,,,,,
"USC00045151","2026-02-17","35.6181","-119.6892","87.8","LOST HILLS, CA US","   89",",,7,0700",,,,,,,,
"USC00045151","2026-02-18","35.6181","-119.6892","87.8","LOST HILLS, CA US","   89",",,7,0700",,,,,,,,
"USC00045151","2026-02-19","35.6181","-119.6892","87.8","LOST HILLS, CA US","   33",",,7,0700",,,,,,,,
"USC00045151","2026-02-20","35.6181","-119.6892","87.8","LOST HILLS, CA US","   10",",,7,0700",,,,,,,,
"USC00045151","2026-02-21","35.6181","-119.6892","87.8","LOST HILLS, CA US","    0",",,7,0700",,,,,,,,
"USC00045151","2026-02-22","35.6181","-119.6892","87.8","LOST HILLS, CA US","    0",",,7,0700",,,,,,,,
"USC00045151","2026-02-23","35.6181","-119.6892","87.8","LOST HILLS, CA US","    0",",,7,0700",,,,,,,,
"USC00045151","2026-02-24","35.6181","-119.6892","87.8","LOST HILLS, CA US","    0",",,7,0700",,,,,,,,
"USC00045151","2026-02-25","35.6181","-119.6892","87.8","LOST HILLS, CA US","    0",",,7,0700",,,,,,,,
"USC00045151","2026-02-26","35.6181","-119.6892","87.8","LOST HILLS, CA US","    0",",,7,0700",,,,,,,,
"USC00045151","2026-02-27","35.6181","-119.6892","87.8","LOST HILLS, CA US","    0",",,7,0700",,,,,,,,
"USC00045151","2026-02-28","35.6181","-119.6892","87.8","LOST HILLS, CA US","    0",",,7,0700",,,,,,,,
"USC00045151","2026-03-01","35.6181","-119.6892","87.8","LOST HILLS, CA US","    0",",,7,0700",,,,,,,,
"USC00045151","2026-03-02","35.6181","-119.6892","87.8","LOST HILLS, CA US","    0",",,7,0700",,,,,,,,
"USC00045151","2026-03-03","35.6181","-119.6892","87.8","LOST HILLS, CA US","    0",",,7,0700",,,,,,,,
"USC00045151","2026-03-04","35.6181","-119.6892","87.8","LOST HILLS, CA US","    0",",,7,0700",,,,,,,,
"USC00045151","2026-03-05","35.6181","-119.6892","87.8","LOST HILLS, CA US","    0",",,7,0700",,,,,,,,
"USC00045151","2026-03-06","35.6181","-119.6892","87.8","LOST HILLS, CA US","    0",",,7,0700",,,,,,,,
"USC00045151","2026-03-07","35.6181","-119.6892","87.8","LOST HILLS, CA US","    0",",,7,0700",,,,,,,,
"USC00045151","2026-03-08","35.6181","-119.6892","87.8","LOST HILLS, CA US","    0",",,7,0700",,,,,,,,
"USC00045151","2026-03-09","35.6181","-119.6892","87.8","LOST HILLS, CA US","    0",",,7,0700",,,,,,,,
"USC00045151","2026-03-10","35.6181","-119.6892","87.8","LOST HILLS, CA US","    0",",,7,0700",,,,,,,,
"USC00045151","2026-03-11","35.6181","-119.6892","87.8","LOST HILLS, CA US","    0",",,7,0700",,,,,,,,
"USC00045151","2026-03-12","35.6181","-119.6892","87.8","LOST HILLS, CA US","    0",",,7,0700",,,,,,,,
"USC00045151","2026-03-13","35.6181","-119.6892","87.8","LOST HILLS, CA US","    0",",,7,0700",,,,,,,,
"USC00045151","2026-03-14","35.6181","-119.6892","87.8","LOST HILLS, CA US","    0",",,7,0700",,,,,,,,
"USC00045151","2026-03-15","35.6181","-119.6892","87.8","LOST HILLS, CA US","    0",",,7,0700",,,,,,,,
"USC00045151","2026-03-16","35.6181","-119.6892","87.8","LOST HILLS, CA US","    0",",,7,0700",,,,,,,,
"USC00045151","2026-03-17","35.6181","-119.6892","87.8","LOST HILLS, CA US","    0",",,7,0700",,,,,,,,
"USC00045151","2026-03-18","35.6181","-119.6892","87.8","LOST HILLS, CA US","    0",",,7,0700",,,,,,,,
"USC00045151","2026-03-19","35.6181","-119.6892","87.8","LOST HILLS, CA US","    0",",,7,0700",,,,,,,,
"USC00045151","2026-03-20","35.6181","-119.6892","87.8","LOST HILLS, CA US","    0",",,7,0700",,,,,,,,
"USC00045151","2026-03-21","35.6181","-119.6892","87.8","LOST HILLS, CA US","    0",",,7,0700",,,,,,,,
"USC00045151","2026-03-22","35.6181","-119.6892","87.8","LOST HILLS, CA US","    0",",,7,0700",,,,,,,,
"USC00045151","2026-03-23","35.6181","-119.6892","87.8","LOST HILLS, CA US","    0",",,7,0700",,,,,,,,
"USC00045151","2026-03-24","35.6181","-119.6892","87.8","LOST HILLS, CA US","    0",",,7,0700",,,,,,,,
"USC00045151","2026-03-25","35.6181","-119.6892","87.8","LOST HILLS, CA US","    0",",,7,0700",,,,,,,,
"USC00045151","2026-03-26","35.6181","-119.6892","87.8","LOST HILLS, CA US","    0",",,7,0700",,,,,,,,
"USC00045151","2026-03-27","35.6181","-119.6892","87.8","LOST HILLS, CA US","    0",",,7,0700",,,,,,,,
"USC00045151","2026-03-28","35.6181","-119.6892","87.8","LOST HILLS, CA US","    0",",,7,0700",,,,,,,,
"USC00045151","2026-03-29","35.6181","-119.6892","87.8","LOST HILLS, CA US","    0",",,7,0700",,,,,,,,
"USC00045151","2026-03-30","35.6181","-119.6892","87.8","LOST HILLS, CA US","    0",",,7,0700",,,,,,,,
"USC00045151","2026-03-31","35.6181","-119.6892","87.8","LOST HILLS, CA US","    0",",,7,0700",,,,,,,,
"USC00045151","2026-04-01","35.6181","-119.6892","87.8","LOST HILLS, CA US","    0",",,7,0700",,,,,,,,
"USC00045151","2026-04-02","35.6181","-119.6892","87.8","LOST HILLS, CA US","    0",",,7,0700",,,,,,,,
"USC00045151","2026-04-03","35.6181","-119.6892","87.8","LOST HILLS, CA US","    0",",,7,0700",,,,,,,,
"USC00045151","2026-04-04","35.6181","-119.6892","87.8","LOST HILLS, CA US","    0",",,7,0700",,,,,,,,
"USC00045151","2026-04-05","35.6181","-119.6892","87.8","LOST HILLS, CA US","    0",",,7,0700",,,,,,,,
"USC00045151","2026-04-06","35.6181","-119.6892","87.8","LOST HILLS, CA US","    0",",,7,0700",,,,,,,,
"USC00045151","2026-04-07","35.6181","-119.6892","87.8","LOST HILLS, CA US","    0",",,7,0700",,,,,,,,
"USC00045151","2026-04-08","35.6181","-119.6892","87.8","LOST HILLS, CA US","    0",",,7,0700",,,,,,,,
"USC00045151","2026-04-09","35.6181","-119.6892","87.8","LOST HILLS, CA US","    0",",,7,0700",,,,,,,,
"USC00045151","2026-04-10","35.6181","-119.6892","87.8","LOST HILLS, CA US","    0",",,7,0700",,,,,,,,
"USC00045151","2026-04-11","35.6181","-119.6892","87.8","LOST HILLS, CA US","    0",",,7,0700",,,,,,,,
"USC00045151","2026-04-12","35.6181","-119.6892","87.8","LOST HILLS, CA US","   13",",,7,0700",,,,,,,,
"USC00045151","2026-04-13","35.6181","-119.6892","87.8","LOST HILLS, CA US","    0",",,7,0700",,,,,,,,
"USC00045151","2026-04-14","35.6181","-119.6892","87.8","LOST HILLS, CA US","    0",",,7,0700",,,,,,,,
"USC00045151","2026-04-15","35.6181","-119.6892","87.8","LOST HILLS, CA US","    0",",,7,0700",,,,,,,,
"USC00045151","2026-04-16","35.6181","-119.6892","87.8","LOST HILLS, CA US","    0",",,7,0700",,,,,,,,
"USC00045151","2026-04-17","35.6181","-119.6892","87.8","LOST HILLS, CA US","    0",",,7,0700",,,,,,,,
"USC00045151","2026-04-18","35.6181","-119.6892","87.8","LOST HILLS, CA US","    0",",,7,0700",,,,,,,,
"USC00045151","2026-04-19","35.6181","-119.6892","87.8","LOST HILLS, CA US","    0",",,7,0700",,,,,,,,
"USC00045151","2026-04-20","35.6181","-119.6892","87.8","LOST HILLS, CA US","    0",",,7,0700",,,,,,,,
"USC00045151","2026-04-21","35.6181","-119.6892","87.8","LOST HILLS, CA US","   38",",,7,0700",,,,,,,,
"USC00045151","2026-04-22","35.6181","-119.6892","87.8","LOST HILLS, CA US","    0",",,7,0700",,,,,,,,
"USC00045151","2026-04-23","35.6181","-119.6892","87.8","LOST HILLS, CA US","    0",",,7,0700",,,,,,,,
"USC00045151","2026-04-24","35.6181","-119.6892","87.8","LOST HILLS, CA US","    0",",,7,0700",,,,,,,,
"USC00045151","2026-04-25","35.6181","-119.6892","87.8","LOST HILLS, CA US","    0",",,7,0700",,,,,,,,
"USC00045151","2026-04-26","35.6181","-119.6892","87.8","LOST HILLS, CA US","   36",",,7,0700",,,,,,,,
"USC00045151","2026-04-27","35.6181","-119.6892","87.8","LOST HILLS, CA US","    0",",,7,0700",,,,,,,,
"USC00045151","2026-04-28","35.6181","-119.6892","87.8","LOST HILLS, CA US","    0",",,7,0700",,,,,,,,
"USC00045151","2026-04-29","35.6181","-119.6892","87.8","LOST HILLS, CA US","    0",",,7,0700",,,,,,,,
"USC00045151","2026-04-30","35.6181","-119.6892","87.8","LOST HILLS, CA US","    0",",,7,0700",,,,,,,,
"USC00045151","2026-07-08","35.6181","-119.6892","87.8","LOST HILLS, CA US","    0",",,H,0700",,,,,,,,
"USC00045151","2026-07-09","35.6181","-119.6892","87.8","LOST HILLS, CA US","    0",",,H,0700",,,,,,,,
"USC00045151","2026-07-10","35.6181","-119.6892","87.8","LOST HILLS, CA US","    0",",,H,0700",,,,,,,,
